ISO-10303-21;
HEADER;
/*Generated by software containing ST-Developer
 * from STEP Tools, Inc. (www.steptools.com) 
 */
/*OPTION: using custom renumber hook */
/*description */
/*implementation_level */
FILE_DESCRIPTION(('STEP AP242 Edition 2','STEP AP242 Edition 2''CAx-IF Rec.Pracs.---Representation and Presentation of Product Manufa
cturing Information (PMI)---4.0---2014-10-13','STEP AP242 Edition 2''CAx-IF Rec.Pracs.---Representation and Presentation of Product Manufa
cturing Information (PMI)---4.0---2014-10-13''CAx-IF Rec.Pracs.---3D Tessellated Geometry---0.4---2014-09-14','STEP AP242 Edition 2''CAx-IF Rec.Pracs.---Representation and Presentation of Product Manufa
cturing Information (PMI)---4.0---2014-10-13''CAx-IF Rec.Pracs.---3D Tessellated Geometry---0.4---2014-09-14''2;1','STEP AP242 Edition 2''CAx-IF Rec.Pracs.---Representation and Presentation of Product Manufa
cturing Information (PMI)---4.0---2014-10-13''CAx-IF Rec.Pracs.---3D Tessellated Geometry---0.4---2014-09-14''2;1''CAx-IF Rec.Pracs.---User Defined Attributes---1.5---2016-08-15'),'2;1');
/*name */
/*time_stamp */
/*author */
/*organization */
/*preprocessor_version */
/*originating_system */
/*authorisation */
FILE_NAME('/vol/tmp/translate-14067806901144881548/Cam mount V3 - Cam Mount.step','2026-03-16T20:09:09',(''),(''),'ST-DEVELOPER v20','ONSHAPE BY PTC INC, 1.212','  ');
FILE_SCHEMA(('AP242_MANAGED_MODEL_BASED_3D_ENGINEERING_MIM_LF { 1 0 10303 442 3 1 4 }'));
ENDSEC;
DATA;
#10=SHAPE_REPRESENTATION_RELATIONSHIP('','',#1486,#11);
#11=ADVANCED_BREP_SHAPE_REPRESENTATION('',(#1484),#2483);
#12=B_SPLINE_CURVE_WITH_KNOTS('',3,(#2463,#2464,#2465,#2466),.UNSPECIFIED.,.F.,.F.,(4,4),(3.91283982675697E-16,0.00100841621005015),.UNSPECIFIED.);
#13=B_SPLINE_CURVE_WITH_KNOTS('',3,(#2467,#2468,#2469,#2470),.UNSPECIFIED.,.F.,.F.,(4,4),(3.58939240254889E-16,0.00098999653605604),.UNSPECIFIED.);
#14=B_SPLINE_CURVE_WITH_KNOTS('',3,(#2472,#2473,#2474,#2475),.UNSPECIFIED.,.F.,.F.,(4,4),(0.,0.00098999653605569),.UNSPECIFIED.);
#15=B_SPLINE_CURVE_WITH_KNOTS('',3,(#2477,#2478,#2479,#2480),.UNSPECIFIED.,.F.,.F.,(4,4),(4.48963393726172E-16,0.0010084162100506),.UNSPECIFIED.);
#16=CONICAL_SURFACE('',#1578,0.00425,0.785398163397448);
#17=CONICAL_SURFACE('',#1581,0.00575,0.785398163397448);
#18=CONICAL_SURFACE('',#1582,0.00425,0.785398163397446);
#19=CONICAL_SURFACE('',#1585,0.00575,0.785398163397448);
#20=CONICAL_SURFACE('',#1586,0.00575,0.785398163397449);
#21=CONICAL_SURFACE('',#1587,0.01175,0.785398163397448);
#22=CONICAL_SURFACE('',#1589,0.00575,0.785398163397448);
#23=CONICAL_SURFACE('',#1590,0.00575,0.785398163397448);
#24=CONICAL_SURFACE('',#1592,0.01175,0.785398163397448);
#25=CONICAL_SURFACE('',#1594,0.00575,0.785398163397448);
#26=CONICAL_SURFACE('',#1595,0.00425,0.785398163397448);
#27=CONICAL_SURFACE('',#1598,0.00575,0.785398163397448);
#28=CONICAL_SURFACE('',#1599,0.00425,0.785398163397448);
#29=CONICAL_SURFACE('',#1601,0.00435,0.785398163397448);
#30=CONICAL_SURFACE('',#1618,0.0045,0.785398163397443);
#31=CONICAL_SURFACE('',#1620,0.00275,0.785398163397447);
#32=CONICAL_SURFACE('',#1621,0.00625,0.785398163397448);
#33=CYLINDRICAL_SURFACE('',#1538,0.0125);
#34=CYLINDRICAL_SURFACE('',#1540,0.0125);
#35=CYLINDRICAL_SURFACE('',#1552,0.0051);
#36=CYLINDRICAL_SURFACE('',#1556,0.005);
#37=CYLINDRICAL_SURFACE('',#1558,0.005);
#38=CYLINDRICAL_SURFACE('',#1560,0.005);
#39=CYLINDRICAL_SURFACE('',#1562,0.005);
#40=CYLINDRICAL_SURFACE('',#1564,0.005);
#41=CYLINDRICAL_SURFACE('',#1566,0.005);
#42=CYLINDRICAL_SURFACE('',#1568,0.005);
#43=CYLINDRICAL_SURFACE('',#1570,0.005);
#44=CYLINDRICAL_SURFACE('',#1572,0.005);
#45=CYLINDRICAL_SURFACE('',#1574,0.005);
#46=CYLINDRICAL_SURFACE('',#1576,0.005);
#47=CYLINDRICAL_SURFACE('',#1610,0.00625);
#48=CYLINDRICAL_SURFACE('',#1613,0.00275);
#49=CYLINDRICAL_SURFACE('',#1616,0.0045);
#50=CIRCLE('',#1489,0.00575);
#51=CIRCLE('',#1490,0.01175);
#52=CIRCLE('',#1491,0.00575);
#53=CIRCLE('',#1492,0.00575);
#54=CIRCLE('',#1508,0.0045);
#55=CIRCLE('',#1509,0.005);
#56=CIRCLE('',#1510,0.0125);
#57=CIRCLE('',#1511,0.005);
#58=CIRCLE('',#1512,0.005);
#59=CIRCLE('',#1513,0.005);
#60=CIRCLE('',#1515,0.0051);
#61=CIRCLE('',#1516,0.005);
#62=CIRCLE('',#1517,0.0125);
#63=CIRCLE('',#1518,0.005);
#64=CIRCLE('',#1519,0.005);
#65=CIRCLE('',#1521,0.005);
#66=CIRCLE('',#1522,0.005);
#67=CIRCLE('',#1523,0.005);
#68=CIRCLE('',#1524,0.005);
#69=CIRCLE('',#1526,0.00345);
#70=CIRCLE('',#1527,0.00695);
#71=CIRCLE('',#1528,0.00575);
#72=CIRCLE('',#1529,0.00575);
#73=CIRCLE('',#1530,0.00575);
#74=CIRCLE('',#1531,0.01175);
#75=CIRCLE('',#1532,0.00575);
#76=CIRCLE('',#1534,0.00425);
#77=CIRCLE('',#1535,0.00425);
#78=CIRCLE('',#1536,0.00425);
#79=CIRCLE('',#1537,0.00425);
#80=CIRCLE('',#1539,0.0125);
#81=CIRCLE('',#1541,0.0125);
#82=CIRCLE('',#1553,0.0051);
#83=CIRCLE('',#1555,0.00435);
#84=CIRCLE('',#1557,0.005);
#85=CIRCLE('',#1559,0.005);
#86=CIRCLE('',#1561,0.005);
#87=CIRCLE('',#1563,0.005);
#88=CIRCLE('',#1565,0.005);
#89=CIRCLE('',#1567,0.005);
#90=CIRCLE('',#1569,0.005);
#91=CIRCLE('',#1571,0.005);
#92=CIRCLE('',#1573,0.005);
#93=CIRCLE('',#1575,0.005);
#94=CIRCLE('',#1577,0.005);
#95=CIRCLE('',#1607,0.0052);
#96=CIRCLE('',#1608,0.00625);
#97=CIRCLE('',#1609,0.00275);
#98=CIRCLE('',#1611,0.00625);
#99=CIRCLE('',#1614,0.00275);
#100=CIRCLE('',#1617,0.0045);
#101=ORIENTED_EDGE('',*,*,#515,.F.);
#102=ORIENTED_EDGE('',*,*,#516,.T.);
#103=ORIENTED_EDGE('',*,*,#517,.T.);
#104=ORIENTED_EDGE('',*,*,#518,.T.);
#105=ORIENTED_EDGE('',*,*,#519,.T.);
#106=ORIENTED_EDGE('',*,*,#520,.T.);
#107=ORIENTED_EDGE('',*,*,#521,.T.);
#108=ORIENTED_EDGE('',*,*,#522,.T.);
#109=ORIENTED_EDGE('',*,*,#523,.T.);
#110=ORIENTED_EDGE('',*,*,#524,.T.);
#111=ORIENTED_EDGE('',*,*,#525,.T.);
#112=ORIENTED_EDGE('',*,*,#526,.T.);
#113=ORIENTED_EDGE('',*,*,#527,.T.);
#114=ORIENTED_EDGE('',*,*,#528,.T.);
#115=ORIENTED_EDGE('',*,*,#529,.T.);
#116=ORIENTED_EDGE('',*,*,#530,.F.);
#117=ORIENTED_EDGE('',*,*,#531,.F.);
#118=ORIENTED_EDGE('',*,*,#532,.T.);
#119=ORIENTED_EDGE('',*,*,#533,.T.);
#120=ORIENTED_EDGE('',*,*,#534,.F.);
#121=ORIENTED_EDGE('',*,*,#535,.F.);
#122=ORIENTED_EDGE('',*,*,#536,.T.);
#123=ORIENTED_EDGE('',*,*,#537,.T.);
#124=ORIENTED_EDGE('',*,*,#538,.F.);
#125=ORIENTED_EDGE('',*,*,#533,.F.);
#126=ORIENTED_EDGE('',*,*,#539,.T.);
#127=ORIENTED_EDGE('',*,*,#540,.T.);
#128=ORIENTED_EDGE('',*,*,#535,.T.);
#129=ORIENTED_EDGE('',*,*,#541,.T.);
#130=ORIENTED_EDGE('',*,*,#540,.F.);
#131=ORIENTED_EDGE('',*,*,#542,.F.);
#132=ORIENTED_EDGE('',*,*,#543,.T.);
#133=ORIENTED_EDGE('',*,*,#544,.T.);
#134=ORIENTED_EDGE('',*,*,#545,.T.);
#135=ORIENTED_EDGE('',*,*,#546,.T.);
#136=ORIENTED_EDGE('',*,*,#547,.T.);
#137=ORIENTED_EDGE('',*,*,#548,.F.);
#138=ORIENTED_EDGE('',*,*,#549,.F.);
#139=ORIENTED_EDGE('',*,*,#550,.T.);
#140=ORIENTED_EDGE('',*,*,#551,.F.);
#141=ORIENTED_EDGE('',*,*,#552,.T.);
#142=ORIENTED_EDGE('',*,*,#553,.T.);
#143=ORIENTED_EDGE('',*,*,#554,.F.);
#144=ORIENTED_EDGE('',*,*,#555,.F.);
#145=ORIENTED_EDGE('',*,*,#556,.F.);
#146=ORIENTED_EDGE('',*,*,#557,.T.);
#147=ORIENTED_EDGE('',*,*,#548,.T.);
#148=ORIENTED_EDGE('',*,*,#558,.T.);
#149=ORIENTED_EDGE('',*,*,#559,.T.);
#150=ORIENTED_EDGE('',*,*,#560,.T.);
#151=ORIENTED_EDGE('',*,*,#561,.F.);
#152=ORIENTED_EDGE('',*,*,#562,.T.);
#153=ORIENTED_EDGE('',*,*,#531,.T.);
#154=ORIENTED_EDGE('',*,*,#563,.F.);
#155=ORIENTED_EDGE('',*,*,#564,.F.);
#156=ORIENTED_EDGE('',*,*,#565,.T.);
#157=ORIENTED_EDGE('',*,*,#551,.T.);
#158=ORIENTED_EDGE('',*,*,#566,.F.);
#159=ORIENTED_EDGE('',*,*,#567,.F.);
#160=ORIENTED_EDGE('',*,*,#568,.F.);
#161=ORIENTED_EDGE('',*,*,#569,.T.);
#162=ORIENTED_EDGE('',*,*,#570,.T.);
#163=ORIENTED_EDGE('',*,*,#571,.F.);
#164=ORIENTED_EDGE('',*,*,#553,.F.);
#165=ORIENTED_EDGE('',*,*,#572,.T.);
#166=ORIENTED_EDGE('',*,*,#573,.T.);
#167=ORIENTED_EDGE('',*,*,#574,.F.);
#168=ORIENTED_EDGE('',*,*,#575,.F.);
#169=ORIENTED_EDGE('',*,*,#568,.T.);
#170=ORIENTED_EDGE('',*,*,#576,.T.);
#171=ORIENTED_EDGE('',*,*,#573,.F.);
#172=ORIENTED_EDGE('',*,*,#577,.T.);
#173=ORIENTED_EDGE('',*,*,#578,.T.);
#174=ORIENTED_EDGE('',*,*,#579,.F.);
#175=ORIENTED_EDGE('',*,*,#580,.F.);
#176=ORIENTED_EDGE('',*,*,#581,.T.);
#177=ORIENTED_EDGE('',*,*,#582,.T.);
#178=ORIENTED_EDGE('',*,*,#577,.F.);
#179=ORIENTED_EDGE('',*,*,#583,.F.);
#180=ORIENTED_EDGE('',*,*,#556,.T.);
#181=ORIENTED_EDGE('',*,*,#584,.T.);
#182=ORIENTED_EDGE('',*,*,#581,.F.);
#183=ORIENTED_EDGE('',*,*,#585,.F.);
#184=ORIENTED_EDGE('',*,*,#586,.F.);
#185=ORIENTED_EDGE('',*,*,#587,.T.);
#186=ORIENTED_EDGE('',*,*,#588,.T.);
#187=ORIENTED_EDGE('',*,*,#589,.T.);
#188=ORIENTED_EDGE('',*,*,#590,.T.);
#189=ORIENTED_EDGE('',*,*,#591,.F.);
#190=ORIENTED_EDGE('',*,*,#592,.T.);
#191=ORIENTED_EDGE('',*,*,#593,.T.);
#192=ORIENTED_EDGE('',*,*,#594,.T.);
#193=ORIENTED_EDGE('',*,*,#595,.F.);
#194=ORIENTED_EDGE('',*,*,#596,.F.);
#195=ORIENTED_EDGE('',*,*,#597,.T.);
#196=ORIENTED_EDGE('',*,*,#598,.T.);
#197=ORIENTED_EDGE('',*,*,#599,.T.);
#198=ORIENTED_EDGE('',*,*,#600,.T.);
#199=ORIENTED_EDGE('',*,*,#601,.F.);
#200=ORIENTED_EDGE('',*,*,#602,.T.);
#201=ORIENTED_EDGE('',*,*,#518,.F.);
#202=ORIENTED_EDGE('',*,*,#603,.T.);
#203=ORIENTED_EDGE('',*,*,#604,.F.);
#204=ORIENTED_EDGE('',*,*,#605,.F.);
#205=ORIENTED_EDGE('',*,*,#529,.F.);
#206=ORIENTED_EDGE('',*,*,#606,.T.);
#207=ORIENTED_EDGE('',*,*,#550,.F.);
#208=ORIENTED_EDGE('',*,*,#607,.F.);
#209=ORIENTED_EDGE('',*,*,#579,.T.);
#210=ORIENTED_EDGE('',*,*,#608,.T.);
#211=ORIENTED_EDGE('',*,*,#546,.F.);
#212=ORIENTED_EDGE('',*,*,#609,.T.);
#213=ORIENTED_EDGE('',*,*,#610,.T.);
#214=ORIENTED_EDGE('',*,*,#611,.T.);
#215=ORIENTED_EDGE('',*,*,#567,.T.);
#216=ORIENTED_EDGE('',*,*,#612,.T.);
#217=ORIENTED_EDGE('',*,*,#570,.F.);
#218=ORIENTED_EDGE('',*,*,#613,.F.);
#219=ORIENTED_EDGE('',*,*,#564,.T.);
#220=ORIENTED_EDGE('',*,*,#614,.T.);
#221=ORIENTED_EDGE('',*,*,#537,.F.);
#222=ORIENTED_EDGE('',*,*,#615,.F.);
#223=ORIENTED_EDGE('',*,*,#561,.T.);
#224=ORIENTED_EDGE('',*,*,#616,.T.);
#225=ORIENTED_EDGE('',*,*,#617,.T.);
#226=ORIENTED_EDGE('',*,*,#618,.T.);
#227=ORIENTED_EDGE('',*,*,#619,.T.);
#228=ORIENTED_EDGE('',*,*,#620,.T.);
#229=ORIENTED_EDGE('',*,*,#621,.T.);
#230=ORIENTED_EDGE('',*,*,#622,.T.);
#231=ORIENTED_EDGE('',*,*,#623,.T.);
#232=ORIENTED_EDGE('',*,*,#610,.F.);
#233=ORIENTED_EDGE('',*,*,#624,.T.);
#234=ORIENTED_EDGE('',*,*,#625,.T.);
#235=ORIENTED_EDGE('',*,*,#626,.T.);
#236=ORIENTED_EDGE('',*,*,#627,.T.);
#237=ORIENTED_EDGE('',*,*,#628,.T.);
#238=ORIENTED_EDGE('',*,*,#629,.T.);
#239=ORIENTED_EDGE('',*,*,#630,.T.);
#240=ORIENTED_EDGE('',*,*,#631,.T.);
#241=ORIENTED_EDGE('',*,*,#632,.T.);
#242=ORIENTED_EDGE('',*,*,#633,.T.);
#243=ORIENTED_EDGE('',*,*,#634,.T.);
#244=ORIENTED_EDGE('',*,*,#635,.T.);
#245=ORIENTED_EDGE('',*,*,#636,.T.);
#246=ORIENTED_EDGE('',*,*,#637,.T.);
#247=ORIENTED_EDGE('',*,*,#638,.T.);
#248=ORIENTED_EDGE('',*,*,#601,.T.);
#249=ORIENTED_EDGE('',*,*,#639,.F.);
#250=ORIENTED_EDGE('',*,*,#640,.T.);
#251=ORIENTED_EDGE('',*,*,#641,.T.);
#252=ORIENTED_EDGE('',*,*,#642,.T.);
#253=ORIENTED_EDGE('',*,*,#643,.T.);
#254=ORIENTED_EDGE('',*,*,#644,.T.);
#255=ORIENTED_EDGE('',*,*,#645,.T.);
#256=ORIENTED_EDGE('',*,*,#593,.F.);
#257=ORIENTED_EDGE('',*,*,#646,.T.);
#258=ORIENTED_EDGE('',*,*,#647,.T.);
#259=ORIENTED_EDGE('',*,*,#648,.T.);
#260=ORIENTED_EDGE('',*,*,#598,.F.);
#261=ORIENTED_EDGE('',*,*,#649,.T.);
#262=ORIENTED_EDGE('',*,*,#650,.T.);
#263=ORIENTED_EDGE('',*,*,#651,.T.);
#264=ORIENTED_EDGE('',*,*,#589,.F.);
#265=ORIENTED_EDGE('',*,*,#652,.T.);
#266=ORIENTED_EDGE('',*,*,#653,.T.);
#267=ORIENTED_EDGE('',*,*,#639,.T.);
#268=ORIENTED_EDGE('',*,*,#600,.F.);
#269=ORIENTED_EDGE('',*,*,#654,.T.);
#270=ORIENTED_EDGE('',*,*,#655,.T.);
#271=ORIENTED_EDGE('',*,*,#656,.T.);
#272=ORIENTED_EDGE('',*,*,#596,.T.);
#273=ORIENTED_EDGE('',*,*,#657,.T.);
#274=ORIENTED_EDGE('',*,*,#658,.T.);
#275=ORIENTED_EDGE('',*,*,#659,.T.);
#276=ORIENTED_EDGE('',*,*,#587,.F.);
#277=ORIENTED_EDGE('',*,*,#660,.T.);
#278=ORIENTED_EDGE('',*,*,#661,.T.);
#279=ORIENTED_EDGE('',*,*,#662,.T.);
#280=ORIENTED_EDGE('',*,*,#591,.T.);
#281=ORIENTED_EDGE('',*,*,#580,.T.);
#282=ORIENTED_EDGE('',*,*,#607,.T.);
#283=ORIENTED_EDGE('',*,*,#549,.T.);
#284=ORIENTED_EDGE('',*,*,#557,.F.);
#285=ORIENTED_EDGE('',*,*,#585,.T.);
#286=ORIENTED_EDGE('',*,*,#583,.T.);
#287=ORIENTED_EDGE('',*,*,#582,.F.);
#288=ORIENTED_EDGE('',*,*,#584,.F.);
#289=ORIENTED_EDGE('',*,*,#555,.T.);
#290=ORIENTED_EDGE('',*,*,#547,.F.);
#291=ORIENTED_EDGE('',*,*,#608,.F.);
#292=ORIENTED_EDGE('',*,*,#578,.F.);
#293=ORIENTED_EDGE('',*,*,#615,.T.);
#294=ORIENTED_EDGE('',*,*,#536,.F.);
#295=ORIENTED_EDGE('',*,*,#542,.T.);
#296=ORIENTED_EDGE('',*,*,#539,.F.);
#297=ORIENTED_EDGE('',*,*,#532,.F.);
#298=ORIENTED_EDGE('',*,*,#562,.F.);
#299=ORIENTED_EDGE('',*,*,#566,.T.);
#300=ORIENTED_EDGE('',*,*,#554,.T.);
#301=ORIENTED_EDGE('',*,*,#574,.T.);
#302=ORIENTED_EDGE('',*,*,#576,.F.);
#303=ORIENTED_EDGE('',*,*,#571,.T.);
#304=ORIENTED_EDGE('',*,*,#612,.F.);
#305=ORIENTED_EDGE('',*,*,#613,.T.);
#306=ORIENTED_EDGE('',*,*,#569,.F.);
#307=ORIENTED_EDGE('',*,*,#575,.T.);
#308=ORIENTED_EDGE('',*,*,#572,.F.);
#309=ORIENTED_EDGE('',*,*,#552,.F.);
#310=ORIENTED_EDGE('',*,*,#565,.F.);
#311=ORIENTED_EDGE('',*,*,#563,.T.);
#312=ORIENTED_EDGE('',*,*,#530,.T.);
#313=ORIENTED_EDGE('',*,*,#538,.T.);
#314=ORIENTED_EDGE('',*,*,#541,.F.);
#315=ORIENTED_EDGE('',*,*,#534,.T.);
#316=ORIENTED_EDGE('',*,*,#614,.F.);
#317=ORIENTED_EDGE('',*,*,#663,.T.);
#318=ORIENTED_EDGE('',*,*,#595,.T.);
#319=ORIENTED_EDGE('',*,*,#664,.T.);
#320=ORIENTED_EDGE('',*,*,#648,.F.);
#321=ORIENTED_EDGE('',*,*,#665,.T.);
#322=ORIENTED_EDGE('',*,*,#652,.F.);
#323=ORIENTED_EDGE('',*,*,#599,.F.);
#324=ORIENTED_EDGE('',*,*,#545,.F.);
#325=ORIENTED_EDGE('',*,*,#666,.T.);
#326=ORIENTED_EDGE('',*,*,#624,.F.);
#327=ORIENTED_EDGE('',*,*,#609,.F.);
#328=ORIENTED_EDGE('',*,*,#623,.F.);
#329=ORIENTED_EDGE('',*,*,#667,.T.);
#330=ORIENTED_EDGE('',*,*,#558,.F.);
#331=ORIENTED_EDGE('',*,*,#611,.F.);
#332=ORIENTED_EDGE('',*,*,#560,.F.);
#333=ORIENTED_EDGE('',*,*,#668,.T.);
#334=ORIENTED_EDGE('',*,*,#519,.F.);
#335=ORIENTED_EDGE('',*,*,#616,.F.);
#336=ORIENTED_EDGE('',*,*,#528,.F.);
#337=ORIENTED_EDGE('',*,*,#669,.T.);
#338=ORIENTED_EDGE('',*,*,#543,.F.);
#339=ORIENTED_EDGE('',*,*,#606,.F.);
#340=ORIENTED_EDGE('',*,*,#638,.F.);
#341=ORIENTED_EDGE('',*,*,#670,.T.);
#342=ORIENTED_EDGE('',*,*,#654,.F.);
#343=ORIENTED_EDGE('',*,*,#602,.F.);
#344=ORIENTED_EDGE('',*,*,#656,.F.);
#345=ORIENTED_EDGE('',*,*,#671,.T.);
#346=ORIENTED_EDGE('',*,*,#646,.F.);
#347=ORIENTED_EDGE('',*,*,#597,.F.);
#348=ORIENTED_EDGE('',*,*,#651,.F.);
#349=ORIENTED_EDGE('',*,*,#672,.T.);
#350=ORIENTED_EDGE('',*,*,#660,.F.);
#351=ORIENTED_EDGE('',*,*,#590,.F.);
#352=ORIENTED_EDGE('',*,*,#659,.F.);
#353=ORIENTED_EDGE('',*,*,#673,.T.);
#354=ORIENTED_EDGE('',*,*,#649,.F.);
#355=ORIENTED_EDGE('',*,*,#588,.F.);
#356=ORIENTED_EDGE('',*,*,#645,.F.);
#357=ORIENTED_EDGE('',*,*,#674,.T.);
#358=ORIENTED_EDGE('',*,*,#657,.F.);
#359=ORIENTED_EDGE('',*,*,#594,.F.);
#360=ORIENTED_EDGE('',*,*,#662,.F.);
#361=ORIENTED_EDGE('',*,*,#675,.T.);
#362=ORIENTED_EDGE('',*,*,#632,.F.);
#363=ORIENTED_EDGE('',*,*,#592,.F.);
#364=ORIENTED_EDGE('',*,*,#676,.F.);
#365=ORIENTED_EDGE('',*,*,#669,.F.);
#366=ORIENTED_EDGE('',*,*,#677,.F.);
#367=ORIENTED_EDGE('',*,*,#636,.F.);
#368=ORIENTED_EDGE('',*,*,#677,.T.);
#369=ORIENTED_EDGE('',*,*,#527,.F.);
#370=ORIENTED_EDGE('',*,*,#678,.F.);
#371=ORIENTED_EDGE('',*,*,#637,.F.);
#372=ORIENTED_EDGE('',*,*,#676,.T.);
#373=ORIENTED_EDGE('',*,*,#635,.F.);
#374=ORIENTED_EDGE('',*,*,#679,.F.);
#375=ORIENTED_EDGE('',*,*,#544,.F.);
#376=ORIENTED_EDGE('',*,*,#678,.T.);
#377=ORIENTED_EDGE('',*,*,#526,.F.);
#378=ORIENTED_EDGE('',*,*,#680,.F.);
#379=ORIENTED_EDGE('',*,*,#670,.F.);
#380=ORIENTED_EDGE('',*,*,#679,.T.);
#381=ORIENTED_EDGE('',*,*,#634,.F.);
#382=ORIENTED_EDGE('',*,*,#681,.F.);
#383=ORIENTED_EDGE('',*,*,#666,.F.);
#384=ORIENTED_EDGE('',*,*,#680,.T.);
#385=ORIENTED_EDGE('',*,*,#525,.F.);
#386=ORIENTED_EDGE('',*,*,#682,.F.);
#387=ORIENTED_EDGE('',*,*,#655,.F.);
#388=ORIENTED_EDGE('',*,*,#681,.T.);
#389=ORIENTED_EDGE('',*,*,#633,.F.);
#390=ORIENTED_EDGE('',*,*,#683,.F.);
#391=ORIENTED_EDGE('',*,*,#625,.F.);
#392=ORIENTED_EDGE('',*,*,#682,.T.);
#393=ORIENTED_EDGE('',*,*,#524,.F.);
#394=ORIENTED_EDGE('',*,*,#684,.F.);
#395=ORIENTED_EDGE('',*,*,#671,.F.);
#396=ORIENTED_EDGE('',*,*,#683,.T.);
#397=ORIENTED_EDGE('',*,*,#675,.F.);
#398=ORIENTED_EDGE('',*,*,#685,.F.);
#399=ORIENTED_EDGE('',*,*,#626,.F.);
#400=ORIENTED_EDGE('',*,*,#684,.T.);
#401=ORIENTED_EDGE('',*,*,#523,.F.);
#402=ORIENTED_EDGE('',*,*,#686,.F.);
#403=ORIENTED_EDGE('',*,*,#647,.F.);
#404=ORIENTED_EDGE('',*,*,#685,.T.);
#405=ORIENTED_EDGE('',*,*,#661,.F.);
#406=ORIENTED_EDGE('',*,*,#687,.F.);
#407=ORIENTED_EDGE('',*,*,#627,.F.);
#408=ORIENTED_EDGE('',*,*,#686,.T.);
#409=ORIENTED_EDGE('',*,*,#522,.F.);
#410=ORIENTED_EDGE('',*,*,#688,.F.);
#411=ORIENTED_EDGE('',*,*,#665,.F.);
#412=ORIENTED_EDGE('',*,*,#687,.T.);
#413=ORIENTED_EDGE('',*,*,#672,.F.);
#414=ORIENTED_EDGE('',*,*,#689,.F.);
#415=ORIENTED_EDGE('',*,*,#628,.F.);
#416=ORIENTED_EDGE('',*,*,#688,.T.);
#417=ORIENTED_EDGE('',*,*,#521,.F.);
#418=ORIENTED_EDGE('',*,*,#690,.F.);
#419=ORIENTED_EDGE('',*,*,#653,.F.);
#420=ORIENTED_EDGE('',*,*,#689,.T.);
#421=ORIENTED_EDGE('',*,*,#650,.F.);
#422=ORIENTED_EDGE('',*,*,#691,.F.);
#423=ORIENTED_EDGE('',*,*,#629,.F.);
#424=ORIENTED_EDGE('',*,*,#690,.T.);
#425=ORIENTED_EDGE('',*,*,#520,.F.);
#426=ORIENTED_EDGE('',*,*,#692,.F.);
#427=ORIENTED_EDGE('',*,*,#640,.F.);
#428=ORIENTED_EDGE('',*,*,#691,.T.);
#429=ORIENTED_EDGE('',*,*,#673,.F.);
#430=ORIENTED_EDGE('',*,*,#693,.F.);
#431=ORIENTED_EDGE('',*,*,#630,.F.);
#432=ORIENTED_EDGE('',*,*,#692,.T.);
#433=ORIENTED_EDGE('',*,*,#668,.F.);
#434=ORIENTED_EDGE('',*,*,#694,.F.);
#435=ORIENTED_EDGE('',*,*,#641,.F.);
#436=ORIENTED_EDGE('',*,*,#693,.T.);
#437=ORIENTED_EDGE('',*,*,#658,.F.);
#438=ORIENTED_EDGE('',*,*,#695,.F.);
#439=ORIENTED_EDGE('',*,*,#631,.F.);
#440=ORIENTED_EDGE('',*,*,#694,.T.);
#441=ORIENTED_EDGE('',*,*,#559,.F.);
#442=ORIENTED_EDGE('',*,*,#696,.F.);
#443=ORIENTED_EDGE('',*,*,#642,.F.);
#444=ORIENTED_EDGE('',*,*,#695,.T.);
#445=ORIENTED_EDGE('',*,*,#674,.F.);
#446=ORIENTED_EDGE('',*,*,#697,.F.);
#447=ORIENTED_EDGE('',*,*,#621,.F.);
#448=ORIENTED_EDGE('',*,*,#696,.T.);
#449=ORIENTED_EDGE('',*,*,#667,.F.);
#450=ORIENTED_EDGE('',*,*,#698,.F.);
#451=ORIENTED_EDGE('',*,*,#643,.F.);
#452=ORIENTED_EDGE('',*,*,#697,.T.);
#453=ORIENTED_EDGE('',*,*,#644,.F.);
#454=ORIENTED_EDGE('',*,*,#698,.T.);
#455=ORIENTED_EDGE('',*,*,#622,.F.);
#456=ORIENTED_EDGE('',*,*,#663,.F.);
#457=ORIENTED_EDGE('',*,*,#664,.F.);
#458=ORIENTED_EDGE('',*,*,#515,.T.);
#459=ORIENTED_EDGE('',*,*,#605,.T.);
#460=ORIENTED_EDGE('',*,*,#699,.F.);
#461=ORIENTED_EDGE('',*,*,#700,.F.);
#462=ORIENTED_EDGE('',*,*,#700,.T.);
#463=ORIENTED_EDGE('',*,*,#701,.T.);
#464=ORIENTED_EDGE('',*,*,#702,.F.);
#465=ORIENTED_EDGE('',*,*,#516,.F.);
#466=ORIENTED_EDGE('',*,*,#702,.T.);
#467=ORIENTED_EDGE('',*,*,#703,.T.);
#468=ORIENTED_EDGE('',*,*,#603,.F.);
#469=ORIENTED_EDGE('',*,*,#517,.F.);
#470=ORIENTED_EDGE('',*,*,#699,.T.);
#471=ORIENTED_EDGE('',*,*,#604,.T.);
#472=ORIENTED_EDGE('',*,*,#703,.F.);
#473=ORIENTED_EDGE('',*,*,#701,.F.);
#474=ORIENTED_EDGE('',*,*,#704,.T.);
#475=ORIENTED_EDGE('',*,*,#705,.T.);
#476=ORIENTED_EDGE('',*,*,#706,.F.);
#477=ORIENTED_EDGE('',*,*,#707,.T.);
#478=ORIENTED_EDGE('',*,*,#708,.T.);
#479=ORIENTED_EDGE('',*,*,#709,.T.);
#480=ORIENTED_EDGE('',*,*,#710,.T.);
#481=ORIENTED_EDGE('',*,*,#711,.F.);
#482=ORIENTED_EDGE('',*,*,#705,.F.);
#483=ORIENTED_EDGE('',*,*,#711,.T.);
#484=ORIENTED_EDGE('',*,*,#712,.T.);
#485=ORIENTED_EDGE('',*,*,#713,.F.);
#486=ORIENTED_EDGE('',*,*,#706,.T.);
#487=ORIENTED_EDGE('',*,*,#713,.T.);
#488=ORIENTED_EDGE('',*,*,#714,.T.);
#489=ORIENTED_EDGE('',*,*,#715,.F.);
#490=ORIENTED_EDGE('',*,*,#707,.F.);
#491=ORIENTED_EDGE('',*,*,#715,.T.);
#492=ORIENTED_EDGE('',*,*,#716,.T.);
#493=ORIENTED_EDGE('',*,*,#709,.F.);
#494=ORIENTED_EDGE('',*,*,#708,.F.);
#495=ORIENTED_EDGE('',*,*,#717,.T.);
#496=ORIENTED_EDGE('',*,*,#586,.T.);
#497=ORIENTED_EDGE('',*,*,#704,.F.);
#498=ORIENTED_EDGE('',*,*,#717,.F.);
#499=ORIENTED_EDGE('',*,*,#718,.F.);
#500=ORIENTED_EDGE('',*,*,#716,.F.);
#501=ORIENTED_EDGE('',*,*,#719,.F.);
#502=ORIENTED_EDGE('',*,*,#620,.F.);
#503=ORIENTED_EDGE('',*,*,#719,.T.);
#504=ORIENTED_EDGE('',*,*,#714,.F.);
#505=ORIENTED_EDGE('',*,*,#720,.F.);
#506=ORIENTED_EDGE('',*,*,#617,.F.);
#507=ORIENTED_EDGE('',*,*,#718,.T.);
#508=ORIENTED_EDGE('',*,*,#619,.F.);
#509=ORIENTED_EDGE('',*,*,#721,.F.);
#510=ORIENTED_EDGE('',*,*,#710,.F.);
#511=ORIENTED_EDGE('',*,*,#720,.T.);
#512=ORIENTED_EDGE('',*,*,#712,.F.);
#513=ORIENTED_EDGE('',*,*,#721,.T.);
#514=ORIENTED_EDGE('',*,*,#618,.F.);
#515=EDGE_CURVE('',#722,#723,#853,.T.);
#516=EDGE_CURVE('',#722,#724,#854,.T.);
#517=EDGE_CURVE('',#724,#725,#855,.T.);
#518=EDGE_CURVE('',#725,#726,#856,.T.);
#519=EDGE_CURVE('',#726,#727,#857,.T.);
#520=EDGE_CURVE('',#727,#728,#858,.T.);
#521=EDGE_CURVE('',#728,#729,#859,.T.);
#522=EDGE_CURVE('',#729,#730,#50,.T.);
#523=EDGE_CURVE('',#730,#731,#51,.F.);
#524=EDGE_CURVE('',#731,#732,#52,.T.);
#525=EDGE_CURVE('',#732,#733,#860,.T.);
#526=EDGE_CURVE('',#733,#734,#53,.T.);
#527=EDGE_CURVE('',#734,#735,#861,.T.);
#528=EDGE_CURVE('',#735,#736,#862,.F.);
#529=EDGE_CURVE('',#736,#723,#863,.T.);
#530=EDGE_CURVE('',#737,#738,#864,.T.);
#531=EDGE_CURVE('',#739,#737,#865,.T.);
#532=EDGE_CURVE('',#739,#740,#866,.T.);
#533=EDGE_CURVE('',#740,#738,#867,.T.);
#534=EDGE_CURVE('',#741,#742,#868,.T.);
#535=EDGE_CURVE('',#743,#741,#869,.T.);
#536=EDGE_CURVE('',#743,#744,#870,.T.);
#537=EDGE_CURVE('',#744,#742,#871,.T.);
#538=EDGE_CURVE('',#738,#745,#872,.T.);
#539=EDGE_CURVE('',#740,#746,#873,.T.);
#540=EDGE_CURVE('',#746,#745,#874,.T.);
#541=EDGE_CURVE('',#741,#745,#875,.T.);
#542=EDGE_CURVE('',#743,#746,#876,.T.);
#543=EDGE_CURVE('',#747,#748,#877,.T.);
#544=EDGE_CURVE('',#748,#749,#878,.T.);
#545=EDGE_CURVE('',#749,#750,#879,.F.);
#546=EDGE_CURVE('',#750,#751,#880,.T.);
#547=EDGE_CURVE('',#751,#752,#881,.T.);
#548=EDGE_CURVE('',#753,#752,#882,.T.);
#549=EDGE_CURVE('',#754,#753,#883,.T.);
#550=EDGE_CURVE('',#754,#747,#884,.T.);
#551=EDGE_CURVE('',#755,#756,#885,.T.);
#552=EDGE_CURVE('',#755,#757,#886,.T.);
#553=EDGE_CURVE('',#757,#758,#887,.T.);
#554=EDGE_CURVE('',#756,#758,#888,.T.);
#555=EDGE_CURVE('',#759,#752,#889,.T.);
#556=EDGE_CURVE('',#760,#759,#890,.T.);
#557=EDGE_CURVE('',#760,#753,#891,.T.);
#558=EDGE_CURVE('',#761,#762,#892,.T.);
#559=EDGE_CURVE('',#762,#763,#893,.T.);
#560=EDGE_CURVE('',#763,#764,#894,.F.);
#561=EDGE_CURVE('',#765,#764,#895,.T.);
#562=EDGE_CURVE('',#765,#739,#896,.T.);
#563=EDGE_CURVE('',#766,#737,#897,.T.);
#564=EDGE_CURVE('',#767,#766,#898,.T.);
#565=EDGE_CURVE('',#767,#755,#899,.T.);
#566=EDGE_CURVE('',#768,#756,#900,.T.);
#567=EDGE_CURVE('',#761,#768,#901,.T.);
#568=EDGE_CURVE('',#769,#770,#902,.T.);
#569=EDGE_CURVE('',#769,#771,#903,.T.);
#570=EDGE_CURVE('',#771,#772,#904,.T.);
#571=EDGE_CURVE('',#770,#772,#905,.T.);
#572=EDGE_CURVE('',#757,#773,#906,.T.);
#573=EDGE_CURVE('',#773,#774,#907,.T.);
#574=EDGE_CURVE('',#758,#774,#908,.T.);
#575=EDGE_CURVE('',#769,#773,#909,.T.);
#576=EDGE_CURVE('',#770,#774,#910,.T.);
#577=EDGE_CURVE('',#775,#776,#911,.T.);
#578=EDGE_CURVE('',#776,#777,#912,.T.);
#579=EDGE_CURVE('',#778,#777,#913,.T.);
#580=EDGE_CURVE('',#775,#778,#914,.T.);
#581=EDGE_CURVE('',#779,#780,#915,.T.);
#582=EDGE_CURVE('',#780,#776,#916,.T.);
#583=EDGE_CURVE('',#779,#775,#917,.T.);
#584=EDGE_CURVE('',#759,#780,#918,.T.);
#585=EDGE_CURVE('',#760,#779,#919,.T.);
#586=EDGE_CURVE('',#781,#781,#54,.T.);
#587=EDGE_CURVE('',#782,#783,#920,.T.);
#588=EDGE_CURVE('',#783,#784,#55,.F.);
#589=EDGE_CURVE('',#784,#785,#56,.T.);
#590=EDGE_CURVE('',#785,#786,#57,.F.);
#591=EDGE_CURVE('',#787,#786,#921,.T.);
#592=EDGE_CURVE('',#787,#788,#58,.F.);
#593=EDGE_CURVE('',#788,#789,#922,.T.);
#594=EDGE_CURVE('',#789,#782,#59,.F.);
#595=EDGE_CURVE('',#790,#790,#60,.T.);
#596=EDGE_CURVE('',#791,#792,#923,.T.);
#597=EDGE_CURVE('',#791,#793,#61,.F.);
#598=EDGE_CURVE('',#793,#794,#62,.T.);
#599=EDGE_CURVE('',#794,#795,#63,.F.);
#600=EDGE_CURVE('',#795,#796,#924,.T.);
#601=EDGE_CURVE('',#797,#796,#925,.T.);
#602=EDGE_CURVE('',#797,#792,#64,.F.);
#603=EDGE_CURVE('',#725,#798,#926,.T.);
#604=EDGE_CURVE('',#799,#798,#927,.T.);
#605=EDGE_CURVE('',#723,#799,#928,.T.);
#606=EDGE_CURVE('',#736,#747,#65,.F.);
#607=EDGE_CURVE('',#778,#754,#929,.T.);
#608=EDGE_CURVE('',#777,#751,#930,.T.);
#609=EDGE_CURVE('',#750,#800,#66,.F.);
#610=EDGE_CURVE('',#800,#801,#931,.T.);
#611=EDGE_CURVE('',#801,#761,#67,.F.);
#612=EDGE_CURVE('',#768,#772,#932,.T.);
#613=EDGE_CURVE('',#767,#771,#933,.T.);
#614=EDGE_CURVE('',#766,#742,#934,.T.);
#615=EDGE_CURVE('',#765,#744,#935,.T.);
#616=EDGE_CURVE('',#764,#726,#68,.F.);
#617=EDGE_CURVE('',#802,#803,#69,.T.);
#618=EDGE_CURVE('',#803,#804,#936,.T.);
#619=EDGE_CURVE('',#804,#805,#70,.T.);
#620=EDGE_CURVE('',#805,#802,#937,.T.);
#621=EDGE_CURVE('',#806,#807,#71,.T.);
#622=EDGE_CURVE('',#807,#808,#938,.T.);
#623=EDGE_CURVE('',#808,#801,#939,.F.);
#624=EDGE_CURVE('',#800,#809,#940,.T.);
#625=EDGE_CURVE('',#809,#810,#941,.T.);
#626=EDGE_CURVE('',#810,#811,#72,.T.);
#627=EDGE_CURVE('',#811,#812,#942,.T.);
#628=EDGE_CURVE('',#812,#813,#73,.T.);
#629=EDGE_CURVE('',#813,#814,#74,.F.);
#630=EDGE_CURVE('',#814,#815,#75,.T.);
#631=EDGE_CURVE('',#815,#806,#943,.T.);
#632=EDGE_CURVE('',#788,#816,#944,.T.);
#633=EDGE_CURVE('',#816,#817,#945,.T.);
#634=EDGE_CURVE('',#817,#818,#76,.T.);
#635=EDGE_CURVE('',#818,#819,#946,.T.);
#636=EDGE_CURVE('',#819,#820,#77,.T.);
#637=EDGE_CURVE('',#820,#821,#947,.T.);
#638=EDGE_CURVE('',#821,#797,#948,.T.);
#639=EDGE_CURVE('',#822,#796,#949,.T.);
#640=EDGE_CURVE('',#822,#823,#950,.T.);
#641=EDGE_CURVE('',#823,#824,#78,.T.);
#642=EDGE_CURVE('',#824,#825,#951,.T.);
#643=EDGE_CURVE('',#825,#826,#79,.T.);
#644=EDGE_CURVE('',#826,#827,#952,.T.);
#645=EDGE_CURVE('',#827,#789,#953,.F.);
#646=EDGE_CURVE('',#793,#828,#954,.T.);
#647=EDGE_CURVE('',#828,#829,#80,.T.);
#648=EDGE_CURVE('',#829,#794,#955,.F.);
#649=EDGE_CURVE('',#784,#830,#956,.F.);
#650=EDGE_CURVE('',#830,#831,#81,.T.);
#651=EDGE_CURVE('',#831,#785,#957,.T.);
#652=EDGE_CURVE('',#795,#832,#958,.F.);
#653=EDGE_CURVE('',#832,#822,#959,.T.);
#654=EDGE_CURVE('',#792,#833,#960,.F.);
#655=EDGE_CURVE('',#833,#834,#961,.T.);
#656=EDGE_CURVE('',#834,#791,#962,.F.);
#657=EDGE_CURVE('',#782,#835,#963,.T.);
#658=EDGE_CURVE('',#835,#836,#964,.T.);
#659=EDGE_CURVE('',#836,#783,#965,.F.);
#660=EDGE_CURVE('',#786,#837,#966,.F.);
#661=EDGE_CURVE('',#837,#838,#967,.T.);
#662=EDGE_CURVE('',#838,#787,#968,.F.);
#663=EDGE_CURVE('',#839,#839,#82,.F.);
#664=EDGE_CURVE('',#840,#840,#83,.T.);
#665=EDGE_CURVE('',#829,#832,#84,.F.);
#666=EDGE_CURVE('',#749,#809,#85,.F.);
#667=EDGE_CURVE('',#808,#762,#86,.F.);
#668=EDGE_CURVE('',#763,#727,#87,.F.);
#669=EDGE_CURVE('',#735,#748,#88,.F.);
#670=EDGE_CURVE('',#821,#833,#89,.F.);
#671=EDGE_CURVE('',#834,#828,#90,.F.);
#672=EDGE_CURVE('',#831,#837,#91,.F.);
#673=EDGE_CURVE('',#836,#830,#92,.F.);
#674=EDGE_CURVE('',#827,#835,#93,.F.);
#675=EDGE_CURVE('',#838,#816,#94,.F.);
#676=EDGE_CURVE('',#748,#819,#969,.T.);
#677=EDGE_CURVE('',#820,#735,#970,.T.);
#678=EDGE_CURVE('',#821,#734,#971,.T.);
#679=EDGE_CURVE('',#749,#818,#972,.T.);
#680=EDGE_CURVE('',#833,#733,#973,.T.);
#681=EDGE_CURVE('',#809,#817,#974,.T.);
#682=EDGE_CURVE('',#834,#732,#975,.T.);
#683=EDGE_CURVE('',#810,#816,#976,.T.);
#684=EDGE_CURVE('',#828,#731,#977,.T.);
#685=EDGE_CURVE('',#811,#838,#978,.T.);
#686=EDGE_CURVE('',#829,#730,#979,.T.);
#687=EDGE_CURVE('',#812,#837,#980,.T.);
#688=EDGE_CURVE('',#832,#729,#981,.T.);
#689=EDGE_CURVE('',#813,#831,#982,.T.);
#690=EDGE_CURVE('',#822,#728,#983,.T.);
#691=EDGE_CURVE('',#814,#830,#984,.T.);
#692=EDGE_CURVE('',#823,#727,#985,.T.);
#693=EDGE_CURVE('',#815,#836,#986,.T.);
#694=EDGE_CURVE('',#824,#763,#987,.T.);
#695=EDGE_CURVE('',#806,#835,#988,.T.);
#696=EDGE_CURVE('',#825,#762,#989,.T.);
#697=EDGE_CURVE('',#807,#827,#990,.T.);
#698=EDGE_CURVE('',#826,#808,#991,.T.);
#699=EDGE_CURVE('',#841,#799,#992,.T.);
#700=EDGE_CURVE('',#722,#841,#993,.T.);
#701=EDGE_CURVE('',#841,#842,#994,.T.);
#702=EDGE_CURVE('',#724,#842,#995,.T.);
#703=EDGE_CURVE('',#842,#798,#996,.T.);
#704=EDGE_CURVE('',#843,#843,#95,.F.);
#705=EDGE_CURVE('',#844,#845,#96,.T.);
#706=EDGE_CURVE('',#846,#845,#997,.T.);
#707=EDGE_CURVE('',#846,#847,#97,.T.);
#708=EDGE_CURVE('',#847,#844,#998,.T.);
#709=EDGE_CURVE('',#844,#848,#999,.T.);
#710=EDGE_CURVE('',#848,#849,#98,.F.);
#711=EDGE_CURVE('',#845,#849,#1000,.T.);
#712=EDGE_CURVE('',#849,#850,#1001,.T.);
#713=EDGE_CURVE('',#846,#850,#1002,.T.);
#714=EDGE_CURVE('',#850,#851,#99,.F.);
#715=EDGE_CURVE('',#847,#851,#1003,.T.);
#716=EDGE_CURVE('',#851,#848,#1004,.T.);
#717=EDGE_CURVE('',#852,#852,#100,.T.);
#718=EDGE_CURVE('',#848,#805,#12,.F.);
#719=EDGE_CURVE('',#802,#851,#13,.T.);
#720=EDGE_CURVE('',#803,#850,#14,.F.);
#721=EDGE_CURVE('',#849,#804,#15,.F.);
#722=VERTEX_POINT('',#2050);
#723=VERTEX_POINT('',#2051);
#724=VERTEX_POINT('',#2053);
#725=VERTEX_POINT('',#2055);
#726=VERTEX_POINT('',#2057);
#727=VERTEX_POINT('',#2059);
#728=VERTEX_POINT('',#2061);
#729=VERTEX_POINT('',#2063);
#730=VERTEX_POINT('',#2065);
#731=VERTEX_POINT('',#2067);
#732=VERTEX_POINT('',#2069);
#733=VERTEX_POINT('',#2071);
#734=VERTEX_POINT('',#2073);
#735=VERTEX_POINT('',#2075);
#736=VERTEX_POINT('',#2077);
#737=VERTEX_POINT('',#2081);
#738=VERTEX_POINT('',#2082);
#739=VERTEX_POINT('',#2084);
#740=VERTEX_POINT('',#2086);
#741=VERTEX_POINT('',#2090);
#742=VERTEX_POINT('',#2091);
#743=VERTEX_POINT('',#2093);
#744=VERTEX_POINT('',#2095);
#745=VERTEX_POINT('',#2099);
#746=VERTEX_POINT('',#2101);
#747=VERTEX_POINT('',#2108);
#748=VERTEX_POINT('',#2109);
#749=VERTEX_POINT('',#2111);
#750=VERTEX_POINT('',#2113);
#751=VERTEX_POINT('',#2115);
#752=VERTEX_POINT('',#2117);
#753=VERTEX_POINT('',#2119);
#754=VERTEX_POINT('',#2121);
#755=VERTEX_POINT('',#2125);
#756=VERTEX_POINT('',#2126);
#757=VERTEX_POINT('',#2128);
#758=VERTEX_POINT('',#2130);
#759=VERTEX_POINT('',#2134);
#760=VERTEX_POINT('',#2136);
#761=VERTEX_POINT('',#2140);
#762=VERTEX_POINT('',#2141);
#763=VERTEX_POINT('',#2143);
#764=VERTEX_POINT('',#2145);
#765=VERTEX_POINT('',#2147);
#766=VERTEX_POINT('',#2150);
#767=VERTEX_POINT('',#2152);
#768=VERTEX_POINT('',#2155);
#769=VERTEX_POINT('',#2159);
#770=VERTEX_POINT('',#2160);
#771=VERTEX_POINT('',#2162);
#772=VERTEX_POINT('',#2164);
#773=VERTEX_POINT('',#2168);
#774=VERTEX_POINT('',#2170);
#775=VERTEX_POINT('',#2177);
#776=VERTEX_POINT('',#2178);
#777=VERTEX_POINT('',#2180);
#778=VERTEX_POINT('',#2182);
#779=VERTEX_POINT('',#2186);
#780=VERTEX_POINT('',#2187);
#781=VERTEX_POINT('',#2195);
#782=VERTEX_POINT('',#2197);
#783=VERTEX_POINT('',#2198);
#784=VERTEX_POINT('',#2200);
#785=VERTEX_POINT('',#2202);
#786=VERTEX_POINT('',#2204);
#787=VERTEX_POINT('',#2206);
#788=VERTEX_POINT('',#2208);
#789=VERTEX_POINT('',#2210);
#790=VERTEX_POINT('',#2214);
#791=VERTEX_POINT('',#2216);
#792=VERTEX_POINT('',#2217);
#793=VERTEX_POINT('',#2219);
#794=VERTEX_POINT('',#2221);
#795=VERTEX_POINT('',#2223);
#796=VERTEX_POINT('',#2225);
#797=VERTEX_POINT('',#2227);
#798=VERTEX_POINT('',#2231);
#799=VERTEX_POINT('',#2233);
#800=VERTEX_POINT('',#2239);
#801=VERTEX_POINT('',#2241);
#802=VERTEX_POINT('',#2250);
#803=VERTEX_POINT('',#2251);
#804=VERTEX_POINT('',#2253);
#805=VERTEX_POINT('',#2255);
#806=VERTEX_POINT('',#2258);
#807=VERTEX_POINT('',#2259);
#808=VERTEX_POINT('',#2261);
#809=VERTEX_POINT('',#2264);
#810=VERTEX_POINT('',#2266);
#811=VERTEX_POINT('',#2268);
#812=VERTEX_POINT('',#2270);
#813=VERTEX_POINT('',#2272);
#814=VERTEX_POINT('',#2274);
#815=VERTEX_POINT('',#2276);
#816=VERTEX_POINT('',#2280);
#817=VERTEX_POINT('',#2282);
#818=VERTEX_POINT('',#2284);
#819=VERTEX_POINT('',#2286);
#820=VERTEX_POINT('',#2288);
#821=VERTEX_POINT('',#2290);
#822=VERTEX_POINT('',#2293);
#823=VERTEX_POINT('',#2295);
#824=VERTEX_POINT('',#2297);
#825=VERTEX_POINT('',#2299);
#826=VERTEX_POINT('',#2301);
#827=VERTEX_POINT('',#2303);
#828=VERTEX_POINT('',#2307);
#829=VERTEX_POINT('',#2309);
#830=VERTEX_POINT('',#2313);
#831=VERTEX_POINT('',#2315);
#832=VERTEX_POINT('',#2319);
#833=VERTEX_POINT('',#2323);
#834=VERTEX_POINT('',#2325);
#835=VERTEX_POINT('',#2329);
#836=VERTEX_POINT('',#2331);
#837=VERTEX_POINT('',#2335);
#838=VERTEX_POINT('',#2337);
#839=VERTEX_POINT('',#2347);
#840=VERTEX_POINT('',#2350);
#841=VERTEX_POINT('',#2422);
#842=VERTEX_POINT('',#2426);
#843=VERTEX_POINT('',#2433);
#844=VERTEX_POINT('',#2435);
#845=VERTEX_POINT('',#2436);
#846=VERTEX_POINT('',#2438);
#847=VERTEX_POINT('',#2440);
#848=VERTEX_POINT('',#2444);
#849=VERTEX_POINT('',#2446);
#850=VERTEX_POINT('',#2450);
#851=VERTEX_POINT('',#2454);
#852=VERTEX_POINT('',#2460);
#853=LINE('',#2049,#1005);
#854=LINE('',#2052,#1006);
#855=LINE('',#2054,#1007);
#856=LINE('',#2056,#1008);
#857=LINE('',#2058,#1009);
#858=LINE('',#2060,#1010);
#859=LINE('',#2062,#1011);
#860=LINE('',#2070,#1012);
#861=LINE('',#2074,#1013);
#862=LINE('',#2076,#1014);
#863=LINE('',#2078,#1015);
#864=LINE('',#2080,#1016);
#865=LINE('',#2083,#1017);
#866=LINE('',#2085,#1018);
#867=LINE('',#2087,#1019);
#868=LINE('',#2089,#1020);
#869=LINE('',#2092,#1021);
#870=LINE('',#2094,#1022);
#871=LINE('',#2096,#1023);
#872=LINE('',#2098,#1024);
#873=LINE('',#2100,#1025);
#874=LINE('',#2102,#1026);
#875=LINE('',#2104,#1027);
#876=LINE('',#2105,#1028);
#877=LINE('',#2107,#1029);
#878=LINE('',#2110,#1030);
#879=LINE('',#2112,#1031);
#880=LINE('',#2114,#1032);
#881=LINE('',#2116,#1033);
#882=LINE('',#2118,#1034);
#883=LINE('',#2120,#1035);
#884=LINE('',#2122,#1036);
#885=LINE('',#2124,#1037);
#886=LINE('',#2127,#1038);
#887=LINE('',#2129,#1039);
#888=LINE('',#2131,#1040);
#889=LINE('',#2133,#1041);
#890=LINE('',#2135,#1042);
#891=LINE('',#2137,#1043);
#892=LINE('',#2139,#1044);
#893=LINE('',#2142,#1045);
#894=LINE('',#2144,#1046);
#895=LINE('',#2146,#1047);
#896=LINE('',#2148,#1048);
#897=LINE('',#2149,#1049);
#898=LINE('',#2151,#1050);
#899=LINE('',#2153,#1051);
#900=LINE('',#2154,#1052);
#901=LINE('',#2156,#1053);
#902=LINE('',#2158,#1054);
#903=LINE('',#2161,#1055);
#904=LINE('',#2163,#1056);
#905=LINE('',#2165,#1057);
#906=LINE('',#2167,#1058);
#907=LINE('',#2169,#1059);
#908=LINE('',#2171,#1060);
#909=LINE('',#2173,#1061);
#910=LINE('',#2174,#1062);
#911=LINE('',#2176,#1063);
#912=LINE('',#2179,#1064);
#913=LINE('',#2181,#1065);
#914=LINE('',#2183,#1066);
#915=LINE('',#2185,#1067);
#916=LINE('',#2188,#1068);
#917=LINE('',#2189,#1069);
#918=LINE('',#2191,#1070);
#919=LINE('',#2192,#1071);
#920=LINE('',#2196,#1072);
#921=LINE('',#2205,#1073);
#922=LINE('',#2209,#1074);
#923=LINE('',#2215,#1075);
#924=LINE('',#2224,#1076);
#925=LINE('',#2226,#1077);
#926=LINE('',#2230,#1078);
#927=LINE('',#2232,#1079);
#928=LINE('',#2234,#1080);
#929=LINE('',#2236,#1081);
#930=LINE('',#2237,#1082);
#931=LINE('',#2240,#1083);
#932=LINE('',#2243,#1084);
#933=LINE('',#2244,#1085);
#934=LINE('',#2245,#1086);
#935=LINE('',#2246,#1087);
#936=LINE('',#2252,#1088);
#937=LINE('',#2256,#1089);
#938=LINE('',#2260,#1090);
#939=LINE('',#2262,#1091);
#940=LINE('',#2263,#1092);
#941=LINE('',#2265,#1093);
#942=LINE('',#2269,#1094);
#943=LINE('',#2277,#1095);
#944=LINE('',#2279,#1096);
#945=LINE('',#2281,#1097);
#946=LINE('',#2285,#1098);
#947=LINE('',#2289,#1099);
#948=LINE('',#2291,#1100);
#949=LINE('',#2292,#1101);
#950=LINE('',#2294,#1102);
#951=LINE('',#2298,#1103);
#952=LINE('',#2302,#1104);
#953=LINE('',#2304,#1105);
#954=LINE('',#2306,#1106);
#955=LINE('',#2310,#1107);
#956=LINE('',#2312,#1108);
#957=LINE('',#2316,#1109);
#958=LINE('',#2318,#1110);
#959=LINE('',#2320,#1111);
#960=LINE('',#2322,#1112);
#961=LINE('',#2324,#1113);
#962=LINE('',#2326,#1114);
#963=LINE('',#2328,#1115);
#964=LINE('',#2330,#1116);
#965=LINE('',#2332,#1117);
#966=LINE('',#2334,#1118);
#967=LINE('',#2336,#1119);
#968=LINE('',#2338,#1120);
#969=LINE('',#2374,#1121);
#970=LINE('',#2375,#1122);
#971=LINE('',#2377,#1123);
#972=LINE('',#2379,#1124);
#973=LINE('',#2381,#1125);
#974=LINE('',#2383,#1126);
#975=LINE('',#2385,#1127);
#976=LINE('',#2387,#1128);
#977=LINE('',#2389,#1129);
#978=LINE('',#2391,#1130);
#979=LINE('',#2393,#1131);
#980=LINE('',#2395,#1132);
#981=LINE('',#2397,#1133);
#982=LINE('',#2399,#1134);
#983=LINE('',#2401,#1135);
#984=LINE('',#2403,#1136);
#985=LINE('',#2405,#1137);
#986=LINE('',#2407,#1138);
#987=LINE('',#2409,#1139);
#988=LINE('',#2411,#1140);
#989=LINE('',#2413,#1141);
#990=LINE('',#2415,#1142);
#991=LINE('',#2417,#1143);
#992=LINE('',#2421,#1144);
#993=LINE('',#2423,#1145);
#994=LINE('',#2425,#1146);
#995=LINE('',#2427,#1147);
#996=LINE('',#2429,#1148);
#997=LINE('',#2437,#1149);
#998=LINE('',#2441,#1150);
#999=LINE('',#2443,#1151);
#1000=LINE('',#2447,#1152);
#1001=LINE('',#2449,#1153);
#1002=LINE('',#2451,#1154);
#1003=LINE('',#2455,#1155);
#1004=LINE('',#2457,#1156);
#1005=VECTOR('',#1627,1.);
#1006=VECTOR('',#1628,1.);
#1007=VECTOR('',#1629,1.);
#1008=VECTOR('',#1630,1.);
#1009=VECTOR('',#1631,1.);
#1010=VECTOR('',#1632,1.);
#1011=VECTOR('',#1633,1.);
#1012=VECTOR('',#1640,1.);
#1013=VECTOR('',#1643,1.);
#1014=VECTOR('',#1644,1.);
#1015=VECTOR('',#1645,1.);
#1016=VECTOR('',#1648,1.);
#1017=VECTOR('',#1649,1.);
#1018=VECTOR('',#1650,1.);
#1019=VECTOR('',#1651,1.);
#1020=VECTOR('',#1654,1.);
#1021=VECTOR('',#1655,1.);
#1022=VECTOR('',#1656,1.);
#1023=VECTOR('',#1657,1.);
#1024=VECTOR('',#1660,1.);
#1025=VECTOR('',#1661,1.);
#1026=VECTOR('',#1662,1.);
#1027=VECTOR('',#1665,1.);
#1028=VECTOR('',#1666,1.);
#1029=VECTOR('',#1669,1.);
#1030=VECTOR('',#1670,1.);
#1031=VECTOR('',#1671,1.);
#1032=VECTOR('',#1672,1.);
#1033=VECTOR('',#1673,1.);
#1034=VECTOR('',#1674,1.);
#1035=VECTOR('',#1675,1.);
#1036=VECTOR('',#1676,1.);
#1037=VECTOR('',#1679,1.);
#1038=VECTOR('',#1680,1.);
#1039=VECTOR('',#1681,1.);
#1040=VECTOR('',#1682,1.);
#1041=VECTOR('',#1685,1.);
#1042=VECTOR('',#1686,1.);
#1043=VECTOR('',#1687,1.);
#1044=VECTOR('',#1690,1.);
#1045=VECTOR('',#1691,1.);
#1046=VECTOR('',#1692,1.);
#1047=VECTOR('',#1693,1.);
#1048=VECTOR('',#1694,1.);
#1049=VECTOR('',#1695,1.);
#1050=VECTOR('',#1696,1.);
#1051=VECTOR('',#1697,1.);
#1052=VECTOR('',#1698,1.);
#1053=VECTOR('',#1699,1.);
#1054=VECTOR('',#1702,1.);
#1055=VECTOR('',#1703,1.);
#1056=VECTOR('',#1704,1.);
#1057=VECTOR('',#1705,1.);
#1058=VECTOR('',#1708,1.);
#1059=VECTOR('',#1709,1.);
#1060=VECTOR('',#1710,1.);
#1061=VECTOR('',#1713,1.);
#1062=VECTOR('',#1714,1.);
#1063=VECTOR('',#1717,1.);
#1064=VECTOR('',#1718,1.);
#1065=VECTOR('',#1719,1.);
#1066=VECTOR('',#1720,1.);
#1067=VECTOR('',#1723,1.);
#1068=VECTOR('',#1724,1.);
#1069=VECTOR('',#1725,1.);
#1070=VECTOR('',#1728,1.);
#1071=VECTOR('',#1729,1.);
#1072=VECTOR('',#1734,1.);
#1073=VECTOR('',#1741,1.);
#1074=VECTOR('',#1744,1.);
#1075=VECTOR('',#1751,1.);
#1076=VECTOR('',#1758,1.);
#1077=VECTOR('',#1759,1.);
#1078=VECTOR('',#1764,1.);
#1079=VECTOR('',#1765,1.);
#1080=VECTOR('',#1766,1.);
#1081=VECTOR('',#1769,1.);
#1082=VECTOR('',#1770,1.);
#1083=VECTOR('',#1773,1.);
#1084=VECTOR('',#1776,1.);
#1085=VECTOR('',#1777,1.);
#1086=VECTOR('',#1778,1.);
#1087=VECTOR('',#1779,1.);
#1088=VECTOR('',#1786,1.);
#1089=VECTOR('',#1789,1.);
#1090=VECTOR('',#1792,1.);
#1091=VECTOR('',#1793,1.);
#1092=VECTOR('',#1794,1.);
#1093=VECTOR('',#1795,1.);
#1094=VECTOR('',#1798,1.);
#1095=VECTOR('',#1805,1.);
#1096=VECTOR('',#1808,1.);
#1097=VECTOR('',#1809,1.);
#1098=VECTOR('',#1812,1.);
#1099=VECTOR('',#1815,1.);
#1100=VECTOR('',#1816,1.);
#1101=VECTOR('',#1817,1.);
#1102=VECTOR('',#1818,1.);
#1103=VECTOR('',#1821,1.);
#1104=VECTOR('',#1824,1.);
#1105=VECTOR('',#1825,1.);
#1106=VECTOR('',#1828,1.);
#1107=VECTOR('',#1831,1.);
#1108=VECTOR('',#1834,1.);
#1109=VECTOR('',#1837,1.);
#1110=VECTOR('',#1840,1.);
#1111=VECTOR('',#1841,1.);
#1112=VECTOR('',#1844,1.);
#1113=VECTOR('',#1845,1.);
#1114=VECTOR('',#1846,1.);
#1115=VECTOR('',#1849,1.);
#1116=VECTOR('',#1850,1.);
#1117=VECTOR('',#1851,1.);
#1118=VECTOR('',#1854,1.);
#1119=VECTOR('',#1855,1.);
#1120=VECTOR('',#1856,1.);
#1121=VECTOR('',#1923,1.);
#1122=VECTOR('',#1924,1.);
#1123=VECTOR('',#1927,1.);
#1124=VECTOR('',#1930,1.);
#1125=VECTOR('',#1933,1.);
#1126=VECTOR('',#1936,1.);
#1127=VECTOR('',#1939,1.);
#1128=VECTOR('',#1942,1.);
#1129=VECTOR('',#1945,1.);
#1130=VECTOR('',#1948,1.);
#1131=VECTOR('',#1951,1.);
#1132=VECTOR('',#1954,1.);
#1133=VECTOR('',#1957,1.);
#1134=VECTOR('',#1960,1.);
#1135=VECTOR('',#1963,1.);
#1136=VECTOR('',#1966,1.);
#1137=VECTOR('',#1969,1.);
#1138=VECTOR('',#1972,1.);
#1139=VECTOR('',#1975,1.);
#1140=VECTOR('',#1978,1.);
#1141=VECTOR('',#1981,1.);
#1142=VECTOR('',#1984,1.);
#1143=VECTOR('',#1987,1.);
#1144=VECTOR('',#1994,1.);
#1145=VECTOR('',#1995,1.);
#1146=VECTOR('',#1998,1.);
#1147=VECTOR('',#1999,1.);
#1148=VECTOR('',#2002,1.);
#1149=VECTOR('',#2011,1.);
#1150=VECTOR('',#2014,1.);
#1151=VECTOR('',#2017,1.);
#1152=VECTOR('',#2020,1.);
#1153=VECTOR('',#2023,1.);
#1154=VECTOR('',#2024,1.);
#1155=VECTOR('',#2029,1.);
#1156=VECTOR('',#2032,1.);
#1157=EDGE_LOOP('',(#101,#102,#103,#104,#105,#106,#107,#108,#109,#110,#111,#112,#113,#114,#115));
#1158=EDGE_LOOP('',(#116,#117,#118,#119));
#1159=EDGE_LOOP('',(#120,#121,#122,#123));
#1160=EDGE_LOOP('',(#124,#125,#126,#127));
#1161=EDGE_LOOP('',(#128,#129,#130,#131));
#1162=EDGE_LOOP('',(#132,#133,#134,#135,#136,#137,#138,#139));
#1163=EDGE_LOOP('',(#140,#141,#142,#143));
#1164=EDGE_LOOP('',(#144,#145,#146,#147));
#1165=EDGE_LOOP('',(#148,#149,#150,#151,#152,#153,#154,#155,#156,#157,#158,#159));
#1166=EDGE_LOOP('',(#160,#161,#162,#163));
#1167=EDGE_LOOP('',(#164,#165,#166,#167));
#1168=EDGE_LOOP('',(#168,#169,#170,#171));
#1169=EDGE_LOOP('',(#172,#173,#174,#175));
#1170=EDGE_LOOP('',(#176,#177,#178,#179));
#1171=EDGE_LOOP('',(#180,#181,#182,#183));
#1172=EDGE_LOOP('',(#184));
#1173=EDGE_LOOP('',(#185,#186,#187,#188,#189,#190,#191,#192));
#1174=EDGE_LOOP('',(#193));
#1175=EDGE_LOOP('',(#194,#195,#196,#197,#198,#199,#200));
#1176=EDGE_LOOP('',(#201,#202,#203,#204,#205,#206,#207,#208,#209,#210,#211,#212,#213,#214,#215,#216,#217,#218,#219,#220,#221,#222,#223,#224));
#1177=EDGE_LOOP('',(#225,#226,#227,#228));
#1178=EDGE_LOOP('',(#229,#230,#231,#232,#233,#234,#235,#236,#237,#238,#239,#240));
#1179=EDGE_LOOP('',(#241,#242,#243,#244,#245,#246,#247,#248,#249,#250,#251,#252,#253,#254,#255,#256));
#1180=EDGE_LOOP('',(#257,#258,#259,#260));
#1181=EDGE_LOOP('',(#261,#262,#263,#264));
#1182=EDGE_LOOP('',(#265,#266,#267,#268));
#1183=EDGE_LOOP('',(#269,#270,#271,#272));
#1184=EDGE_LOOP('',(#273,#274,#275,#276));
#1185=EDGE_LOOP('',(#277,#278,#279,#280));
#1186=EDGE_LOOP('',(#281,#282,#283,#284,#285,#286));
#1187=EDGE_LOOP('',(#287,#288,#289,#290,#291,#292));
#1188=EDGE_LOOP('',(#293,#294,#295,#296,#297,#298));
#1189=EDGE_LOOP('',(#299,#300,#301,#302,#303,#304));
#1190=EDGE_LOOP('',(#305,#306,#307,#308,#309,#310));
#1191=EDGE_LOOP('',(#311,#312,#313,#314,#315,#316));
#1192=EDGE_LOOP('',(#317));
#1193=EDGE_LOOP('',(#318));
#1194=EDGE_LOOP('',(#319));
#1195=EDGE_LOOP('',(#320,#321,#322,#323));
#1196=EDGE_LOOP('',(#324,#325,#326,#327));
#1197=EDGE_LOOP('',(#328,#329,#330,#331));
#1198=EDGE_LOOP('',(#332,#333,#334,#335));
#1199=EDGE_LOOP('',(#336,#337,#338,#339));
#1200=EDGE_LOOP('',(#340,#341,#342,#343));
#1201=EDGE_LOOP('',(#344,#345,#346,#347));
#1202=EDGE_LOOP('',(#348,#349,#350,#351));
#1203=EDGE_LOOP('',(#352,#353,#354,#355));
#1204=EDGE_LOOP('',(#356,#357,#358,#359));
#1205=EDGE_LOOP('',(#360,#361,#362,#363));
#1206=EDGE_LOOP('',(#364,#365,#366,#367));
#1207=EDGE_LOOP('',(#368,#369,#370,#371));
#1208=EDGE_LOOP('',(#372,#373,#374,#375));
#1209=EDGE_LOOP('',(#376,#377,#378,#379));
#1210=EDGE_LOOP('',(#380,#381,#382,#383));
#1211=EDGE_LOOP('',(#384,#385,#386,#387));
#1212=EDGE_LOOP('',(#388,#389,#390,#391));
#1213=EDGE_LOOP('',(#392,#393,#394,#395));
#1214=EDGE_LOOP('',(#396,#397,#398,#399));
#1215=EDGE_LOOP('',(#400,#401,#402,#403));
#1216=EDGE_LOOP('',(#404,#405,#406,#407));
#1217=EDGE_LOOP('',(#408,#409,#410,#411));
#1218=EDGE_LOOP('',(#412,#413,#414,#415));
#1219=EDGE_LOOP('',(#416,#417,#418,#419));
#1220=EDGE_LOOP('',(#420,#421,#422,#423));
#1221=EDGE_LOOP('',(#424,#425,#426,#427));
#1222=EDGE_LOOP('',(#428,#429,#430,#431));
#1223=EDGE_LOOP('',(#432,#433,#434,#435));
#1224=EDGE_LOOP('',(#436,#437,#438,#439));
#1225=EDGE_LOOP('',(#440,#441,#442,#443));
#1226=EDGE_LOOP('',(#444,#445,#446,#447));
#1227=EDGE_LOOP('',(#448,#449,#450,#451));
#1228=EDGE_LOOP('',(#452,#453,#454,#455));
#1229=EDGE_LOOP('',(#456));
#1230=EDGE_LOOP('',(#457));
#1231=EDGE_LOOP('',(#458,#459,#460,#461));
#1232=EDGE_LOOP('',(#462,#463,#464,#465));
#1233=EDGE_LOOP('',(#466,#467,#468,#469));
#1234=EDGE_LOOP('',(#470,#471,#472,#473));
#1235=EDGE_LOOP('',(#474));
#1236=EDGE_LOOP('',(#475,#476,#477,#478));
#1237=EDGE_LOOP('',(#479,#480,#481,#482));
#1238=EDGE_LOOP('',(#483,#484,#485,#486));
#1239=EDGE_LOOP('',(#487,#488,#489,#490));
#1240=EDGE_LOOP('',(#491,#492,#493,#494));
#1241=EDGE_LOOP('',(#495));
#1242=EDGE_LOOP('',(#496));
#1243=EDGE_LOOP('',(#497));
#1244=EDGE_LOOP('',(#498));
#1245=EDGE_LOOP('',(#499,#500,#501,#502));
#1246=EDGE_LOOP('',(#503,#504,#505,#506));
#1247=EDGE_LOOP('',(#507,#508,#509,#510));
#1248=EDGE_LOOP('',(#511,#512,#513,#514));
#1249=FACE_BOUND('',#1157,.T.);
#1250=FACE_BOUND('',#1158,.T.);
#1251=FACE_BOUND('',#1159,.T.);
#1252=FACE_BOUND('',#1160,.T.);
#1253=FACE_BOUND('',#1161,.T.);
#1254=FACE_BOUND('',#1162,.T.);
#1255=FACE_BOUND('',#1163,.T.);
#1256=FACE_BOUND('',#1164,.T.);
#1257=FACE_BOUND('',#1165,.T.);
#1258=FACE_BOUND('',#1166,.T.);
#1259=FACE_BOUND('',#1167,.T.);
#1260=FACE_BOUND('',#1168,.T.);
#1261=FACE_BOUND('',#1169,.T.);
#1262=FACE_BOUND('',#1170,.T.);
#1263=FACE_BOUND('',#1171,.T.);
#1264=FACE_BOUND('',#1172,.T.);
#1265=FACE_BOUND('',#1173,.T.);
#1266=FACE_BOUND('',#1174,.T.);
#1267=FACE_BOUND('',#1175,.T.);
#1268=FACE_BOUND('',#1176,.T.);
#1269=FACE_BOUND('',#1177,.T.);
#1270=FACE_BOUND('',#1178,.T.);
#1271=FACE_BOUND('',#1179,.T.);
#1272=FACE_BOUND('',#1180,.T.);
#1273=FACE_BOUND('',#1181,.T.);
#1274=FACE_BOUND('',#1182,.T.);
#1275=FACE_BOUND('',#1183,.T.);
#1276=FACE_BOUND('',#1184,.T.);
#1277=FACE_BOUND('',#1185,.T.);
#1278=FACE_BOUND('',#1186,.T.);
#1279=FACE_BOUND('',#1187,.T.);
#1280=FACE_BOUND('',#1188,.T.);
#1281=FACE_BOUND('',#1189,.T.);
#1282=FACE_BOUND('',#1190,.T.);
#1283=FACE_BOUND('',#1191,.T.);
#1284=FACE_BOUND('',#1192,.T.);
#1285=FACE_BOUND('',#1193,.T.);
#1286=FACE_BOUND('',#1194,.T.);
#1287=FACE_BOUND('',#1195,.T.);
#1288=FACE_BOUND('',#1196,.T.);
#1289=FACE_BOUND('',#1197,.T.);
#1290=FACE_BOUND('',#1198,.T.);
#1291=FACE_BOUND('',#1199,.T.);
#1292=FACE_BOUND('',#1200,.T.);
#1293=FACE_BOUND('',#1201,.T.);
#1294=FACE_BOUND('',#1202,.T.);
#1295=FACE_BOUND('',#1203,.T.);
#1296=FACE_BOUND('',#1204,.T.);
#1297=FACE_BOUND('',#1205,.T.);
#1298=FACE_BOUND('',#1206,.T.);
#1299=FACE_BOUND('',#1207,.T.);
#1300=FACE_BOUND('',#1208,.T.);
#1301=FACE_BOUND('',#1209,.T.);
#1302=FACE_BOUND('',#1210,.T.);
#1303=FACE_BOUND('',#1211,.T.);
#1304=FACE_BOUND('',#1212,.T.);
#1305=FACE_BOUND('',#1213,.T.);
#1306=FACE_BOUND('',#1214,.T.);
#1307=FACE_BOUND('',#1215,.T.);
#1308=FACE_BOUND('',#1216,.T.);
#1309=FACE_BOUND('',#1217,.T.);
#1310=FACE_BOUND('',#1218,.T.);
#1311=FACE_BOUND('',#1219,.T.);
#1312=FACE_BOUND('',#1220,.T.);
#1313=FACE_BOUND('',#1221,.T.);
#1314=FACE_BOUND('',#1222,.T.);
#1315=FACE_BOUND('',#1223,.T.);
#1316=FACE_BOUND('',#1224,.T.);
#1317=FACE_BOUND('',#1225,.T.);
#1318=FACE_BOUND('',#1226,.T.);
#1319=FACE_BOUND('',#1227,.T.);
#1320=FACE_BOUND('',#1228,.T.);
#1321=FACE_BOUND('',#1229,.T.);
#1322=FACE_BOUND('',#1230,.T.);
#1323=FACE_BOUND('',#1231,.T.);
#1324=FACE_BOUND('',#1232,.T.);
#1325=FACE_BOUND('',#1233,.T.);
#1326=FACE_BOUND('',#1234,.T.);
#1327=FACE_BOUND('',#1235,.T.);
#1328=FACE_BOUND('',#1236,.T.);
#1329=FACE_BOUND('',#1237,.T.);
#1330=FACE_BOUND('',#1238,.T.);
#1331=FACE_BOUND('',#1239,.T.);
#1332=FACE_BOUND('',#1240,.T.);
#1333=FACE_BOUND('',#1241,.T.);
#1334=FACE_BOUND('',#1242,.T.);
#1335=FACE_BOUND('',#1243,.T.);
#1336=FACE_BOUND('',#1244,.T.);
#1337=FACE_BOUND('',#1245,.T.);
#1338=FACE_BOUND('',#1246,.T.);
#1339=FACE_BOUND('',#1247,.T.);
#1340=FACE_BOUND('',#1248,.T.);
#1341=PLANE('',#1488);
#1342=PLANE('',#1493);
#1343=PLANE('',#1494);
#1344=PLANE('',#1495);
#1345=PLANE('',#1496);
#1346=PLANE('',#1497);
#1347=PLANE('',#1498);
#1348=PLANE('',#1499);
#1349=PLANE('',#1500);
#1350=PLANE('',#1501);
#1351=PLANE('',#1502);
#1352=PLANE('',#1503);
#1353=PLANE('',#1504);
#1354=PLANE('',#1505);
#1355=PLANE('',#1506);
#1356=PLANE('',#1507);
#1357=PLANE('',#1514);
#1358=PLANE('',#1520);
#1359=PLANE('',#1525);
#1360=PLANE('',#1533);
#1361=PLANE('',#1542);
#1362=PLANE('',#1543);
#1363=PLANE('',#1544);
#1364=PLANE('',#1545);
#1365=PLANE('',#1546);
#1366=PLANE('',#1547);
#1367=PLANE('',#1548);
#1368=PLANE('',#1549);
#1369=PLANE('',#1550);
#1370=PLANE('',#1551);
#1371=PLANE('',#1554);
#1372=PLANE('',#1579);
#1373=PLANE('',#1580);
#1374=PLANE('',#1583);
#1375=PLANE('',#1584);
#1376=PLANE('',#1588);
#1377=PLANE('',#1591);
#1378=PLANE('',#1593);
#1379=PLANE('',#1596);
#1380=PLANE('',#1597);
#1381=PLANE('',#1600);
#1382=PLANE('',#1602);
#1383=PLANE('',#1603);
#1384=PLANE('',#1604);
#1385=PLANE('',#1605);
#1386=PLANE('',#1606);
#1387=PLANE('',#1612);
#1388=PLANE('',#1615);
#1389=PLANE('',#1619);
#1390=PLANE('',#1622);
#1391=ADVANCED_FACE('',(#1249),#1341,.F.);
#1392=ADVANCED_FACE('',(#1250),#1342,.F.);
#1393=ADVANCED_FACE('',(#1251),#1343,.F.);
#1394=ADVANCED_FACE('',(#1252),#1344,.F.);
#1395=ADVANCED_FACE('',(#1253),#1345,.T.);
#1396=ADVANCED_FACE('',(#1254),#1346,.T.);
#1397=ADVANCED_FACE('',(#1255),#1347,.F.);
#1398=ADVANCED_FACE('',(#1256),#1348,.F.);
#1399=ADVANCED_FACE('',(#1257),#1349,.F.);
#1400=ADVANCED_FACE('',(#1258),#1350,.F.);
#1401=ADVANCED_FACE('',(#1259),#1351,.F.);
#1402=ADVANCED_FACE('',(#1260),#1352,.T.);
#1403=ADVANCED_FACE('',(#1261),#1353,.T.);
#1404=ADVANCED_FACE('',(#1262),#1354,.T.);
#1405=ADVANCED_FACE('',(#1263),#1355,.T.);
#1406=ADVANCED_FACE('',(#1264,#1265),#1356,.T.);
#1407=ADVANCED_FACE('',(#1266,#1267),#1357,.T.);
#1408=ADVANCED_FACE('',(#1268),#1358,.F.);
#1409=ADVANCED_FACE('',(#1269,#1270),#1359,.F.);
#1410=ADVANCED_FACE('',(#1271),#1360,.T.);
#1411=ADVANCED_FACE('',(#1272),#33,.T.);
#1412=ADVANCED_FACE('',(#1273),#34,.T.);
#1413=ADVANCED_FACE('',(#1274),#1361,.T.);
#1414=ADVANCED_FACE('',(#1275),#1362,.F.);
#1415=ADVANCED_FACE('',(#1276),#1363,.T.);
#1416=ADVANCED_FACE('',(#1277),#1364,.F.);
#1417=ADVANCED_FACE('',(#1278),#1365,.F.);
#1418=ADVANCED_FACE('',(#1279),#1366,.T.);
#1419=ADVANCED_FACE('',(#1280),#1367,.F.);
#1420=ADVANCED_FACE('',(#1281),#1368,.T.);
#1421=ADVANCED_FACE('',(#1282),#1369,.F.);
#1422=ADVANCED_FACE('',(#1283),#1370,.T.);
#1423=ADVANCED_FACE('',(#1284,#1285),#35,.T.);
#1424=ADVANCED_FACE('',(#1286),#1371,.T.);
#1425=ADVANCED_FACE('',(#1287),#36,.F.);
#1426=ADVANCED_FACE('',(#1288),#37,.T.);
#1427=ADVANCED_FACE('',(#1289),#38,.T.);
#1428=ADVANCED_FACE('',(#1290),#39,.T.);
#1429=ADVANCED_FACE('',(#1291),#40,.T.);
#1430=ADVANCED_FACE('',(#1292),#41,.F.);
#1431=ADVANCED_FACE('',(#1293),#42,.F.);
#1432=ADVANCED_FACE('',(#1294),#43,.F.);
#1433=ADVANCED_FACE('',(#1295),#44,.F.);
#1434=ADVANCED_FACE('',(#1296),#45,.F.);
#1435=ADVANCED_FACE('',(#1297),#46,.F.);
#1436=ADVANCED_FACE('',(#1298),#16,.T.);
#1437=ADVANCED_FACE('',(#1299),#1372,.T.);
#1438=ADVANCED_FACE('',(#1300),#1373,.F.);
#1439=ADVANCED_FACE('',(#1301),#17,.F.);
#1440=ADVANCED_FACE('',(#1302),#18,.T.);
#1441=ADVANCED_FACE('',(#1303),#1374,.F.);
#1442=ADVANCED_FACE('',(#1304),#1375,.T.);
#1443=ADVANCED_FACE('',(#1305),#19,.F.);
#1444=ADVANCED_FACE('',(#1306),#20,.F.);
#1445=ADVANCED_FACE('',(#1307),#21,.T.);
#1446=ADVANCED_FACE('',(#1308),#1376,.F.);
#1447=ADVANCED_FACE('',(#1309),#22,.F.);
#1448=ADVANCED_FACE('',(#1310),#23,.F.);
#1449=ADVANCED_FACE('',(#1311),#1377,.T.);
#1450=ADVANCED_FACE('',(#1312),#24,.T.);
#1451=ADVANCED_FACE('',(#1313),#1378,.T.);
#1452=ADVANCED_FACE('',(#1314),#25,.F.);
#1453=ADVANCED_FACE('',(#1315),#26,.T.);
#1454=ADVANCED_FACE('',(#1316),#1379,.T.);
#1455=ADVANCED_FACE('',(#1317),#1380,.T.);
#1456=ADVANCED_FACE('',(#1318),#27,.F.);
#1457=ADVANCED_FACE('',(#1319),#28,.T.);
#1458=ADVANCED_FACE('',(#1320),#1381,.T.);
#1459=ADVANCED_FACE('',(#1321,#1322),#29,.T.);
#1460=ADVANCED_FACE('',(#1323),#1382,.T.);
#1461=ADVANCED_FACE('',(#1324),#1383,.F.);
#1462=ADVANCED_FACE('',(#1325),#1384,.F.);
#1463=ADVANCED_FACE('',(#1326),#1385,.F.);
#1464=ADVANCED_FACE('',(#1327,#1328),#1386,.T.);
#1465=ADVANCED_FACE('',(#1329),#47,.F.);
#1466=ADVANCED_FACE('',(#1330),#1387,.T.);
#1467=ADVANCED_FACE('',(#1331),#48,.F.);
#1468=ADVANCED_FACE('',(#1332),#1388,.F.);
#1469=ADVANCED_FACE('',(#1333,#1334),#49,.F.);
#1470=ADVANCED_FACE('',(#1335,#1336),#30,.F.);
#1471=ADVANCED_FACE('',(#1337),#1389,.F.);
#1472=ADVANCED_FACE('',(#1338),#31,.F.);
#1473=ADVANCED_FACE('',(#1339),#32,.F.);
#1474=ADVANCED_FACE('',(#1340),#1390,.T.);
#1475=CLOSED_SHELL('',(#1391,#1392,#1393,#1394,#1395,#1396,#1397,#1398,#1399,#1400,#1401,#1402,#1403,#1404,#1405,#1406,#1407,#1408,#1409,#1410,#1411,#1412,#1413,#1414,#1415,#1416,#1417,#1418,#1419,#1420,#1421,#1422,#1423,#1424,#1425,#1426,#1427,#1428,#1429,#1430,#1431,#1432,#1433,#1434,#1435,#1436,#1437,#1438,#1439,#1440,#1441,#1442,#1443,#1444,#1445,#1446,#1447,#1448,#1449,#1450,#1451,#1452,#1453,#1454,#1455,#1456,#1457,#1458,#1459,#1460,#1461,#1462,#1463,#1464,#1465,#1466,#1467,#1468,#1469,#1470,#1471,#1472,#1473,#1474));
#1476=STYLED_ITEM('',(#1477),#1484);
#1477=PRESENTATION_STYLE_ASSIGNMENT((#1478));
#1478=SURFACE_STYLE_USAGE(.BOTH.,#1479);
#1479=SURFACE_SIDE_STYLE('',(#1480));
#1480=SURFACE_STYLE_FILL_AREA(#1481);
#1481=FILL_AREA_STYLE('',(#1482));
#1482=FILL_AREA_STYLE_COLOUR('',#1483);
#1483=COLOUR_RGB('',0.615686274509804,0.811764705882353,0.929411764705882);
#1484=MANIFOLD_SOLID_BREP('Cam Mount',#1475);
#1485=SHAPE_DEFINITION_REPRESENTATION(#2488,#1486);
#1486=SHAPE_REPRESENTATION('Cam Mount',(#1487),#2483);
#1487=AXIS2_PLACEMENT_3D('',#2047,#1623,#1624);
#1488=AXIS2_PLACEMENT_3D('',#2048,#1625,#1626);
#1489=AXIS2_PLACEMENT_3D('',#2064,#1634,#1635);
#1490=AXIS2_PLACEMENT_3D('',#2066,#1636,#1637);
#1491=AXIS2_PLACEMENT_3D('',#2068,#1638,#1639);
#1492=AXIS2_PLACEMENT_3D('',#2072,#1641,#1642);
#1493=AXIS2_PLACEMENT_3D('',#2079,#1646,#1647);
#1494=AXIS2_PLACEMENT_3D('',#2088,#1652,#1653);
#1495=AXIS2_PLACEMENT_3D('',#2097,#1658,#1659);
#1496=AXIS2_PLACEMENT_3D('',#2103,#1663,#1664);
#1497=AXIS2_PLACEMENT_3D('',#2106,#1667,#1668);
#1498=AXIS2_PLACEMENT_3D('',#2123,#1677,#1678);
#1499=AXIS2_PLACEMENT_3D('',#2132,#1683,#1684);
#1500=AXIS2_PLACEMENT_3D('',#2138,#1688,#1689);
#1501=AXIS2_PLACEMENT_3D('',#2157,#1700,#1701);
#1502=AXIS2_PLACEMENT_3D('',#2166,#1706,#1707);
#1503=AXIS2_PLACEMENT_3D('',#2172,#1711,#1712);
#1504=AXIS2_PLACEMENT_3D('',#2175,#1715,#1716);
#1505=AXIS2_PLACEMENT_3D('',#2184,#1721,#1722);
#1506=AXIS2_PLACEMENT_3D('',#2190,#1726,#1727);
#1507=AXIS2_PLACEMENT_3D('',#2193,#1730,#1731);
#1508=AXIS2_PLACEMENT_3D('',#2194,#1732,#1733);
#1509=AXIS2_PLACEMENT_3D('',#2199,#1735,#1736);
#1510=AXIS2_PLACEMENT_3D('',#2201,#1737,#1738);
#1511=AXIS2_PLACEMENT_3D('',#2203,#1739,#1740);
#1512=AXIS2_PLACEMENT_3D('',#2207,#1742,#1743);
#1513=AXIS2_PLACEMENT_3D('',#2211,#1745,#1746);
#1514=AXIS2_PLACEMENT_3D('',#2212,#1747,#1748);
#1515=AXIS2_PLACEMENT_3D('',#2213,#1749,#1750);
#1516=AXIS2_PLACEMENT_3D('',#2218,#1752,#1753);
#1517=AXIS2_PLACEMENT_3D('',#2220,#1754,#1755);
#1518=AXIS2_PLACEMENT_3D('',#2222,#1756,#1757);
#1519=AXIS2_PLACEMENT_3D('',#2228,#1760,#1761);
#1520=AXIS2_PLACEMENT_3D('',#2229,#1762,#1763);
#1521=AXIS2_PLACEMENT_3D('',#2235,#1767,#1768);
#1522=AXIS2_PLACEMENT_3D('',#2238,#1771,#1772);
#1523=AXIS2_PLACEMENT_3D('',#2242,#1774,#1775);
#1524=AXIS2_PLACEMENT_3D('',#2247,#1780,#1781);
#1525=AXIS2_PLACEMENT_3D('',#2248,#1782,#1783);
#1526=AXIS2_PLACEMENT_3D('',#2249,#1784,#1785);
#1527=AXIS2_PLACEMENT_3D('',#2254,#1787,#1788);
#1528=AXIS2_PLACEMENT_3D('',#2257,#1790,#1791);
#1529=AXIS2_PLACEMENT_3D('',#2267,#1796,#1797);
#1530=AXIS2_PLACEMENT_3D('',#2271,#1799,#1800);
#1531=AXIS2_PLACEMENT_3D('',#2273,#1801,#1802);
#1532=AXIS2_PLACEMENT_3D('',#2275,#1803,#1804);
#1533=AXIS2_PLACEMENT_3D('',#2278,#1806,#1807);
#1534=AXIS2_PLACEMENT_3D('',#2283,#1810,#1811);
#1535=AXIS2_PLACEMENT_3D('',#2287,#1813,#1814);
#1536=AXIS2_PLACEMENT_3D('',#2296,#1819,#1820);
#1537=AXIS2_PLACEMENT_3D('',#2300,#1822,#1823);
#1538=AXIS2_PLACEMENT_3D('',#2305,#1826,#1827);
#1539=AXIS2_PLACEMENT_3D('',#2308,#1829,#1830);
#1540=AXIS2_PLACEMENT_3D('',#2311,#1832,#1833);
#1541=AXIS2_PLACEMENT_3D('',#2314,#1835,#1836);
#1542=AXIS2_PLACEMENT_3D('',#2317,#1838,#1839);
#1543=AXIS2_PLACEMENT_3D('',#2321,#1842,#1843);
#1544=AXIS2_PLACEMENT_3D('',#2327,#1847,#1848);
#1545=AXIS2_PLACEMENT_3D('',#2333,#1852,#1853);
#1546=AXIS2_PLACEMENT_3D('',#2339,#1857,#1858);
#1547=AXIS2_PLACEMENT_3D('',#2340,#1859,#1860);
#1548=AXIS2_PLACEMENT_3D('',#2341,#1861,#1862);
#1549=AXIS2_PLACEMENT_3D('',#2342,#1863,#1864);
#1550=AXIS2_PLACEMENT_3D('',#2343,#1865,#1866);
#1551=AXIS2_PLACEMENT_3D('',#2344,#1867,#1868);
#1552=AXIS2_PLACEMENT_3D('',#2345,#1869,#1870);
#1553=AXIS2_PLACEMENT_3D('',#2346,#1871,#1872);
#1554=AXIS2_PLACEMENT_3D('',#2348,#1873,#1874);
#1555=AXIS2_PLACEMENT_3D('',#2349,#1875,#1876);
#1556=AXIS2_PLACEMENT_3D('',#2351,#1877,#1878);
#1557=AXIS2_PLACEMENT_3D('',#2352,#1879,#1880);
#1558=AXIS2_PLACEMENT_3D('',#2353,#1881,#1882);
#1559=AXIS2_PLACEMENT_3D('',#2354,#1883,#1884);
#1560=AXIS2_PLACEMENT_3D('',#2355,#1885,#1886);
#1561=AXIS2_PLACEMENT_3D('',#2356,#1887,#1888);
#1562=AXIS2_PLACEMENT_3D('',#2357,#1889,#1890);
#1563=AXIS2_PLACEMENT_3D('',#2358,#1891,#1892);
#1564=AXIS2_PLACEMENT_3D('',#2359,#1893,#1894);
#1565=AXIS2_PLACEMENT_3D('',#2360,#1895,#1896);
#1566=AXIS2_PLACEMENT_3D('',#2361,#1897,#1898);
#1567=AXIS2_PLACEMENT_3D('',#2362,#1899,#1900);
#1568=AXIS2_PLACEMENT_3D('',#2363,#1901,#1902);
#1569=AXIS2_PLACEMENT_3D('',#2364,#1903,#1904);
#1570=AXIS2_PLACEMENT_3D('',#2365,#1905,#1906);
#1571=AXIS2_PLACEMENT_3D('',#2366,#1907,#1908);
#1572=AXIS2_PLACEMENT_3D('',#2367,#1909,#1910);
#1573=AXIS2_PLACEMENT_3D('',#2368,#1911,#1912);
#1574=AXIS2_PLACEMENT_3D('',#2369,#1913,#1914);
#1575=AXIS2_PLACEMENT_3D('',#2370,#1915,#1916);
#1576=AXIS2_PLACEMENT_3D('',#2371,#1917,#1918);
#1577=AXIS2_PLACEMENT_3D('',#2372,#1919,#1920);
#1578=AXIS2_PLACEMENT_3D('',#2373,#1921,#1922);
#1579=AXIS2_PLACEMENT_3D('',#2376,#1925,#1926);
#1580=AXIS2_PLACEMENT_3D('',#2378,#1928,#1929);
#1581=AXIS2_PLACEMENT_3D('',#2380,#1931,#1932);
#1582=AXIS2_PLACEMENT_3D('',#2382,#1934,#1935);
#1583=AXIS2_PLACEMENT_3D('',#2384,#1937,#1938);
#1584=AXIS2_PLACEMENT_3D('',#2386,#1940,#1941);
#1585=AXIS2_PLACEMENT_3D('',#2388,#1943,#1944);
#1586=AXIS2_PLACEMENT_3D('',#2390,#1946,#1947);
#1587=AXIS2_PLACEMENT_3D('',#2392,#1949,#1950);
#1588=AXIS2_PLACEMENT_3D('',#2394,#1952,#1953);
#1589=AXIS2_PLACEMENT_3D('',#2396,#1955,#1956);
#1590=AXIS2_PLACEMENT_3D('',#2398,#1958,#1959);
#1591=AXIS2_PLACEMENT_3D('',#2400,#1961,#1962);
#1592=AXIS2_PLACEMENT_3D('',#2402,#1964,#1965);
#1593=AXIS2_PLACEMENT_3D('',#2404,#1967,#1968);
#1594=AXIS2_PLACEMENT_3D('',#2406,#1970,#1971);
#1595=AXIS2_PLACEMENT_3D('',#2408,#1973,#1974);
#1596=AXIS2_PLACEMENT_3D('',#2410,#1976,#1977);
#1597=AXIS2_PLACEMENT_3D('',#2412,#1979,#1980);
#1598=AXIS2_PLACEMENT_3D('',#2414,#1982,#1983);
#1599=AXIS2_PLACEMENT_3D('',#2416,#1985,#1986);
#1600=AXIS2_PLACEMENT_3D('',#2418,#1988,#1989);
#1601=AXIS2_PLACEMENT_3D('',#2419,#1990,#1991);
#1602=AXIS2_PLACEMENT_3D('',#2420,#1992,#1993);
#1603=AXIS2_PLACEMENT_3D('',#2424,#1996,#1997);
#1604=AXIS2_PLACEMENT_3D('',#2428,#2000,#2001);
#1605=AXIS2_PLACEMENT_3D('',#2430,#2003,#2004);
#1606=AXIS2_PLACEMENT_3D('',#2431,#2005,#2006);
#1607=AXIS2_PLACEMENT_3D('',#2432,#2007,#2008);
#1608=AXIS2_PLACEMENT_3D('',#2434,#2009,#2010);
#1609=AXIS2_PLACEMENT_3D('',#2439,#2012,#2013);
#1610=AXIS2_PLACEMENT_3D('',#2442,#2015,#2016);
#1611=AXIS2_PLACEMENT_3D('',#2445,#2018,#2019);
#1612=AXIS2_PLACEMENT_3D('',#2448,#2021,#2022);
#1613=AXIS2_PLACEMENT_3D('',#2452,#2025,#2026);
#1614=AXIS2_PLACEMENT_3D('',#2453,#2027,#2028);
#1615=AXIS2_PLACEMENT_3D('',#2456,#2030,#2031);
#1616=AXIS2_PLACEMENT_3D('',#2458,#2033,#2034);
#1617=AXIS2_PLACEMENT_3D('',#2459,#2035,#2036);
#1618=AXIS2_PLACEMENT_3D('',#2461,#2037,#2038);
#1619=AXIS2_PLACEMENT_3D('',#2462,#2039,#2040);
#1620=AXIS2_PLACEMENT_3D('',#2471,#2041,#2042);
#1621=AXIS2_PLACEMENT_3D('',#2476,#2043,#2044);
#1622=AXIS2_PLACEMENT_3D('',#2481,#2045,#2046);
#1623=DIRECTION('',(0.,0.,1.));
#1624=DIRECTION('',(1.,0.,0.));
#1625=DIRECTION('',(-1.,0.,0.));
#1626=DIRECTION('',(0.,0.,1.));
#1627=DIRECTION('',(0.,-1.,0.));
#1628=DIRECTION('',(0.,0.,-1.));
#1629=DIRECTION('',(0.,-1.,0.));
#1630=DIRECTION('',(0.,0.,-1.));
#1631=DIRECTION('',(0.,1.,0.));
#1632=DIRECTION('',(0.,0.,1.));
#1633=DIRECTION('',(0.,1.,-1.88200458020305E-16));
#1634=DIRECTION('',(-1.,0.,0.));
#1635=DIRECTION('',(0.,0.,1.));
#1636=DIRECTION('',(-1.,0.,0.));
#1637=DIRECTION('',(0.,0.,1.));
#1638=DIRECTION('',(-1.,0.,0.));
#1639=DIRECTION('',(0.,0.,1.));
#1640=DIRECTION('',(0.,-1.,1.88200458020305E-16));
#1641=DIRECTION('',(-1.,0.,0.));
#1642=DIRECTION('',(0.,0.,1.));
#1643=DIRECTION('',(0.,0.,1.));
#1644=DIRECTION('',(0.,1.,0.));
#1645=DIRECTION('',(0.,0.,-1.));
#1646=DIRECTION('',(-7.08050398357881E-17,1.,0.));
#1647=DIRECTION('',(-1.,-7.08050398357881E-17,0.));
#1648=DIRECTION('',(0.,0.,1.));
#1649=DIRECTION('',(-1.,-7.08050398357881E-17,0.));
#1650=DIRECTION('',(0.,0.,1.));
#1651=DIRECTION('',(-1.,-7.08050398357881E-17,0.));
#1652=DIRECTION('',(-1.67491588391747E-32,2.36553201269565E-16,-1.));
#1653=DIRECTION('',(0.,1.,2.36553201269565E-16));
#1654=DIRECTION('',(-1.44560289664734E-16,1.,2.36553201269565E-16));
#1655=DIRECTION('',(-1.,-7.08050398357881E-17,0.));
#1656=DIRECTION('',(-2.89120579329468E-16,1.,2.36553201269565E-16));
#1657=DIRECTION('',(-1.,-7.08050398357881E-17,0.));
#1658=DIRECTION('',(0.,0.,-1.));
#1659=DIRECTION('',(-1.,0.,0.));
#1660=DIRECTION('',(-1.44560289664734E-16,1.,0.));
#1661=DIRECTION('',(-2.89120579329468E-16,1.,0.));
#1662=DIRECTION('',(-1.,-7.08050398357881E-17,0.));
#1663=DIRECTION('',(-7.08050398357881E-17,1.,0.));
#1664=DIRECTION('',(-1.,-7.08050398357881E-17,0.));
#1665=DIRECTION('',(0.,0.,1.));
#1666=DIRECTION('',(0.,0.,1.));
#1667=DIRECTION('',(0.,0.,1.));
#1668=DIRECTION('',(1.,0.,0.));
#1669=DIRECTION('',(0.,1.,0.));
#1670=DIRECTION('',(-1.,0.,0.));
#1671=DIRECTION('',(-7.08050398357881E-17,1.,0.));
#1672=DIRECTION('',(1.,0.,0.));
#1673=DIRECTION('',(0.,-1.,0.));
#1674=DIRECTION('',(-1.,-7.08050398357881E-17,0.));
#1675=DIRECTION('',(2.89120579329468E-16,-1.,0.));
#1676=DIRECTION('',(1.,0.,0.));
#1677=DIRECTION('',(-7.08050398357881E-17,1.,0.));
#1678=DIRECTION('',(-1.,-7.08050398357881E-17,0.));
#1679=DIRECTION('',(-1.,-7.08050398357881E-17,0.));
#1680=DIRECTION('',(0.,0.,1.));
#1681=DIRECTION('',(-1.,-7.08050398357881E-17,0.));
#1682=DIRECTION('',(0.,0.,1.));
#1683=DIRECTION('',(-7.08050398357881E-17,1.,0.));
#1684=DIRECTION('',(-1.,-7.08050398357881E-17,0.));
#1685=DIRECTION('',(0.,0.,1.));
#1686=DIRECTION('',(-1.,-7.08050398357881E-17,0.));
#1687=DIRECTION('',(0.,0.,1.));
#1688=DIRECTION('',(0.,0.,1.));
#1689=DIRECTION('',(1.,0.,0.));
#1690=DIRECTION('',(-7.08050398357881E-17,1.,0.));
#1691=DIRECTION('',(1.,0.,0.));
#1692=DIRECTION('',(0.,1.,0.));
#1693=DIRECTION('',(1.,0.,0.));
#1694=DIRECTION('',(2.89120579329468E-16,-1.,0.));
#1695=DIRECTION('',(1.44560289664734E-16,-1.,0.));
#1696=DIRECTION('',(1.,0.,0.));
#1697=DIRECTION('',(1.44560289664734E-16,-1.,0.));
#1698=DIRECTION('',(0.,-1.,0.));
#1699=DIRECTION('',(1.,0.,0.));
#1700=DIRECTION('',(-1.67491588391747E-32,2.36553201269565E-16,-1.));
#1701=DIRECTION('',(0.,1.,2.36553201269565E-16));
#1702=DIRECTION('',(-1.,-7.08050398357881E-17,0.));
#1703=DIRECTION('',(-1.44560289664734E-16,1.,2.36553201269565E-16));
#1704=DIRECTION('',(-1.,-7.08050398357881E-17,0.));
#1705=DIRECTION('',(0.,1.,2.36553201269565E-16));
#1706=DIRECTION('',(0.,0.,-1.));
#1707=DIRECTION('',(-1.,0.,0.));
#1708=DIRECTION('',(-1.44560289664734E-16,1.,0.));
#1709=DIRECTION('',(-1.,-7.08050398357881E-17,0.));
#1710=DIRECTION('',(0.,1.,0.));
#1711=DIRECTION('',(-7.08050398357881E-17,1.,0.));
#1712=DIRECTION('',(-1.,-7.08050398357881E-17,0.));
#1713=DIRECTION('',(0.,0.,1.));
#1714=DIRECTION('',(0.,0.,1.));
#1715=DIRECTION('',(5.58305294639157E-33,-7.88510670898549E-17,-1.));
#1716=DIRECTION('',(0.,1.,-7.88510670898549E-17));
#1717=DIRECTION('',(-1.,-7.08050398357881E-17,0.));
#1718=DIRECTION('',(0.,1.,-7.88510670898549E-17));
#1719=DIRECTION('',(-1.,-7.08050398357881E-17,0.));
#1720=DIRECTION('',(-2.89120579329468E-16,1.,-7.88510670898549E-17));
#1721=DIRECTION('',(-7.08050398357881E-17,1.,0.));
#1722=DIRECTION('',(-1.,-7.08050398357881E-17,0.));
#1723=DIRECTION('',(-1.,-7.08050398357881E-17,0.));
#1724=DIRECTION('',(0.,0.,1.));
#1725=DIRECTION('',(0.,0.,1.));
#1726=DIRECTION('',(0.,0.,-1.));
#1727=DIRECTION('',(-1.,0.,0.));
#1728=DIRECTION('',(0.,1.,0.));
#1729=DIRECTION('',(-2.89120579329468E-16,1.,0.));
#1730=DIRECTION('',(1.,7.38180202543322E-17,0.));
#1731=DIRECTION('',(-7.38180202543322E-17,1.,0.));
#1732=DIRECTION('',(1.,7.38180202543322E-17,0.));
#1733=DIRECTION('',(-7.38180202543322E-17,1.,0.));
#1734=DIRECTION('',(-7.38180202543322E-17,1.,-1.88200458020305E-16));
#1735=DIRECTION('',(1.,7.38180202543322E-17,0.));
#1736=DIRECTION('',(-7.38180202543322E-17,1.,0.));
#1737=DIRECTION('',(1.,7.38180202543322E-17,0.));
#1738=DIRECTION('',(-7.38180202543322E-17,1.,0.));
#1739=DIRECTION('',(1.,7.38180202543322E-17,0.));
#1740=DIRECTION('',(-7.38180202543322E-17,1.,0.));
#1741=DIRECTION('',(-7.38180202543322E-17,1.,-1.88200458020305E-16));
#1742=DIRECTION('',(1.,7.38180202543322E-17,0.));
#1743=DIRECTION('',(-7.38180202543322E-17,1.,0.));
#1744=DIRECTION('',(0.,0.,-1.));
#1745=DIRECTION('',(1.,7.38180202543322E-17,0.));
#1746=DIRECTION('',(-7.38180202543322E-17,1.,0.));
#1747=DIRECTION('',(-1.,0.,0.));
#1748=DIRECTION('',(0.,0.,1.));
#1749=DIRECTION('',(-1.,-7.08050398357881E-17,0.));
#1750=DIRECTION('',(7.08050398357881E-17,-1.,0.));
#1751=DIRECTION('',(0.,-1.,1.88200458020305E-16));
#1752=DIRECTION('',(-1.,0.,0.));
#1753=DIRECTION('',(0.,0.,1.));
#1754=DIRECTION('',(-1.,0.,0.));
#1755=DIRECTION('',(0.,0.,1.));
#1756=DIRECTION('',(-1.,0.,0.));
#1757=DIRECTION('',(0.,0.,1.));
#1758=DIRECTION('',(0.,-1.,1.88200458020305E-16));
#1759=DIRECTION('',(0.,0.,-1.));
#1760=DIRECTION('',(-1.,0.,0.));
#1761=DIRECTION('',(0.,0.,1.));
#1762=DIRECTION('',(0.,1.,0.));
#1763=DIRECTION('',(0.,0.,1.));
#1764=DIRECTION('',(-1.,-7.08050398357881E-17,0.));
#1765=DIRECTION('',(0.,0.,-1.));
#1766=DIRECTION('',(-1.,-7.08050398357881E-17,0.));
#1767=DIRECTION('',(0.,1.,0.));
#1768=DIRECTION('',(0.,0.,1.));
#1769=DIRECTION('',(0.,0.,1.));
#1770=DIRECTION('',(0.,0.,1.));
#1771=DIRECTION('',(0.,1.,0.));
#1772=DIRECTION('',(0.,0.,1.));
#1773=DIRECTION('',(0.,0.,-1.));
#1774=DIRECTION('',(0.,1.,0.));
#1775=DIRECTION('',(0.,0.,1.));
#1776=DIRECTION('',(0.,0.,1.));
#1777=DIRECTION('',(0.,0.,1.));
#1778=DIRECTION('',(0.,0.,1.));
#1779=DIRECTION('',(0.,0.,1.));
#1780=DIRECTION('',(0.,1.,0.));
#1781=DIRECTION('',(0.,0.,1.));
#1782=DIRECTION('',(1.,7.08050398357881E-17,0.));
#1783=DIRECTION('',(-7.08050398357881E-17,1.,0.));
#1784=DIRECTION('',(1.,7.08050398357881E-17,0.));
#1785=DIRECTION('',(-7.08050398357881E-17,1.,0.));
#1786=DIRECTION('',(-6.99358905920654E-17,0.987724754540943,-0.156204382995596));
#1787=DIRECTION('',(1.,7.08050398357881E-17,0.));
#1788=DIRECTION('',(-7.08050398357881E-17,1.,0.));
#1789=DIRECTION('',(6.99358905920654E-17,-0.987724754540943,-0.156204382995596));
#1790=DIRECTION('',(1.,7.08050398357881E-17,0.));
#1791=DIRECTION('',(-7.08050398357881E-17,1.,0.));
#1792=DIRECTION('',(0.,0.,-1.));
#1793=DIRECTION('',(-7.08050398357881E-17,1.,0.));
#1794=DIRECTION('',(-7.08050398357881E-17,1.,0.));
#1795=DIRECTION('',(0.,0.,-1.));
#1796=DIRECTION('',(1.,7.08050398357881E-17,0.));
#1797=DIRECTION('',(-7.08050398357881E-17,1.,0.));
#1798=DIRECTION('',(-7.08050398357881E-17,1.,-1.88200458020305E-16));
#1799=DIRECTION('',(1.,7.08050398357881E-17,0.));
#1800=DIRECTION('',(-7.08050398357881E-17,1.,0.));
#1801=DIRECTION('',(1.,7.08050398357881E-17,0.));
#1802=DIRECTION('',(-7.08050398357881E-17,1.,0.));
#1803=DIRECTION('',(1.,7.08050398357881E-17,0.));
#1804=DIRECTION('',(-7.08050398357881E-17,1.,0.));
#1805=DIRECTION('',(7.08050398357881E-17,-1.,1.88200458020305E-16));
#1806=DIRECTION('',(0.,1.,0.));
#1807=DIRECTION('',(0.,0.,1.));
#1808=DIRECTION('',(-1.,0.,-1.33255409272413E-32));
#1809=DIRECTION('',(0.,0.,1.));
#1810=DIRECTION('',(0.,1.,0.));
#1811=DIRECTION('',(0.,0.,1.));
#1812=DIRECTION('',(1.,0.,0.));
#1813=DIRECTION('',(0.,1.,0.));
#1814=DIRECTION('',(0.,0.,1.));
#1815=DIRECTION('',(0.,0.,-1.));
#1816=DIRECTION('',(-1.,0.,-1.33255409272413E-32));
#1817=DIRECTION('',(-1.,-7.08050398357881E-17,0.));
#1818=DIRECTION('',(0.,0.,-1.));
#1819=DIRECTION('',(0.,1.,0.));
#1820=DIRECTION('',(0.,0.,1.));
#1821=DIRECTION('',(-1.,0.,0.));
#1822=DIRECTION('',(0.,1.,0.));
#1823=DIRECTION('',(0.,0.,1.));
#1824=DIRECTION('',(0.,0.,1.));
#1825=DIRECTION('',(-1.,0.,-1.33255409272413E-32));
#1826=DIRECTION('',(1.,1.04083408558608E-15,0.));
#1827=DIRECTION('',(-1.04083408558608E-15,1.,0.));
#1828=DIRECTION('',(1.,1.04083408558608E-15,0.));
#1829=DIRECTION('',(-1.,-1.04083408558608E-15,0.));
#1830=DIRECTION('',(1.04083408558608E-15,-1.,0.));
#1831=DIRECTION('',(1.,1.04083408558608E-15,0.));
#1832=DIRECTION('',(1.,0.,0.));
#1833=DIRECTION('',(0.,0.,-1.));
#1834=DIRECTION('',(1.,0.,0.));
#1835=DIRECTION('',(1.,0.,0.));
#1836=DIRECTION('',(0.,0.,-1.));
#1837=DIRECTION('',(1.,0.,0.));
#1838=DIRECTION('',(1.33255409272413E-32,-1.88200458020305E-16,-1.));
#1839=DIRECTION('',(0.,1.,-1.88200458020305E-16));
#1840=DIRECTION('',(-1.,-1.04083408558608E-15,1.82559910703206E-31));
#1841=DIRECTION('',(0.,-1.,1.88200458020305E-16));
#1842=DIRECTION('',(1.33255409272413E-32,-1.88200458020305E-16,-1.));
#1843=DIRECTION('',(0.,1.,-1.88200458020305E-16));
#1844=DIRECTION('',(-1.,0.,-1.33255409272413E-32));
#1845=DIRECTION('',(0.,1.,-1.88200458020305E-16));
#1846=DIRECTION('',(1.,1.04083408558608E-15,-1.82559910703205E-31));
#1847=DIRECTION('',(1.33255409272413E-32,-1.88200458020305E-16,-1.));
#1848=DIRECTION('',(0.,1.,-1.88200458020305E-16));
#1849=DIRECTION('',(-1.,0.,-1.33255409272413E-32));
#1850=DIRECTION('',(-7.08050398357881E-17,1.,-1.88200458020305E-16));
#1851=DIRECTION('',(-1.,-2.50787290587514E-48,-1.33255409272413E-32));
#1852=DIRECTION('',(1.33255409272413E-32,-1.88200458020305E-16,-1.));
#1853=DIRECTION('',(0.,1.,-1.88200458020305E-16));
#1854=DIRECTION('',(1.,2.50787290587514E-48,1.33255409272413E-32));
#1855=DIRECTION('',(7.08050398357881E-17,-1.,1.88200458020305E-16));
#1856=DIRECTION('',(-1.,0.,-1.33255409272413E-32));
#1857=DIRECTION('',(-1.,-2.89120579329468E-16,0.));
#1858=DIRECTION('',(2.89120579329468E-16,-1.,0.));
#1859=DIRECTION('',(-1.,0.,0.));
#1860=DIRECTION('',(0.,0.,1.));
#1861=DIRECTION('',(-1.,-2.89120579329468E-16,0.));
#1862=DIRECTION('',(2.89120579329468E-16,-1.,0.));
#1863=DIRECTION('',(-1.,0.,0.));
#1864=DIRECTION('',(0.,0.,1.));
#1865=DIRECTION('',(-1.,-1.44560289664734E-16,0.));
#1866=DIRECTION('',(1.44560289664734E-16,-1.,0.));
#1867=DIRECTION('',(-1.,-1.44560289664734E-16,0.));
#1868=DIRECTION('',(1.44560289664734E-16,-1.,0.));
#1869=DIRECTION('',(1.,7.08050398357881E-17,0.));
#1870=DIRECTION('',(-7.08050398357881E-17,1.,0.));
#1871=DIRECTION('',(-1.,-7.08050398357882E-17,0.));
#1872=DIRECTION('',(7.08050398357882E-17,-1.,0.));
#1873=DIRECTION('',(-1.,-7.08050398357881E-17,0.));
#1874=DIRECTION('',(7.08050398357881E-17,-1.,0.));
#1875=DIRECTION('',(-1.,-7.08050398357881E-17,0.));
#1876=DIRECTION('',(7.08050398357881E-17,-1.,0.));
#1877=DIRECTION('',(1.,1.04083408558608E-15,0.));
#1878=DIRECTION('',(-1.04083408558608E-15,1.,0.));
#1879=DIRECTION('',(-1.,-2.31296463463574E-15,0.));
#1880=DIRECTION('',(2.31296463463574E-15,-1.,0.));
#1881=DIRECTION('',(7.08050398357881E-17,-1.,0.));
#1882=DIRECTION('',(1.,7.08050398357881E-17,0.));
#1883=DIRECTION('',(0.,1.,0.));
#1884=DIRECTION('',(0.,0.,1.));
#1885=DIRECTION('',(-7.08050398357881E-17,1.,0.));
#1886=DIRECTION('',(-1.,-7.08050398357881E-17,0.));
#1887=DIRECTION('',(0.,1.,0.));
#1888=DIRECTION('',(0.,0.,1.));
#1889=DIRECTION('',(0.,1.,0.));
#1890=DIRECTION('',(0.,0.,1.));
#1891=DIRECTION('',(0.,1.,0.));
#1892=DIRECTION('',(0.,0.,1.));
#1893=DIRECTION('',(0.,-1.,0.));
#1894=DIRECTION('',(0.,0.,-1.));
#1895=DIRECTION('',(0.,1.,0.));
#1896=DIRECTION('',(0.,0.,1.));
#1897=DIRECTION('',(-1.,0.,-1.33255409272413E-32));
#1898=DIRECTION('',(-1.33255409272413E-32,0.,1.));
#1899=DIRECTION('',(-1.,0.,0.));
#1900=DIRECTION('',(0.,0.,1.));
#1901=DIRECTION('',(1.,1.04083408558608E-15,0.));
#1902=DIRECTION('',(-1.04083408558608E-15,1.,0.));
#1903=DIRECTION('',(-1.,-2.31296463463574E-15,0.));
#1904=DIRECTION('',(2.31296463463574E-15,-1.,0.));
#1905=DIRECTION('',(1.,0.,0.));
#1906=DIRECTION('',(0.,0.,-1.));
#1907=DIRECTION('',(1.,0.,0.));
#1908=DIRECTION('',(0.,0.,-1.));
#1909=DIRECTION('',(1.,0.,0.));
#1910=DIRECTION('',(0.,0.,-1.));
#1911=DIRECTION('',(1.,0.,0.));
#1912=DIRECTION('',(0.,0.,-1.));
#1913=DIRECTION('',(1.,0.,1.33255409272413E-32));
#1914=DIRECTION('',(1.33255409272413E-32,0.,-1.));
#1915=DIRECTION('',(1.,0.,0.));
#1916=DIRECTION('',(0.,0.,-1.));
#1917=DIRECTION('',(-1.,0.,-1.33255409272413E-32));
#1918=DIRECTION('',(-1.33255409272413E-32,0.,1.));
#1919=DIRECTION('',(1.,0.,0.));
#1920=DIRECTION('',(0.,0.,-1.));
#1921=DIRECTION('',(0.,-1.,0.));
#1922=DIRECTION('',(0.,0.,-1.));
#1923=DIRECTION('',(0.,0.707106781186548,-0.707106781186547));
#1924=DIRECTION('',(0.707106781186548,-0.707106781186548,0.));
#1925=DIRECTION('',(0.707106781186548,0.707106781186548,0.));
#1926=DIRECTION('',(0.,0.,-1.));
#1927=DIRECTION('',(0.707106781186548,-0.707106781186548,0.));
#1928=DIRECTION('',(0.,-0.707106781186547,-0.707106781186548));
#1929=DIRECTION('',(-1.,0.,0.));
#1930=DIRECTION('',(0.,0.707106781186548,-0.707106781186547));
#1931=DIRECTION('',(1.,0.,0.));
#1932=DIRECTION('',(0.,0.,-1.));
#1933=DIRECTION('',(0.707106781186547,0.,-0.707106781186548));
#1934=DIRECTION('',(0.,-1.,0.));
#1935=DIRECTION('',(0.,0.,-1.));
#1936=DIRECTION('',(0.707106781186546,0.707106781186549,0.));
#1937=DIRECTION('',(-0.707106781186547,-1.33077820088572E-16,-0.707106781186548));
#1938=DIRECTION('',(0.,-1.,1.88200458020305E-16));
#1939=DIRECTION('',(0.707106781186548,0.,-0.707106781186547));
#1940=DIRECTION('',(-0.707106781186548,0.707106781186548,0.));
#1941=DIRECTION('',(0.,0.,-1.));
#1942=DIRECTION('',(0.707106781186548,0.707106781186548,0.));
#1943=DIRECTION('',(1.,2.31296463463574E-15,0.));
#1944=DIRECTION('',(-2.31296463463574E-15,1.,0.));
#1945=DIRECTION('',(0.707106781186553,0.580288457473993,-0.404061017820881));
#1946=DIRECTION('',(-1.,0.,0.));
#1947=DIRECTION('',(0.,0.,1.));
#1948=DIRECTION('',(0.707106781186548,0.,0.707106781186548));
#1949=DIRECTION('',(-1.,-1.04083408558608E-15,0.));
#1950=DIRECTION('',(1.04083408558608E-15,-1.,0.));
#1951=DIRECTION('',(0.707106781186548,0.580288457473996,0.404061017820884));
#1952=DIRECTION('',(0.707106781186548,-8.30110962785028E-17,-0.707106781186547));
#1953=DIRECTION('',(7.08050398357881E-17,-1.,1.88200458020305E-16));
#1954=DIRECTION('',(0.707106781186548,0.,0.707106781186548));
#1955=DIRECTION('',(1.,2.31296463463574E-15,0.));
#1956=DIRECTION('',(-2.31296463463574E-15,1.,0.));
#1957=DIRECTION('',(0.707106781186542,0.,0.707106781186553));
#1958=DIRECTION('',(-1.,0.,0.));
#1959=DIRECTION('',(0.,0.,1.));
#1960=DIRECTION('',(0.707106781186548,-0.580288457473997,0.404061017820884));
#1961=DIRECTION('',(0.707106781186546,-1.33077820088573E-16,-0.707106781186549));
#1962=DIRECTION('',(0.,1.,-1.88200458020305E-16));
#1963=DIRECTION('',(0.577350269189627,-0.577350269189627,0.577350269189624));
#1964=DIRECTION('',(1.,0.,0.));
#1965=DIRECTION('',(0.,0.,-1.));
#1966=DIRECTION('',(0.707106781186548,-0.580288457473997,-0.404061017820885));
#1967=DIRECTION('',(0.707106781186548,0.707106781186548,0.));
#1968=DIRECTION('',(0.,0.,1.));
#1969=DIRECTION('',(0.707106781186548,-0.707106781186548,0.));
#1970=DIRECTION('',(-1.,0.,0.));
#1971=DIRECTION('',(0.,0.,1.));
#1972=DIRECTION('',(0.707106781186548,0.,-0.707106781186548));
#1973=DIRECTION('',(0.,-1.,0.));
#1974=DIRECTION('',(0.,0.,-1.));
#1975=DIRECTION('',(0.,-0.707106781186548,-0.707106781186547));
#1976=DIRECTION('',(-0.707106781186547,-1.83144543898642E-16,-0.707106781186549));
#1977=DIRECTION('',(-7.08050398357881E-17,1.,-1.88200458020305E-16));
#1978=DIRECTION('',(0.707106781186549,0.,-0.707106781186546));
#1979=DIRECTION('',(0.,0.707106781186547,-0.707106781186548));
#1980=DIRECTION('',(1.,0.,0.));
#1981=DIRECTION('',(0.,-0.707106781186548,-0.707106781186547));
#1982=DIRECTION('',(-1.,0.,0.));
#1983=DIRECTION('',(0.,0.,1.));
#1984=DIRECTION('',(0.707106781186548,0.707106781186548,0.));
#1985=DIRECTION('',(0.,-1.,0.));
#1986=DIRECTION('',(0.,0.,-1.));
#1987=DIRECTION('',(-0.707106781186548,-0.707106781186548,0.));
#1988=DIRECTION('',(-0.707106781186548,0.707106781186548,0.));
#1989=DIRECTION('',(0.,0.,1.));
#1990=DIRECTION('',(1.,7.08050398357882E-17,0.));
#1991=DIRECTION('',(-7.08050398357882E-17,1.,0.));
#1992=DIRECTION('',(0.,0.,-1.));
#1993=DIRECTION('',(-1.,0.,0.));
#1994=DIRECTION('',(7.08050398357881E-17,-1.,0.));
#1995=DIRECTION('',(-1.,-7.08050398357881E-17,0.));
#1996=DIRECTION('',(-7.08050398357881E-17,1.,0.));
#1997=DIRECTION('',(-1.,-7.08050398357881E-17,0.));
#1998=DIRECTION('',(0.,0.,-1.));
#1999=DIRECTION('',(-1.,-7.08050398357881E-17,0.));
#2000=DIRECTION('',(0.,0.,-1.));
#2001=DIRECTION('',(-1.,0.,0.));
#2002=DIRECTION('',(7.08050398357881E-17,-1.,0.));
#2003=DIRECTION('',(-1.,-7.08050398357881E-17,0.));
#2004=DIRECTION('',(7.08050398357881E-17,-1.,0.));
#2005=DIRECTION('',(-1.,-7.08050398357881E-17,0.));
#2006=DIRECTION('',(7.08050398357881E-17,-1.,0.));
#2007=DIRECTION('',(-1.,-7.08050398357881E-17,0.));
#2008=DIRECTION('',(7.08050398357881E-17,-1.,0.));
#2009=DIRECTION('',(-1.,-7.08050398357881E-17,0.));
#2010=DIRECTION('',(7.08050398357881E-17,-1.,0.));
#2011=DIRECTION('',(-6.99358905920654E-17,0.987724754540943,-0.156204382995596));
#2012=DIRECTION('',(-1.,-7.08050398357881E-17,0.));
#2013=DIRECTION('',(7.08050398357881E-17,-1.,0.));
#2014=DIRECTION('',(-6.99358905920654E-17,0.987724754540943,0.156204382995596));
#2015=DIRECTION('',(-1.,-7.08050398357881E-17,0.));
#2016=DIRECTION('',(7.08050398357881E-17,-1.,0.));
#2017=DIRECTION('',(-1.,-7.08050398357881E-17,0.));
#2018=DIRECTION('',(1.,7.08050398357881E-17,0.));
#2019=DIRECTION('',(-7.08050398357881E-17,1.,0.));
#2020=DIRECTION('',(-1.,-7.08050398357881E-17,0.));
#2021=DIRECTION('',(-1.10600575605279E-17,0.156204382995596,0.987724754540942));
#2022=DIRECTION('',(0.,-0.987724754540943,0.156204382995596));
#2023=DIRECTION('',(6.99358905920654E-17,-0.987724754540943,0.156204382995596));
#2024=DIRECTION('',(-1.,-7.08050398357881E-17,0.));
#2025=DIRECTION('',(-1.,-7.08050398357881E-17,0.));
#2026=DIRECTION('',(7.08050398357881E-17,-1.,0.));
#2027=DIRECTION('',(1.,0.,0.));
#2028=DIRECTION('',(0.,0.,-1.));
#2029=DIRECTION('',(-1.,-7.08050398357881E-17,0.));
#2030=DIRECTION('',(1.10600575605279E-17,-0.156204382995596,0.987724754540942));
#2031=DIRECTION('',(0.,-0.987724754540943,-0.156204382995596));
#2032=DIRECTION('',(-6.99358905920655E-17,0.987724754540943,0.156204382995596));
#2033=DIRECTION('',(-1.,-7.08050398357881E-17,0.));
#2034=DIRECTION('',(7.08050398357881E-17,-1.,0.));
#2035=DIRECTION('',(-1.,-7.08050398357883E-17,0.));
#2036=DIRECTION('',(7.08050398357883E-17,-1.,0.));
#2037=DIRECTION('',(-1.,-7.08050398357883E-17,0.));
#2038=DIRECTION('',(7.08050398357883E-17,-1.,0.));
#2039=DIRECTION('',(0.707106781186547,-0.110453178467247,0.698426871881719));
#2040=DIRECTION('',(-6.99358905920654E-17,0.987724754540943,0.156204382995596));
#2041=DIRECTION('',(-1.,0.,0.));
#2042=DIRECTION('',(0.,0.,1.));
#2043=DIRECTION('',(-1.,-7.08050398357881E-17,0.));
#2044=DIRECTION('',(7.08050398357881E-17,-1.,0.));
#2045=DIRECTION('',(-0.70710678118655,0.110453178467246,0.698426871881717));
#2046=DIRECTION('',(6.99358905920654E-17,-0.987724754540943,0.156204382995596));
#2047=CARTESIAN_POINT('',(0.,0.,0.));
#2048=CARTESIAN_POINT('',(0.03125,-0.012,0.0125));
#2049=CARTESIAN_POINT('',(0.03125,-0.012,0.002));
#2050=CARTESIAN_POINT('',(0.03125,-0.034,0.002));
#2051=CARTESIAN_POINT('',(0.03125,-0.0365,0.002));
#2052=CARTESIAN_POINT('',(0.03125,-0.034,0.0125));
#2053=CARTESIAN_POINT('',(0.03125,-0.034,-0.002));
#2054=CARTESIAN_POINT('',(0.03125,-0.012,-0.002));
#2055=CARTESIAN_POINT('',(0.03125,-0.0365,-0.002));
#2056=CARTESIAN_POINT('',(0.03125,-0.0365,0.0125));
#2057=CARTESIAN_POINT('',(0.03125,-0.0365,-0.01025));
#2058=CARTESIAN_POINT('',(0.03125,-0.012,-0.01025));
#2059=CARTESIAN_POINT('',(0.03125,-0.03525,-0.01025));
#2060=CARTESIAN_POINT('',(0.03125,-0.03525,-0.005));
#2061=CARTESIAN_POINT('',(0.03125,-0.03525,-0.00425));
#2062=CARTESIAN_POINT('',(0.03125,-0.0143614066163451,-0.00425));
#2063=CARTESIAN_POINT('',(0.03125,-0.0143614066163451,-0.00425));
#2064=CARTESIAN_POINT('',(0.03125,-0.0143614066163451,-0.01));
#2065=CARTESIAN_POINT('',(0.03125,-0.00964265872811739,-0.00671428571428571));
#2066=CARTESIAN_POINT('',(0.03125,9.97465998686665E-18,0.));
#2067=CARTESIAN_POINT('',(0.03125,-0.00964265872811741,0.00671428571428572));
#2068=CARTESIAN_POINT('',(0.03125,-0.0143614066163451,0.01));
#2069=CARTESIAN_POINT('',(0.03125,-0.0143614066163451,0.00425));
#2070=CARTESIAN_POINT('',(0.03125,-0.012,0.00425));
#2071=CARTESIAN_POINT('',(0.03125,-0.0295,0.00425));
#2072=CARTESIAN_POINT('',(0.03125,-0.0295,0.01));
#2073=CARTESIAN_POINT('',(0.03125,-0.03525,0.01));
#2074=CARTESIAN_POINT('',(0.03125,-0.03525,0.01025));
#2075=CARTESIAN_POINT('',(0.03125,-0.03525,0.01025));
#2076=CARTESIAN_POINT('',(0.03125,-0.0365,0.01025));
#2077=CARTESIAN_POINT('',(0.03125,-0.0365,0.01025));
#2078=CARTESIAN_POINT('',(0.03125,-0.0365,0.0125));
#2079=CARTESIAN_POINT('',(0.03125,-0.0605,-0.01275));
#2080=CARTESIAN_POINT('',(0.007,-0.0605,-0.03475));
#2081=CARTESIAN_POINT('',(0.007,-0.0605,-0.01525));
#2082=CARTESIAN_POINT('',(0.007,-0.0605,-0.01025));
#2083=CARTESIAN_POINT('',(0.03125,-0.0605,-0.01525));
#2084=CARTESIAN_POINT('',(0.02,-0.0605,-0.01525));
#2085=CARTESIAN_POINT('',(0.02,-0.0605,-0.03595));
#2086=CARTESIAN_POINT('',(0.02,-0.0605,-0.01025));
#2087=CARTESIAN_POINT('',(0.03125,-0.0605,-0.01025));
#2088=CARTESIAN_POINT('',(0.03125,-0.0475,-0.01325));
#2089=CARTESIAN_POINT('',(0.007,-0.0475,-0.01325));
#2090=CARTESIAN_POINT('',(0.007,-0.0585,-0.01325));
#2091=CARTESIAN_POINT('',(0.007,-0.0365,-0.01325));
#2092=CARTESIAN_POINT('',(0.03125,-0.0585,-0.01325));
#2093=CARTESIAN_POINT('',(0.02,-0.0585,-0.01325));
#2094=CARTESIAN_POINT('',(0.02,-0.0475,-0.01325));
#2095=CARTESIAN_POINT('',(0.02,-0.0365,-0.01325));
#2096=CARTESIAN_POINT('',(0.03125,-0.0365,-0.01325));
#2097=CARTESIAN_POINT('',(0.03125,-0.0595,-0.01025));
#2098=CARTESIAN_POINT('',(0.007,-0.0595,-0.01025));
#2099=CARTESIAN_POINT('',(0.007,-0.0585,-0.01025));
#2100=CARTESIAN_POINT('',(0.02,-0.0595,-0.01025));
#2101=CARTESIAN_POINT('',(0.02,-0.0585,-0.01025));
#2102=CARTESIAN_POINT('',(0.03125,-0.0585,-0.01025));
#2103=CARTESIAN_POINT('',(0.03125,-0.0585,-0.01175));
#2104=CARTESIAN_POINT('',(0.007,-0.0585,-0.01175));
#2105=CARTESIAN_POINT('',(0.02,-0.0585,-0.01175));
#2106=CARTESIAN_POINT('',(0.03125,-0.0355,0.01525));
#2107=CARTESIAN_POINT('',(0.02625,-0.0345,0.01525));
#2108=CARTESIAN_POINT('',(0.02625,-0.0365,0.01525));
#2109=CARTESIAN_POINT('',(0.02625,-0.03525,0.01525));
#2110=CARTESIAN_POINT('',(0.03125,-0.03525,0.01525));
#2111=CARTESIAN_POINT('',(-0.02625,-0.03525,0.01525));
#2112=CARTESIAN_POINT('',(-0.02625,-0.0365,0.01525));
#2113=CARTESIAN_POINT('',(-0.02625,-0.0365,0.01525));
#2114=CARTESIAN_POINT('',(-0.025625,-0.0365,0.01525));
#2115=CARTESIAN_POINT('',(-0.02,-0.0365,0.01525));
#2116=CARTESIAN_POINT('',(-0.02,-0.0485,0.01525));
#2117=CARTESIAN_POINT('',(-0.02,-0.0605,0.01525));
#2118=CARTESIAN_POINT('',(0.03125,-0.0605,0.01525));
#2119=CARTESIAN_POINT('',(0.02,-0.0605,0.01525));
#2120=CARTESIAN_POINT('',(0.02,-0.0485,0.01525));
#2121=CARTESIAN_POINT('',(0.02,-0.0365,0.01525));
#2122=CARTESIAN_POINT('',(0.025625,-0.0365,0.01525));
#2123=CARTESIAN_POINT('',(0.03125,-0.0605,-0.01275));
#2124=CARTESIAN_POINT('',(0.03125,-0.0605,-0.01525));
#2125=CARTESIAN_POINT('',(-0.007,-0.0605,-0.01525));
#2126=CARTESIAN_POINT('',(-0.02,-0.0605,-0.01525));
#2127=CARTESIAN_POINT('',(-0.007,-0.0605,-0.03475));
#2128=CARTESIAN_POINT('',(-0.007,-0.0605,-0.01025));
#2129=CARTESIAN_POINT('',(0.03125,-0.0605,-0.01025));
#2130=CARTESIAN_POINT('',(-0.02,-0.0605,-0.01025));
#2131=CARTESIAN_POINT('',(-0.02,-0.0605,-0.03595));
#2132=CARTESIAN_POINT('',(0.03125,-0.0605,0.01275));
#2133=CARTESIAN_POINT('',(-0.02,-0.0605,-0.03595));
#2134=CARTESIAN_POINT('',(-0.02,-0.0605,0.01025));
#2135=CARTESIAN_POINT('',(0.03125,-0.0605,0.01025));
#2136=CARTESIAN_POINT('',(0.02,-0.0605,0.01025));
#2137=CARTESIAN_POINT('',(0.02,-0.0605,-0.03595));
#2138=CARTESIAN_POINT('',(0.03125,-0.0355,-0.01525));
#2139=CARTESIAN_POINT('',(-0.02625,-0.0355,-0.01525));
#2140=CARTESIAN_POINT('',(-0.02625,-0.0365,-0.01525));
#2141=CARTESIAN_POINT('',(-0.02625,-0.03525,-0.01525));
#2142=CARTESIAN_POINT('',(0.02625,-0.03525,-0.01525));
#2143=CARTESIAN_POINT('',(0.02625,-0.03525,-0.01525));
#2144=CARTESIAN_POINT('',(0.02625,-0.0355,-0.01525));
#2145=CARTESIAN_POINT('',(0.02625,-0.0365,-0.01525));
#2146=CARTESIAN_POINT('',(0.03125,-0.0365,-0.01525));
#2147=CARTESIAN_POINT('',(0.02,-0.0365,-0.01525));
#2148=CARTESIAN_POINT('',(0.02,-0.0355,-0.01525));
#2149=CARTESIAN_POINT('',(0.007,-0.0355,-0.01525));
#2150=CARTESIAN_POINT('',(0.007,-0.0365,-0.01525));
#2151=CARTESIAN_POINT('',(0.03125,-0.0365,-0.01525));
#2152=CARTESIAN_POINT('',(-0.007,-0.0365,-0.01525));
#2153=CARTESIAN_POINT('',(-0.007,-0.0355,-0.01525));
#2154=CARTESIAN_POINT('',(-0.02,-0.0355,-0.01525));
#2155=CARTESIAN_POINT('',(-0.02,-0.0365,-0.01525));
#2156=CARTESIAN_POINT('',(0.03125,-0.0365,-0.01525));
#2157=CARTESIAN_POINT('',(0.03125,-0.0475,-0.01325));
#2158=CARTESIAN_POINT('',(0.03125,-0.0585,-0.01325));
#2159=CARTESIAN_POINT('',(-0.007,-0.0585,-0.01325));
#2160=CARTESIAN_POINT('',(-0.02,-0.0585,-0.01325));
#2161=CARTESIAN_POINT('',(-0.007,-0.0475,-0.01325));
#2162=CARTESIAN_POINT('',(-0.007,-0.0365,-0.01325));
#2163=CARTESIAN_POINT('',(0.03125,-0.0365,-0.01325));
#2164=CARTESIAN_POINT('',(-0.02,-0.0365,-0.01325));
#2165=CARTESIAN_POINT('',(-0.02,-0.0475,-0.01325));
#2166=CARTESIAN_POINT('',(0.03125,-0.0595,-0.01025));
#2167=CARTESIAN_POINT('',(-0.007,-0.0595,-0.01025));
#2168=CARTESIAN_POINT('',(-0.007,-0.0585,-0.01025));
#2169=CARTESIAN_POINT('',(0.03125,-0.0585,-0.01025));
#2170=CARTESIAN_POINT('',(-0.02,-0.0585,-0.01025));
#2171=CARTESIAN_POINT('',(-0.02,-0.0595,-0.01025));
#2172=CARTESIAN_POINT('',(0.03125,-0.0585,-0.01175));
#2173=CARTESIAN_POINT('',(-0.007,-0.0585,-0.01175));
#2174=CARTESIAN_POINT('',(-0.02,-0.0585,-0.01175));
#2175=CARTESIAN_POINT('',(0.03125,-0.0475,0.01325));
#2176=CARTESIAN_POINT('',(0.03125,-0.0585,0.01325));
#2177=CARTESIAN_POINT('',(0.02,-0.0585,0.01325));
#2178=CARTESIAN_POINT('',(-0.02,-0.0585,0.01325));
#2179=CARTESIAN_POINT('',(-0.02,-0.0475,0.01325));
#2180=CARTESIAN_POINT('',(-0.02,-0.0365,0.01325));
#2181=CARTESIAN_POINT('',(0.03125,-0.0365,0.01325));
#2182=CARTESIAN_POINT('',(0.02,-0.0365,0.01325));
#2183=CARTESIAN_POINT('',(0.02,-0.0475,0.01325));
#2184=CARTESIAN_POINT('',(0.03125,-0.0585,0.01175));
#2185=CARTESIAN_POINT('',(0.03125,-0.0585,0.01025));
#2186=CARTESIAN_POINT('',(0.02,-0.0585,0.01025));
#2187=CARTESIAN_POINT('',(-0.02,-0.0585,0.01025));
#2188=CARTESIAN_POINT('',(-0.02,-0.0585,0.01175));
#2189=CARTESIAN_POINT('',(0.02,-0.0585,0.01175));
#2190=CARTESIAN_POINT('',(0.03125,-0.0595,0.01025));
#2191=CARTESIAN_POINT('',(-0.02,-0.0595,0.01025));
#2192=CARTESIAN_POINT('',(0.02,-0.0595,0.01025));
#2193=CARTESIAN_POINT('',(-0.02625,-0.011,0.0125));
#2194=CARTESIAN_POINT('',(-0.02625,-2.24806001478627E-18,2.75545529808154E-19));
#2195=CARTESIAN_POINT('',(-0.02625,0.0045,2.75545529808154E-19));
#2196=CARTESIAN_POINT('',(-0.02625,-0.011,-0.005));
#2197=CARTESIAN_POINT('',(-0.02625,-0.0295,-0.005));
#2198=CARTESIAN_POINT('',(-0.02625,-0.0143614066163451,-0.005));
#2199=CARTESIAN_POINT('',(-0.02625,-0.0143614066163451,-0.01));
#2200=CARTESIAN_POINT('',(-0.02625,-0.0102581475831036,-0.00714285714285714));
#2201=CARTESIAN_POINT('',(-0.02625,-5.20417042793042E-18,0.));
#2202=CARTESIAN_POINT('',(-0.02625,-0.0102581475831036,0.00714285714285714));
#2203=CARTESIAN_POINT('',(-0.02625,-0.0143614066163451,0.01));
#2204=CARTESIAN_POINT('',(-0.02625,-0.0143614066163451,0.005));
#2205=CARTESIAN_POINT('',(-0.02625,-0.011,0.005));
#2206=CARTESIAN_POINT('',(-0.02625,-0.0295,0.005));
#2207=CARTESIAN_POINT('',(-0.02625,-0.0295,0.01));
#2208=CARTESIAN_POINT('',(-0.02625,-0.0345,0.01));
#2209=CARTESIAN_POINT('',(-0.02625,-0.0345,0.0125));
#2210=CARTESIAN_POINT('',(-0.02625,-0.0345,-0.01));
#2211=CARTESIAN_POINT('',(-0.02625,-0.0295,-0.01));
#2212=CARTESIAN_POINT('',(0.02625,-0.011,0.0125));
#2213=CARTESIAN_POINT('',(0.02625,1.4692045765926E-18,3.12284933782575E-19));
#2214=CARTESIAN_POINT('',(0.02625,-0.0051,3.12284933782575E-19));
#2215=CARTESIAN_POINT('',(0.02625,-0.011,0.005));
#2216=CARTESIAN_POINT('',(0.02625,-0.0143614066163451,0.005));
#2217=CARTESIAN_POINT('',(0.02625,-0.0295,0.005));
#2218=CARTESIAN_POINT('',(0.02625,-0.0143614066163451,0.01));
#2219=CARTESIAN_POINT('',(0.02625,-0.0102581475831036,0.00714285714285715));
#2220=CARTESIAN_POINT('',(0.02625,4.77048955893623E-18,0.));
#2221=CARTESIAN_POINT('',(0.02625,-0.0102581475831036,-0.00714285714285714));
#2222=CARTESIAN_POINT('',(0.02625,-0.0143614066163451,-0.01));
#2223=CARTESIAN_POINT('',(0.02625,-0.0143614066163451,-0.005));
#2224=CARTESIAN_POINT('',(0.02625,-0.011,-0.005));
#2225=CARTESIAN_POINT('',(0.02625,-0.0345,-0.005));
#2226=CARTESIAN_POINT('',(0.02625,-0.0345,0.0125));
#2227=CARTESIAN_POINT('',(0.02625,-0.0345,0.01));
#2228=CARTESIAN_POINT('',(0.02625,-0.0295,0.01));
#2229=CARTESIAN_POINT('',(5.20417042793042E-18,-0.0365,0.0125));
#2230=CARTESIAN_POINT('',(0.05175,-0.0365,-0.002));
#2231=CARTESIAN_POINT('',(0.02675,-0.0365,-0.002));
#2232=CARTESIAN_POINT('',(0.02675,-0.0365,0.0125));
#2233=CARTESIAN_POINT('',(0.02675,-0.0365,0.002));
#2234=CARTESIAN_POINT('',(0.05175,-0.0365,0.002));
#2235=CARTESIAN_POINT('',(0.02625,-0.0365,0.01025));
#2236=CARTESIAN_POINT('',(0.02,-0.0365,-0.03595));
#2237=CARTESIAN_POINT('',(-0.02,-0.0365,-0.03595));
#2238=CARTESIAN_POINT('',(-0.02625,-0.0365,0.01025));
#2239=CARTESIAN_POINT('',(-0.03125,-0.0365,0.01025));
#2240=CARTESIAN_POINT('',(-0.03125,-0.0365,0.0125));
#2241=CARTESIAN_POINT('',(-0.03125,-0.0365,-0.01025));
#2242=CARTESIAN_POINT('',(-0.02625,-0.0365,-0.01025));
#2243=CARTESIAN_POINT('',(-0.02,-0.0365,-0.03595));
#2244=CARTESIAN_POINT('',(-0.007,-0.0365,-0.03475));
#2245=CARTESIAN_POINT('',(0.007,-0.0365,-0.03475));
#2246=CARTESIAN_POINT('',(0.02,-0.0365,-0.03595));
#2247=CARTESIAN_POINT('',(0.02625,-0.0365,-0.01025));
#2248=CARTESIAN_POINT('',(-0.03125,-0.012,0.0125));
#2249=CARTESIAN_POINT('',(-0.03125,-0.0165,-1.23599047663347E-17));
#2250=CARTESIAN_POINT('',(-0.03125,-0.0169498105568593,0.00342055119285442));
#2251=CARTESIAN_POINT('',(-0.03125,-0.0169498105568587,-0.00342055119285452));
#2252=CARTESIAN_POINT('',(-0.03125,-0.00417136227041489,-0.00544140732817866));
#2253=CARTESIAN_POINT('',(-0.03125,-0.00436110636219545,-0.00541140012359263));
#2254=CARTESIAN_POINT('',(-0.03125,-4.33680868994202E-19,-8.67361737988404E-19));
#2255=CARTESIAN_POINT('',(-0.03125,-0.00436110636219555,0.00541140012359318));
#2256=CARTESIAN_POINT('',(-0.03125,-0.0107199340978109,0.00440577911586749));
#2257=CARTESIAN_POINT('',(-0.03125,-0.0295,-0.01));
#2258=CARTESIAN_POINT('',(-0.03125,-0.0295,-0.00425));
#2259=CARTESIAN_POINT('',(-0.03125,-0.03525,-0.01));
#2260=CARTESIAN_POINT('',(-0.03125,-0.03525,-0.01025));
#2261=CARTESIAN_POINT('',(-0.03125,-0.03525,-0.01025));
#2262=CARTESIAN_POINT('',(-0.03125,-0.012,-0.01025));
#2263=CARTESIAN_POINT('',(-0.03125,-0.0345,0.01025));
#2264=CARTESIAN_POINT('',(-0.03125,-0.03525,0.01025));
#2265=CARTESIAN_POINT('',(-0.03125,-0.03525,0.01));
#2266=CARTESIAN_POINT('',(-0.03125,-0.03525,0.01));
#2267=CARTESIAN_POINT('',(-0.03125,-0.0295,0.01));
#2268=CARTESIAN_POINT('',(-0.03125,-0.0295,0.00425));
#2269=CARTESIAN_POINT('',(-0.03125,-0.012,0.00425));
#2270=CARTESIAN_POINT('',(-0.03125,-0.0143614066163451,0.00425));
#2271=CARTESIAN_POINT('',(-0.03125,-0.0143614066163451,0.01));
#2272=CARTESIAN_POINT('',(-0.03125,-0.00964265872811741,0.00671428571428572));
#2273=CARTESIAN_POINT('',(-0.03125,-5.20417042793042E-18,0.));
#2274=CARTESIAN_POINT('',(-0.03125,-0.00964265872811741,-0.00671428571428571));
#2275=CARTESIAN_POINT('',(-0.03125,-0.0143614066163451,-0.01));
#2276=CARTESIAN_POINT('',(-0.03125,-0.0143614066163451,-0.00425));
#2277=CARTESIAN_POINT('',(-0.03125,-0.0295,-0.00425));
#2278=CARTESIAN_POINT('',(0.013125,-0.0345,0.0125));
#2279=CARTESIAN_POINT('',(0.013125,-0.0345,0.01));
#2280=CARTESIAN_POINT('',(-0.0305,-0.0345,0.01));
#2281=CARTESIAN_POINT('',(-0.0305,-0.0345,0.01025));
#2282=CARTESIAN_POINT('',(-0.0305,-0.0345,0.01025));
#2283=CARTESIAN_POINT('',(-0.02625,-0.0345,0.01025));
#2284=CARTESIAN_POINT('',(-0.02625,-0.0345,0.0145));
#2285=CARTESIAN_POINT('',(0.013125,-0.0345,0.0145));
#2286=CARTESIAN_POINT('',(0.02625,-0.0345,0.0145));
#2287=CARTESIAN_POINT('',(0.02625,-0.0345,0.01025));
#2288=CARTESIAN_POINT('',(0.0305,-0.0345,0.01025));
#2289=CARTESIAN_POINT('',(0.0305,-0.0345,0.01));
#2290=CARTESIAN_POINT('',(0.0305,-0.0345,0.01));
#2291=CARTESIAN_POINT('',(0.013125,-0.0345,0.01));
#2292=CARTESIAN_POINT('',(0.05205,-0.0345,-0.005));
#2293=CARTESIAN_POINT('',(0.0305,-0.0345,-0.005));
#2294=CARTESIAN_POINT('',(0.0305,-0.0345,-0.01025));
#2295=CARTESIAN_POINT('',(0.0305,-0.0345,-0.01025));
#2296=CARTESIAN_POINT('',(0.02625,-0.0345,-0.01025));
#2297=CARTESIAN_POINT('',(0.02625,-0.0345,-0.0145));
#2298=CARTESIAN_POINT('',(-0.02625,-0.0345,-0.0145));
#2299=CARTESIAN_POINT('',(-0.02625,-0.0345,-0.0145));
#2300=CARTESIAN_POINT('',(-0.02625,-0.0345,-0.01025));
#2301=CARTESIAN_POINT('',(-0.0305,-0.0345,-0.01025));
#2302=CARTESIAN_POINT('',(-0.0305,-0.0345,-0.01));
#2303=CARTESIAN_POINT('',(-0.0305,-0.0345,-0.01));
#2304=CARTESIAN_POINT('',(-0.02625,-0.0345,-0.01));
#2305=CARTESIAN_POINT('',(-1.2490009027033E-17,-2.25514051876985E-17,0.));
#2306=CARTESIAN_POINT('',(-1.81297936756622E-18,-0.0102581475831036,0.00714285714285715));
#2307=CARTESIAN_POINT('',(0.0305,-0.0102581475831036,0.00714285714285715));
#2308=CARTESIAN_POINT('',(0.0305,9.19403442267708E-18,0.));
#2309=CARTESIAN_POINT('',(0.0305,-0.0102581475831036,-0.00714285714285714));
#2310=CARTESIAN_POINT('',(-1.81297936756622E-18,-0.0102581475831036,-0.00714285714285714));
#2311=CARTESIAN_POINT('',(0.,-5.20417042793042E-18,0.));
#2312=CARTESIAN_POINT('',(0.,-0.0102581475831036,-0.00714285714285714));
#2313=CARTESIAN_POINT('',(-0.0305,-0.0102581475831036,-0.00714285714285714));
#2314=CARTESIAN_POINT('',(-0.0305,-5.20417042793042E-18,0.));
#2315=CARTESIAN_POINT('',(-0.0305,-0.0102581475831036,0.00714285714285714));
#2316=CARTESIAN_POINT('',(0.,-0.0102581475831036,0.00714285714285714));
#2317=CARTESIAN_POINT('',(0.05205,-0.0229782196186948,-0.005));
#2318=CARTESIAN_POINT('',(0.03125,-0.0143614066163451,-0.005));
#2319=CARTESIAN_POINT('',(0.0305,-0.0143614066163451,-0.005));
#2320=CARTESIAN_POINT('',(0.0305,-0.0345,-0.005));
#2321=CARTESIAN_POINT('',(0.05205,-0.0229782196186948,0.005));
#2322=CARTESIAN_POINT('',(0.05205,-0.0295,0.005));
#2323=CARTESIAN_POINT('',(0.0305,-0.0295,0.005));
#2324=CARTESIAN_POINT('',(0.0305,-0.0229782196186948,0.005));
#2325=CARTESIAN_POINT('',(0.0305,-0.0143614066163451,0.005));
#2326=CARTESIAN_POINT('',(0.05205,-0.014361406616345,0.005));
#2327=CARTESIAN_POINT('',(0.05205,-0.0229782196186948,-0.005));
#2328=CARTESIAN_POINT('',(-0.03125,-0.0295,-0.005));
#2329=CARTESIAN_POINT('',(-0.0305,-0.0295,-0.005));
#2330=CARTESIAN_POINT('',(-0.0305,-0.0143614066163451,-0.005));
#2331=CARTESIAN_POINT('',(-0.0305,-0.0143614066163451,-0.005));
#2332=CARTESIAN_POINT('',(-0.02625,-0.0143614066163451,-0.005));
#2333=CARTESIAN_POINT('',(0.05205,-0.0229782196186948,0.005));
#2334=CARTESIAN_POINT('',(0.05205,-0.0143614066163451,0.005));
#2335=CARTESIAN_POINT('',(-0.0305,-0.0143614066163451,0.005));
#2336=CARTESIAN_POINT('',(-0.0305,-0.0229782196186948,0.005));
#2337=CARTESIAN_POINT('',(-0.0305,-0.0295,0.005));
#2338=CARTESIAN_POINT('',(0.05205,-0.0295,0.005));
#2339=CARTESIAN_POINT('',(0.02,-0.0485,-0.03595));
#2340=CARTESIAN_POINT('',(-0.02,-0.0485,-0.03595));
#2341=CARTESIAN_POINT('',(0.02,-0.0485,-0.03595));
#2342=CARTESIAN_POINT('',(-0.02,-0.0485,-0.03595));
#2343=CARTESIAN_POINT('',(-0.007,-0.0485,-0.03475));
#2344=CARTESIAN_POINT('',(0.007,-0.0485,-0.03475));
#2345=CARTESIAN_POINT('',(0.02225,1.18598441724945E-18,3.12284933782575E-19));
#2346=CARTESIAN_POINT('',(0.023,1.23908819712629E-18,3.12284933782575E-19));
#2347=CARTESIAN_POINT('',(0.023,-0.0051,3.12284933782575E-19));
#2348=CARTESIAN_POINT('',(0.02225,-0.020625,0.));
#2349=CARTESIAN_POINT('',(0.02225,1.18598441724945E-18,3.12284933782575E-19));
#2350=CARTESIAN_POINT('',(0.02225,-0.00435,3.12284933782575E-19));
#2351=CARTESIAN_POINT('',(2.45783249622048E-18,-0.0143614066163451,-0.01));
#2352=CARTESIAN_POINT('',(0.0305,-0.0143614066163451,-0.01));
#2353=CARTESIAN_POINT('',(-0.02625,-0.012,0.01025));
#2354=CARTESIAN_POINT('',(-0.02625,-0.03525,0.01025));
#2355=CARTESIAN_POINT('',(-0.02625,-0.0355,-0.01025));
#2356=CARTESIAN_POINT('',(-0.02625,-0.03525,-0.01025));
#2357=CARTESIAN_POINT('',(0.02625,-0.012,-0.01025));
#2358=CARTESIAN_POINT('',(0.02625,-0.03525,-0.01025));
#2359=CARTESIAN_POINT('',(0.02625,-0.0355,0.01025));
#2360=CARTESIAN_POINT('',(0.02625,-0.03525,0.01025));
#2361=CARTESIAN_POINT('',(0.013125,-0.0295,0.01));
#2362=CARTESIAN_POINT('',(0.0305,-0.0295,0.01));
#2363=CARTESIAN_POINT('',(2.45783249622048E-18,-0.0143614066163451,0.01));
#2364=CARTESIAN_POINT('',(0.0305,-0.0143614066163451,0.01));
#2365=CARTESIAN_POINT('',(-1.33255409272413E-34,-0.0143614066163451,0.01));
#2366=CARTESIAN_POINT('',(-0.0305,-0.0143614066163451,0.01));
#2367=CARTESIAN_POINT('',(1.33255409272413E-34,-0.0143614066163451,-0.01));
#2368=CARTESIAN_POINT('',(-0.0305,-0.0143614066163451,-0.01));
#2369=CARTESIAN_POINT('',(0.05205,-0.0295,-0.01));
#2370=CARTESIAN_POINT('',(-0.0305,-0.0295,-0.01));
#2371=CARTESIAN_POINT('',(0.013125,-0.0295,0.01));
#2372=CARTESIAN_POINT('',(-0.0305,-0.0295,0.01));
#2373=CARTESIAN_POINT('',(0.02625,-0.0345,0.01025));
#2374=CARTESIAN_POINT('',(0.02625,-0.03525,0.01525));
#2375=CARTESIAN_POINT('',(0.0305,-0.0345,0.01025));
#2376=CARTESIAN_POINT('',(0.03125,-0.03525,0.0125));
#2377=CARTESIAN_POINT('',(0.0305,-0.0345,0.01));
#2378=CARTESIAN_POINT('',(0.03125,-0.03525,0.01525));
#2379=CARTESIAN_POINT('',(-0.02625,-0.03525,0.01525));
#2380=CARTESIAN_POINT('',(0.03125,-0.0295,0.01));
#2381=CARTESIAN_POINT('',(0.0305,-0.0295,0.005));
#2382=CARTESIAN_POINT('',(-0.02625,-0.0345,0.01025));
#2383=CARTESIAN_POINT('',(-0.03125,-0.03525,0.01025));
#2384=CARTESIAN_POINT('',(0.03125,-0.012,0.00425));
#2385=CARTESIAN_POINT('',(0.0305,-0.0143614066163451,0.005));
#2386=CARTESIAN_POINT('',(-0.0305,-0.0345,0.0125));
#2387=CARTESIAN_POINT('',(-0.03125,-0.03525,0.01));
#2388=CARTESIAN_POINT('',(0.03125,-0.0143614066163451,0.01));
#2389=CARTESIAN_POINT('',(0.0305,-0.0102581475831036,0.00714285714285714));
#2390=CARTESIAN_POINT('',(-0.03125,-0.0295,0.01));
#2391=CARTESIAN_POINT('',(-0.03125,-0.0295,0.00425));
#2392=CARTESIAN_POINT('',(0.03125,9.97465998686665E-18,0.));
#2393=CARTESIAN_POINT('',(0.0305,-0.0102581475831036,-0.00714285714285714));
#2394=CARTESIAN_POINT('',(-0.0305,-0.0229782196186948,0.005));
#2395=CARTESIAN_POINT('',(-0.03125,-0.0143614066163451,0.00425));
#2396=CARTESIAN_POINT('',(0.03125,-0.0143614066163451,-0.01));
#2397=CARTESIAN_POINT('',(0.0305,-0.0143614066163451,-0.005));
#2398=CARTESIAN_POINT('',(-0.03125,-0.0143614066163451,0.01));
#2399=CARTESIAN_POINT('',(-0.03125,-0.00964265872811741,0.00671428571428572));
#2400=CARTESIAN_POINT('',(0.0305,-0.0229782196186948,-0.005));
#2401=CARTESIAN_POINT('',(0.0266594065395649,-0.0306594065395649,-0.00884059346043506));
#2402=CARTESIAN_POINT('',(-0.03125,-5.20417042793042E-18,0.));
#2403=CARTESIAN_POINT('',(-0.03125,-0.00964265872811741,-0.00671428571428571));
#2404=CARTESIAN_POINT('',(0.0305,-0.0345,0.0125));
#2405=CARTESIAN_POINT('',(0.0305,-0.0345,-0.01025));
#2406=CARTESIAN_POINT('',(-0.03125,-0.0143614066163451,-0.01));
#2407=CARTESIAN_POINT('',(-0.03125,-0.0143614066163451,-0.00425));
#2408=CARTESIAN_POINT('',(0.02625,-0.0345,-0.01025));
#2409=CARTESIAN_POINT('',(0.02625,-0.0345,-0.0145));
#2410=CARTESIAN_POINT('',(-0.03125,-0.012,-0.00425));
#2411=CARTESIAN_POINT('',(-0.03125,-0.0295,-0.00425));
#2412=CARTESIAN_POINT('',(0.013125,-0.0345,-0.0145));
#2413=CARTESIAN_POINT('',(-0.02625,-0.0345,-0.0145));
#2414=CARTESIAN_POINT('',(-0.03125,-0.0295,-0.01));
#2415=CARTESIAN_POINT('',(-0.03125,-0.03525,-0.01));
#2416=CARTESIAN_POINT('',(-0.02625,-0.0345,-0.01025));
#2417=CARTESIAN_POINT('',(-0.0305,-0.0345,-0.01025));
#2418=CARTESIAN_POINT('',(-0.03125,-0.03525,0.0125));
#2419=CARTESIAN_POINT('',(0.02225,1.18598441724945E-18,3.12284933782575E-19));
#2420=CARTESIAN_POINT('',(0.05175,-0.03525,0.002));
#2421=CARTESIAN_POINT('',(0.02675,-0.03525,0.002));
#2422=CARTESIAN_POINT('',(0.02675,-0.034,0.002));
#2423=CARTESIAN_POINT('',(0.05175,-0.034,0.002));
#2424=CARTESIAN_POINT('',(0.05175,-0.034,-5.20417042793042E-18));
#2425=CARTESIAN_POINT('',(0.02675,-0.034,-5.20417042793042E-18));
#2426=CARTESIAN_POINT('',(0.02675,-0.034,-0.002));
#2427=CARTESIAN_POINT('',(0.05175,-0.034,-0.002));
#2428=CARTESIAN_POINT('',(0.05175,-0.03525,-0.002));
#2429=CARTESIAN_POINT('',(0.02675,-0.03525,-0.002));
#2430=CARTESIAN_POINT('',(0.02675,-0.020625,0.));
#2431=CARTESIAN_POINT('',(-0.02925,-0.020625,0.));
#2432=CARTESIAN_POINT('',(-0.02925,-2.46047513429364E-18,2.75545529808154E-19));
#2433=CARTESIAN_POINT('',(-0.02925,-0.0052,2.75545529808154E-19));
#2434=CARTESIAN_POINT('',(-0.02925,-2.92070789322625E-19,-8.67361737988404E-19));
#2435=CARTESIAN_POINT('',(-0.02925,-0.00406201920231798,0.00475));
#2436=CARTESIAN_POINT('',(-0.02925,-0.00406201920231798,-0.00475));
#2437=CARTESIAN_POINT('',(-0.02925,-0.00803182789252199,-0.00412219198545644));
#2438=CARTESIAN_POINT('',(-0.02925,-0.01685,-0.00272763633939717));
#2439=CARTESIAN_POINT('',(-0.02925,-0.0165,-1.23599047663347E-17));
#2440=CARTESIAN_POINT('',(-0.02925,-0.01685,0.00272763633939717));
#2441=CARTESIAN_POINT('',(-0.02925,-0.008031827892522,0.00412219198545644));
#2442=CARTESIAN_POINT('',(-0.02925,-2.92070789322625E-19,-8.67361737988404E-19));
#2443=CARTESIAN_POINT('',(-0.02925,-0.00406201920231798,0.00475));
#2444=CARTESIAN_POINT('',(-0.03055,-0.00406201920231798,0.00475));
#2445=CARTESIAN_POINT('',(-0.03055,-3.8411734110915E-19,-8.67361737988404E-19));
#2446=CARTESIAN_POINT('',(-0.03055,-0.00406201920231798,-0.00475));
#2447=CARTESIAN_POINT('',(-0.02925,-0.00406201920231798,-0.00475));
#2448=CARTESIAN_POINT('',(-0.02925,-0.00803182789252199,-0.00412219198545644));
#2449=CARTESIAN_POINT('',(-0.03055,-0.01685,-0.00272763633939717));
#2450=CARTESIAN_POINT('',(-0.03055,-0.01685,-0.00272763633939717));
#2451=CARTESIAN_POINT('',(-0.02925,-0.01685,-0.00272763633939717));
#2452=CARTESIAN_POINT('',(-0.02925,-0.0165,-1.23599047663347E-17));
#2453=CARTESIAN_POINT('',(-0.03055,-0.0165,-1.23599047663347E-17));
#2454=CARTESIAN_POINT('',(-0.03055,-0.01685,0.00272763633939717));
#2455=CARTESIAN_POINT('',(-0.02925,-0.01685,0.00272763633939717));
#2456=CARTESIAN_POINT('',(-0.02925,-0.008031827892522,0.00412219198545644));
#2457=CARTESIAN_POINT('',(-0.03055,-0.008031827892522,0.00412219198545644));
#2458=CARTESIAN_POINT('',(-0.02425,-2.10644993511469E-18,2.75545529808154E-19));
#2459=CARTESIAN_POINT('',(-0.02855,-2.41091160640858E-18,2.75545529808154E-19));
#2460=CARTESIAN_POINT('',(-0.02855,-0.0045,2.75545529808154E-19));
#2461=CARTESIAN_POINT('',(-0.02855,-2.41091160640858E-18,2.75545529808154E-19));
#2462=CARTESIAN_POINT('',(-0.03055,-0.008031827892522,0.00412219198545644));
#2463=CARTESIAN_POINT('',(-0.03125,-0.00436110636219546,0.00541140012359262));
#2464=CARTESIAN_POINT('',(-0.031016431520261,-0.00426306657236691,0.00519043346880702));
#2465=CARTESIAN_POINT('',(-0.0307830848890607,-0.00416346449763323,0.00496993848822689));
#2466=CARTESIAN_POINT('',(-0.03055,-0.00406201920231931,0.00474999999999961));
#2467=CARTESIAN_POINT('',(-0.03125,-0.0169498105568594,0.00342055119285492));
#2468=CARTESIAN_POINT('',(-0.0310166654779571,-0.0169163698644861,0.00318960533645608));
#2469=CARTESIAN_POINT('',(-0.0307833320018868,-0.016883079204904,0.00295863681199418));
#2470=CARTESIAN_POINT('',(-0.03055,-0.0168499999999835,0.00272763633939966));
#2471=CARTESIAN_POINT('',(-0.03055,-0.0165,-1.23599047663347E-17));
#2472=CARTESIAN_POINT('',(-0.03055,-0.01685,-0.00272763633939717));
#2473=CARTESIAN_POINT('',(-0.0307833320018868,-0.0168830792049212,-0.00295863681199157));
#2474=CARTESIAN_POINT('',(-0.0310166654779571,-0.0169163698644857,-0.00318960533645615));
#2475=CARTESIAN_POINT('',(-0.03125,-0.0169498105568591,-0.00342055119285498));
#2476=CARTESIAN_POINT('',(-0.03055,-3.8411734110915E-19,-8.67361737988404E-19));
#2477=CARTESIAN_POINT('',(-0.03125,-0.00436110636219585,-0.00541140012359313));
#2478=CARTESIAN_POINT('',(-0.0310164315202609,-0.00426306657236727,-0.00519043346880744));
#2479=CARTESIAN_POINT('',(-0.0307830848890608,-0.00416346449763326,-0.00496993848822698));
#2480=CARTESIAN_POINT('',(-0.03055,-0.00406201920231931,-0.00474999999999961));
#2481=CARTESIAN_POINT('',(-0.03125,-0.0145771074941245,-0.00379578388419161));
#2482=MECHANICAL_DESIGN_GEOMETRIC_PRESENTATION_REPRESENTATION('',(#1476),#2483);
#2483=(
GEOMETRIC_REPRESENTATION_CONTEXT(3)
GLOBAL_UNCERTAINTY_ASSIGNED_CONTEXT((#2484))
GLOBAL_UNIT_ASSIGNED_CONTEXT((#2487,#2486,#2485))
REPRESENTATION_CONTEXT('Cam Mount','TOP_LEVEL_ASSEMBLY_PART')
);
#2484=UNCERTAINTY_MEASURE_WITH_UNIT(LENGTH_MEASURE(2.E-05),#2487,'DISTANCE_ACCURACY_VALUE','Maximum Tolerance applied to model');
#2485=(
NAMED_UNIT(*)
SI_UNIT($,.STERADIAN.)
SOLID_ANGLE_UNIT()
);
#2486=(
NAMED_UNIT(*)
PLANE_ANGLE_UNIT()
SI_UNIT($,.RADIAN.)
);
#2487=(
LENGTH_UNIT()
NAMED_UNIT(*)
SI_UNIT($,.METRE.)
);
#2488=PRODUCT_DEFINITION_SHAPE('','',#2489);
#2489=PRODUCT_DEFINITION('','',#2491,#2490);
#2490=PRODUCT_DEFINITION_CONTEXT('',#2497,'design');
#2491=PRODUCT_DEFINITION_FORMATION_WITH_SPECIFIED_SOURCE('','',#2493,.NOT_KNOWN.);
#2492=PRODUCT_RELATED_PRODUCT_CATEGORY('','',(#2493));
#2493=PRODUCT('Cam Mount','Cam Mount','Cam Mount',(#2495));
#2494=PRODUCT_CATEGORY('','');
#2495=PRODUCT_CONTEXT('',#2497,'mechanical');
#2496=APPLICATION_PROTOCOL_DEFINITION('international standard','ap242_managed_model_based_3d_engineering',2020,#2497);
#2497=APPLICATION_CONTEXT('managed model based 3d engineering');
ENDSEC;
END-ISO-10303-21;
