ISO-10303-21;
HEADER;
/*Generated by software containing ST-Developer
 * from STEP Tools, Inc. (www.steptools.com) 
 */
/*OPTION: using custom renumber hook */
/*description */
/*implementation_level */
FILE_DESCRIPTION(('STEP AP242 Edition 2','STEP AP242 Edition 2''CAx-IF Rec.Pracs.---Representation and Presentation of Product Manufa
cturing Information (PMI)---4.0---2014-10-13','STEP AP242 Edition 2''CAx-IF Rec.Pracs.---Representation and Presentation of Product Manufa
cturing Information (PMI)---4.0---2014-10-13''CAx-IF Rec.Pracs.---3D Tessellated Geometry---0.4---2014-09-14','STEP AP242 Edition 2''CAx-IF Rec.Pracs.---Representation and Presentation of Product Manufa
cturing Information (PMI)---4.0---2014-10-13''CAx-IF Rec.Pracs.---3D Tessellated Geometry---0.4---2014-09-14''2;1','STEP AP242 Edition 2''CAx-IF Rec.Pracs.---Representation and Presentation of Product Manufa
cturing Information (PMI)---4.0---2014-10-13''CAx-IF Rec.Pracs.---3D Tessellated Geometry---0.4---2014-09-14''2;1''CAx-IF Rec.Pracs.---User Defined Attributes---1.5---2016-08-15'),'2;1');
/*name */
/*time_stamp */
/*author */
/*organization */
/*preprocessor_version */
/*originating_system */
/*authorisation */
FILE_NAME('/vol/tmp/translate-2068449571276033447/Lid - lid.step','2026-03-16T20:05:58',(''),(''),'ST-DEVELOPER v20','ONSHAPE BY PTC INC, 1.212','  ');
FILE_SCHEMA(('AP242_MANAGED_MODEL_BASED_3D_ENGINEERING_MIM_LF { 1 0 10303 442 3 1 4 }'));
ENDSEC;
DATA;
#10=SHAPE_REPRESENTATION_RELATIONSHIP('','',#1856,#11);
#11=ADVANCED_BREP_SHAPE_REPRESENTATION('',(#1854),#3094);
#12=ELLIPSE('',#1984,0.00353553390593274,0.0025);
#13=ELLIPSE('',#1986,0.00353553390593274,0.0025);
#14=ELLIPSE('',#1988,0.00353553390593274,0.0025);
#15=ELLIPSE('',#1990,0.00353553390593274,0.0025);
#16=ELLIPSE('',#1994,0.00353553390593274,0.0025);
#17=ELLIPSE('',#1995,0.00353553390593274,0.0025);
#18=ELLIPSE('',#1996,0.00353553390593274,0.0025);
#19=ELLIPSE('',#1997,0.00353553390593274,0.0025);
#20=B_SPLINE_CURVE_WITH_KNOTS('',3,(#2965,#2966,#2967,#2968,#2969,#2970,#2971,#2972,#2973,#2974,#2975),.UNSPECIFIED.,.F.,.F.,(4,1,1,1,1,1,1,1,4),(0.,0.0015140988364634,0.0030281976729268,0.00454229650939019,0.00605639534585359,0.00757049418231699,0.00908459301878039,0.0105986918552438,0.0121127906917072),.UNSPECIFIED.);
#21=B_SPLINE_CURVE_WITH_KNOTS('',3,(#2982,#2983,#2984,#2985,#2986,#2987,#2988,#2989,#2990,#2991,#2992),.UNSPECIFIED.,.F.,.F.,(4,1,1,1,1,1,1,1,4),(0.,0.0015140988364634,0.0030281976729268,0.0045422965093902,0.0060563953458536,0.00757049418231701,0.00908459301878041,0.0105986918552438,0.0121127906917072),.UNSPECIFIED.);
#22=B_SPLINE_CURVE_WITH_KNOTS('',3,(#3003,#3004,#3005,#3006),.UNSPECIFIED.,.F.,.F.,(4,4),(0.000339085913824734,0.00127414442458514),.UNSPECIFIED.);
#23=B_SPLINE_CURVE_WITH_KNOTS('',3,(#3015,#3016,#3017,#3018),.UNSPECIFIED.,.F.,.F.,(4,4),(0.00564771500097926,0.00658316231593917),.UNSPECIFIED.);
#24=CONICAL_SURFACE('',#1940,0.0035,0.785398163397449);
#25=CONICAL_SURFACE('',#1941,0.0035,0.785398163397449);
#26=CONICAL_SURFACE('',#1942,0.0035,0.785398163397449);
#27=CONICAL_SURFACE('',#1943,0.0035,0.785398163397449);
#28=CONICAL_SURFACE('',#2020,0.0043,0.78539816339745);
#29=CONICAL_SURFACE('',#2021,0.0043,0.78539816339745);
#30=CONICAL_SURFACE('',#2024,0.0043,0.78539816339745);
#31=CONICAL_SURFACE('',#2025,0.0043,0.78539816339745);
#32=CYLINDRICAL_SURFACE('',#1877,0.0035);
#33=CYLINDRICAL_SURFACE('',#1880,0.0035);
#34=CYLINDRICAL_SURFACE('',#1883,0.0035);
#35=CYLINDRICAL_SURFACE('',#1886,0.0035);
#36=CYLINDRICAL_SURFACE('',#1912,0.0045);
#37=CYLINDRICAL_SURFACE('',#1913,0.0045);
#38=CYLINDRICAL_SURFACE('',#1914,0.0045);
#39=CYLINDRICAL_SURFACE('',#1915,0.0045);
#40=CYLINDRICAL_SURFACE('',#1916,0.002);
#41=CYLINDRICAL_SURFACE('',#1919,0.002);
#42=CYLINDRICAL_SURFACE('',#1922,0.002);
#43=CYLINDRICAL_SURFACE('',#1925,0.002);
#44=CYLINDRICAL_SURFACE('',#1944,0.005);
#45=CYLINDRICAL_SURFACE('',#1946,0.005);
#46=CYLINDRICAL_SURFACE('',#1948,0.005);
#47=CYLINDRICAL_SURFACE('',#1950,0.005);
#48=CYLINDRICAL_SURFACE('',#1974,0.0025);
#49=CYLINDRICAL_SURFACE('',#1977,0.0025);
#50=CYLINDRICAL_SURFACE('',#1983,0.0025);
#51=CYLINDRICAL_SURFACE('',#1987,0.0025);
#52=CYLINDRICAL_SURFACE('',#2011,0.007);
#53=CYLINDRICAL_SURFACE('',#2012,0.007);
#54=CYLINDRICAL_SURFACE('',#2014,0.0025);
#55=CYLINDRICAL_SURFACE('',#2015,0.0025);
#56=CYLINDRICAL_SURFACE('',#2016,0.0025);
#57=CYLINDRICAL_SURFACE('',#2017,0.0025);
#58=CIRCLE('',#1861,0.004);
#59=CIRCLE('',#1862,0.004);
#60=CIRCLE('',#1863,0.004);
#61=CIRCLE('',#1864,0.004);
#62=CIRCLE('',#1870,0.0045);
#63=CIRCLE('',#1871,0.0045);
#64=CIRCLE('',#1872,0.0045);
#65=CIRCLE('',#1873,0.0045);
#66=CIRCLE('',#1878,0.0035);
#67=CIRCLE('',#1879,0.0035);
#68=CIRCLE('',#1881,0.0035);
#69=CIRCLE('',#1882,0.0035);
#70=CIRCLE('',#1884,0.0035);
#71=CIRCLE('',#1885,0.0035);
#72=CIRCLE('',#1887,0.0035);
#73=CIRCLE('',#1888,0.0035);
#74=CIRCLE('',#1891,0.005);
#75=CIRCLE('',#1892,0.005);
#76=CIRCLE('',#1893,0.005);
#77=CIRCLE('',#1894,0.005);
#78=CIRCLE('',#1900,0.0043);
#79=CIRCLE('',#1901,0.0043);
#80=CIRCLE('',#1902,0.0043);
#81=CIRCLE('',#1903,0.0043);
#82=CIRCLE('',#1904,0.0045);
#83=CIRCLE('',#1905,0.0045);
#84=CIRCLE('',#1906,0.0045);
#85=CIRCLE('',#1907,0.0045);
#86=CIRCLE('',#1908,0.002);
#87=CIRCLE('',#1909,0.002);
#88=CIRCLE('',#1910,0.002);
#89=CIRCLE('',#1911,0.002);
#90=CIRCLE('',#1917,0.002);
#91=CIRCLE('',#1920,0.002);
#92=CIRCLE('',#1923,0.002);
#93=CIRCLE('',#1926,0.002);
#94=CIRCLE('',#1945,0.005);
#95=CIRCLE('',#1947,0.005);
#96=CIRCLE('',#1949,0.005);
#97=CIRCLE('',#1951,0.005);
#98=CIRCLE('',#1953,0.0025);
#99=CIRCLE('',#1954,0.0025);
#100=CIRCLE('',#1955,0.007);
#101=CIRCLE('',#1956,0.007);
#102=CIRCLE('',#1960,0.0025);
#103=CIRCLE('',#1961,0.0025);
#104=CIRCLE('',#1963,0.0025);
#105=CIRCLE('',#1964,0.0025);
#106=CIRCLE('',#1967,0.0025);
#107=CIRCLE('',#1968,0.0025);
#108=CIRCLE('',#1972,0.007);
#109=CIRCLE('',#1973,0.007);
#110=CIRCLE('',#1975,0.0025);
#111=CIRCLE('',#1976,0.0025);
#112=CIRCLE('',#1978,0.0025);
#113=CIRCLE('',#1979,0.0025);
#114=CIRCLE('',#1985,0.0025);
#115=CIRCLE('',#1989,0.0025);
#116=ORIENTED_EDGE('',*,*,#618,.F.);
#117=ORIENTED_EDGE('',*,*,#619,.T.);
#118=ORIENTED_EDGE('',*,*,#620,.T.);
#119=ORIENTED_EDGE('',*,*,#621,.F.);
#120=ORIENTED_EDGE('',*,*,#622,.F.);
#121=ORIENTED_EDGE('',*,*,#623,.T.);
#122=ORIENTED_EDGE('',*,*,#624,.T.);
#123=ORIENTED_EDGE('',*,*,#625,.F.);
#124=ORIENTED_EDGE('',*,*,#626,.F.);
#125=ORIENTED_EDGE('',*,*,#627,.T.);
#126=ORIENTED_EDGE('',*,*,#628,.T.);
#127=ORIENTED_EDGE('',*,*,#629,.F.);
#128=ORIENTED_EDGE('',*,*,#630,.F.);
#129=ORIENTED_EDGE('',*,*,#631,.T.);
#130=ORIENTED_EDGE('',*,*,#632,.T.);
#131=ORIENTED_EDGE('',*,*,#633,.T.);
#132=ORIENTED_EDGE('',*,*,#634,.T.);
#133=ORIENTED_EDGE('',*,*,#635,.F.);
#134=ORIENTED_EDGE('',*,*,#636,.F.);
#135=ORIENTED_EDGE('',*,*,#637,.T.);
#136=ORIENTED_EDGE('',*,*,#638,.T.);
#137=ORIENTED_EDGE('',*,*,#639,.T.);
#138=ORIENTED_EDGE('',*,*,#640,.F.);
#139=ORIENTED_EDGE('',*,*,#641,.T.);
#140=ORIENTED_EDGE('',*,*,#642,.T.);
#141=ORIENTED_EDGE('',*,*,#643,.T.);
#142=ORIENTED_EDGE('',*,*,#644,.T.);
#143=ORIENTED_EDGE('',*,*,#645,.T.);
#144=ORIENTED_EDGE('',*,*,#646,.T.);
#145=ORIENTED_EDGE('',*,*,#647,.T.);
#146=ORIENTED_EDGE('',*,*,#648,.T.);
#147=ORIENTED_EDGE('',*,*,#649,.T.);
#148=ORIENTED_EDGE('',*,*,#650,.F.);
#149=ORIENTED_EDGE('',*,*,#651,.T.);
#150=ORIENTED_EDGE('',*,*,#652,.T.);
#151=ORIENTED_EDGE('',*,*,#653,.F.);
#152=ORIENTED_EDGE('',*,*,#654,.F.);
#153=ORIENTED_EDGE('',*,*,#655,.T.);
#154=ORIENTED_EDGE('',*,*,#656,.T.);
#155=ORIENTED_EDGE('',*,*,#657,.F.);
#156=ORIENTED_EDGE('',*,*,#658,.F.);
#157=ORIENTED_EDGE('',*,*,#659,.T.);
#158=ORIENTED_EDGE('',*,*,#660,.T.);
#159=ORIENTED_EDGE('',*,*,#661,.F.);
#160=ORIENTED_EDGE('',*,*,#662,.F.);
#161=ORIENTED_EDGE('',*,*,#663,.F.);
#162=ORIENTED_EDGE('',*,*,#664,.T.);
#163=ORIENTED_EDGE('',*,*,#665,.T.);
#164=ORIENTED_EDGE('',*,*,#666,.F.);
#165=ORIENTED_EDGE('',*,*,#667,.T.);
#166=ORIENTED_EDGE('',*,*,#668,.T.);
#167=ORIENTED_EDGE('',*,*,#669,.F.);
#168=ORIENTED_EDGE('',*,*,#652,.F.);
#169=ORIENTED_EDGE('',*,*,#670,.T.);
#170=ORIENTED_EDGE('',*,*,#657,.T.);
#171=ORIENTED_EDGE('',*,*,#671,.T.);
#172=ORIENTED_EDGE('',*,*,#661,.T.);
#173=ORIENTED_EDGE('',*,*,#672,.T.);
#174=ORIENTED_EDGE('',*,*,#665,.F.);
#175=ORIENTED_EDGE('',*,*,#673,.T.);
#176=ORIENTED_EDGE('',*,*,#674,.T.);
#177=ORIENTED_EDGE('',*,*,#675,.T.);
#178=ORIENTED_EDGE('',*,*,#676,.F.);
#179=ORIENTED_EDGE('',*,*,#677,.T.);
#180=ORIENTED_EDGE('',*,*,#678,.T.);
#181=ORIENTED_EDGE('',*,*,#679,.T.);
#182=ORIENTED_EDGE('',*,*,#680,.T.);
#183=ORIENTED_EDGE('',*,*,#681,.T.);
#184=ORIENTED_EDGE('',*,*,#682,.T.);
#185=ORIENTED_EDGE('',*,*,#683,.T.);
#186=ORIENTED_EDGE('',*,*,#684,.T.);
#187=ORIENTED_EDGE('',*,*,#685,.T.);
#188=ORIENTED_EDGE('',*,*,#686,.T.);
#189=ORIENTED_EDGE('',*,*,#687,.F.);
#190=ORIENTED_EDGE('',*,*,#688,.T.);
#191=ORIENTED_EDGE('',*,*,#689,.F.);
#192=ORIENTED_EDGE('',*,*,#690,.T.);
#193=ORIENTED_EDGE('',*,*,#691,.F.);
#194=ORIENTED_EDGE('',*,*,#692,.T.);
#195=ORIENTED_EDGE('',*,*,#693,.F.);
#196=ORIENTED_EDGE('',*,*,#694,.T.);
#197=ORIENTED_EDGE('',*,*,#695,.T.);
#198=ORIENTED_EDGE('',*,*,#696,.F.);
#199=ORIENTED_EDGE('',*,*,#697,.T.);
#200=ORIENTED_EDGE('',*,*,#698,.F.);
#201=ORIENTED_EDGE('',*,*,#699,.T.);
#202=ORIENTED_EDGE('',*,*,#700,.T.);
#203=ORIENTED_EDGE('',*,*,#701,.T.);
#204=ORIENTED_EDGE('',*,*,#702,.T.);
#205=ORIENTED_EDGE('',*,*,#703,.T.);
#206=ORIENTED_EDGE('',*,*,#704,.F.);
#207=ORIENTED_EDGE('',*,*,#705,.T.);
#208=ORIENTED_EDGE('',*,*,#696,.T.);
#209=ORIENTED_EDGE('',*,*,#706,.T.);
#210=ORIENTED_EDGE('',*,*,#682,.F.);
#211=ORIENTED_EDGE('',*,*,#707,.T.);
#212=ORIENTED_EDGE('',*,*,#678,.F.);
#213=ORIENTED_EDGE('',*,*,#708,.T.);
#214=ORIENTED_EDGE('',*,*,#676,.T.);
#215=ORIENTED_EDGE('',*,*,#709,.T.);
#216=ORIENTED_EDGE('',*,*,#710,.T.);
#217=ORIENTED_EDGE('',*,*,#711,.T.);
#218=ORIENTED_EDGE('',*,*,#712,.T.);
#219=ORIENTED_EDGE('',*,*,#700,.F.);
#220=ORIENTED_EDGE('',*,*,#713,.T.);
#221=ORIENTED_EDGE('',*,*,#714,.T.);
#222=ORIENTED_EDGE('',*,*,#715,.T.);
#223=ORIENTED_EDGE('',*,*,#702,.F.);
#224=ORIENTED_EDGE('',*,*,#716,.T.);
#225=ORIENTED_EDGE('',*,*,#717,.T.);
#226=ORIENTED_EDGE('',*,*,#718,.T.);
#227=ORIENTED_EDGE('',*,*,#704,.T.);
#228=ORIENTED_EDGE('',*,*,#719,.T.);
#229=ORIENTED_EDGE('',*,*,#720,.T.);
#230=ORIENTED_EDGE('',*,*,#721,.T.);
#231=ORIENTED_EDGE('',*,*,#698,.T.);
#232=ORIENTED_EDGE('',*,*,#722,.T.);
#233=ORIENTED_EDGE('',*,*,#723,.T.);
#234=ORIENTED_EDGE('',*,*,#724,.T.);
#235=ORIENTED_EDGE('',*,*,#725,.T.);
#236=ORIENTED_EDGE('',*,*,#726,.T.);
#237=ORIENTED_EDGE('',*,*,#727,.T.);
#238=ORIENTED_EDGE('',*,*,#728,.T.);
#239=ORIENTED_EDGE('',*,*,#729,.T.);
#240=ORIENTED_EDGE('',*,*,#730,.F.);
#241=ORIENTED_EDGE('',*,*,#650,.T.);
#242=ORIENTED_EDGE('',*,*,#731,.F.);
#243=ORIENTED_EDGE('',*,*,#663,.T.);
#244=ORIENTED_EDGE('',*,*,#732,.F.);
#245=ORIENTED_EDGE('',*,*,#659,.F.);
#246=ORIENTED_EDGE('',*,*,#733,.F.);
#247=ORIENTED_EDGE('',*,*,#655,.F.);
#248=ORIENTED_EDGE('',*,*,#734,.T.);
#249=ORIENTED_EDGE('',*,*,#735,.T.);
#250=ORIENTED_EDGE('',*,*,#736,.T.);
#251=ORIENTED_EDGE('',*,*,#737,.T.);
#252=ORIENTED_EDGE('',*,*,#673,.F.);
#253=ORIENTED_EDGE('',*,*,#664,.F.);
#254=ORIENTED_EDGE('',*,*,#731,.T.);
#255=ORIENTED_EDGE('',*,*,#653,.T.);
#256=ORIENTED_EDGE('',*,*,#672,.F.);
#257=ORIENTED_EDGE('',*,*,#660,.F.);
#258=ORIENTED_EDGE('',*,*,#732,.T.);
#259=ORIENTED_EDGE('',*,*,#662,.T.);
#260=ORIENTED_EDGE('',*,*,#671,.F.);
#261=ORIENTED_EDGE('',*,*,#656,.F.);
#262=ORIENTED_EDGE('',*,*,#733,.T.);
#263=ORIENTED_EDGE('',*,*,#658,.T.);
#264=ORIENTED_EDGE('',*,*,#670,.F.);
#265=ORIENTED_EDGE('',*,*,#651,.F.);
#266=ORIENTED_EDGE('',*,*,#730,.T.);
#267=ORIENTED_EDGE('',*,*,#654,.T.);
#268=ORIENTED_EDGE('',*,*,#734,.F.);
#269=ORIENTED_EDGE('',*,*,#738,.T.);
#270=ORIENTED_EDGE('',*,*,#738,.F.);
#271=ORIENTED_EDGE('',*,*,#693,.T.);
#272=ORIENTED_EDGE('',*,*,#735,.F.);
#273=ORIENTED_EDGE('',*,*,#739,.T.);
#274=ORIENTED_EDGE('',*,*,#739,.F.);
#275=ORIENTED_EDGE('',*,*,#691,.T.);
#276=ORIENTED_EDGE('',*,*,#736,.F.);
#277=ORIENTED_EDGE('',*,*,#740,.T.);
#278=ORIENTED_EDGE('',*,*,#740,.F.);
#279=ORIENTED_EDGE('',*,*,#689,.T.);
#280=ORIENTED_EDGE('',*,*,#737,.F.);
#281=ORIENTED_EDGE('',*,*,#741,.T.);
#282=ORIENTED_EDGE('',*,*,#741,.F.);
#283=ORIENTED_EDGE('',*,*,#687,.T.);
#284=ORIENTED_EDGE('',*,*,#708,.F.);
#285=ORIENTED_EDGE('',*,*,#681,.F.);
#286=ORIENTED_EDGE('',*,*,#742,.F.);
#287=ORIENTED_EDGE('',*,*,#677,.F.);
#288=ORIENTED_EDGE('',*,*,#743,.F.);
#289=ORIENTED_EDGE('',*,*,#674,.F.);
#290=ORIENTED_EDGE('',*,*,#744,.F.);
#291=ORIENTED_EDGE('',*,*,#644,.F.);
#292=ORIENTED_EDGE('',*,*,#709,.F.);
#293=ORIENTED_EDGE('',*,*,#675,.F.);
#294=ORIENTED_EDGE('',*,*,#745,.F.);
#295=ORIENTED_EDGE('',*,*,#697,.F.);
#296=ORIENTED_EDGE('',*,*,#744,.T.);
#297=ORIENTED_EDGE('',*,*,#742,.T.);
#298=ORIENTED_EDGE('',*,*,#746,.F.);
#299=ORIENTED_EDGE('',*,*,#745,.T.);
#300=ORIENTED_EDGE('',*,*,#743,.T.);
#301=ORIENTED_EDGE('',*,*,#747,.F.);
#302=ORIENTED_EDGE('',*,*,#707,.F.);
#303=ORIENTED_EDGE('',*,*,#685,.F.);
#304=ORIENTED_EDGE('',*,*,#748,.F.);
#305=ORIENTED_EDGE('',*,*,#679,.F.);
#306=ORIENTED_EDGE('',*,*,#746,.T.);
#307=ORIENTED_EDGE('',*,*,#680,.F.);
#308=ORIENTED_EDGE('',*,*,#749,.F.);
#309=ORIENTED_EDGE('',*,*,#645,.F.);
#310=ORIENTED_EDGE('',*,*,#747,.T.);
#311=ORIENTED_EDGE('',*,*,#643,.F.);
#312=ORIENTED_EDGE('',*,*,#750,.F.);
#313=ORIENTED_EDGE('',*,*,#694,.F.);
#314=ORIENTED_EDGE('',*,*,#706,.F.);
#315=ORIENTED_EDGE('',*,*,#695,.F.);
#316=ORIENTED_EDGE('',*,*,#751,.F.);
#317=ORIENTED_EDGE('',*,*,#683,.F.);
#318=ORIENTED_EDGE('',*,*,#749,.T.);
#319=ORIENTED_EDGE('',*,*,#748,.T.);
#320=ORIENTED_EDGE('',*,*,#752,.F.);
#321=ORIENTED_EDGE('',*,*,#751,.T.);
#322=ORIENTED_EDGE('',*,*,#750,.T.);
#323=ORIENTED_EDGE('',*,*,#753,.F.);
#324=ORIENTED_EDGE('',*,*,#752,.T.);
#325=ORIENTED_EDGE('',*,*,#684,.F.);
#326=ORIENTED_EDGE('',*,*,#753,.T.);
#327=ORIENTED_EDGE('',*,*,#642,.F.);
#328=ORIENTED_EDGE('',*,*,#649,.F.);
#329=ORIENTED_EDGE('',*,*,#692,.F.);
#330=ORIENTED_EDGE('',*,*,#648,.F.);
#331=ORIENTED_EDGE('',*,*,#690,.F.);
#332=ORIENTED_EDGE('',*,*,#647,.F.);
#333=ORIENTED_EDGE('',*,*,#688,.F.);
#334=ORIENTED_EDGE('',*,*,#646,.F.);
#335=ORIENTED_EDGE('',*,*,#686,.F.);
#336=ORIENTED_EDGE('',*,*,#718,.F.);
#337=ORIENTED_EDGE('',*,*,#754,.T.);
#338=ORIENTED_EDGE('',*,*,#719,.F.);
#339=ORIENTED_EDGE('',*,*,#705,.F.);
#340=ORIENTED_EDGE('',*,*,#721,.F.);
#341=ORIENTED_EDGE('',*,*,#755,.T.);
#342=ORIENTED_EDGE('',*,*,#710,.F.);
#343=ORIENTED_EDGE('',*,*,#699,.F.);
#344=ORIENTED_EDGE('',*,*,#712,.F.);
#345=ORIENTED_EDGE('',*,*,#756,.T.);
#346=ORIENTED_EDGE('',*,*,#713,.F.);
#347=ORIENTED_EDGE('',*,*,#701,.F.);
#348=ORIENTED_EDGE('',*,*,#715,.F.);
#349=ORIENTED_EDGE('',*,*,#757,.T.);
#350=ORIENTED_EDGE('',*,*,#716,.F.);
#351=ORIENTED_EDGE('',*,*,#703,.F.);
#352=ORIENTED_EDGE('',*,*,#758,.F.);
#353=ORIENTED_EDGE('',*,*,#636,.T.);
#354=ORIENTED_EDGE('',*,*,#759,.F.);
#355=ORIENTED_EDGE('',*,*,#760,.T.);
#356=ORIENTED_EDGE('',*,*,#761,.F.);
#357=ORIENTED_EDGE('',*,*,#762,.T.);
#358=ORIENTED_EDGE('',*,*,#763,.F.);
#359=ORIENTED_EDGE('',*,*,#667,.F.);
#360=ORIENTED_EDGE('',*,*,#764,.T.);
#361=ORIENTED_EDGE('',*,*,#765,.T.);
#362=ORIENTED_EDGE('',*,*,#763,.T.);
#363=ORIENTED_EDGE('',*,*,#766,.T.);
#364=ORIENTED_EDGE('',*,*,#767,.F.);
#365=ORIENTED_EDGE('',*,*,#768,.T.);
#366=ORIENTED_EDGE('',*,*,#618,.T.);
#367=ORIENTED_EDGE('',*,*,#769,.F.);
#368=ORIENTED_EDGE('',*,*,#623,.F.);
#369=ORIENTED_EDGE('',*,*,#770,.T.);
#370=ORIENTED_EDGE('',*,*,#771,.T.);
#371=ORIENTED_EDGE('',*,*,#772,.T.);
#372=ORIENTED_EDGE('',*,*,#773,.F.);
#373=ORIENTED_EDGE('',*,*,#774,.T.);
#374=ORIENTED_EDGE('',*,*,#775,.F.);
#375=ORIENTED_EDGE('',*,*,#668,.F.);
#376=ORIENTED_EDGE('',*,*,#776,.T.);
#377=ORIENTED_EDGE('',*,*,#777,.T.);
#378=ORIENTED_EDGE('',*,*,#764,.F.);
#379=ORIENTED_EDGE('',*,*,#666,.T.);
#380=ORIENTED_EDGE('',*,*,#778,.T.);
#381=ORIENTED_EDGE('',*,*,#779,.T.);
#382=ORIENTED_EDGE('',*,*,#780,.T.);
#383=ORIENTED_EDGE('',*,*,#781,.F.);
#384=ORIENTED_EDGE('',*,*,#782,.T.);
#385=ORIENTED_EDGE('',*,*,#783,.F.);
#386=ORIENTED_EDGE('',*,*,#625,.T.);
#387=ORIENTED_EDGE('',*,*,#784,.T.);
#388=ORIENTED_EDGE('',*,*,#620,.F.);
#389=ORIENTED_EDGE('',*,*,#785,.F.);
#390=ORIENTED_EDGE('',*,*,#628,.F.);
#391=ORIENTED_EDGE('',*,*,#786,.T.);
#392=ORIENTED_EDGE('',*,*,#787,.T.);
#393=ORIENTED_EDGE('',*,*,#778,.F.);
#394=ORIENTED_EDGE('',*,*,#669,.T.);
#395=ORIENTED_EDGE('',*,*,#775,.T.);
#396=ORIENTED_EDGE('',*,*,#788,.T.);
#397=ORIENTED_EDGE('',*,*,#789,.T.);
#398=ORIENTED_EDGE('',*,*,#790,.F.);
#399=ORIENTED_EDGE('',*,*,#791,.T.);
#400=ORIENTED_EDGE('',*,*,#792,.F.);
#401=ORIENTED_EDGE('',*,*,#634,.F.);
#402=ORIENTED_EDGE('',*,*,#793,.T.);
#403=ORIENTED_EDGE('',*,*,#794,.T.);
#404=ORIENTED_EDGE('',*,*,#795,.T.);
#405=ORIENTED_EDGE('',*,*,#638,.F.);
#406=ORIENTED_EDGE('',*,*,#632,.F.);
#407=ORIENTED_EDGE('',*,*,#796,.T.);
#408=ORIENTED_EDGE('',*,*,#797,.T.);
#409=ORIENTED_EDGE('',*,*,#798,.T.);
#410=ORIENTED_EDGE('',*,*,#799,.F.);
#411=ORIENTED_EDGE('',*,*,#800,.T.);
#412=ORIENTED_EDGE('',*,*,#626,.T.);
#413=ORIENTED_EDGE('',*,*,#801,.T.);
#414=ORIENTED_EDGE('',*,*,#802,.T.);
#415=ORIENTED_EDGE('',*,*,#803,.T.);
#416=ORIENTED_EDGE('',*,*,#630,.T.);
#417=ORIENTED_EDGE('',*,*,#804,.T.);
#418=ORIENTED_EDGE('',*,*,#805,.T.);
#419=ORIENTED_EDGE('',*,*,#806,.T.);
#420=ORIENTED_EDGE('',*,*,#640,.T.);
#421=ORIENTED_EDGE('',*,*,#807,.T.);
#422=ORIENTED_EDGE('',*,*,#808,.T.);
#423=ORIENTED_EDGE('',*,*,#809,.T.);
#424=ORIENTED_EDGE('',*,*,#810,.T.);
#425=ORIENTED_EDGE('',*,*,#811,.T.);
#426=ORIENTED_EDGE('',*,*,#769,.T.);
#427=ORIENTED_EDGE('',*,*,#621,.T.);
#428=ORIENTED_EDGE('',*,*,#784,.F.);
#429=ORIENTED_EDGE('',*,*,#624,.F.);
#430=ORIENTED_EDGE('',*,*,#767,.T.);
#431=ORIENTED_EDGE('',*,*,#812,.T.);
#432=ORIENTED_EDGE('',*,*,#813,.T.);
#433=ORIENTED_EDGE('',*,*,#814,.T.);
#434=ORIENTED_EDGE('',*,*,#776,.F.);
#435=ORIENTED_EDGE('',*,*,#815,.F.);
#436=ORIENTED_EDGE('',*,*,#816,.T.);
#437=ORIENTED_EDGE('',*,*,#817,.F.);
#438=ORIENTED_EDGE('',*,*,#818,.T.);
#439=ORIENTED_EDGE('',*,*,#819,.T.);
#440=ORIENTED_EDGE('',*,*,#820,.F.);
#441=ORIENTED_EDGE('',*,*,#821,.T.);
#442=ORIENTED_EDGE('',*,*,#816,.F.);
#443=ORIENTED_EDGE('',*,*,#815,.T.);
#444=ORIENTED_EDGE('',*,*,#785,.T.);
#445=ORIENTED_EDGE('',*,*,#619,.F.);
#446=ORIENTED_EDGE('',*,*,#768,.F.);
#447=ORIENTED_EDGE('',*,*,#819,.F.);
#448=ORIENTED_EDGE('',*,*,#813,.F.);
#449=ORIENTED_EDGE('',*,*,#822,.T.);
#450=ORIENTED_EDGE('',*,*,#820,.T.);
#451=ORIENTED_EDGE('',*,*,#823,.T.);
#452=ORIENTED_EDGE('',*,*,#761,.T.);
#453=ORIENTED_EDGE('',*,*,#824,.T.);
#454=ORIENTED_EDGE('',*,*,#817,.T.);
#455=ORIENTED_EDGE('',*,*,#825,.T.);
#456=ORIENTED_EDGE('',*,*,#772,.F.);
#457=ORIENTED_EDGE('',*,*,#826,.T.);
#458=ORIENTED_EDGE('',*,*,#781,.T.);
#459=ORIENTED_EDGE('',*,*,#827,.F.);
#460=ORIENTED_EDGE('',*,*,#828,.F.);
#461=ORIENTED_EDGE('',*,*,#829,.F.);
#462=ORIENTED_EDGE('',*,*,#830,.T.);
#463=ORIENTED_EDGE('',*,*,#831,.T.);
#464=ORIENTED_EDGE('',*,*,#832,.F.);
#465=ORIENTED_EDGE('',*,*,#833,.F.);
#466=ORIENTED_EDGE('',*,*,#834,.T.);
#467=ORIENTED_EDGE('',*,*,#835,.T.);
#468=ORIENTED_EDGE('',*,*,#783,.T.);
#469=ORIENTED_EDGE('',*,*,#836,.T.);
#470=ORIENTED_EDGE('',*,*,#834,.F.);
#471=ORIENTED_EDGE('',*,*,#837,.T.);
#472=ORIENTED_EDGE('',*,*,#830,.F.);
#473=ORIENTED_EDGE('',*,*,#838,.T.);
#474=ORIENTED_EDGE('',*,*,#770,.F.);
#475=ORIENTED_EDGE('',*,*,#622,.T.);
#476=ORIENTED_EDGE('',*,*,#780,.F.);
#477=ORIENTED_EDGE('',*,*,#839,.T.);
#478=ORIENTED_EDGE('',*,*,#773,.T.);
#479=ORIENTED_EDGE('',*,*,#827,.T.);
#480=ORIENTED_EDGE('',*,*,#787,.F.);
#481=ORIENTED_EDGE('',*,*,#840,.T.);
#482=ORIENTED_EDGE('',*,*,#833,.T.);
#483=ORIENTED_EDGE('',*,*,#841,.T.);
#484=ORIENTED_EDGE('',*,*,#842,.F.);
#485=ORIENTED_EDGE('',*,*,#843,.T.);
#486=ORIENTED_EDGE('',*,*,#829,.T.);
#487=ORIENTED_EDGE('',*,*,#844,.T.);
#488=ORIENTED_EDGE('',*,*,#788,.F.);
#489=ORIENTED_EDGE('',*,*,#774,.F.);
#490=ORIENTED_EDGE('',*,*,#839,.F.);
#491=ORIENTED_EDGE('',*,*,#779,.F.);
#492=ORIENTED_EDGE('',*,*,#631,.F.);
#493=ORIENTED_EDGE('',*,*,#803,.F.);
#494=ORIENTED_EDGE('',*,*,#845,.F.);
#495=ORIENTED_EDGE('',*,*,#796,.F.);
#496=ORIENTED_EDGE('',*,*,#846,.F.);
#497=ORIENTED_EDGE('',*,*,#797,.F.);
#498=ORIENTED_EDGE('',*,*,#847,.F.);
#499=ORIENTED_EDGE('',*,*,#811,.F.);
#500=ORIENTED_EDGE('',*,*,#633,.F.);
#501=ORIENTED_EDGE('',*,*,#798,.F.);
#502=ORIENTED_EDGE('',*,*,#848,.F.);
#503=ORIENTED_EDGE('',*,*,#793,.F.);
#504=ORIENTED_EDGE('',*,*,#847,.T.);
#505=ORIENTED_EDGE('',*,*,#845,.T.);
#506=ORIENTED_EDGE('',*,*,#849,.F.);
#507=ORIENTED_EDGE('',*,*,#848,.T.);
#508=ORIENTED_EDGE('',*,*,#846,.T.);
#509=ORIENTED_EDGE('',*,*,#850,.F.);
#510=ORIENTED_EDGE('',*,*,#641,.F.);
#511=ORIENTED_EDGE('',*,*,#806,.F.);
#512=ORIENTED_EDGE('',*,*,#851,.F.);
#513=ORIENTED_EDGE('',*,*,#801,.F.);
#514=ORIENTED_EDGE('',*,*,#849,.T.);
#515=ORIENTED_EDGE('',*,*,#802,.F.);
#516=ORIENTED_EDGE('',*,*,#852,.F.);
#517=ORIENTED_EDGE('',*,*,#808,.F.);
#518=ORIENTED_EDGE('',*,*,#850,.T.);
#519=ORIENTED_EDGE('',*,*,#810,.F.);
#520=ORIENTED_EDGE('',*,*,#853,.F.);
#521=ORIENTED_EDGE('',*,*,#794,.F.);
#522=ORIENTED_EDGE('',*,*,#639,.F.);
#523=ORIENTED_EDGE('',*,*,#795,.F.);
#524=ORIENTED_EDGE('',*,*,#854,.F.);
#525=ORIENTED_EDGE('',*,*,#807,.F.);
#526=ORIENTED_EDGE('',*,*,#852,.T.);
#527=ORIENTED_EDGE('',*,*,#851,.T.);
#528=ORIENTED_EDGE('',*,*,#855,.F.);
#529=ORIENTED_EDGE('',*,*,#854,.T.);
#530=ORIENTED_EDGE('',*,*,#853,.T.);
#531=ORIENTED_EDGE('',*,*,#856,.F.);
#532=ORIENTED_EDGE('',*,*,#855,.T.);
#533=ORIENTED_EDGE('',*,*,#805,.F.);
#534=ORIENTED_EDGE('',*,*,#856,.T.);
#535=ORIENTED_EDGE('',*,*,#809,.F.);
#536=ORIENTED_EDGE('',*,*,#835,.F.);
#537=ORIENTED_EDGE('',*,*,#836,.F.);
#538=ORIENTED_EDGE('',*,*,#782,.F.);
#539=ORIENTED_EDGE('',*,*,#826,.F.);
#540=ORIENTED_EDGE('',*,*,#771,.F.);
#541=ORIENTED_EDGE('',*,*,#838,.F.);
#542=ORIENTED_EDGE('',*,*,#831,.F.);
#543=ORIENTED_EDGE('',*,*,#837,.F.);
#544=ORIENTED_EDGE('',*,*,#812,.F.);
#545=ORIENTED_EDGE('',*,*,#766,.F.);
#546=ORIENTED_EDGE('',*,*,#762,.F.);
#547=ORIENTED_EDGE('',*,*,#823,.F.);
#548=ORIENTED_EDGE('',*,*,#821,.F.);
#549=ORIENTED_EDGE('',*,*,#822,.F.);
#550=ORIENTED_EDGE('',*,*,#818,.F.);
#551=ORIENTED_EDGE('',*,*,#824,.F.);
#552=ORIENTED_EDGE('',*,*,#765,.F.);
#553=ORIENTED_EDGE('',*,*,#777,.F.);
#554=ORIENTED_EDGE('',*,*,#814,.F.);
#555=ORIENTED_EDGE('',*,*,#825,.F.);
#556=ORIENTED_EDGE('',*,*,#799,.T.);
#557=ORIENTED_EDGE('',*,*,#857,.T.);
#558=ORIENTED_EDGE('',*,*,#842,.T.);
#559=ORIENTED_EDGE('',*,*,#858,.F.);
#560=ORIENTED_EDGE('',*,*,#629,.T.);
#561=ORIENTED_EDGE('',*,*,#789,.F.);
#562=ORIENTED_EDGE('',*,*,#844,.F.);
#563=ORIENTED_EDGE('',*,*,#828,.T.);
#564=ORIENTED_EDGE('',*,*,#843,.F.);
#565=ORIENTED_EDGE('',*,*,#857,.F.);
#566=ORIENTED_EDGE('',*,*,#804,.F.);
#567=ORIENTED_EDGE('',*,*,#858,.T.);
#568=ORIENTED_EDGE('',*,*,#841,.F.);
#569=ORIENTED_EDGE('',*,*,#832,.T.);
#570=ORIENTED_EDGE('',*,*,#840,.F.);
#571=ORIENTED_EDGE('',*,*,#786,.F.);
#572=ORIENTED_EDGE('',*,*,#627,.F.);
#573=ORIENTED_EDGE('',*,*,#800,.F.);
#574=ORIENTED_EDGE('',*,*,#758,.T.);
#575=ORIENTED_EDGE('',*,*,#859,.T.);
#576=ORIENTED_EDGE('',*,*,#790,.T.);
#577=ORIENTED_EDGE('',*,*,#637,.F.);
#578=ORIENTED_EDGE('',*,*,#759,.T.);
#579=ORIENTED_EDGE('',*,*,#635,.T.);
#580=ORIENTED_EDGE('',*,*,#792,.T.);
#581=ORIENTED_EDGE('',*,*,#860,.F.);
#582=ORIENTED_EDGE('',*,*,#860,.T.);
#583=ORIENTED_EDGE('',*,*,#791,.F.);
#584=ORIENTED_EDGE('',*,*,#859,.F.);
#585=ORIENTED_EDGE('',*,*,#760,.F.);
#586=ORIENTED_EDGE('',*,*,#861,.F.);
#587=ORIENTED_EDGE('',*,*,#727,.F.);
#588=ORIENTED_EDGE('',*,*,#862,.F.);
#589=ORIENTED_EDGE('',*,*,#717,.F.);
#590=ORIENTED_EDGE('',*,*,#862,.T.);
#591=ORIENTED_EDGE('',*,*,#726,.F.);
#592=ORIENTED_EDGE('',*,*,#863,.F.);
#593=ORIENTED_EDGE('',*,*,#754,.F.);
#594=ORIENTED_EDGE('',*,*,#861,.T.);
#595=ORIENTED_EDGE('',*,*,#757,.F.);
#596=ORIENTED_EDGE('',*,*,#864,.F.);
#597=ORIENTED_EDGE('',*,*,#728,.F.);
#598=ORIENTED_EDGE('',*,*,#863,.T.);
#599=ORIENTED_EDGE('',*,*,#725,.F.);
#600=ORIENTED_EDGE('',*,*,#865,.F.);
#601=ORIENTED_EDGE('',*,*,#720,.F.);
#602=ORIENTED_EDGE('',*,*,#864,.T.);
#603=ORIENTED_EDGE('',*,*,#714,.F.);
#604=ORIENTED_EDGE('',*,*,#866,.F.);
#605=ORIENTED_EDGE('',*,*,#729,.F.);
#606=ORIENTED_EDGE('',*,*,#865,.T.);
#607=ORIENTED_EDGE('',*,*,#724,.F.);
#608=ORIENTED_EDGE('',*,*,#867,.F.);
#609=ORIENTED_EDGE('',*,*,#755,.F.);
#610=ORIENTED_EDGE('',*,*,#866,.T.);
#611=ORIENTED_EDGE('',*,*,#756,.F.);
#612=ORIENTED_EDGE('',*,*,#868,.F.);
#613=ORIENTED_EDGE('',*,*,#722,.F.);
#614=ORIENTED_EDGE('',*,*,#867,.T.);
#615=ORIENTED_EDGE('',*,*,#723,.F.);
#616=ORIENTED_EDGE('',*,*,#868,.T.);
#617=ORIENTED_EDGE('',*,*,#711,.F.);
#618=EDGE_CURVE('',#869,#870,#1033,.T.);
#619=EDGE_CURVE('',#869,#871,#1034,.T.);
#620=EDGE_CURVE('',#871,#872,#1035,.T.);
#621=EDGE_CURVE('',#870,#872,#1036,.T.);
#622=EDGE_CURVE('',#873,#874,#1037,.T.);
#623=EDGE_CURVE('',#873,#875,#1038,.T.);
#624=EDGE_CURVE('',#875,#876,#1039,.T.);
#625=EDGE_CURVE('',#874,#876,#1040,.T.);
#626=EDGE_CURVE('',#877,#878,#1041,.T.);
#627=EDGE_CURVE('',#877,#879,#1042,.T.);
#628=EDGE_CURVE('',#879,#880,#1043,.T.);
#629=EDGE_CURVE('',#881,#880,#1044,.T.);
#630=EDGE_CURVE('',#882,#881,#1045,.T.);
#631=EDGE_CURVE('',#882,#883,#1046,.T.);
#632=EDGE_CURVE('',#883,#884,#1047,.T.);
#633=EDGE_CURVE('',#884,#885,#1048,.F.);
#634=EDGE_CURVE('',#885,#886,#1049,.T.);
#635=EDGE_CURVE('',#887,#886,#1050,.T.);
#636=EDGE_CURVE('',#888,#887,#1051,.T.);
#637=EDGE_CURVE('',#888,#889,#1052,.T.);
#638=EDGE_CURVE('',#889,#890,#1053,.T.);
#639=EDGE_CURVE('',#890,#891,#1054,.T.);
#640=EDGE_CURVE('',#892,#891,#1055,.T.);
#641=EDGE_CURVE('',#892,#878,#1056,.F.);
#642=EDGE_CURVE('',#893,#894,#1057,.T.);
#643=EDGE_CURVE('',#894,#895,#1058,.T.);
#644=EDGE_CURVE('',#895,#896,#1059,.T.);
#645=EDGE_CURVE('',#896,#893,#1060,.T.);
#646=EDGE_CURVE('',#897,#897,#58,.F.);
#647=EDGE_CURVE('',#898,#898,#59,.F.);
#648=EDGE_CURVE('',#899,#899,#60,.F.);
#649=EDGE_CURVE('',#900,#900,#61,.F.);
#650=EDGE_CURVE('',#901,#902,#1061,.T.);
#651=EDGE_CURVE('',#901,#903,#1062,.T.);
#652=EDGE_CURVE('',#903,#904,#1063,.T.);
#653=EDGE_CURVE('',#902,#904,#1064,.T.);
#654=EDGE_CURVE('',#905,#906,#1065,.T.);
#655=EDGE_CURVE('',#905,#907,#1066,.T.);
#656=EDGE_CURVE('',#907,#908,#1067,.T.);
#657=EDGE_CURVE('',#906,#908,#1068,.T.);
#658=EDGE_CURVE('',#909,#910,#1069,.T.);
#659=EDGE_CURVE('',#909,#911,#1070,.T.);
#660=EDGE_CURVE('',#911,#912,#1071,.T.);
#661=EDGE_CURVE('',#910,#912,#1072,.T.);
#662=EDGE_CURVE('',#913,#914,#1073,.T.);
#663=EDGE_CURVE('',#915,#913,#1074,.T.);
#664=EDGE_CURVE('',#915,#916,#1075,.T.);
#665=EDGE_CURVE('',#916,#914,#1076,.T.);
#666=EDGE_CURVE('',#917,#918,#1077,.T.);
#667=EDGE_CURVE('',#917,#919,#1078,.T.);
#668=EDGE_CURVE('',#919,#920,#1079,.T.);
#669=EDGE_CURVE('',#918,#920,#1080,.T.);
#670=EDGE_CURVE('',#903,#906,#62,.T.);
#671=EDGE_CURVE('',#908,#910,#63,.T.);
#672=EDGE_CURVE('',#912,#914,#64,.T.);
#673=EDGE_CURVE('',#916,#904,#65,.T.);
#674=EDGE_CURVE('',#921,#922,#1081,.T.);
#675=EDGE_CURVE('',#922,#923,#1082,.T.);
#676=EDGE_CURVE('',#924,#923,#1083,.T.);
#677=EDGE_CURVE('',#924,#921,#1084,.T.);
#678=EDGE_CURVE('',#925,#926,#1085,.T.);
#679=EDGE_CURVE('',#926,#927,#1086,.T.);
#680=EDGE_CURVE('',#927,#928,#1087,.T.);
#681=EDGE_CURVE('',#928,#925,#1088,.T.);
#682=EDGE_CURVE('',#929,#930,#1089,.T.);
#683=EDGE_CURVE('',#930,#931,#1090,.T.);
#684=EDGE_CURVE('',#931,#932,#1091,.T.);
#685=EDGE_CURVE('',#932,#929,#1092,.T.);
#686=EDGE_CURVE('',#933,#933,#66,.T.);
#687=EDGE_CURVE('',#934,#934,#67,.T.);
#688=EDGE_CURVE('',#935,#935,#68,.T.);
#689=EDGE_CURVE('',#936,#936,#69,.T.);
#690=EDGE_CURVE('',#937,#937,#70,.T.);
#691=EDGE_CURVE('',#938,#938,#71,.T.);
#692=EDGE_CURVE('',#939,#939,#72,.T.);
#693=EDGE_CURVE('',#940,#940,#73,.T.);
#694=EDGE_CURVE('',#941,#942,#1093,.T.);
#695=EDGE_CURVE('',#942,#943,#1094,.T.);
#696=EDGE_CURVE('',#944,#943,#1095,.T.);
#697=EDGE_CURVE('',#944,#941,#1096,.T.);
#698=EDGE_CURVE('',#945,#946,#1097,.T.);
#699=EDGE_CURVE('',#945,#947,#74,.T.);
#700=EDGE_CURVE('',#947,#948,#1098,.T.);
#701=EDGE_CURVE('',#948,#949,#75,.T.);
#702=EDGE_CURVE('',#949,#950,#1099,.T.);
#703=EDGE_CURVE('',#950,#951,#76,.T.);
#704=EDGE_CURVE('',#952,#951,#1100,.T.);
#705=EDGE_CURVE('',#952,#946,#77,.T.);
#706=EDGE_CURVE('',#943,#930,#1101,.T.);
#707=EDGE_CURVE('',#929,#926,#1102,.F.);
#708=EDGE_CURVE('',#925,#924,#1103,.T.);
#709=EDGE_CURVE('',#923,#944,#1104,.F.);
#710=EDGE_CURVE('',#947,#953,#1105,.F.);
#711=EDGE_CURVE('',#953,#954,#1106,.T.);
#712=EDGE_CURVE('',#954,#948,#1107,.T.);
#713=EDGE_CURVE('',#949,#955,#1108,.F.);
#714=EDGE_CURVE('',#955,#956,#1109,.T.);
#715=EDGE_CURVE('',#956,#950,#1110,.T.);
#716=EDGE_CURVE('',#951,#957,#1111,.F.);
#717=EDGE_CURVE('',#957,#958,#1112,.T.);
#718=EDGE_CURVE('',#958,#952,#1113,.T.);
#719=EDGE_CURVE('',#946,#959,#1114,.F.);
#720=EDGE_CURVE('',#959,#960,#1115,.T.);
#721=EDGE_CURVE('',#960,#945,#1116,.T.);
#722=EDGE_CURVE('',#961,#962,#78,.F.);
#723=EDGE_CURVE('',#962,#963,#1117,.T.);
#724=EDGE_CURVE('',#963,#964,#79,.F.);
#725=EDGE_CURVE('',#964,#965,#1118,.T.);
#726=EDGE_CURVE('',#965,#966,#80,.F.);
#727=EDGE_CURVE('',#966,#967,#1119,.T.);
#728=EDGE_CURVE('',#967,#968,#81,.F.);
#729=EDGE_CURVE('',#968,#961,#1120,.T.);
#730=EDGE_CURVE('',#901,#905,#82,.T.);
#731=EDGE_CURVE('',#915,#902,#83,.T.);
#732=EDGE_CURVE('',#911,#913,#84,.T.);
#733=EDGE_CURVE('',#907,#909,#85,.T.);
#734=EDGE_CURVE('',#969,#969,#86,.T.);
#735=EDGE_CURVE('',#970,#970,#87,.T.);
#736=EDGE_CURVE('',#971,#971,#88,.T.);
#737=EDGE_CURVE('',#972,#972,#89,.T.);
#738=EDGE_CURVE('',#973,#973,#90,.T.);
#739=EDGE_CURVE('',#974,#974,#91,.T.);
#740=EDGE_CURVE('',#975,#975,#92,.T.);
#741=EDGE_CURVE('',#976,#976,#93,.T.);
#742=EDGE_CURVE('',#921,#928,#1121,.T.);
#743=EDGE_CURVE('',#922,#895,#1122,.F.);
#744=EDGE_CURVE('',#896,#921,#1123,.F.);
#745=EDGE_CURVE('',#941,#922,#1124,.F.);
#746=EDGE_CURVE('',#896,#928,#1125,.F.);
#747=EDGE_CURVE('',#941,#895,#1126,.T.);
#748=EDGE_CURVE('',#927,#932,#1127,.F.);
#749=EDGE_CURVE('',#893,#927,#1128,.T.);
#750=EDGE_CURVE('',#942,#894,#1129,.F.);
#751=EDGE_CURVE('',#931,#942,#1130,.T.);
#752=EDGE_CURVE('',#893,#932,#1131,.F.);
#753=EDGE_CURVE('',#931,#894,#1132,.F.);
#754=EDGE_CURVE('',#958,#959,#94,.T.);
#755=EDGE_CURVE('',#960,#953,#95,.T.);
#756=EDGE_CURVE('',#954,#955,#96,.T.);
#757=EDGE_CURVE('',#956,#957,#97,.T.);
#758=EDGE_CURVE('',#888,#977,#98,.T.);
#759=EDGE_CURVE('',#978,#887,#99,.T.);
#760=EDGE_CURVE('',#978,#977,#1133,.T.);
#761=EDGE_CURVE('',#979,#980,#1134,.T.);
#762=EDGE_CURVE('',#979,#981,#100,.T.);
#763=EDGE_CURVE('',#919,#981,#1135,.T.);
#764=EDGE_CURVE('',#917,#982,#1136,.T.);
#765=EDGE_CURVE('',#982,#980,#101,.T.);
#766=EDGE_CURVE('',#981,#983,#1137,.F.);
#767=EDGE_CURVE('',#984,#983,#1138,.T.);
#768=EDGE_CURVE('',#984,#869,#1139,.T.);
#769=EDGE_CURVE('',#875,#870,#1140,.T.);
#770=EDGE_CURVE('',#873,#985,#1141,.T.);
#771=EDGE_CURVE('',#985,#986,#1142,.F.);
#772=EDGE_CURVE('',#986,#987,#1143,.T.);
#773=EDGE_CURVE('',#988,#987,#1144,.T.);
#774=EDGE_CURVE('',#988,#989,#1145,.F.);
#775=EDGE_CURVE('',#920,#989,#1146,.T.);
#776=EDGE_CURVE('',#990,#991,#1147,.T.);
#777=EDGE_CURVE('',#991,#982,#1148,.T.);
#778=EDGE_CURVE('',#918,#992,#1149,.T.);
#779=EDGE_CURVE('',#992,#993,#1150,.F.);
#780=EDGE_CURVE('',#993,#994,#1151,.T.);
#781=EDGE_CURVE('',#995,#994,#1152,.T.);
#782=EDGE_CURVE('',#995,#996,#1153,.F.);
#783=EDGE_CURVE('',#874,#996,#1154,.T.);
#784=EDGE_CURVE('',#876,#872,#1155,.T.);
#785=EDGE_CURVE('',#990,#871,#1156,.T.);
#786=EDGE_CURVE('',#879,#997,#102,.T.);
#787=EDGE_CURVE('',#997,#992,#1157,.T.);
#788=EDGE_CURVE('',#989,#998,#1158,.T.);
#789=EDGE_CURVE('',#998,#880,#103,.T.);
#790=EDGE_CURVE('',#999,#889,#104,.T.);
#791=EDGE_CURVE('',#999,#1000,#1159,.T.);
#792=EDGE_CURVE('',#886,#1000,#105,.T.);
#793=EDGE_CURVE('',#885,#1001,#1160,.T.);
#794=EDGE_CURVE('',#1001,#1002,#1161,.T.);
#795=EDGE_CURVE('',#1002,#890,#1162,.T.);
#796=EDGE_CURVE('',#883,#1003,#1163,.T.);
#797=EDGE_CURVE('',#1003,#1004,#1164,.T.);
#798=EDGE_CURVE('',#1004,#884,#1165,.T.);
#799=EDGE_CURVE('',#1005,#1006,#1166,.T.);
#800=EDGE_CURVE('',#1005,#877,#106,.T.);
#801=EDGE_CURVE('',#878,#1007,#1167,.T.);
#802=EDGE_CURVE('',#1007,#1008,#1168,.T.);
#803=EDGE_CURVE('',#1008,#882,#1169,.T.);
#804=EDGE_CURVE('',#881,#1006,#107,.T.);
#805=EDGE_CURVE('',#1009,#1010,#1170,.T.);
#806=EDGE_CURVE('',#1010,#892,#1171,.T.);
#807=EDGE_CURVE('',#891,#1009,#1172,.T.);
#808=EDGE_CURVE('',#1011,#1012,#1173,.T.);
#809=EDGE_CURVE('',#1012,#1013,#1174,.T.);
#810=EDGE_CURVE('',#1013,#1014,#1175,.T.);
#811=EDGE_CURVE('',#1014,#1011,#1176,.T.);
#812=EDGE_CURVE('',#983,#1015,#108,.T.);
#813=EDGE_CURVE('',#1015,#1016,#1177,.T.);
#814=EDGE_CURVE('',#1016,#991,#109,.T.);
#815=EDGE_CURVE('',#984,#990,#1178,.T.);
#816=EDGE_CURVE('',#1017,#1017,#110,.T.);
#817=EDGE_CURVE('',#1018,#1019,#111,.T.);
#818=EDGE_CURVE('',#1018,#1019,#20,.T.);
#819=EDGE_CURVE('',#1020,#1020,#112,.T.);
#820=EDGE_CURVE('',#1021,#1022,#113,.T.);
#821=EDGE_CURVE('',#1021,#1022,#21,.T.);
#822=EDGE_CURVE('',#1015,#1021,#1179,.T.);
#823=EDGE_CURVE('',#1022,#979,#1180,.T.);
#824=EDGE_CURVE('',#980,#1018,#1181,.F.);
#825=EDGE_CURVE('',#1019,#1016,#1182,.F.);
#826=EDGE_CURVE('',#986,#995,#1183,.T.);
#827=EDGE_CURVE('',#987,#994,#1184,.T.);
#828=EDGE_CURVE('',#1023,#1024,#22,.T.);
#829=EDGE_CURVE('',#1024,#1023,#12,.F.);
#830=EDGE_CURVE('',#1025,#1026,#114,.T.);
#831=EDGE_CURVE('',#1026,#1025,#13,.F.);
#832=EDGE_CURVE('',#1027,#1028,#23,.T.);
#833=EDGE_CURVE('',#1028,#1027,#14,.F.);
#834=EDGE_CURVE('',#1029,#1030,#115,.T.);
#835=EDGE_CURVE('',#1030,#1029,#15,.F.);
#836=EDGE_CURVE('',#996,#1030,#1185,.T.);
#837=EDGE_CURVE('',#1029,#1026,#1186,.T.);
#838=EDGE_CURVE('',#1025,#985,#1187,.T.);
#839=EDGE_CURVE('',#993,#988,#1188,.T.);
#840=EDGE_CURVE('',#997,#1028,#16,.F.);
#841=EDGE_CURVE('',#1027,#1031,#17,.F.);
#842=EDGE_CURVE('',#1032,#1031,#1189,.F.);
#843=EDGE_CURVE('',#1032,#1024,#18,.F.);
#844=EDGE_CURVE('',#1023,#998,#19,.F.);
#845=EDGE_CURVE('',#1003,#1008,#1190,.T.);
#846=EDGE_CURVE('',#1004,#1014,#1191,.F.);
#847=EDGE_CURVE('',#1011,#1003,#1192,.F.);
#848=EDGE_CURVE('',#1001,#1004,#1193,.F.);
#849=EDGE_CURVE('',#1011,#1008,#1194,.F.);
#850=EDGE_CURVE('',#1001,#1014,#1195,.T.);
#851=EDGE_CURVE('',#1007,#1010,#1196,.F.);
#852=EDGE_CURVE('',#1012,#1007,#1197,.T.);
#853=EDGE_CURVE('',#1002,#1013,#1198,.F.);
#854=EDGE_CURVE('',#1009,#1002,#1199,.T.);
#855=EDGE_CURVE('',#1012,#1010,#1200,.F.);
#856=EDGE_CURVE('',#1009,#1013,#1201,.F.);
#857=EDGE_CURVE('',#1006,#1032,#1202,.T.);
#858=EDGE_CURVE('',#1005,#1031,#1203,.T.);
#859=EDGE_CURVE('',#977,#999,#1204,.T.);
#860=EDGE_CURVE('',#978,#1000,#1205,.T.);
#861=EDGE_CURVE('',#967,#957,#1206,.T.);
#862=EDGE_CURVE('',#958,#966,#1207,.T.);
#863=EDGE_CURVE('',#959,#965,#1208,.T.);
#864=EDGE_CURVE('',#968,#956,#1209,.T.);
#865=EDGE_CURVE('',#960,#964,#1210,.T.);
#866=EDGE_CURVE('',#961,#955,#1211,.T.);
#867=EDGE_CURVE('',#953,#963,#1212,.T.);
#868=EDGE_CURVE('',#962,#954,#1213,.T.);
#869=VERTEX_POINT('',#2551);
#870=VERTEX_POINT('',#2552);
#871=VERTEX_POINT('',#2554);
#872=VERTEX_POINT('',#2556);
#873=VERTEX_POINT('',#2560);
#874=VERTEX_POINT('',#2561);
#875=VERTEX_POINT('',#2563);
#876=VERTEX_POINT('',#2565);
#877=VERTEX_POINT('',#2569);
#878=VERTEX_POINT('',#2570);
#879=VERTEX_POINT('',#2572);
#880=VERTEX_POINT('',#2574);
#881=VERTEX_POINT('',#2576);
#882=VERTEX_POINT('',#2578);
#883=VERTEX_POINT('',#2580);
#884=VERTEX_POINT('',#2582);
#885=VERTEX_POINT('',#2584);
#886=VERTEX_POINT('',#2586);
#887=VERTEX_POINT('',#2588);
#888=VERTEX_POINT('',#2590);
#889=VERTEX_POINT('',#2592);
#890=VERTEX_POINT('',#2594);
#891=VERTEX_POINT('',#2596);
#892=VERTEX_POINT('',#2598);
#893=VERTEX_POINT('',#2601);
#894=VERTEX_POINT('',#2602);
#895=VERTEX_POINT('',#2604);
#896=VERTEX_POINT('',#2606);
#897=VERTEX_POINT('',#2609);
#898=VERTEX_POINT('',#2611);
#899=VERTEX_POINT('',#2613);
#900=VERTEX_POINT('',#2615);
#901=VERTEX_POINT('',#2618);
#902=VERTEX_POINT('',#2619);
#903=VERTEX_POINT('',#2621);
#904=VERTEX_POINT('',#2623);
#905=VERTEX_POINT('',#2627);
#906=VERTEX_POINT('',#2628);
#907=VERTEX_POINT('',#2630);
#908=VERTEX_POINT('',#2632);
#909=VERTEX_POINT('',#2636);
#910=VERTEX_POINT('',#2637);
#911=VERTEX_POINT('',#2639);
#912=VERTEX_POINT('',#2641);
#913=VERTEX_POINT('',#2645);
#914=VERTEX_POINT('',#2646);
#915=VERTEX_POINT('',#2648);
#916=VERTEX_POINT('',#2650);
#917=VERTEX_POINT('',#2654);
#918=VERTEX_POINT('',#2655);
#919=VERTEX_POINT('',#2657);
#920=VERTEX_POINT('',#2659);
#921=VERTEX_POINT('',#2667);
#922=VERTEX_POINT('',#2668);
#923=VERTEX_POINT('',#2670);
#924=VERTEX_POINT('',#2672);
#925=VERTEX_POINT('',#2676);
#926=VERTEX_POINT('',#2677);
#927=VERTEX_POINT('',#2679);
#928=VERTEX_POINT('',#2681);
#929=VERTEX_POINT('',#2685);
#930=VERTEX_POINT('',#2686);
#931=VERTEX_POINT('',#2688);
#932=VERTEX_POINT('',#2690);
#933=VERTEX_POINT('',#2694);
#934=VERTEX_POINT('',#2696);
#935=VERTEX_POINT('',#2699);
#936=VERTEX_POINT('',#2701);
#937=VERTEX_POINT('',#2704);
#938=VERTEX_POINT('',#2706);
#939=VERTEX_POINT('',#2709);
#940=VERTEX_POINT('',#2711);
#941=VERTEX_POINT('',#2714);
#942=VERTEX_POINT('',#2715);
#943=VERTEX_POINT('',#2717);
#944=VERTEX_POINT('',#2719);
#945=VERTEX_POINT('',#2723);
#946=VERTEX_POINT('',#2724);
#947=VERTEX_POINT('',#2726);
#948=VERTEX_POINT('',#2728);
#949=VERTEX_POINT('',#2730);
#950=VERTEX_POINT('',#2732);
#951=VERTEX_POINT('',#2734);
#952=VERTEX_POINT('',#2736);
#953=VERTEX_POINT('',#2744);
#954=VERTEX_POINT('',#2746);
#955=VERTEX_POINT('',#2750);
#956=VERTEX_POINT('',#2752);
#957=VERTEX_POINT('',#2756);
#958=VERTEX_POINT('',#2758);
#959=VERTEX_POINT('',#2762);
#960=VERTEX_POINT('',#2764);
#961=VERTEX_POINT('',#2768);
#962=VERTEX_POINT('',#2769);
#963=VERTEX_POINT('',#2771);
#964=VERTEX_POINT('',#2773);
#965=VERTEX_POINT('',#2775);
#966=VERTEX_POINT('',#2777);
#967=VERTEX_POINT('',#2779);
#968=VERTEX_POINT('',#2781);
#969=VERTEX_POINT('',#2788);
#970=VERTEX_POINT('',#2790);
#971=VERTEX_POINT('',#2792);
#972=VERTEX_POINT('',#2794);
#973=VERTEX_POINT('',#2801);
#974=VERTEX_POINT('',#2805);
#975=VERTEX_POINT('',#2809);
#976=VERTEX_POINT('',#2813);
#977=VERTEX_POINT('',#2853);
#978=VERTEX_POINT('',#2855);
#979=VERTEX_POINT('',#2858);
#980=VERTEX_POINT('',#2859);
#981=VERTEX_POINT('',#2861);
#982=VERTEX_POINT('',#2864);
#983=VERTEX_POINT('',#2868);
#984=VERTEX_POINT('',#2870);
#985=VERTEX_POINT('',#2874);
#986=VERTEX_POINT('',#2876);
#987=VERTEX_POINT('',#2878);
#988=VERTEX_POINT('',#2880);
#989=VERTEX_POINT('',#2882);
#990=VERTEX_POINT('',#2886);
#991=VERTEX_POINT('',#2887);
#992=VERTEX_POINT('',#2890);
#993=VERTEX_POINT('',#2892);
#994=VERTEX_POINT('',#2894);
#995=VERTEX_POINT('',#2896);
#996=VERTEX_POINT('',#2898);
#997=VERTEX_POINT('',#2904);
#998=VERTEX_POINT('',#2907);
#999=VERTEX_POINT('',#2911);
#1000=VERTEX_POINT('',#2913);
#1001=VERTEX_POINT('',#2916);
#1002=VERTEX_POINT('',#2918);
#1003=VERTEX_POINT('',#2922);
#1004=VERTEX_POINT('',#2924);
#1005=VERTEX_POINT('',#2928);
#1006=VERTEX_POINT('',#2929);
#1007=VERTEX_POINT('',#2932);
#1008=VERTEX_POINT('',#2934);
#1009=VERTEX_POINT('',#2939);
#1010=VERTEX_POINT('',#2940);
#1011=VERTEX_POINT('',#2945);
#1012=VERTEX_POINT('',#2946);
#1013=VERTEX_POINT('',#2948);
#1014=VERTEX_POINT('',#2950);
#1015=VERTEX_POINT('',#2954);
#1016=VERTEX_POINT('',#2956);
#1017=VERTEX_POINT('',#2961);
#1018=VERTEX_POINT('',#2963);
#1019=VERTEX_POINT('',#2964);
#1020=VERTEX_POINT('',#2978);
#1021=VERTEX_POINT('',#2980);
#1022=VERTEX_POINT('',#2981);
#1023=VERTEX_POINT('',#3007);
#1024=VERTEX_POINT('',#3008);
#1025=VERTEX_POINT('',#3011);
#1026=VERTEX_POINT('',#3012);
#1027=VERTEX_POINT('',#3019);
#1028=VERTEX_POINT('',#3020);
#1029=VERTEX_POINT('',#3023);
#1030=VERTEX_POINT('',#3024);
#1031=VERTEX_POINT('',#3035);
#1032=VERTEX_POINT('',#3037);
#1033=LINE('',#2550,#1214);
#1034=LINE('',#2553,#1215);
#1035=LINE('',#2555,#1216);
#1036=LINE('',#2557,#1217);
#1037=LINE('',#2559,#1218);
#1038=LINE('',#2562,#1219);
#1039=LINE('',#2564,#1220);
#1040=LINE('',#2566,#1221);
#1041=LINE('',#2568,#1222);
#1042=LINE('',#2571,#1223);
#1043=LINE('',#2573,#1224);
#1044=LINE('',#2575,#1225);
#1045=LINE('',#2577,#1226);
#1046=LINE('',#2579,#1227);
#1047=LINE('',#2581,#1228);
#1048=LINE('',#2583,#1229);
#1049=LINE('',#2585,#1230);
#1050=LINE('',#2587,#1231);
#1051=LINE('',#2589,#1232);
#1052=LINE('',#2591,#1233);
#1053=LINE('',#2593,#1234);
#1054=LINE('',#2595,#1235);
#1055=LINE('',#2597,#1236);
#1056=LINE('',#2599,#1237);
#1057=LINE('',#2600,#1238);
#1058=LINE('',#2603,#1239);
#1059=LINE('',#2605,#1240);
#1060=LINE('',#2607,#1241);
#1061=LINE('',#2617,#1242);
#1062=LINE('',#2620,#1243);
#1063=LINE('',#2622,#1244);
#1064=LINE('',#2624,#1245);
#1065=LINE('',#2626,#1246);
#1066=LINE('',#2629,#1247);
#1067=LINE('',#2631,#1248);
#1068=LINE('',#2633,#1249);
#1069=LINE('',#2635,#1250);
#1070=LINE('',#2638,#1251);
#1071=LINE('',#2640,#1252);
#1072=LINE('',#2642,#1253);
#1073=LINE('',#2644,#1254);
#1074=LINE('',#2647,#1255);
#1075=LINE('',#2649,#1256);
#1076=LINE('',#2651,#1257);
#1077=LINE('',#2653,#1258);
#1078=LINE('',#2656,#1259);
#1079=LINE('',#2658,#1260);
#1080=LINE('',#2660,#1261);
#1081=LINE('',#2666,#1262);
#1082=LINE('',#2669,#1263);
#1083=LINE('',#2671,#1264);
#1084=LINE('',#2673,#1265);
#1085=LINE('',#2675,#1266);
#1086=LINE('',#2678,#1267);
#1087=LINE('',#2680,#1268);
#1088=LINE('',#2682,#1269);
#1089=LINE('',#2684,#1270);
#1090=LINE('',#2687,#1271);
#1091=LINE('',#2689,#1272);
#1092=LINE('',#2691,#1273);
#1093=LINE('',#2713,#1274);
#1094=LINE('',#2716,#1275);
#1095=LINE('',#2718,#1276);
#1096=LINE('',#2720,#1277);
#1097=LINE('',#2722,#1278);
#1098=LINE('',#2727,#1279);
#1099=LINE('',#2731,#1280);
#1100=LINE('',#2735,#1281);
#1101=LINE('',#2738,#1282);
#1102=LINE('',#2739,#1283);
#1103=LINE('',#2740,#1284);
#1104=LINE('',#2741,#1285);
#1105=LINE('',#2743,#1286);
#1106=LINE('',#2745,#1287);
#1107=LINE('',#2747,#1288);
#1108=LINE('',#2749,#1289);
#1109=LINE('',#2751,#1290);
#1110=LINE('',#2753,#1291);
#1111=LINE('',#2755,#1292);
#1112=LINE('',#2757,#1293);
#1113=LINE('',#2759,#1294);
#1114=LINE('',#2761,#1295);
#1115=LINE('',#2763,#1296);
#1116=LINE('',#2765,#1297);
#1117=LINE('',#2770,#1298);
#1118=LINE('',#2774,#1299);
#1119=LINE('',#2778,#1300);
#1120=LINE('',#2782,#1301);
#1121=LINE('',#2816,#1302);
#1122=LINE('',#2818,#1303);
#1123=LINE('',#2819,#1304);
#1124=LINE('',#2821,#1305);
#1125=LINE('',#2823,#1306);
#1126=LINE('',#2825,#1307);
#1127=LINE('',#2827,#1308);
#1128=LINE('',#2829,#1309);
#1129=LINE('',#2831,#1310);
#1130=LINE('',#2833,#1311);
#1131=LINE('',#2835,#1312);
#1132=LINE('',#2837,#1313);
#1133=LINE('',#2856,#1314);
#1134=LINE('',#2857,#1315);
#1135=LINE('',#2862,#1316);
#1136=LINE('',#2863,#1317);
#1137=LINE('',#2867,#1318);
#1138=LINE('',#2869,#1319);
#1139=LINE('',#2871,#1320);
#1140=LINE('',#2872,#1321);
#1141=LINE('',#2873,#1322);
#1142=LINE('',#2875,#1323);
#1143=LINE('',#2877,#1324);
#1144=LINE('',#2879,#1325);
#1145=LINE('',#2881,#1326);
#1146=LINE('',#2883,#1327);
#1147=LINE('',#2885,#1328);
#1148=LINE('',#2888,#1329);
#1149=LINE('',#2889,#1330);
#1150=LINE('',#2891,#1331);
#1151=LINE('',#2893,#1332);
#1152=LINE('',#2895,#1333);
#1153=LINE('',#2897,#1334);
#1154=LINE('',#2899,#1335);
#1155=LINE('',#2900,#1336);
#1156=LINE('',#2901,#1337);
#1157=LINE('',#2905,#1338);
#1158=LINE('',#2906,#1339);
#1159=LINE('',#2912,#1340);
#1160=LINE('',#2915,#1341);
#1161=LINE('',#2917,#1342);
#1162=LINE('',#2919,#1343);
#1163=LINE('',#2921,#1344);
#1164=LINE('',#2923,#1345);
#1165=LINE('',#2925,#1346);
#1166=LINE('',#2927,#1347);
#1167=LINE('',#2931,#1348);
#1168=LINE('',#2933,#1349);
#1169=LINE('',#2935,#1350);
#1170=LINE('',#2938,#1351);
#1171=LINE('',#2941,#1352);
#1172=LINE('',#2942,#1353);
#1173=LINE('',#2944,#1354);
#1174=LINE('',#2947,#1355);
#1175=LINE('',#2949,#1356);
#1176=LINE('',#2951,#1357);
#1177=LINE('',#2955,#1358);
#1178=LINE('',#2958,#1359);
#1179=LINE('',#2995,#1360);
#1180=LINE('',#2996,#1361);
#1181=LINE('',#2997,#1362);
#1182=LINE('',#2998,#1363);
#1183=LINE('',#3000,#1364);
#1184=LINE('',#3001,#1365);
#1185=LINE('',#3027,#1366);
#1186=LINE('',#3028,#1367);
#1187=LINE('',#3029,#1368);
#1188=LINE('',#3031,#1369);
#1189=LINE('',#3036,#1370);
#1190=LINE('',#3041,#1371);
#1191=LINE('',#3043,#1372);
#1192=LINE('',#3044,#1373);
#1193=LINE('',#3046,#1374);
#1194=LINE('',#3048,#1375);
#1195=LINE('',#3050,#1376);
#1196=LINE('',#3052,#1377);
#1197=LINE('',#3054,#1378);
#1198=LINE('',#3056,#1379);
#1199=LINE('',#3058,#1380);
#1200=LINE('',#3060,#1381);
#1201=LINE('',#3062,#1382);
#1202=LINE('',#3068,#1383);
#1203=LINE('',#3069,#1384);
#1204=LINE('',#3073,#1385);
#1205=LINE('',#3075,#1386);
#1206=LINE('',#3078,#1387);
#1207=LINE('',#3079,#1388);
#1208=LINE('',#3081,#1389);
#1209=LINE('',#3083,#1390);
#1210=LINE('',#3085,#1391);
#1211=LINE('',#3087,#1392);
#1212=LINE('',#3089,#1393);
#1213=LINE('',#3091,#1394);
#1214=VECTOR('',#2031,1.);
#1215=VECTOR('',#2032,1.);
#1216=VECTOR('',#2033,1.);
#1217=VECTOR('',#2034,1.);
#1218=VECTOR('',#2037,1.);
#1219=VECTOR('',#2038,1.);
#1220=VECTOR('',#2039,1.);
#1221=VECTOR('',#2040,1.);
#1222=VECTOR('',#2043,1.);
#1223=VECTOR('',#2044,1.);
#1224=VECTOR('',#2045,1.);
#1225=VECTOR('',#2046,1.);
#1226=VECTOR('',#2047,1.);
#1227=VECTOR('',#2048,1.);
#1228=VECTOR('',#2049,1.);
#1229=VECTOR('',#2050,1.);
#1230=VECTOR('',#2051,1.);
#1231=VECTOR('',#2052,1.);
#1232=VECTOR('',#2053,1.);
#1233=VECTOR('',#2054,1.);
#1234=VECTOR('',#2055,1.);
#1235=VECTOR('',#2056,1.);
#1236=VECTOR('',#2057,1.);
#1237=VECTOR('',#2058,1.);
#1238=VECTOR('',#2059,1.);
#1239=VECTOR('',#2060,1.);
#1240=VECTOR('',#2061,1.);
#1241=VECTOR('',#2062,1.);
#1242=VECTOR('',#2073,1.);
#1243=VECTOR('',#2074,1.);
#1244=VECTOR('',#2075,1.);
#1245=VECTOR('',#2076,1.);
#1246=VECTOR('',#2079,1.);
#1247=VECTOR('',#2080,1.);
#1248=VECTOR('',#2081,1.);
#1249=VECTOR('',#2082,1.);
#1250=VECTOR('',#2085,1.);
#1251=VECTOR('',#2086,1.);
#1252=VECTOR('',#2087,1.);
#1253=VECTOR('',#2088,1.);
#1254=VECTOR('',#2091,1.);
#1255=VECTOR('',#2092,1.);
#1256=VECTOR('',#2093,1.);
#1257=VECTOR('',#2094,1.);
#1258=VECTOR('',#2097,1.);
#1259=VECTOR('',#2098,1.);
#1260=VECTOR('',#2099,1.);
#1261=VECTOR('',#2100,1.);
#1262=VECTOR('',#2111,1.);
#1263=VECTOR('',#2112,1.);
#1264=VECTOR('',#2113,1.);
#1265=VECTOR('',#2114,1.);
#1266=VECTOR('',#2117,1.);
#1267=VECTOR('',#2118,1.);
#1268=VECTOR('',#2119,1.);
#1269=VECTOR('',#2120,1.);
#1270=VECTOR('',#2123,1.);
#1271=VECTOR('',#2124,1.);
#1272=VECTOR('',#2125,1.);
#1273=VECTOR('',#2126,1.);
#1274=VECTOR('',#2153,1.);
#1275=VECTOR('',#2154,1.);
#1276=VECTOR('',#2155,1.);
#1277=VECTOR('',#2156,1.);
#1278=VECTOR('',#2159,1.);
#1279=VECTOR('',#2162,1.);
#1280=VECTOR('',#2165,1.);
#1281=VECTOR('',#2168,1.);
#1282=VECTOR('',#2171,1.);
#1283=VECTOR('',#2172,1.);
#1284=VECTOR('',#2173,1.);
#1285=VECTOR('',#2174,1.);
#1286=VECTOR('',#2177,1.);
#1287=VECTOR('',#2178,1.);
#1288=VECTOR('',#2179,1.);
#1289=VECTOR('',#2182,1.);
#1290=VECTOR('',#2183,1.);
#1291=VECTOR('',#2184,1.);
#1292=VECTOR('',#2187,1.);
#1293=VECTOR('',#2188,1.);
#1294=VECTOR('',#2189,1.);
#1295=VECTOR('',#2192,1.);
#1296=VECTOR('',#2193,1.);
#1297=VECTOR('',#2194,1.);
#1298=VECTOR('',#2199,1.);
#1299=VECTOR('',#2202,1.);
#1300=VECTOR('',#2205,1.);
#1301=VECTOR('',#2208,1.);
#1302=VECTOR('',#2259,1.);
#1303=VECTOR('',#2262,1.);
#1304=VECTOR('',#2263,1.);
#1305=VECTOR('',#2266,1.);
#1306=VECTOR('',#2269,1.);
#1307=VECTOR('',#2272,1.);
#1308=VECTOR('',#2275,1.);
#1309=VECTOR('',#2278,1.);
#1310=VECTOR('',#2281,1.);
#1311=VECTOR('',#2284,1.);
#1312=VECTOR('',#2287,1.);
#1313=VECTOR('',#2290,1.);
#1314=VECTOR('',#2323,1.);
#1315=VECTOR('',#2324,1.);
#1316=VECTOR('',#2327,1.);
#1317=VECTOR('',#2328,1.);
#1318=VECTOR('',#2333,1.);
#1319=VECTOR('',#2334,1.);
#1320=VECTOR('',#2335,1.);
#1321=VECTOR('',#2336,1.);
#1322=VECTOR('',#2337,1.);
#1323=VECTOR('',#2338,1.);
#1324=VECTOR('',#2339,1.);
#1325=VECTOR('',#2340,1.);
#1326=VECTOR('',#2341,1.);
#1327=VECTOR('',#2342,1.);
#1328=VECTOR('',#2345,1.);
#1329=VECTOR('',#2346,1.);
#1330=VECTOR('',#2347,1.);
#1331=VECTOR('',#2348,1.);
#1332=VECTOR('',#2349,1.);
#1333=VECTOR('',#2350,1.);
#1334=VECTOR('',#2351,1.);
#1335=VECTOR('',#2352,1.);
#1336=VECTOR('',#2353,1.);
#1337=VECTOR('',#2354,1.);
#1338=VECTOR('',#2359,1.);
#1339=VECTOR('',#2360,1.);
#1340=VECTOR('',#2367,1.);
#1341=VECTOR('',#2370,1.);
#1342=VECTOR('',#2371,1.);
#1343=VECTOR('',#2372,1.);
#1344=VECTOR('',#2375,1.);
#1345=VECTOR('',#2376,1.);
#1346=VECTOR('',#2377,1.);
#1347=VECTOR('',#2380,1.);
#1348=VECTOR('',#2383,1.);
#1349=VECTOR('',#2384,1.);
#1350=VECTOR('',#2385,1.);
#1351=VECTOR('',#2390,1.);
#1352=VECTOR('',#2391,1.);
#1353=VECTOR('',#2392,1.);
#1354=VECTOR('',#2395,1.);
#1355=VECTOR('',#2396,1.);
#1356=VECTOR('',#2397,1.);
#1357=VECTOR('',#2398,1.);
#1358=VECTOR('',#2403,1.);
#1359=VECTOR('',#2406,1.);
#1360=VECTOR('',#2423,1.);
#1361=VECTOR('',#2424,1.);
#1362=VECTOR('',#2425,1.);
#1363=VECTOR('',#2426,1.);
#1364=VECTOR('',#2429,1.);
#1365=VECTOR('',#2430,1.);
#1366=VECTOR('',#2449,1.);
#1367=VECTOR('',#2450,1.);
#1368=VECTOR('',#2451,1.);
#1369=VECTOR('',#2454,1.);
#1370=VECTOR('',#2461,1.);
#1371=VECTOR('',#2468,1.);
#1372=VECTOR('',#2471,1.);
#1373=VECTOR('',#2472,1.);
#1374=VECTOR('',#2475,1.);
#1375=VECTOR('',#2478,1.);
#1376=VECTOR('',#2481,1.);
#1377=VECTOR('',#2484,1.);
#1378=VECTOR('',#2487,1.);
#1379=VECTOR('',#2490,1.);
#1380=VECTOR('',#2493,1.);
#1381=VECTOR('',#2496,1.);
#1382=VECTOR('',#2499,1.);
#1383=VECTOR('',#2510,1.);
#1384=VECTOR('',#2511,1.);
#1385=VECTOR('',#2518,1.);
#1386=VECTOR('',#2521,1.);
#1387=VECTOR('',#2526,1.);
#1388=VECTOR('',#2527,1.);
#1389=VECTOR('',#2530,1.);
#1390=VECTOR('',#2533,1.);
#1391=VECTOR('',#2536,1.);
#1392=VECTOR('',#2539,1.);
#1393=VECTOR('',#2542,1.);
#1394=VECTOR('',#2545,1.);
#1395=EDGE_LOOP('',(#116,#117,#118,#119));
#1396=EDGE_LOOP('',(#120,#121,#122,#123));
#1397=EDGE_LOOP('',(#124,#125,#126,#127,#128,#129,#130,#131,#132,#133,#134,#135,#136,#137,#138,#139));
#1398=EDGE_LOOP('',(#140,#141,#142,#143));
#1399=EDGE_LOOP('',(#144));
#1400=EDGE_LOOP('',(#145));
#1401=EDGE_LOOP('',(#146));
#1402=EDGE_LOOP('',(#147));
#1403=EDGE_LOOP('',(#148,#149,#150,#151));
#1404=EDGE_LOOP('',(#152,#153,#154,#155));
#1405=EDGE_LOOP('',(#156,#157,#158,#159));
#1406=EDGE_LOOP('',(#160,#161,#162,#163));
#1407=EDGE_LOOP('',(#164,#165,#166,#167));
#1408=EDGE_LOOP('',(#168,#169,#170,#171,#172,#173,#174,#175));
#1409=EDGE_LOOP('',(#176,#177,#178,#179));
#1410=EDGE_LOOP('',(#180,#181,#182,#183));
#1411=EDGE_LOOP('',(#184,#185,#186,#187));
#1412=EDGE_LOOP('',(#188));
#1413=EDGE_LOOP('',(#189));
#1414=EDGE_LOOP('',(#190));
#1415=EDGE_LOOP('',(#191));
#1416=EDGE_LOOP('',(#192));
#1417=EDGE_LOOP('',(#193));
#1418=EDGE_LOOP('',(#194));
#1419=EDGE_LOOP('',(#195));
#1420=EDGE_LOOP('',(#196,#197,#198,#199));
#1421=EDGE_LOOP('',(#200,#201,#202,#203,#204,#205,#206,#207));
#1422=EDGE_LOOP('',(#208,#209,#210,#211,#212,#213,#214,#215));
#1423=EDGE_LOOP('',(#216,#217,#218,#219));
#1424=EDGE_LOOP('',(#220,#221,#222,#223));
#1425=EDGE_LOOP('',(#224,#225,#226,#227));
#1426=EDGE_LOOP('',(#228,#229,#230,#231));
#1427=EDGE_LOOP('',(#232,#233,#234,#235,#236,#237,#238,#239));
#1428=EDGE_LOOP('',(#240,#241,#242,#243,#244,#245,#246,#247));
#1429=EDGE_LOOP('',(#248));
#1430=EDGE_LOOP('',(#249));
#1431=EDGE_LOOP('',(#250));
#1432=EDGE_LOOP('',(#251));
#1433=EDGE_LOOP('',(#252,#253,#254,#255));
#1434=EDGE_LOOP('',(#256,#257,#258,#259));
#1435=EDGE_LOOP('',(#260,#261,#262,#263));
#1436=EDGE_LOOP('',(#264,#265,#266,#267));
#1437=EDGE_LOOP('',(#268));
#1438=EDGE_LOOP('',(#269));
#1439=EDGE_LOOP('',(#270));
#1440=EDGE_LOOP('',(#271));
#1441=EDGE_LOOP('',(#272));
#1442=EDGE_LOOP('',(#273));
#1443=EDGE_LOOP('',(#274));
#1444=EDGE_LOOP('',(#275));
#1445=EDGE_LOOP('',(#276));
#1446=EDGE_LOOP('',(#277));
#1447=EDGE_LOOP('',(#278));
#1448=EDGE_LOOP('',(#279));
#1449=EDGE_LOOP('',(#280));
#1450=EDGE_LOOP('',(#281));
#1451=EDGE_LOOP('',(#282));
#1452=EDGE_LOOP('',(#283));
#1453=EDGE_LOOP('',(#284,#285,#286,#287));
#1454=EDGE_LOOP('',(#288,#289,#290,#291));
#1455=EDGE_LOOP('',(#292,#293,#294,#295));
#1456=EDGE_LOOP('',(#296,#297,#298));
#1457=EDGE_LOOP('',(#299,#300,#301));
#1458=EDGE_LOOP('',(#302,#303,#304,#305));
#1459=EDGE_LOOP('',(#306,#307,#308,#309));
#1460=EDGE_LOOP('',(#310,#311,#312,#313));
#1461=EDGE_LOOP('',(#314,#315,#316,#317));
#1462=EDGE_LOOP('',(#318,#319,#320));
#1463=EDGE_LOOP('',(#321,#322,#323));
#1464=EDGE_LOOP('',(#324,#325,#326,#327));
#1465=EDGE_LOOP('',(#328));
#1466=EDGE_LOOP('',(#329));
#1467=EDGE_LOOP('',(#330));
#1468=EDGE_LOOP('',(#331));
#1469=EDGE_LOOP('',(#332));
#1470=EDGE_LOOP('',(#333));
#1471=EDGE_LOOP('',(#334));
#1472=EDGE_LOOP('',(#335));
#1473=EDGE_LOOP('',(#336,#337,#338,#339));
#1474=EDGE_LOOP('',(#340,#341,#342,#343));
#1475=EDGE_LOOP('',(#344,#345,#346,#347));
#1476=EDGE_LOOP('',(#348,#349,#350,#351));
#1477=EDGE_LOOP('',(#352,#353,#354,#355));
#1478=EDGE_LOOP('',(#356,#357,#358,#359,#360,#361));
#1479=EDGE_LOOP('',(#362,#363,#364,#365,#366,#367,#368,#369,#370,#371,#372,#373,#374,#375));
#1480=EDGE_LOOP('',(#376,#377,#378,#379,#380,#381,#382,#383,#384,#385,#386,#387,#388,#389));
#1481=EDGE_LOOP('',(#390,#391,#392,#393,#394,#395,#396,#397));
#1482=EDGE_LOOP('',(#398,#399,#400,#401,#402,#403,#404,#405));
#1483=EDGE_LOOP('',(#406,#407,#408,#409));
#1484=EDGE_LOOP('',(#410,#411,#412,#413,#414,#415,#416,#417));
#1485=EDGE_LOOP('',(#418,#419,#420,#421));
#1486=EDGE_LOOP('',(#422,#423,#424,#425));
#1487=EDGE_LOOP('',(#426,#427,#428,#429));
#1488=EDGE_LOOP('',(#430,#431,#432,#433,#434,#435));
#1489=EDGE_LOOP('',(#436));
#1490=EDGE_LOOP('',(#437,#438));
#1491=EDGE_LOOP('',(#439));
#1492=EDGE_LOOP('',(#440,#441));
#1493=EDGE_LOOP('',(#442));
#1494=EDGE_LOOP('',(#443,#444,#445,#446));
#1495=EDGE_LOOP('',(#447));
#1496=EDGE_LOOP('',(#448,#449,#450,#451,#452,#453,#454,#455));
#1497=EDGE_LOOP('',(#456,#457,#458,#459));
#1498=EDGE_LOOP('',(#460,#461));
#1499=EDGE_LOOP('',(#462,#463));
#1500=EDGE_LOOP('',(#464,#465));
#1501=EDGE_LOOP('',(#466,#467));
#1502=EDGE_LOOP('',(#468,#469,#470,#471,#472,#473,#474,#475));
#1503=EDGE_LOOP('',(#476,#477,#478,#479));
#1504=EDGE_LOOP('',(#480,#481,#482,#483,#484,#485,#486,#487,#488,#489,#490,#491));
#1505=EDGE_LOOP('',(#492,#493,#494,#495));
#1506=EDGE_LOOP('',(#496,#497,#498,#499));
#1507=EDGE_LOOP('',(#500,#501,#502,#503));
#1508=EDGE_LOOP('',(#504,#505,#506));
#1509=EDGE_LOOP('',(#507,#508,#509));
#1510=EDGE_LOOP('',(#510,#511,#512,#513));
#1511=EDGE_LOOP('',(#514,#515,#516,#517));
#1512=EDGE_LOOP('',(#518,#519,#520,#521));
#1513=EDGE_LOOP('',(#522,#523,#524,#525));
#1514=EDGE_LOOP('',(#526,#527,#528));
#1515=EDGE_LOOP('',(#529,#530,#531));
#1516=EDGE_LOOP('',(#532,#533,#534,#535));
#1517=EDGE_LOOP('',(#536,#537,#538,#539,#540,#541,#542,#543));
#1518=EDGE_LOOP('',(#544,#545,#546,#547,#548,#549));
#1519=EDGE_LOOP('',(#550,#551,#552,#553,#554,#555));
#1520=EDGE_LOOP('',(#556,#557,#558,#559));
#1521=EDGE_LOOP('',(#560,#561,#562,#563,#564,#565,#566));
#1522=EDGE_LOOP('',(#567,#568,#569,#570,#571,#572,#573));
#1523=EDGE_LOOP('',(#574,#575,#576,#577));
#1524=EDGE_LOOP('',(#578,#579,#580,#581));
#1525=EDGE_LOOP('',(#582,#583,#584,#585));
#1526=EDGE_LOOP('',(#586,#587,#588,#589));
#1527=EDGE_LOOP('',(#590,#591,#592,#593));
#1528=EDGE_LOOP('',(#594,#595,#596,#597));
#1529=EDGE_LOOP('',(#598,#599,#600,#601));
#1530=EDGE_LOOP('',(#602,#603,#604,#605));
#1531=EDGE_LOOP('',(#606,#607,#608,#609));
#1532=EDGE_LOOP('',(#610,#611,#612,#613));
#1533=EDGE_LOOP('',(#614,#615,#616,#617));
#1534=FACE_BOUND('',#1395,.T.);
#1535=FACE_BOUND('',#1396,.T.);
#1536=FACE_BOUND('',#1397,.T.);
#1537=FACE_BOUND('',#1398,.T.);
#1538=FACE_BOUND('',#1399,.T.);
#1539=FACE_BOUND('',#1400,.T.);
#1540=FACE_BOUND('',#1401,.T.);
#1541=FACE_BOUND('',#1402,.T.);
#1542=FACE_BOUND('',#1403,.T.);
#1543=FACE_BOUND('',#1404,.T.);
#1544=FACE_BOUND('',#1405,.T.);
#1545=FACE_BOUND('',#1406,.T.);
#1546=FACE_BOUND('',#1407,.T.);
#1547=FACE_BOUND('',#1408,.T.);
#1548=FACE_BOUND('',#1409,.T.);
#1549=FACE_BOUND('',#1410,.T.);
#1550=FACE_BOUND('',#1411,.T.);
#1551=FACE_BOUND('',#1412,.T.);
#1552=FACE_BOUND('',#1413,.T.);
#1553=FACE_BOUND('',#1414,.T.);
#1554=FACE_BOUND('',#1415,.T.);
#1555=FACE_BOUND('',#1416,.T.);
#1556=FACE_BOUND('',#1417,.T.);
#1557=FACE_BOUND('',#1418,.T.);
#1558=FACE_BOUND('',#1419,.T.);
#1559=FACE_BOUND('',#1420,.T.);
#1560=FACE_BOUND('',#1421,.T.);
#1561=FACE_BOUND('',#1422,.T.);
#1562=FACE_BOUND('',#1423,.T.);
#1563=FACE_BOUND('',#1424,.T.);
#1564=FACE_BOUND('',#1425,.T.);
#1565=FACE_BOUND('',#1426,.T.);
#1566=FACE_BOUND('',#1427,.T.);
#1567=FACE_BOUND('',#1428,.T.);
#1568=FACE_BOUND('',#1429,.T.);
#1569=FACE_BOUND('',#1430,.T.);
#1570=FACE_BOUND('',#1431,.T.);
#1571=FACE_BOUND('',#1432,.T.);
#1572=FACE_BOUND('',#1433,.T.);
#1573=FACE_BOUND('',#1434,.T.);
#1574=FACE_BOUND('',#1435,.T.);
#1575=FACE_BOUND('',#1436,.T.);
#1576=FACE_BOUND('',#1437,.T.);
#1577=FACE_BOUND('',#1438,.T.);
#1578=FACE_BOUND('',#1439,.T.);
#1579=FACE_BOUND('',#1440,.T.);
#1580=FACE_BOUND('',#1441,.T.);
#1581=FACE_BOUND('',#1442,.T.);
#1582=FACE_BOUND('',#1443,.T.);
#1583=FACE_BOUND('',#1444,.T.);
#1584=FACE_BOUND('',#1445,.T.);
#1585=FACE_BOUND('',#1446,.T.);
#1586=FACE_BOUND('',#1447,.T.);
#1587=FACE_BOUND('',#1448,.T.);
#1588=FACE_BOUND('',#1449,.T.);
#1589=FACE_BOUND('',#1450,.T.);
#1590=FACE_BOUND('',#1451,.T.);
#1591=FACE_BOUND('',#1452,.T.);
#1592=FACE_BOUND('',#1453,.T.);
#1593=FACE_BOUND('',#1454,.T.);
#1594=FACE_BOUND('',#1455,.T.);
#1595=FACE_BOUND('',#1456,.T.);
#1596=FACE_BOUND('',#1457,.T.);
#1597=FACE_BOUND('',#1458,.T.);
#1598=FACE_BOUND('',#1459,.T.);
#1599=FACE_BOUND('',#1460,.T.);
#1600=FACE_BOUND('',#1461,.T.);
#1601=FACE_BOUND('',#1462,.T.);
#1602=FACE_BOUND('',#1463,.T.);
#1603=FACE_BOUND('',#1464,.T.);
#1604=FACE_BOUND('',#1465,.T.);
#1605=FACE_BOUND('',#1466,.T.);
#1606=FACE_BOUND('',#1467,.T.);
#1607=FACE_BOUND('',#1468,.T.);
#1608=FACE_BOUND('',#1469,.T.);
#1609=FACE_BOUND('',#1470,.T.);
#1610=FACE_BOUND('',#1471,.T.);
#1611=FACE_BOUND('',#1472,.T.);
#1612=FACE_BOUND('',#1473,.T.);
#1613=FACE_BOUND('',#1474,.T.);
#1614=FACE_BOUND('',#1475,.T.);
#1615=FACE_BOUND('',#1476,.T.);
#1616=FACE_BOUND('',#1477,.T.);
#1617=FACE_BOUND('',#1478,.T.);
#1618=FACE_BOUND('',#1479,.T.);
#1619=FACE_BOUND('',#1480,.T.);
#1620=FACE_BOUND('',#1481,.T.);
#1621=FACE_BOUND('',#1482,.T.);
#1622=FACE_BOUND('',#1483,.T.);
#1623=FACE_BOUND('',#1484,.T.);
#1624=FACE_BOUND('',#1485,.T.);
#1625=FACE_BOUND('',#1486,.T.);
#1626=FACE_BOUND('',#1487,.T.);
#1627=FACE_BOUND('',#1488,.T.);
#1628=FACE_BOUND('',#1489,.T.);
#1629=FACE_BOUND('',#1490,.T.);
#1630=FACE_BOUND('',#1491,.T.);
#1631=FACE_BOUND('',#1492,.T.);
#1632=FACE_BOUND('',#1493,.T.);
#1633=FACE_BOUND('',#1494,.T.);
#1634=FACE_BOUND('',#1495,.T.);
#1635=FACE_BOUND('',#1496,.T.);
#1636=FACE_BOUND('',#1497,.T.);
#1637=FACE_BOUND('',#1498,.T.);
#1638=FACE_BOUND('',#1499,.T.);
#1639=FACE_BOUND('',#1500,.T.);
#1640=FACE_BOUND('',#1501,.T.);
#1641=FACE_BOUND('',#1502,.T.);
#1642=FACE_BOUND('',#1503,.T.);
#1643=FACE_BOUND('',#1504,.T.);
#1644=FACE_BOUND('',#1505,.T.);
#1645=FACE_BOUND('',#1506,.T.);
#1646=FACE_BOUND('',#1507,.T.);
#1647=FACE_BOUND('',#1508,.T.);
#1648=FACE_BOUND('',#1509,.T.);
#1649=FACE_BOUND('',#1510,.T.);
#1650=FACE_BOUND('',#1511,.T.);
#1651=FACE_BOUND('',#1512,.T.);
#1652=FACE_BOUND('',#1513,.T.);
#1653=FACE_BOUND('',#1514,.T.);
#1654=FACE_BOUND('',#1515,.T.);
#1655=FACE_BOUND('',#1516,.T.);
#1656=FACE_BOUND('',#1517,.T.);
#1657=FACE_BOUND('',#1518,.T.);
#1658=FACE_BOUND('',#1519,.T.);
#1659=FACE_BOUND('',#1520,.T.);
#1660=FACE_BOUND('',#1521,.T.);
#1661=FACE_BOUND('',#1522,.T.);
#1662=FACE_BOUND('',#1523,.T.);
#1663=FACE_BOUND('',#1524,.T.);
#1664=FACE_BOUND('',#1525,.T.);
#1665=FACE_BOUND('',#1526,.T.);
#1666=FACE_BOUND('',#1527,.T.);
#1667=FACE_BOUND('',#1528,.T.);
#1668=FACE_BOUND('',#1529,.T.);
#1669=FACE_BOUND('',#1530,.T.);
#1670=FACE_BOUND('',#1531,.T.);
#1671=FACE_BOUND('',#1532,.T.);
#1672=FACE_BOUND('',#1533,.T.);
#1673=PLANE('',#1858);
#1674=PLANE('',#1859);
#1675=PLANE('',#1860);
#1676=PLANE('',#1865);
#1677=PLANE('',#1866);
#1678=PLANE('',#1867);
#1679=PLANE('',#1868);
#1680=PLANE('',#1869);
#1681=PLANE('',#1874);
#1682=PLANE('',#1875);
#1683=PLANE('',#1876);
#1684=PLANE('',#1889);
#1685=PLANE('',#1890);
#1686=PLANE('',#1895);
#1687=PLANE('',#1896);
#1688=PLANE('',#1897);
#1689=PLANE('',#1898);
#1690=PLANE('',#1899);
#1691=PLANE('',#1918);
#1692=PLANE('',#1921);
#1693=PLANE('',#1924);
#1694=PLANE('',#1927);
#1695=PLANE('',#1928);
#1696=PLANE('',#1929);
#1697=PLANE('',#1930);
#1698=PLANE('',#1931);
#1699=PLANE('',#1932);
#1700=PLANE('',#1933);
#1701=PLANE('',#1934);
#1702=PLANE('',#1935);
#1703=PLANE('',#1936);
#1704=PLANE('',#1937);
#1705=PLANE('',#1938);
#1706=PLANE('',#1939);
#1707=PLANE('',#1952);
#1708=PLANE('',#1957);
#1709=PLANE('',#1958);
#1710=PLANE('',#1959);
#1711=PLANE('',#1962);
#1712=PLANE('',#1965);
#1713=PLANE('',#1966);
#1714=PLANE('',#1969);
#1715=PLANE('',#1970);
#1716=PLANE('',#1971);
#1717=PLANE('',#1980);
#1718=PLANE('',#1981);
#1719=PLANE('',#1982);
#1720=PLANE('',#1991);
#1721=PLANE('',#1992);
#1722=PLANE('',#1993);
#1723=PLANE('',#1998);
#1724=PLANE('',#1999);
#1725=PLANE('',#2000);
#1726=PLANE('',#2001);
#1727=PLANE('',#2002);
#1728=PLANE('',#2003);
#1729=PLANE('',#2004);
#1730=PLANE('',#2005);
#1731=PLANE('',#2006);
#1732=PLANE('',#2007);
#1733=PLANE('',#2008);
#1734=PLANE('',#2009);
#1735=PLANE('',#2010);
#1736=PLANE('',#2013);
#1737=PLANE('',#2018);
#1738=PLANE('',#2019);
#1739=PLANE('',#2022);
#1740=PLANE('',#2023);
#1741=PLANE('',#2026);
#1742=ADVANCED_FACE('',(#1534),#1673,.T.);
#1743=ADVANCED_FACE('',(#1535),#1674,.F.);
#1744=ADVANCED_FACE('',(#1536,#1537,#1538,#1539,#1540,#1541),#1675,.T.);
#1745=ADVANCED_FACE('',(#1542),#1676,.F.);
#1746=ADVANCED_FACE('',(#1543),#1677,.T.);
#1747=ADVANCED_FACE('',(#1544),#1678,.T.);
#1748=ADVANCED_FACE('',(#1545),#1679,.F.);
#1749=ADVANCED_FACE('',(#1546,#1547),#1680,.F.);
#1750=ADVANCED_FACE('',(#1548),#1681,.T.);
#1751=ADVANCED_FACE('',(#1549),#1682,.F.);
#1752=ADVANCED_FACE('',(#1550),#1683,.F.);
#1753=ADVANCED_FACE('',(#1551,#1552),#32,.F.);
#1754=ADVANCED_FACE('',(#1553,#1554),#33,.F.);
#1755=ADVANCED_FACE('',(#1555,#1556),#34,.F.);
#1756=ADVANCED_FACE('',(#1557,#1558),#35,.F.);
#1757=ADVANCED_FACE('',(#1559),#1684,.T.);
#1758=ADVANCED_FACE('',(#1560,#1561),#1685,.F.);
#1759=ADVANCED_FACE('',(#1562),#1686,.T.);
#1760=ADVANCED_FACE('',(#1563),#1687,.T.);
#1761=ADVANCED_FACE('',(#1564),#1688,.F.);
#1762=ADVANCED_FACE('',(#1565),#1689,.F.);
#1763=ADVANCED_FACE('',(#1566,#1567,#1568,#1569,#1570,#1571),#1690,.F.);
#1764=ADVANCED_FACE('',(#1572),#36,.T.);
#1765=ADVANCED_FACE('',(#1573),#37,.T.);
#1766=ADVANCED_FACE('',(#1574),#38,.T.);
#1767=ADVANCED_FACE('',(#1575),#39,.T.);
#1768=ADVANCED_FACE('',(#1576,#1577),#40,.F.);
#1769=ADVANCED_FACE('',(#1578,#1579),#1691,.T.);
#1770=ADVANCED_FACE('',(#1580,#1581),#41,.F.);
#1771=ADVANCED_FACE('',(#1582,#1583),#1692,.T.);
#1772=ADVANCED_FACE('',(#1584,#1585),#42,.F.);
#1773=ADVANCED_FACE('',(#1586,#1587),#1693,.T.);
#1774=ADVANCED_FACE('',(#1588,#1589),#43,.F.);
#1775=ADVANCED_FACE('',(#1590,#1591),#1694,.T.);
#1776=ADVANCED_FACE('',(#1592),#1695,.T.);
#1777=ADVANCED_FACE('',(#1593),#1696,.F.);
#1778=ADVANCED_FACE('',(#1594),#1697,.F.);
#1779=ADVANCED_FACE('',(#1595),#1698,.T.);
#1780=ADVANCED_FACE('',(#1596),#1699,.T.);
#1781=ADVANCED_FACE('',(#1597),#1700,.F.);
#1782=ADVANCED_FACE('',(#1598),#1701,.T.);
#1783=ADVANCED_FACE('',(#1599),#1702,.F.);
#1784=ADVANCED_FACE('',(#1600),#1703,.T.);
#1785=ADVANCED_FACE('',(#1601),#1704,.T.);
#1786=ADVANCED_FACE('',(#1602),#1705,.T.);
#1787=ADVANCED_FACE('',(#1603),#1706,.T.);
#1788=ADVANCED_FACE('',(#1604,#1605),#24,.F.);
#1789=ADVANCED_FACE('',(#1606,#1607),#25,.F.);
#1790=ADVANCED_FACE('',(#1608,#1609),#26,.F.);
#1791=ADVANCED_FACE('',(#1610,#1611),#27,.F.);
#1792=ADVANCED_FACE('',(#1612),#44,.T.);
#1793=ADVANCED_FACE('',(#1613),#45,.T.);
#1794=ADVANCED_FACE('',(#1614),#46,.T.);
#1795=ADVANCED_FACE('',(#1615),#47,.T.);
#1796=ADVANCED_FACE('',(#1616,#1617),#1707,.T.);
#1797=ADVANCED_FACE('',(#1618),#1708,.T.);
#1798=ADVANCED_FACE('',(#1619),#1709,.F.);
#1799=ADVANCED_FACE('',(#1620),#1710,.F.);
#1800=ADVANCED_FACE('',(#1621),#1711,.T.);
#1801=ADVANCED_FACE('',(#1622),#1712,.T.);
#1802=ADVANCED_FACE('',(#1623),#1713,.F.);
#1803=ADVANCED_FACE('',(#1624),#1714,.F.);
#1804=ADVANCED_FACE('',(#1625,#1626),#1715,.T.);
#1805=ADVANCED_FACE('',(#1627),#1716,.F.);
#1806=ADVANCED_FACE('',(#1628,#1629),#48,.F.);
#1807=ADVANCED_FACE('',(#1630,#1631),#49,.F.);
#1808=ADVANCED_FACE('',(#1632,#1633,#1634),#1717,.T.);
#1809=ADVANCED_FACE('',(#1635),#1718,.F.);
#1810=ADVANCED_FACE('',(#1636),#1719,.T.);
#1811=ADVANCED_FACE('',(#1637,#1638),#50,.F.);
#1812=ADVANCED_FACE('',(#1639,#1640),#51,.F.);
#1813=ADVANCED_FACE('',(#1641),#1720,.T.);
#1814=ADVANCED_FACE('',(#1642),#1721,.F.);
#1815=ADVANCED_FACE('',(#1643),#1722,.T.);
#1816=ADVANCED_FACE('',(#1644),#1723,.T.);
#1817=ADVANCED_FACE('',(#1645),#1724,.F.);
#1818=ADVANCED_FACE('',(#1646),#1725,.F.);
#1819=ADVANCED_FACE('',(#1647),#1726,.T.);
#1820=ADVANCED_FACE('',(#1648),#1727,.T.);
#1821=ADVANCED_FACE('',(#1649),#1728,.F.);
#1822=ADVANCED_FACE('',(#1650),#1729,.T.);
#1823=ADVANCED_FACE('',(#1651),#1730,.F.);
#1824=ADVANCED_FACE('',(#1652),#1731,.T.);
#1825=ADVANCED_FACE('',(#1653),#1732,.T.);
#1826=ADVANCED_FACE('',(#1654),#1733,.T.);
#1827=ADVANCED_FACE('',(#1655),#1734,.T.);
#1828=ADVANCED_FACE('',(#1656),#1735,.F.);
#1829=ADVANCED_FACE('',(#1657),#52,.F.);
#1830=ADVANCED_FACE('',(#1658),#53,.F.);
#1831=ADVANCED_FACE('',(#1659),#1736,.T.);
#1832=ADVANCED_FACE('',(#1660),#54,.F.);
#1833=ADVANCED_FACE('',(#1661),#55,.F.);
#1834=ADVANCED_FACE('',(#1662),#56,.F.);
#1835=ADVANCED_FACE('',(#1663),#57,.F.);
#1836=ADVANCED_FACE('',(#1664),#1737,.T.);
#1837=ADVANCED_FACE('',(#1665),#1738,.F.);
#1838=ADVANCED_FACE('',(#1666),#28,.T.);
#1839=ADVANCED_FACE('',(#1667),#29,.T.);
#1840=ADVANCED_FACE('',(#1668),#1739,.F.);
#1841=ADVANCED_FACE('',(#1669),#1740,.T.);
#1842=ADVANCED_FACE('',(#1670),#30,.T.);
#1843=ADVANCED_FACE('',(#1671),#31,.T.);
#1844=ADVANCED_FACE('',(#1672),#1741,.T.);
#1845=CLOSED_SHELL('',(#1742,#1743,#1744,#1745,#1746,#1747,#1748,#1749,#1750,#1751,#1752,#1753,#1754,#1755,#1756,#1757,#1758,#1759,#1760,#1761,#1762,#1763,#1764,#1765,#1766,#1767,#1768,#1769,#1770,#1771,#1772,#1773,#1774,#1775,#1776,#1777,#1778,#1779,#1780,#1781,#1782,#1783,#1784,#1785,#1786,#1787,#1788,#1789,#1790,#1791,#1792,#1793,#1794,#1795,#1796,#1797,#1798,#1799,#1800,#1801,#1802,#1803,#1804,#1805,#1806,#1807,#1808,#1809,#1810,#1811,#1812,#1813,#1814,#1815,#1816,#1817,#1818,#1819,#1820,#1821,#1822,#1823,#1824,#1825,#1826,#1827,#1828,#1829,#1830,#1831,#1832,#1833,#1834,#1835,#1836,#1837,#1838,#1839,#1840,#1841,#1842,#1843,#1844));
#1846=STYLED_ITEM('',(#1847),#1854);
#1847=PRESENTATION_STYLE_ASSIGNMENT((#1848));
#1848=SURFACE_STYLE_USAGE(.BOTH.,#1849);
#1849=SURFACE_SIDE_STYLE('',(#1850));
#1850=SURFACE_STYLE_FILL_AREA(#1851);
#1851=FILL_AREA_STYLE('',(#1852));
#1852=FILL_AREA_STYLE_COLOUR('',#1853);
#1853=COLOUR_RGB('',0.501960784313726,0.501960784313726,0.501960784313726);
#1854=MANIFOLD_SOLID_BREP('lid',#1845);
#1855=SHAPE_DEFINITION_REPRESENTATION(#3099,#1856);
#1856=SHAPE_REPRESENTATION('lid',(#1857),#3094);
#1857=AXIS2_PLACEMENT_3D('',#2548,#2027,#2028);
#1858=AXIS2_PLACEMENT_3D('',#2549,#2029,#2030);
#1859=AXIS2_PLACEMENT_3D('',#2558,#2035,#2036);
#1860=AXIS2_PLACEMENT_3D('',#2567,#2041,#2042);
#1861=AXIS2_PLACEMENT_3D('',#2608,#2063,#2064);
#1862=AXIS2_PLACEMENT_3D('',#2610,#2065,#2066);
#1863=AXIS2_PLACEMENT_3D('',#2612,#2067,#2068);
#1864=AXIS2_PLACEMENT_3D('',#2614,#2069,#2070);
#1865=AXIS2_PLACEMENT_3D('',#2616,#2071,#2072);
#1866=AXIS2_PLACEMENT_3D('',#2625,#2077,#2078);
#1867=AXIS2_PLACEMENT_3D('',#2634,#2083,#2084);
#1868=AXIS2_PLACEMENT_3D('',#2643,#2089,#2090);
#1869=AXIS2_PLACEMENT_3D('',#2652,#2095,#2096);
#1870=AXIS2_PLACEMENT_3D('',#2661,#2101,#2102);
#1871=AXIS2_PLACEMENT_3D('',#2662,#2103,#2104);
#1872=AXIS2_PLACEMENT_3D('',#2663,#2105,#2106);
#1873=AXIS2_PLACEMENT_3D('',#2664,#2107,#2108);
#1874=AXIS2_PLACEMENT_3D('',#2665,#2109,#2110);
#1875=AXIS2_PLACEMENT_3D('',#2674,#2115,#2116);
#1876=AXIS2_PLACEMENT_3D('',#2683,#2121,#2122);
#1877=AXIS2_PLACEMENT_3D('',#2692,#2127,#2128);
#1878=AXIS2_PLACEMENT_3D('',#2693,#2129,#2130);
#1879=AXIS2_PLACEMENT_3D('',#2695,#2131,#2132);
#1880=AXIS2_PLACEMENT_3D('',#2697,#2133,#2134);
#1881=AXIS2_PLACEMENT_3D('',#2698,#2135,#2136);
#1882=AXIS2_PLACEMENT_3D('',#2700,#2137,#2138);
#1883=AXIS2_PLACEMENT_3D('',#2702,#2139,#2140);
#1884=AXIS2_PLACEMENT_3D('',#2703,#2141,#2142);
#1885=AXIS2_PLACEMENT_3D('',#2705,#2143,#2144);
#1886=AXIS2_PLACEMENT_3D('',#2707,#2145,#2146);
#1887=AXIS2_PLACEMENT_3D('',#2708,#2147,#2148);
#1888=AXIS2_PLACEMENT_3D('',#2710,#2149,#2150);
#1889=AXIS2_PLACEMENT_3D('',#2712,#2151,#2152);
#1890=AXIS2_PLACEMENT_3D('',#2721,#2157,#2158);
#1891=AXIS2_PLACEMENT_3D('',#2725,#2160,#2161);
#1892=AXIS2_PLACEMENT_3D('',#2729,#2163,#2164);
#1893=AXIS2_PLACEMENT_3D('',#2733,#2166,#2167);
#1894=AXIS2_PLACEMENT_3D('',#2737,#2169,#2170);
#1895=AXIS2_PLACEMENT_3D('',#2742,#2175,#2176);
#1896=AXIS2_PLACEMENT_3D('',#2748,#2180,#2181);
#1897=AXIS2_PLACEMENT_3D('',#2754,#2185,#2186);
#1898=AXIS2_PLACEMENT_3D('',#2760,#2190,#2191);
#1899=AXIS2_PLACEMENT_3D('',#2766,#2195,#2196);
#1900=AXIS2_PLACEMENT_3D('',#2767,#2197,#2198);
#1901=AXIS2_PLACEMENT_3D('',#2772,#2200,#2201);
#1902=AXIS2_PLACEMENT_3D('',#2776,#2203,#2204);
#1903=AXIS2_PLACEMENT_3D('',#2780,#2206,#2207);
#1904=AXIS2_PLACEMENT_3D('',#2783,#2209,#2210);
#1905=AXIS2_PLACEMENT_3D('',#2784,#2211,#2212);
#1906=AXIS2_PLACEMENT_3D('',#2785,#2213,#2214);
#1907=AXIS2_PLACEMENT_3D('',#2786,#2215,#2216);
#1908=AXIS2_PLACEMENT_3D('',#2787,#2217,#2218);
#1909=AXIS2_PLACEMENT_3D('',#2789,#2219,#2220);
#1910=AXIS2_PLACEMENT_3D('',#2791,#2221,#2222);
#1911=AXIS2_PLACEMENT_3D('',#2793,#2223,#2224);
#1912=AXIS2_PLACEMENT_3D('',#2795,#2225,#2226);
#1913=AXIS2_PLACEMENT_3D('',#2796,#2227,#2228);
#1914=AXIS2_PLACEMENT_3D('',#2797,#2229,#2230);
#1915=AXIS2_PLACEMENT_3D('',#2798,#2231,#2232);
#1916=AXIS2_PLACEMENT_3D('',#2799,#2233,#2234);
#1917=AXIS2_PLACEMENT_3D('',#2800,#2235,#2236);
#1918=AXIS2_PLACEMENT_3D('',#2802,#2237,#2238);
#1919=AXIS2_PLACEMENT_3D('',#2803,#2239,#2240);
#1920=AXIS2_PLACEMENT_3D('',#2804,#2241,#2242);
#1921=AXIS2_PLACEMENT_3D('',#2806,#2243,#2244);
#1922=AXIS2_PLACEMENT_3D('',#2807,#2245,#2246);
#1923=AXIS2_PLACEMENT_3D('',#2808,#2247,#2248);
#1924=AXIS2_PLACEMENT_3D('',#2810,#2249,#2250);
#1925=AXIS2_PLACEMENT_3D('',#2811,#2251,#2252);
#1926=AXIS2_PLACEMENT_3D('',#2812,#2253,#2254);
#1927=AXIS2_PLACEMENT_3D('',#2814,#2255,#2256);
#1928=AXIS2_PLACEMENT_3D('',#2815,#2257,#2258);
#1929=AXIS2_PLACEMENT_3D('',#2817,#2260,#2261);
#1930=AXIS2_PLACEMENT_3D('',#2820,#2264,#2265);
#1931=AXIS2_PLACEMENT_3D('',#2822,#2267,#2268);
#1932=AXIS2_PLACEMENT_3D('',#2824,#2270,#2271);
#1933=AXIS2_PLACEMENT_3D('',#2826,#2273,#2274);
#1934=AXIS2_PLACEMENT_3D('',#2828,#2276,#2277);
#1935=AXIS2_PLACEMENT_3D('',#2830,#2279,#2280);
#1936=AXIS2_PLACEMENT_3D('',#2832,#2282,#2283);
#1937=AXIS2_PLACEMENT_3D('',#2834,#2285,#2286);
#1938=AXIS2_PLACEMENT_3D('',#2836,#2288,#2289);
#1939=AXIS2_PLACEMENT_3D('',#2838,#2291,#2292);
#1940=AXIS2_PLACEMENT_3D('',#2839,#2293,#2294);
#1941=AXIS2_PLACEMENT_3D('',#2840,#2295,#2296);
#1942=AXIS2_PLACEMENT_3D('',#2841,#2297,#2298);
#1943=AXIS2_PLACEMENT_3D('',#2842,#2299,#2300);
#1944=AXIS2_PLACEMENT_3D('',#2843,#2301,#2302);
#1945=AXIS2_PLACEMENT_3D('',#2844,#2303,#2304);
#1946=AXIS2_PLACEMENT_3D('',#2845,#2305,#2306);
#1947=AXIS2_PLACEMENT_3D('',#2846,#2307,#2308);
#1948=AXIS2_PLACEMENT_3D('',#2847,#2309,#2310);
#1949=AXIS2_PLACEMENT_3D('',#2848,#2311,#2312);
#1950=AXIS2_PLACEMENT_3D('',#2849,#2313,#2314);
#1951=AXIS2_PLACEMENT_3D('',#2850,#2315,#2316);
#1952=AXIS2_PLACEMENT_3D('',#2851,#2317,#2318);
#1953=AXIS2_PLACEMENT_3D('',#2852,#2319,#2320);
#1954=AXIS2_PLACEMENT_3D('',#2854,#2321,#2322);
#1955=AXIS2_PLACEMENT_3D('',#2860,#2325,#2326);
#1956=AXIS2_PLACEMENT_3D('',#2865,#2329,#2330);
#1957=AXIS2_PLACEMENT_3D('',#2866,#2331,#2332);
#1958=AXIS2_PLACEMENT_3D('',#2884,#2343,#2344);
#1959=AXIS2_PLACEMENT_3D('',#2902,#2355,#2356);
#1960=AXIS2_PLACEMENT_3D('',#2903,#2357,#2358);
#1961=AXIS2_PLACEMENT_3D('',#2908,#2361,#2362);
#1962=AXIS2_PLACEMENT_3D('',#2909,#2363,#2364);
#1963=AXIS2_PLACEMENT_3D('',#2910,#2365,#2366);
#1964=AXIS2_PLACEMENT_3D('',#2914,#2368,#2369);
#1965=AXIS2_PLACEMENT_3D('',#2920,#2373,#2374);
#1966=AXIS2_PLACEMENT_3D('',#2926,#2378,#2379);
#1967=AXIS2_PLACEMENT_3D('',#2930,#2381,#2382);
#1968=AXIS2_PLACEMENT_3D('',#2936,#2386,#2387);
#1969=AXIS2_PLACEMENT_3D('',#2937,#2388,#2389);
#1970=AXIS2_PLACEMENT_3D('',#2943,#2393,#2394);
#1971=AXIS2_PLACEMENT_3D('',#2952,#2399,#2400);
#1972=AXIS2_PLACEMENT_3D('',#2953,#2401,#2402);
#1973=AXIS2_PLACEMENT_3D('',#2957,#2404,#2405);
#1974=AXIS2_PLACEMENT_3D('',#2959,#2407,#2408);
#1975=AXIS2_PLACEMENT_3D('',#2960,#2409,#2410);
#1976=AXIS2_PLACEMENT_3D('',#2962,#2411,#2412);
#1977=AXIS2_PLACEMENT_3D('',#2976,#2413,#2414);
#1978=AXIS2_PLACEMENT_3D('',#2977,#2415,#2416);
#1979=AXIS2_PLACEMENT_3D('',#2979,#2417,#2418);
#1980=AXIS2_PLACEMENT_3D('',#2993,#2419,#2420);
#1981=AXIS2_PLACEMENT_3D('',#2994,#2421,#2422);
#1982=AXIS2_PLACEMENT_3D('',#2999,#2427,#2428);
#1983=AXIS2_PLACEMENT_3D('',#3002,#2431,#2432);
#1984=AXIS2_PLACEMENT_3D('',#3009,#2433,#2434);
#1985=AXIS2_PLACEMENT_3D('',#3010,#2435,#2436);
#1986=AXIS2_PLACEMENT_3D('',#3013,#2437,#2438);
#1987=AXIS2_PLACEMENT_3D('',#3014,#2439,#2440);
#1988=AXIS2_PLACEMENT_3D('',#3021,#2441,#2442);
#1989=AXIS2_PLACEMENT_3D('',#3022,#2443,#2444);
#1990=AXIS2_PLACEMENT_3D('',#3025,#2445,#2446);
#1991=AXIS2_PLACEMENT_3D('',#3026,#2447,#2448);
#1992=AXIS2_PLACEMENT_3D('',#3030,#2452,#2453);
#1993=AXIS2_PLACEMENT_3D('',#3032,#2455,#2456);
#1994=AXIS2_PLACEMENT_3D('',#3033,#2457,#2458);
#1995=AXIS2_PLACEMENT_3D('',#3034,#2459,#2460);
#1996=AXIS2_PLACEMENT_3D('',#3038,#2462,#2463);
#1997=AXIS2_PLACEMENT_3D('',#3039,#2464,#2465);
#1998=AXIS2_PLACEMENT_3D('',#3040,#2466,#2467);
#1999=AXIS2_PLACEMENT_3D('',#3042,#2469,#2470);
#2000=AXIS2_PLACEMENT_3D('',#3045,#2473,#2474);
#2001=AXIS2_PLACEMENT_3D('',#3047,#2476,#2477);
#2002=AXIS2_PLACEMENT_3D('',#3049,#2479,#2480);
#2003=AXIS2_PLACEMENT_3D('',#3051,#2482,#2483);
#2004=AXIS2_PLACEMENT_3D('',#3053,#2485,#2486);
#2005=AXIS2_PLACEMENT_3D('',#3055,#2488,#2489);
#2006=AXIS2_PLACEMENT_3D('',#3057,#2491,#2492);
#2007=AXIS2_PLACEMENT_3D('',#3059,#2494,#2495);
#2008=AXIS2_PLACEMENT_3D('',#3061,#2497,#2498);
#2009=AXIS2_PLACEMENT_3D('',#3063,#2500,#2501);
#2010=AXIS2_PLACEMENT_3D('',#3064,#2502,#2503);
#2011=AXIS2_PLACEMENT_3D('',#3065,#2504,#2505);
#2012=AXIS2_PLACEMENT_3D('',#3066,#2506,#2507);
#2013=AXIS2_PLACEMENT_3D('',#3067,#2508,#2509);
#2014=AXIS2_PLACEMENT_3D('',#3070,#2512,#2513);
#2015=AXIS2_PLACEMENT_3D('',#3071,#2514,#2515);
#2016=AXIS2_PLACEMENT_3D('',#3072,#2516,#2517);
#2017=AXIS2_PLACEMENT_3D('',#3074,#2519,#2520);
#2018=AXIS2_PLACEMENT_3D('',#3076,#2522,#2523);
#2019=AXIS2_PLACEMENT_3D('',#3077,#2524,#2525);
#2020=AXIS2_PLACEMENT_3D('',#3080,#2528,#2529);
#2021=AXIS2_PLACEMENT_3D('',#3082,#2531,#2532);
#2022=AXIS2_PLACEMENT_3D('',#3084,#2534,#2535);
#2023=AXIS2_PLACEMENT_3D('',#3086,#2537,#2538);
#2024=AXIS2_PLACEMENT_3D('',#3088,#2540,#2541);
#2025=AXIS2_PLACEMENT_3D('',#3090,#2543,#2544);
#2026=AXIS2_PLACEMENT_3D('',#3092,#2546,#2547);
#2027=DIRECTION('',(0.,0.,1.));
#2028=DIRECTION('',(1.,0.,0.));
#2029=DIRECTION('',(0.,1.,0.));
#2030=DIRECTION('',(0.,0.,1.));
#2031=DIRECTION('',(0.,0.,1.));
#2032=DIRECTION('',(-1.,0.,0.));
#2033=DIRECTION('',(0.,0.,1.));
#2034=DIRECTION('',(-1.,0.,0.));
#2035=DIRECTION('',(0.,1.,0.));
#2036=DIRECTION('',(0.,0.,1.));
#2037=DIRECTION('',(-1.,0.,0.));
#2038=DIRECTION('',(0.,0.,1.));
#2039=DIRECTION('',(-1.,0.,0.));
#2040=DIRECTION('',(0.,0.,1.));
#2041=DIRECTION('',(0.,0.,1.));
#2042=DIRECTION('',(1.,0.,0.));
#2043=DIRECTION('',(-1.,0.,0.));
#2044=DIRECTION('',(0.,-1.,0.));
#2045=DIRECTION('',(1.,0.,0.));
#2046=DIRECTION('',(0.,-1.,0.));
#2047=DIRECTION('',(-1.,0.,0.));
#2048=DIRECTION('',(0.707106781186541,-0.707106781186554,0.));
#2049=DIRECTION('',(1.74930098417829E-16,-1.,0.));
#2050=DIRECTION('',(0.707106781186546,0.70710678118655,0.));
#2051=DIRECTION('',(-1.,0.,0.));
#2052=DIRECTION('',(0.,-1.,0.));
#2053=DIRECTION('',(1.,0.,0.));
#2054=DIRECTION('',(0.,-1.,0.));
#2055=DIRECTION('',(-1.,0.,0.));
#2056=DIRECTION('',(-0.707106781186548,0.707106781186547,0.));
#2057=DIRECTION('',(0.,-1.,0.));
#2058=DIRECTION('',(-0.707106781186547,-0.707106781186548,0.));
#2059=DIRECTION('',(0.,-1.,0.));
#2060=DIRECTION('',(1.,1.48584451903795E-16,0.));
#2061=DIRECTION('',(0.,1.,0.));
#2062=DIRECTION('',(-1.,-1.48584451903795E-16,0.));
#2063=DIRECTION('',(0.,0.,1.));
#2064=DIRECTION('',(1.,0.,0.));
#2065=DIRECTION('',(0.,0.,1.));
#2066=DIRECTION('',(1.,0.,0.));
#2067=DIRECTION('',(0.,0.,1.));
#2068=DIRECTION('',(1.,0.,0.));
#2069=DIRECTION('',(0.,0.,1.));
#2070=DIRECTION('',(1.,0.,0.));
#2071=DIRECTION('',(0.,1.,0.));
#2072=DIRECTION('',(0.,0.,1.));
#2073=DIRECTION('',(-1.,0.,0.));
#2074=DIRECTION('',(0.,0.,1.));
#2075=DIRECTION('',(-1.,0.,0.));
#2076=DIRECTION('',(0.,0.,1.));
#2077=DIRECTION('',(-1.,0.,0.));
#2078=DIRECTION('',(0.,0.,1.));
#2079=DIRECTION('',(0.,0.,1.));
#2080=DIRECTION('',(0.,-1.,0.));
#2081=DIRECTION('',(0.,0.,1.));
#2082=DIRECTION('',(0.,-1.,0.));
#2083=DIRECTION('',(0.,1.,0.));
#2084=DIRECTION('',(0.,0.,1.));
#2085=DIRECTION('',(0.,0.,1.));
#2086=DIRECTION('',(-1.,0.,0.));
#2087=DIRECTION('',(0.,0.,1.));
#2088=DIRECTION('',(-1.,0.,0.));
#2089=DIRECTION('',(-1.,0.,0.));
#2090=DIRECTION('',(0.,0.,1.));
#2091=DIRECTION('',(0.,0.,1.));
#2092=DIRECTION('',(0.,-1.,0.));
#2093=DIRECTION('',(0.,0.,1.));
#2094=DIRECTION('',(0.,-1.,0.));
#2095=DIRECTION('',(0.,0.,1.));
#2096=DIRECTION('',(1.,0.,0.));
#2097=DIRECTION('',(-2.11551643411806E-16,1.,0.));
#2098=DIRECTION('',(1.,0.,0.));
#2099=DIRECTION('',(-2.11551643411806E-16,1.,0.));
#2100=DIRECTION('',(1.,0.,0.));
#2101=DIRECTION('',(0.,0.,1.));
#2102=DIRECTION('',(1.,0.,0.));
#2103=DIRECTION('',(0.,0.,1.));
#2104=DIRECTION('',(1.,0.,0.));
#2105=DIRECTION('',(0.,0.,1.));
#2106=DIRECTION('',(1.,0.,0.));
#2107=DIRECTION('',(0.,0.,1.));
#2108=DIRECTION('',(1.,0.,0.));
#2109=DIRECTION('',(1.,0.,0.));
#2110=DIRECTION('',(0.,0.,-1.));
#2111=DIRECTION('',(0.,-1.,0.));
#2112=DIRECTION('',(0.,0.,-1.));
#2113=DIRECTION('',(0.,-1.,0.));
#2114=DIRECTION('',(0.,0.,1.));
#2115=DIRECTION('',(1.48584451903795E-16,-1.,0.));
#2116=DIRECTION('',(1.,1.48584451903795E-16,0.));
#2117=DIRECTION('',(-1.,-1.48584451903795E-16,0.));
#2118=DIRECTION('',(0.,0.,1.));
#2119=DIRECTION('',(1.,1.48584451903795E-16,0.));
#2120=DIRECTION('',(0.,0.,-1.));
#2121=DIRECTION('',(1.,0.,0.));
#2122=DIRECTION('',(0.,0.,-1.));
#2123=DIRECTION('',(0.,-1.,0.));
#2124=DIRECTION('',(0.,0.,1.));
#2125=DIRECTION('',(0.,1.,0.));
#2126=DIRECTION('',(0.,0.,-1.));
#2127=DIRECTION('',(0.,0.,-1.));
#2128=DIRECTION('',(-1.,0.,0.));
#2129=DIRECTION('',(0.,0.,1.));
#2130=DIRECTION('',(1.,0.,0.));
#2131=DIRECTION('',(0.,0.,1.));
#2132=DIRECTION('',(1.,0.,0.));
#2133=DIRECTION('',(0.,0.,-1.));
#2134=DIRECTION('',(-1.,0.,0.));
#2135=DIRECTION('',(0.,0.,1.));
#2136=DIRECTION('',(1.,0.,0.));
#2137=DIRECTION('',(0.,0.,1.));
#2138=DIRECTION('',(1.,0.,0.));
#2139=DIRECTION('',(0.,0.,-1.));
#2140=DIRECTION('',(-1.,0.,0.));
#2141=DIRECTION('',(0.,0.,1.));
#2142=DIRECTION('',(1.,0.,0.));
#2143=DIRECTION('',(0.,0.,1.));
#2144=DIRECTION('',(1.,0.,0.));
#2145=DIRECTION('',(0.,0.,-1.));
#2146=DIRECTION('',(-1.,0.,0.));
#2147=DIRECTION('',(0.,0.,1.));
#2148=DIRECTION('',(1.,0.,0.));
#2149=DIRECTION('',(0.,0.,1.));
#2150=DIRECTION('',(1.,0.,0.));
#2151=DIRECTION('',(1.48584451903795E-16,-1.,0.));
#2152=DIRECTION('',(1.,1.48584451903795E-16,0.));
#2153=DIRECTION('',(-1.,-1.48584451903795E-16,0.));
#2154=DIRECTION('',(0.,0.,-1.));
#2155=DIRECTION('',(-1.,-1.48584451903795E-16,0.));
#2156=DIRECTION('',(0.,0.,1.));
#2157=DIRECTION('',(0.,0.,1.));
#2158=DIRECTION('',(1.,0.,0.));
#2159=DIRECTION('',(0.,-1.,0.));
#2160=DIRECTION('',(0.,0.,1.));
#2161=DIRECTION('',(1.,0.,0.));
#2162=DIRECTION('',(-1.,0.,0.));
#2163=DIRECTION('',(0.,0.,1.));
#2164=DIRECTION('',(1.,0.,0.));
#2165=DIRECTION('',(0.,-1.,0.));
#2166=DIRECTION('',(0.,0.,1.));
#2167=DIRECTION('',(1.,0.,0.));
#2168=DIRECTION('',(-1.,0.,0.));
#2169=DIRECTION('',(0.,0.,1.));
#2170=DIRECTION('',(1.,0.,0.));
#2171=DIRECTION('',(-0.707106781186544,0.707106781186551,0.));
#2172=DIRECTION('',(-0.707106781186551,-0.707106781186544,0.));
#2173=DIRECTION('',(0.707106781186548,-0.707106781186548,0.));
#2174=DIRECTION('',(0.707106781186548,0.707106781186548,0.));
#2175=DIRECTION('',(0.,1.,0.));
#2176=DIRECTION('',(0.,0.,1.));
#2177=DIRECTION('',(0.,0.,1.));
#2178=DIRECTION('',(-1.,0.,0.));
#2179=DIRECTION('',(0.,0.,1.));
#2180=DIRECTION('',(-1.,0.,0.));
#2181=DIRECTION('',(0.,0.,1.));
#2182=DIRECTION('',(0.,0.,1.));
#2183=DIRECTION('',(0.,-1.,0.));
#2184=DIRECTION('',(0.,0.,1.));
#2185=DIRECTION('',(0.,1.,0.));
#2186=DIRECTION('',(0.,0.,1.));
#2187=DIRECTION('',(0.,0.,1.));
#2188=DIRECTION('',(1.,0.,0.));
#2189=DIRECTION('',(0.,0.,1.));
#2190=DIRECTION('',(-1.,0.,0.));
#2191=DIRECTION('',(0.,0.,1.));
#2192=DIRECTION('',(0.,0.,1.));
#2193=DIRECTION('',(0.,1.,0.));
#2194=DIRECTION('',(0.,0.,1.));
#2195=DIRECTION('',(0.,0.,1.));
#2196=DIRECTION('',(1.,0.,0.));
#2197=DIRECTION('',(0.,0.,1.));
#2198=DIRECTION('',(1.,0.,0.));
#2199=DIRECTION('',(1.,0.,0.));
#2200=DIRECTION('',(0.,0.,1.));
#2201=DIRECTION('',(1.,0.,0.));
#2202=DIRECTION('',(0.,-1.,0.));
#2203=DIRECTION('',(0.,0.,1.));
#2204=DIRECTION('',(1.,0.,0.));
#2205=DIRECTION('',(-1.,0.,0.));
#2206=DIRECTION('',(0.,0.,1.));
#2207=DIRECTION('',(1.,0.,0.));
#2208=DIRECTION('',(0.,1.,0.));
#2209=DIRECTION('',(0.,0.,1.));
#2210=DIRECTION('',(1.,0.,0.));
#2211=DIRECTION('',(0.,0.,1.));
#2212=DIRECTION('',(1.,0.,0.));
#2213=DIRECTION('',(0.,0.,1.));
#2214=DIRECTION('',(1.,0.,0.));
#2215=DIRECTION('',(0.,0.,1.));
#2216=DIRECTION('',(1.,0.,0.));
#2217=DIRECTION('',(0.,0.,1.));
#2218=DIRECTION('',(1.,0.,0.));
#2219=DIRECTION('',(0.,0.,1.));
#2220=DIRECTION('',(1.,0.,0.));
#2221=DIRECTION('',(0.,0.,1.));
#2222=DIRECTION('',(1.,0.,0.));
#2223=DIRECTION('',(0.,0.,1.));
#2224=DIRECTION('',(1.,0.,0.));
#2225=DIRECTION('',(0.,0.,1.));
#2226=DIRECTION('',(1.,0.,0.));
#2227=DIRECTION('',(0.,0.,1.));
#2228=DIRECTION('',(1.,0.,0.));
#2229=DIRECTION('',(0.,0.,1.));
#2230=DIRECTION('',(1.,0.,0.));
#2231=DIRECTION('',(0.,0.,1.));
#2232=DIRECTION('',(1.,0.,0.));
#2233=DIRECTION('',(0.,0.,1.));
#2234=DIRECTION('',(1.,0.,0.));
#2235=DIRECTION('',(0.,0.,1.));
#2236=DIRECTION('',(1.,0.,0.));
#2237=DIRECTION('',(0.,0.,1.));
#2238=DIRECTION('',(1.,0.,0.));
#2239=DIRECTION('',(0.,0.,1.));
#2240=DIRECTION('',(1.,0.,0.));
#2241=DIRECTION('',(0.,0.,1.));
#2242=DIRECTION('',(1.,0.,0.));
#2243=DIRECTION('',(0.,0.,1.));
#2244=DIRECTION('',(1.,0.,0.));
#2245=DIRECTION('',(0.,0.,1.));
#2246=DIRECTION('',(1.,0.,0.));
#2247=DIRECTION('',(0.,0.,1.));
#2248=DIRECTION('',(1.,0.,0.));
#2249=DIRECTION('',(0.,0.,1.));
#2250=DIRECTION('',(1.,0.,0.));
#2251=DIRECTION('',(0.,0.,1.));
#2252=DIRECTION('',(1.,0.,0.));
#2253=DIRECTION('',(0.,0.,1.));
#2254=DIRECTION('',(1.,0.,0.));
#2255=DIRECTION('',(0.,0.,1.));
#2256=DIRECTION('',(1.,0.,0.));
#2257=DIRECTION('',(0.707106781186548,0.707106781186548,0.));
#2258=DIRECTION('',(0.,0.,1.));
#2259=DIRECTION('',(-0.707106781186548,0.707106781186548,5.14782810373329E-16));
#2260=DIRECTION('',(-0.707106781186547,0.,-0.707106781186548));
#2261=DIRECTION('',(0.,-1.,0.));
#2262=DIRECTION('',(0.707106781186548,9.61481343191782E-17,-0.707106781186547));
#2263=DIRECTION('',(-0.707106781186548,2.77555756156289E-17,0.707106781186547));
#2264=DIRECTION('',(-0.707106781186548,0.707106781186548,0.));
#2265=DIRECTION('',(0.,0.,-1.));
#2266=DIRECTION('',(-0.707106781186548,-0.707106781186548,0.));
#2267=DIRECTION('',(0.577350269189626,0.577350269189625,0.577350269189626));
#2268=DIRECTION('',(0.707106781186548,0.,-0.707106781186548));
#2269=DIRECTION('',(-2.77555756156289E-17,-0.707106781186548,0.707106781186547));
#2270=DIRECTION('',(0.577350269189626,-0.577350269189626,0.577350269189626));
#2271=DIRECTION('',(0.707106781186548,0.,-0.707106781186548));
#2272=DIRECTION('',(6.83925587035493E-17,0.707106781186548,0.707106781186547));
#2273=DIRECTION('',(0.707106781186544,-0.707106781186551,0.));
#2274=DIRECTION('',(0.,0.,-1.));
#2275=DIRECTION('',(0.707106781186551,0.707106781186544,4.5927165914207E-16));
#2276=DIRECTION('',(-1.0506507352006E-16,0.707106781186547,0.707106781186548));
#2277=DIRECTION('',(1.,1.48584451903795E-16,0.));
#2278=DIRECTION('',(0.,0.707106781186548,-0.707106781186547));
#2279=DIRECTION('',(-1.0506507352006E-16,0.707106781186547,-0.707106781186548));
#2280=DIRECTION('',(-1.,-1.48584451903795E-16,0.));
#2281=DIRECTION('',(0.,-0.707106781186548,-0.707106781186547));
#2282=DIRECTION('',(-0.707106781186551,-0.707106781186544,0.));
#2283=DIRECTION('',(0.,0.,1.));
#2284=DIRECTION('',(0.707106781186544,-0.707106781186551,-1.83708663656829E-16));
#2285=DIRECTION('',(-0.577350269189622,0.577350269189627,0.577350269189628));
#2286=DIRECTION('',(0.,-0.707106781186548,0.707106781186547));
#2287=DIRECTION('',(0.707106781186548,-6.60646569240765E-15,0.707106781186547));
#2288=DIRECTION('',(-0.577350269189629,-0.577350269189624,0.577350269189624));
#2289=DIRECTION('',(0.707106781186544,0.,0.707106781186551));
#2290=DIRECTION('',(-0.707106781186548,6.46968057500059E-15,-0.707106781186548));
#2291=DIRECTION('',(-0.707106781186547,0.,0.707106781186548));
#2292=DIRECTION('',(0.,1.,0.));
#2293=DIRECTION('',(0.,0.,1.));
#2294=DIRECTION('',(1.,0.,0.));
#2295=DIRECTION('',(0.,0.,1.));
#2296=DIRECTION('',(1.,0.,0.));
#2297=DIRECTION('',(0.,0.,1.));
#2298=DIRECTION('',(1.,0.,0.));
#2299=DIRECTION('',(0.,0.,1.));
#2300=DIRECTION('',(1.,0.,0.));
#2301=DIRECTION('',(0.,0.,1.));
#2302=DIRECTION('',(1.,0.,0.));
#2303=DIRECTION('',(0.,0.,1.));
#2304=DIRECTION('',(1.,0.,0.));
#2305=DIRECTION('',(0.,0.,-1.));
#2306=DIRECTION('',(-1.,0.,0.));
#2307=DIRECTION('',(0.,0.,1.));
#2308=DIRECTION('',(1.,0.,0.));
#2309=DIRECTION('',(0.,0.,1.));
#2310=DIRECTION('',(1.,0.,0.));
#2311=DIRECTION('',(0.,0.,1.));
#2312=DIRECTION('',(1.,0.,0.));
#2313=DIRECTION('',(0.,0.,-1.));
#2314=DIRECTION('',(-1.,0.,0.));
#2315=DIRECTION('',(0.,0.,1.));
#2316=DIRECTION('',(1.,0.,0.));
#2317=DIRECTION('',(0.,1.,0.));
#2318=DIRECTION('',(0.,0.,1.));
#2319=DIRECTION('',(0.,1.,0.));
#2320=DIRECTION('',(0.,0.,1.));
#2321=DIRECTION('',(0.,1.,0.));
#2322=DIRECTION('',(0.,0.,1.));
#2323=DIRECTION('',(-1.,0.,0.));
#2324=DIRECTION('',(-1.,0.,0.));
#2325=DIRECTION('',(0.,1.,0.));
#2326=DIRECTION('',(0.,0.,1.));
#2327=DIRECTION('',(0.,0.,1.));
#2328=DIRECTION('',(0.,0.,1.));
#2329=DIRECTION('',(0.,1.,0.));
#2330=DIRECTION('',(0.,0.,1.));
#2331=DIRECTION('',(-1.,-2.11551643411806E-16,0.));
#2332=DIRECTION('',(2.11551643411806E-16,-1.,0.));
#2333=DIRECTION('',(2.11551643411806E-16,-1.,0.));
#2334=DIRECTION('',(0.,0.,-1.));
#2335=DIRECTION('',(0.,-1.,0.));
#2336=DIRECTION('',(0.,-1.,0.));
#2337=DIRECTION('',(0.,-1.,0.));
#2338=DIRECTION('',(-1.49589601627646E-16,0.707106781186548,0.707106781186548));
#2339=DIRECTION('',(0.,0.,-1.));
#2340=DIRECTION('',(0.,-1.,0.));
#2341=DIRECTION('',(1.49589601627646E-16,-0.707106781186548,0.707106781186548));
#2342=DIRECTION('',(0.,0.,1.));
#2343=DIRECTION('',(-1.,-2.11551643411806E-16,0.));
#2344=DIRECTION('',(2.11551643411806E-16,-1.,0.));
#2345=DIRECTION('',(0.,0.,-1.));
#2346=DIRECTION('',(2.11551643411806E-16,-1.,0.));
#2347=DIRECTION('',(0.,0.,1.));
#2348=DIRECTION('',(-1.49589601627646E-16,0.707106781186548,-0.707106781186548));
#2349=DIRECTION('',(0.,-1.,0.));
#2350=DIRECTION('',(0.,0.,-1.));
#2351=DIRECTION('',(1.49589601627646E-16,-0.707106781186548,-0.707106781186548));
#2352=DIRECTION('',(0.,-1.,0.));
#2353=DIRECTION('',(0.,-1.,0.));
#2354=DIRECTION('',(0.,-1.,0.));
#2355=DIRECTION('',(0.,1.,0.));
#2356=DIRECTION('',(0.,0.,1.));
#2357=DIRECTION('',(0.,1.,0.));
#2358=DIRECTION('',(0.,0.,1.));
#2359=DIRECTION('',(-1.,0.,0.));
#2360=DIRECTION('',(-1.,0.,0.));
#2361=DIRECTION('',(0.,1.,0.));
#2362=DIRECTION('',(0.,0.,1.));
#2363=DIRECTION('',(0.,-1.,0.));
#2364=DIRECTION('',(0.,0.,-1.));
#2365=DIRECTION('',(0.,-1.,0.));
#2366=DIRECTION('',(0.,0.,-1.));
#2367=DIRECTION('',(1.,0.,0.));
#2368=DIRECTION('',(0.,-1.,0.));
#2369=DIRECTION('',(0.,0.,-1.));
#2370=DIRECTION('',(0.,0.,1.));
#2371=DIRECTION('',(-1.,0.,0.));
#2372=DIRECTION('',(0.,0.,-1.));
#2373=DIRECTION('',(1.,1.74930098417829E-16,0.));
#2374=DIRECTION('',(-1.74930098417829E-16,1.,0.));
#2375=DIRECTION('',(0.,0.,1.));
#2376=DIRECTION('',(1.74930098417829E-16,-1.,0.));
#2377=DIRECTION('',(0.,0.,-1.));
#2378=DIRECTION('',(0.,-1.,0.));
#2379=DIRECTION('',(0.,0.,-1.));
#2380=DIRECTION('',(1.,0.,0.));
#2381=DIRECTION('',(0.,-1.,0.));
#2382=DIRECTION('',(0.,0.,-1.));
#2383=DIRECTION('',(0.,0.,1.));
#2384=DIRECTION('',(1.,0.,0.));
#2385=DIRECTION('',(0.,0.,-1.));
#2386=DIRECTION('',(0.,-1.,0.));
#2387=DIRECTION('',(0.,0.,-1.));
#2388=DIRECTION('',(1.,0.,0.));
#2389=DIRECTION('',(0.,0.,-1.));
#2390=DIRECTION('',(0.,1.,0.));
#2391=DIRECTION('',(0.,0.,-1.));
#2392=DIRECTION('',(0.,0.,1.));
#2393=DIRECTION('',(0.,0.,1.));
#2394=DIRECTION('',(1.,0.,0.));
#2395=DIRECTION('',(-1.,0.,0.));
#2396=DIRECTION('',(0.,-1.,0.));
#2397=DIRECTION('',(1.,0.,0.));
#2398=DIRECTION('',(-1.74930098417829E-16,1.,0.));
#2399=DIRECTION('',(2.39272203583008E-16,-1.,0.));
#2400=DIRECTION('',(1.,2.39272203583008E-16,0.));
#2401=DIRECTION('',(2.39272203583008E-16,-1.,0.));
#2402=DIRECTION('',(1.,2.39272203583008E-16,0.));
#2403=DIRECTION('',(-1.,-2.39272203583008E-16,0.));
#2404=DIRECTION('',(2.39272203583008E-16,-1.,0.));
#2405=DIRECTION('',(1.,2.39272203583008E-16,0.));
#2406=DIRECTION('',(-1.,-2.39272203583008E-16,0.));
#2407=DIRECTION('',(0.,0.,-1.));
#2408=DIRECTION('',(-1.,0.,0.));
#2409=DIRECTION('',(0.,0.,1.));
#2410=DIRECTION('',(1.,0.,0.));
#2411=DIRECTION('',(0.,0.,1.));
#2412=DIRECTION('',(1.,0.,0.));
#2413=DIRECTION('',(0.,0.,-1.));
#2414=DIRECTION('',(-1.,0.,0.));
#2415=DIRECTION('',(0.,0.,1.));
#2416=DIRECTION('',(1.,0.,0.));
#2417=DIRECTION('',(0.,0.,1.));
#2418=DIRECTION('',(1.,0.,0.));
#2419=DIRECTION('',(0.,0.,1.));
#2420=DIRECTION('',(1.,0.,0.));
#2421=DIRECTION('',(0.,0.,1.));
#2422=DIRECTION('',(1.,0.,0.));
#2423=DIRECTION('',(2.11551643411806E-16,-1.,0.));
#2424=DIRECTION('',(2.11551643411806E-16,-1.,0.));
#2425=DIRECTION('',(2.11551643411806E-16,-1.,0.));
#2426=DIRECTION('',(2.11551643411806E-16,-1.,0.));
#2427=DIRECTION('',(0.,-1.,0.));
#2428=DIRECTION('',(0.,0.,-1.));
#2429=DIRECTION('',(-1.,0.,0.));
#2430=DIRECTION('',(-1.,0.,0.));
#2431=DIRECTION('',(0.,0.,-1.));
#2432=DIRECTION('',(-1.,0.,0.));
#2433=DIRECTION('',(0.,-0.707106781186548,-0.707106781186548));
#2434=DIRECTION('',(0.,0.707106781186548,-0.707106781186548));
#2435=DIRECTION('',(0.,0.,1.));
#2436=DIRECTION('',(1.,0.,0.));
#2437=DIRECTION('',(0.,0.707106781186548,-0.707106781186548));
#2438=DIRECTION('',(0.,-0.707106781186548,-0.707106781186548));
#2439=DIRECTION('',(0.,0.,-1.));
#2440=DIRECTION('',(-1.,0.,0.));
#2441=DIRECTION('',(0.,-0.707106781186548,-0.707106781186548));
#2442=DIRECTION('',(0.,0.707106781186548,-0.707106781186548));
#2443=DIRECTION('',(0.,0.,1.));
#2444=DIRECTION('',(1.,0.,0.));
#2445=DIRECTION('',(0.,0.707106781186548,-0.707106781186548));
#2446=DIRECTION('',(0.,-0.707106781186548,-0.707106781186548));
#2447=DIRECTION('',(0.,0.,1.));
#2448=DIRECTION('',(1.,0.,0.));
#2449=DIRECTION('',(1.,0.,0.));
#2450=DIRECTION('',(1.,0.,0.));
#2451=DIRECTION('',(1.,0.,0.));
#2452=DIRECTION('',(0.,0.,1.));
#2453=DIRECTION('',(1.,0.,0.));
#2454=DIRECTION('',(1.,0.,0.));
#2455=DIRECTION('',(0.,-0.707106781186548,-0.707106781186548));
#2456=DIRECTION('',(1.,0.,0.));
#2457=DIRECTION('',(0.,-0.707106781186548,-0.707106781186548));
#2458=DIRECTION('',(0.,-0.707106781186548,0.707106781186548));
#2459=DIRECTION('',(0.,-0.707106781186548,-0.707106781186548));
#2460=DIRECTION('',(0.,-0.707106781186548,0.707106781186548));
#2461=DIRECTION('',(1.,0.,0.));
#2462=DIRECTION('',(0.,-0.707106781186548,-0.707106781186548));
#2463=DIRECTION('',(0.,-0.707106781186548,0.707106781186548));
#2464=DIRECTION('',(0.,-0.707106781186548,-0.707106781186548));
#2465=DIRECTION('',(0.,-0.707106781186548,0.707106781186548));
#2466=DIRECTION('',(0.707106781186554,0.707106781186541,0.));
#2467=DIRECTION('',(0.,0.,1.));
#2468=DIRECTION('',(-0.707106781186541,0.707106781186554,-1.61703479231429E-15));
#2469=DIRECTION('',(-0.707106781186547,-1.23694258824877E-16,-0.707106781186548));
#2470=DIRECTION('',(1.74930098417829E-16,-1.,0.));
#2471=DIRECTION('',(0.707106781186548,3.20064400814852E-15,-0.707106781186547));
#2472=DIRECTION('',(-0.707106781186548,-4.06369830879214E-17,0.707106781186547));
#2473=DIRECTION('',(-0.70710678118655,0.707106781186546,0.));
#2474=DIRECTION('',(0.,0.,-1.));
#2475=DIRECTION('',(-0.707106781186546,-0.70710678118655,-1.6170347923143E-15));
#2476=DIRECTION('',(0.577350269189629,0.577350269189619,0.577350269189629));
#2477=DIRECTION('',(0.707106781186548,0.,-0.707106781186547));
#2478=DIRECTION('',(-1.22108130585356E-14,-0.707106781186548,0.707106781186548));
#2479=DIRECTION('',(0.577350269189627,-0.577350269189625,0.577350269189625));
#2480=DIRECTION('',(0.707106781186546,0.,-0.707106781186549));
#2481=DIRECTION('',(0.,0.707106781186548,0.707106781186548));
#2482=DIRECTION('',(0.707106781186548,-0.707106781186547,0.));
#2483=DIRECTION('',(0.,0.,-1.));
#2484=DIRECTION('',(0.707106781186547,0.707106781186548,-1.6170347923143E-15));
#2485=DIRECTION('',(0.,0.707106781186548,0.707106781186548));
#2486=DIRECTION('',(1.,0.,0.));
#2487=DIRECTION('',(0.,0.707106781186548,-0.707106781186548));
#2488=DIRECTION('',(0.,0.707106781186548,-0.707106781186548));
#2489=DIRECTION('',(-1.,0.,0.));
#2490=DIRECTION('',(0.,-0.707106781186548,-0.707106781186548));
#2491=DIRECTION('',(-0.707106781186547,-0.707106781186548,0.));
#2492=DIRECTION('',(0.,0.,1.));
#2493=DIRECTION('',(0.707106781186548,-0.707106781186547,-1.64479036792993E-15));
#2494=DIRECTION('',(-0.577350269189625,0.577350269189626,0.577350269189626));
#2495=DIRECTION('',(0.,-0.707106781186548,0.707106781186548));
#2496=DIRECTION('',(0.707106781186548,-9.61481343191781E-17,0.707106781186547));
#2497=DIRECTION('',(-0.577350269189624,-0.577350269189626,0.577350269189626));
#2498=DIRECTION('',(0.,-0.707106781186548,-0.707106781186548));
#2499=DIRECTION('',(-0.707106781186548,-1.63451828342603E-15,-0.707106781186547));
#2500=DIRECTION('',(-0.707106781186547,0.,0.707106781186548));
#2501=DIRECTION('',(0.,1.,0.));
#2502=DIRECTION('',(0.,0.707106781186548,-0.707106781186548));
#2503=DIRECTION('',(-1.,0.,0.));
#2504=DIRECTION('',(2.11551643411806E-16,-1.,0.));
#2505=DIRECTION('',(1.,2.11551643411806E-16,0.));
#2506=DIRECTION('',(-2.11551643411806E-16,1.,0.));
#2507=DIRECTION('',(-1.,-2.11551643411806E-16,0.));
#2508=DIRECTION('',(0.,0.,-1.));
#2509=DIRECTION('',(-1.,0.,0.));
#2510=DIRECTION('',(0.,-1.,0.));
#2511=DIRECTION('',(0.,-1.,0.));
#2512=DIRECTION('',(0.,-1.,0.));
#2513=DIRECTION('',(0.,0.,-1.));
#2514=DIRECTION('',(0.,-1.,0.));
#2515=DIRECTION('',(0.,0.,-1.));
#2516=DIRECTION('',(0.,-1.,0.));
#2517=DIRECTION('',(0.,0.,-1.));
#2518=DIRECTION('',(0.,-1.,0.));
#2519=DIRECTION('',(0.,-1.,0.));
#2520=DIRECTION('',(0.,0.,-1.));
#2521=DIRECTION('',(0.,-1.,0.));
#2522=DIRECTION('',(0.,0.,-1.));
#2523=DIRECTION('',(-1.,0.,0.));
#2524=DIRECTION('',(0.,0.707106781186548,0.707106781186548));
#2525=DIRECTION('',(-1.,0.,0.));
#2526=DIRECTION('',(0.,-0.707106781186548,0.707106781186548));
#2527=DIRECTION('',(0.,0.707106781186548,-0.707106781186548));
#2528=DIRECTION('',(0.,0.,1.));
#2529=DIRECTION('',(1.,0.,0.));
#2530=DIRECTION('',(-0.707106781186548,0.,-0.707106781186548));
#2531=DIRECTION('',(0.,0.,1.));
#2532=DIRECTION('',(1.,0.,0.));
#2533=DIRECTION('',(-0.707106781186548,0.,0.707106781186548));
#2534=DIRECTION('',(-0.707106781186548,0.,0.707106781186548));
#2535=DIRECTION('',(0.,-1.,0.));
#2536=DIRECTION('',(-0.707106781186548,0.,-0.707106781186548));
#2537=DIRECTION('',(-0.707106781186548,0.,-0.707106781186548));
#2538=DIRECTION('',(0.,1.,0.));
#2539=DIRECTION('',(-0.707106781186548,0.,0.707106781186548));
#2540=DIRECTION('',(0.,0.,1.));
#2541=DIRECTION('',(1.,0.,0.));
#2542=DIRECTION('',(0.,-0.707106781186548,-0.707106781186548));
#2543=DIRECTION('',(0.,0.,1.));
#2544=DIRECTION('',(1.,0.,0.));
#2545=DIRECTION('',(0.,0.707106781186548,0.707106781186548));
#2546=DIRECTION('',(0.,0.707106781186548,-0.707106781186548));
#2547=DIRECTION('',(1.,0.,0.));
#2548=CARTESIAN_POINT('',(0.,0.,0.));
#2549=CARTESIAN_POINT('',(9.54097911787244E-18,-0.0175,-0.004002));
#2550=CARTESIAN_POINT('',(0.01025,-0.0175,-0.004002));
#2551=CARTESIAN_POINT('',(0.01025,-0.0175,0.018));
#2552=CARTESIAN_POINT('',(0.01025,-0.0175,0.03));
#2553=CARTESIAN_POINT('',(0.006625,-0.0175,0.018));
#2554=CARTESIAN_POINT('',(-0.01025,-0.0175,0.018));
#2555=CARTESIAN_POINT('',(-0.01025,-0.0175,-0.004002));
#2556=CARTESIAN_POINT('',(-0.01025,-0.0175,0.03));
#2557=CARTESIAN_POINT('',(0.006625,-0.0175,0.03));
#2558=CARTESIAN_POINT('',(1.7347234759768E-18,0.038,-0.004002));
#2559=CARTESIAN_POINT('',(1.7347234759768E-18,0.038,0.018));
#2560=CARTESIAN_POINT('',(0.01025,0.038,0.018));
#2561=CARTESIAN_POINT('',(-0.01025,0.038,0.018));
#2562=CARTESIAN_POINT('',(0.01025,0.038,-0.004002));
#2563=CARTESIAN_POINT('',(0.01025,0.038,0.03));
#2564=CARTESIAN_POINT('',(1.7347234759768E-18,0.038,0.03));
#2565=CARTESIAN_POINT('',(-0.01025,0.038,0.03));
#2566=CARTESIAN_POINT('',(-0.01025,0.038,-0.004002));
#2567=CARTESIAN_POINT('',(0.,0.,0.003));
#2568=CARTESIAN_POINT('',(1.7347234759768E-18,0.04,0.003));
#2569=CARTESIAN_POINT('',(-0.0025,0.04,0.003));
#2570=CARTESIAN_POINT('',(-0.01075,0.04,0.003));
#2571=CARTESIAN_POINT('',(-0.0025,0.0433,0.003));
#2572=CARTESIAN_POINT('',(-0.0025,0.038,0.003));
#2573=CARTESIAN_POINT('',(1.7347234759768E-18,0.038,0.003));
#2574=CARTESIAN_POINT('',(0.0025,0.038,0.003));
#2575=CARTESIAN_POINT('',(0.0025,0.0433,0.003));
#2576=CARTESIAN_POINT('',(0.0025,0.04,0.003));
#2577=CARTESIAN_POINT('',(1.7347234759768E-18,0.04,0.003));
#2578=CARTESIAN_POINT('',(0.01075,0.04,0.003));
#2579=CARTESIAN_POINT('',(0.01075,0.04,0.003));
#2580=CARTESIAN_POINT('',(0.01225,0.0385,0.003));
#2581=CARTESIAN_POINT('',(0.01225,0.01025,0.003));
#2582=CARTESIAN_POINT('',(0.01225,-0.018,0.003));
#2583=CARTESIAN_POINT('',(0.01225,-0.018,0.003));
#2584=CARTESIAN_POINT('',(0.01075,-0.0195,0.003));
#2585=CARTESIAN_POINT('',(5.20417042793042E-18,-0.0195,0.003));
#2586=CARTESIAN_POINT('',(0.0025,-0.0195,0.003));
#2587=CARTESIAN_POINT('',(0.0025,0.0433,0.003));
#2588=CARTESIAN_POINT('',(0.0025,-0.0175,0.003));
#2589=CARTESIAN_POINT('',(9.54097911787244E-18,-0.0175,0.003));
#2590=CARTESIAN_POINT('',(-0.0025,-0.0175,0.003));
#2591=CARTESIAN_POINT('',(-0.0025,0.0433,0.003));
#2592=CARTESIAN_POINT('',(-0.0025,-0.0195,0.003));
#2593=CARTESIAN_POINT('',(5.20417042793042E-18,-0.0195,0.003));
#2594=CARTESIAN_POINT('',(-0.01075,-0.0195,0.003));
#2595=CARTESIAN_POINT('',(-0.01075,-0.0195,0.003));
#2596=CARTESIAN_POINT('',(-0.01225,-0.018,0.003));
#2597=CARTESIAN_POINT('',(-0.01225,0.01025,0.003));
#2598=CARTESIAN_POINT('',(-0.01225,0.0385,0.003));
#2599=CARTESIAN_POINT('',(-0.01225,0.0385,0.003));
#2600=CARTESIAN_POINT('',(-0.0452,-0.0467,0.003));
#2601=CARTESIAN_POINT('',(-0.0452,0.0452,0.003));
#2602=CARTESIAN_POINT('',(-0.0452,-0.0452,0.003));
#2603=CARTESIAN_POINT('',(6.71601722605154E-18,-0.0452,0.003));
#2604=CARTESIAN_POINT('',(0.0452,-0.0452,0.003));
#2605=CARTESIAN_POINT('',(0.0452,0.,0.003));
#2606=CARTESIAN_POINT('',(0.0452,0.0452,0.003));
#2607=CARTESIAN_POINT('',(-0.0467,0.0452,0.003));
#2608=CARTESIAN_POINT('',(-0.03895,0.03895,0.003));
#2609=CARTESIAN_POINT('',(-0.03495,0.03895,0.003));
#2610=CARTESIAN_POINT('',(0.03895,0.03895,0.003));
#2611=CARTESIAN_POINT('',(0.04295,0.03895,0.003));
#2612=CARTESIAN_POINT('',(-0.03895,-0.03895,0.003));
#2613=CARTESIAN_POINT('',(-0.03495,-0.03895,0.003));
#2614=CARTESIAN_POINT('',(0.03895,-0.03895,0.003));
#2615=CARTESIAN_POINT('',(0.04295,-0.03895,0.003));
#2616=CARTESIAN_POINT('',(0.0375357864376269,0.04245,-0.004));
#2617=CARTESIAN_POINT('',(0.0375357864376269,0.04245,-0.004));
#2618=CARTESIAN_POINT('',(0.0361215728752538,0.04245,-0.004));
#2619=CARTESIAN_POINT('',(-0.0361215728752538,0.04245,-0.004));
#2620=CARTESIAN_POINT('',(0.0361215728752538,0.04245,-0.004));
#2621=CARTESIAN_POINT('',(0.0361215728752538,0.04245,0.));
#2622=CARTESIAN_POINT('',(0.0375357864376269,0.04245,0.));
#2623=CARTESIAN_POINT('',(-0.0361215728752538,0.04245,0.));
#2624=CARTESIAN_POINT('',(-0.0361215728752538,0.04245,-0.004));
#2625=CARTESIAN_POINT('',(0.04245,0.,-0.004));
#2626=CARTESIAN_POINT('',(0.04245,0.0361215728752538,-0.004));
#2627=CARTESIAN_POINT('',(0.04245,0.0361215728752538,-0.004));
#2628=CARTESIAN_POINT('',(0.04245,0.0361215728752538,0.));
#2629=CARTESIAN_POINT('',(0.04245,0.,-0.004));
#2630=CARTESIAN_POINT('',(0.04245,-0.0361215728752538,-0.004));
#2631=CARTESIAN_POINT('',(0.04245,-0.0361215728752538,-0.004));
#2632=CARTESIAN_POINT('',(0.04245,-0.0361215728752538,0.));
#2633=CARTESIAN_POINT('',(0.04245,0.,0.));
#2634=CARTESIAN_POINT('',(0.,-0.04245,-0.004));
#2635=CARTESIAN_POINT('',(0.0361215728752538,-0.04245,-0.004));
#2636=CARTESIAN_POINT('',(0.0361215728752538,-0.04245,-0.004));
#2637=CARTESIAN_POINT('',(0.0361215728752538,-0.04245,0.));
#2638=CARTESIAN_POINT('',(0.,-0.04245,-0.004));
#2639=CARTESIAN_POINT('',(-0.0361215728752538,-0.04245,-0.004));
#2640=CARTESIAN_POINT('',(-0.0361215728752538,-0.04245,-0.004));
#2641=CARTESIAN_POINT('',(-0.0361215728752538,-0.04245,0.));
#2642=CARTESIAN_POINT('',(0.,-0.04245,0.));
#2643=CARTESIAN_POINT('',(-0.04245,0.,-0.004));
#2644=CARTESIAN_POINT('',(-0.04245,-0.0361215728752538,-0.004));
#2645=CARTESIAN_POINT('',(-0.04245,-0.0361215728752538,-0.004));
#2646=CARTESIAN_POINT('',(-0.04245,-0.0361215728752538,0.));
#2647=CARTESIAN_POINT('',(-0.04245,0.,-0.004));
#2648=CARTESIAN_POINT('',(-0.04245,0.0361215728752538,-0.004));
#2649=CARTESIAN_POINT('',(-0.04245,0.0361215728752538,-0.004));
#2650=CARTESIAN_POINT('',(-0.04245,0.0361215728752538,0.));
#2651=CARTESIAN_POINT('',(-0.04245,0.,0.));
#2652=CARTESIAN_POINT('',(0.,0.,0.));
#2653=CARTESIAN_POINT('',(-0.01025,0.01025,0.));
#2654=CARTESIAN_POINT('',(-0.01025,-0.0175,-1.7347234759768E-18));
#2655=CARTESIAN_POINT('',(-0.01025,0.038,-1.7347234759768E-18));
#2656=CARTESIAN_POINT('',(9.54097911787244E-18,-0.0175,0.));
#2657=CARTESIAN_POINT('',(0.01025,-0.0175,-1.7347234759768E-18));
#2658=CARTESIAN_POINT('',(0.01025,0.01025,0.));
#2659=CARTESIAN_POINT('',(0.01025,0.038,-1.7347234759768E-18));
#2660=CARTESIAN_POINT('',(1.7347234759768E-18,0.038,0.));
#2661=CARTESIAN_POINT('',(0.03895,0.03895,0.));
#2662=CARTESIAN_POINT('',(0.03895,-0.03895,0.));
#2663=CARTESIAN_POINT('',(-0.03895,-0.03895,0.));
#2664=CARTESIAN_POINT('',(-0.03895,0.03895,0.));
#2665=CARTESIAN_POINT('',(0.0467,0.,0.003));
#2666=CARTESIAN_POINT('',(0.0467,0.,0.0015));
#2667=CARTESIAN_POINT('',(0.0467,0.0452,0.0015));
#2668=CARTESIAN_POINT('',(0.0467,-0.0452,0.0015));
#2669=CARTESIAN_POINT('',(0.0467,-0.0452,0.003));
#2670=CARTESIAN_POINT('',(0.0467,-0.0452,0.));
#2671=CARTESIAN_POINT('',(0.0467,0.,0.));
#2672=CARTESIAN_POINT('',(0.0467,0.0452,0.));
#2673=CARTESIAN_POINT('',(0.0467,0.0452,0.003));
#2674=CARTESIAN_POINT('',(0.,0.0467,0.003));
#2675=CARTESIAN_POINT('',(0.,0.0467,0.));
#2676=CARTESIAN_POINT('',(0.0452,0.0467,0.));
#2677=CARTESIAN_POINT('',(-0.0452,0.0467,0.));
#2678=CARTESIAN_POINT('',(-0.0452,0.0467,0.003));
#2679=CARTESIAN_POINT('',(-0.0452,0.0467,0.0015));
#2680=CARTESIAN_POINT('',(0.0467,0.0467,0.0015));
#2681=CARTESIAN_POINT('',(0.0452,0.0467,0.0015));
#2682=CARTESIAN_POINT('',(0.0452,0.0467,0.));
#2683=CARTESIAN_POINT('',(-0.0467,0.,0.003));
#2684=CARTESIAN_POINT('',(-0.0467,0.,0.));
#2685=CARTESIAN_POINT('',(-0.0467,0.0452,0.));
#2686=CARTESIAN_POINT('',(-0.0467,-0.0452,0.));
#2687=CARTESIAN_POINT('',(-0.0467,-0.0452,0.003));
#2688=CARTESIAN_POINT('',(-0.0467,-0.0452,0.0015));
#2689=CARTESIAN_POINT('',(-0.0467,0.0467,0.0015));
#2690=CARTESIAN_POINT('',(-0.0467,0.0452,0.0015));
#2691=CARTESIAN_POINT('',(-0.0467,0.0452,0.003));
#2692=CARTESIAN_POINT('',(-0.03895,0.03895,0.003));
#2693=CARTESIAN_POINT('',(-0.03895,0.03895,0.0025));
#2694=CARTESIAN_POINT('',(-0.03545,0.03895,0.0025));
#2695=CARTESIAN_POINT('',(-0.03895,0.03895,-0.001));
#2696=CARTESIAN_POINT('',(-0.03545,0.03895,-0.001));
#2697=CARTESIAN_POINT('',(0.03895,0.03895,0.003));
#2698=CARTESIAN_POINT('',(0.03895,0.03895,0.0025));
#2699=CARTESIAN_POINT('',(0.04245,0.03895,0.0025));
#2700=CARTESIAN_POINT('',(0.03895,0.03895,-0.001));
#2701=CARTESIAN_POINT('',(0.04245,0.03895,-0.001));
#2702=CARTESIAN_POINT('',(-0.03895,-0.03895,0.003));
#2703=CARTESIAN_POINT('',(-0.03895,-0.03895,0.0025));
#2704=CARTESIAN_POINT('',(-0.03545,-0.03895,0.0025));
#2705=CARTESIAN_POINT('',(-0.03895,-0.03895,-0.001));
#2706=CARTESIAN_POINT('',(-0.03545,-0.03895,-0.001));
#2707=CARTESIAN_POINT('',(0.03895,-0.03895,0.003));
#2708=CARTESIAN_POINT('',(0.03895,-0.03895,0.0025));
#2709=CARTESIAN_POINT('',(0.04245,-0.03895,0.0025));
#2710=CARTESIAN_POINT('',(0.03895,-0.03895,-0.001));
#2711=CARTESIAN_POINT('',(0.04245,-0.03895,-0.001));
#2712=CARTESIAN_POINT('',(0.,-0.0467,0.003));
#2713=CARTESIAN_POINT('',(0.,-0.0467,0.0015));
#2714=CARTESIAN_POINT('',(0.0452,-0.0467,0.0015));
#2715=CARTESIAN_POINT('',(-0.0452,-0.0467,0.0015));
#2716=CARTESIAN_POINT('',(-0.0452,-0.0467,0.));
#2717=CARTESIAN_POINT('',(-0.0452,-0.0467,0.));
#2718=CARTESIAN_POINT('',(0.,-0.0467,0.));
#2719=CARTESIAN_POINT('',(0.0452,-0.0467,0.));
#2720=CARTESIAN_POINT('',(0.0452,-0.0467,0.003));
#2721=CARTESIAN_POINT('',(0.,0.,0.));
#2722=CARTESIAN_POINT('',(0.04395,0.,0.));
#2723=CARTESIAN_POINT('',(0.04395,0.03895,0.));
#2724=CARTESIAN_POINT('',(0.04395,-0.03895,0.));
#2725=CARTESIAN_POINT('',(0.03895,0.03895,0.));
#2726=CARTESIAN_POINT('',(0.03895,0.04395,0.));
#2727=CARTESIAN_POINT('',(0.,0.04395,0.));
#2728=CARTESIAN_POINT('',(-0.03895,0.04395,0.));
#2729=CARTESIAN_POINT('',(-0.03895,0.03895,0.));
#2730=CARTESIAN_POINT('',(-0.04395,0.03895,0.));
#2731=CARTESIAN_POINT('',(-0.04395,0.,0.));
#2732=CARTESIAN_POINT('',(-0.04395,-0.03895,0.));
#2733=CARTESIAN_POINT('',(-0.03895,-0.03895,0.));
#2734=CARTESIAN_POINT('',(-0.03895,-0.04395,0.));
#2735=CARTESIAN_POINT('',(0.,-0.04395,0.));
#2736=CARTESIAN_POINT('',(0.03895,-0.04395,0.));
#2737=CARTESIAN_POINT('',(0.03895,-0.03895,0.));
#2738=CARTESIAN_POINT('',(-0.0452,-0.0467,0.));
#2739=CARTESIAN_POINT('',(-0.0467,0.0452,0.));
#2740=CARTESIAN_POINT('',(0.0452,0.0467,0.));
#2741=CARTESIAN_POINT('',(0.0467,-0.0452,0.));
#2742=CARTESIAN_POINT('',(0.,0.04395,-0.004));
#2743=CARTESIAN_POINT('',(0.03895,0.04395,-0.004));
#2744=CARTESIAN_POINT('',(0.03895,0.04395,-0.0033));
#2745=CARTESIAN_POINT('',(-0.03895,0.04395,-0.0033));
#2746=CARTESIAN_POINT('',(-0.03895,0.04395,-0.0033));
#2747=CARTESIAN_POINT('',(-0.03895,0.04395,-0.004));
#2748=CARTESIAN_POINT('',(-0.04395,0.,-0.004));
#2749=CARTESIAN_POINT('',(-0.04395,0.03895,-0.004));
#2750=CARTESIAN_POINT('',(-0.04395,0.03895,-0.0033));
#2751=CARTESIAN_POINT('',(-0.04395,-0.03895,-0.0033));
#2752=CARTESIAN_POINT('',(-0.04395,-0.03895,-0.0033));
#2753=CARTESIAN_POINT('',(-0.04395,-0.03895,0.));
#2754=CARTESIAN_POINT('',(0.,-0.04395,-0.004));
#2755=CARTESIAN_POINT('',(-0.03895,-0.04395,-0.004));
#2756=CARTESIAN_POINT('',(-0.03895,-0.04395,-0.0033));
#2757=CARTESIAN_POINT('',(0.,-0.04395,-0.0033));
#2758=CARTESIAN_POINT('',(0.03895,-0.04395,-0.0033));
#2759=CARTESIAN_POINT('',(0.03895,-0.04395,-0.004));
#2760=CARTESIAN_POINT('',(0.04395,0.,-0.004));
#2761=CARTESIAN_POINT('',(0.04395,-0.03895,-0.004));
#2762=CARTESIAN_POINT('',(0.04395,-0.03895,-0.0033));
#2763=CARTESIAN_POINT('',(0.04395,0.,-0.0033));
#2764=CARTESIAN_POINT('',(0.04395,0.03895,-0.0033));
#2765=CARTESIAN_POINT('',(0.04395,0.03895,0.));
#2766=CARTESIAN_POINT('',(0.,0.,-0.004));
#2767=CARTESIAN_POINT('',(-0.03895,0.03895,-0.004));
#2768=CARTESIAN_POINT('',(-0.04325,0.03895,-0.004));
#2769=CARTESIAN_POINT('',(-0.03895,0.04325,-0.004));
#2770=CARTESIAN_POINT('',(0.03895,0.04325,-0.004));
#2771=CARTESIAN_POINT('',(0.03895,0.04325,-0.004));
#2772=CARTESIAN_POINT('',(0.03895,0.03895,-0.004));
#2773=CARTESIAN_POINT('',(0.04325,0.03895,-0.004));
#2774=CARTESIAN_POINT('',(0.04325,0.,-0.004));
#2775=CARTESIAN_POINT('',(0.04325,-0.03895,-0.004));
#2776=CARTESIAN_POINT('',(0.03895,-0.03895,-0.004));
#2777=CARTESIAN_POINT('',(0.03895,-0.04325,-0.004));
#2778=CARTESIAN_POINT('',(0.,-0.04325,-0.004));
#2779=CARTESIAN_POINT('',(-0.03895,-0.04325,-0.004));
#2780=CARTESIAN_POINT('',(-0.03895,-0.03895,-0.004));
#2781=CARTESIAN_POINT('',(-0.04325,-0.03895,-0.004));
#2782=CARTESIAN_POINT('',(-0.04325,0.03895,-0.004));
#2783=CARTESIAN_POINT('',(0.03895,0.03895,-0.004));
#2784=CARTESIAN_POINT('',(-0.03895,0.03895,-0.004));
#2785=CARTESIAN_POINT('',(-0.03895,-0.03895,-0.004));
#2786=CARTESIAN_POINT('',(0.03895,-0.03895,-0.004));
#2787=CARTESIAN_POINT('',(0.03895,-0.03895,-0.004));
#2788=CARTESIAN_POINT('',(0.04095,-0.03895,-0.004));
#2789=CARTESIAN_POINT('',(-0.03895,-0.03895,-0.004));
#2790=CARTESIAN_POINT('',(-0.03695,-0.03895,-0.004));
#2791=CARTESIAN_POINT('',(0.03895,0.03895,-0.004));
#2792=CARTESIAN_POINT('',(0.04095,0.03895,-0.004));
#2793=CARTESIAN_POINT('',(-0.03895,0.03895,-0.004));
#2794=CARTESIAN_POINT('',(-0.03695,0.03895,-0.004));
#2795=CARTESIAN_POINT('',(-0.03895,0.03895,-0.004));
#2796=CARTESIAN_POINT('',(-0.03895,-0.03895,-0.004));
#2797=CARTESIAN_POINT('',(0.03895,-0.03895,-0.004));
#2798=CARTESIAN_POINT('',(0.03895,0.03895,-0.004));
#2799=CARTESIAN_POINT('',(0.03895,-0.03895,-0.004));
#2800=CARTESIAN_POINT('',(0.03895,-0.03895,-0.001));
#2801=CARTESIAN_POINT('',(0.04095,-0.03895,-0.001));
#2802=CARTESIAN_POINT('',(0.,0.,-0.001));
#2803=CARTESIAN_POINT('',(-0.03895,-0.03895,-0.004));
#2804=CARTESIAN_POINT('',(-0.03895,-0.03895,-0.001));
#2805=CARTESIAN_POINT('',(-0.03695,-0.03895,-0.001));
#2806=CARTESIAN_POINT('',(0.,0.,-0.001));
#2807=CARTESIAN_POINT('',(0.03895,0.03895,-0.004));
#2808=CARTESIAN_POINT('',(0.03895,0.03895,-0.001));
#2809=CARTESIAN_POINT('',(0.04095,0.03895,-0.001));
#2810=CARTESIAN_POINT('',(0.,0.,-0.001));
#2811=CARTESIAN_POINT('',(-0.03895,0.03895,-0.004));
#2812=CARTESIAN_POINT('',(-0.03895,0.03895,-0.001));
#2813=CARTESIAN_POINT('',(-0.03695,0.03895,-0.001));
#2814=CARTESIAN_POINT('',(0.,0.,-0.001));
#2815=CARTESIAN_POINT('',(0.0452,0.0467,0.003));
#2816=CARTESIAN_POINT('',(0.04595,0.04595,0.0015));
#2817=CARTESIAN_POINT('',(0.0467,0.,0.0015));
#2818=CARTESIAN_POINT('',(0.0467,-0.0452,0.0015));
#2819=CARTESIAN_POINT('',(0.0452,0.0452,0.003));
#2820=CARTESIAN_POINT('',(0.0467,-0.0452,0.003));
#2821=CARTESIAN_POINT('',(0.0467,-0.0452,0.0015));
#2822=CARTESIAN_POINT('',(0.0452,0.0452,0.003));
#2823=CARTESIAN_POINT('',(0.0452,0.0452,0.003));
#2824=CARTESIAN_POINT('',(0.0467,-0.0452,0.0015));
#2825=CARTESIAN_POINT('',(0.0452,-0.04595,0.00225));
#2826=CARTESIAN_POINT('',(-0.0467,0.0452,0.003));
#2827=CARTESIAN_POINT('',(-0.0467,0.0452,0.0015));
#2828=CARTESIAN_POINT('',(-6.71601722605154E-18,0.0452,0.003));
#2829=CARTESIAN_POINT('',(-0.0452,0.04595,0.00225));
#2830=CARTESIAN_POINT('',(0.,-0.0467,0.0015));
#2831=CARTESIAN_POINT('',(-0.0452,-0.0452,0.003));
#2832=CARTESIAN_POINT('',(-0.0452,-0.0467,0.003));
#2833=CARTESIAN_POINT('',(-0.04595,-0.04595,0.0015));
#2834=CARTESIAN_POINT('',(-0.0467,0.0452,0.0015));
#2835=CARTESIAN_POINT('',(-0.0467,0.0452,0.0015));
#2836=CARTESIAN_POINT('',(-0.0452,-0.0452,0.003));
#2837=CARTESIAN_POINT('',(-0.0452,-0.0452,0.003));
#2838=CARTESIAN_POINT('',(-0.0452,0.,0.003));
#2839=CARTESIAN_POINT('',(0.03895,-0.03895,0.0025));
#2840=CARTESIAN_POINT('',(-0.03895,-0.03895,0.0025));
#2841=CARTESIAN_POINT('',(0.03895,0.03895,0.0025));
#2842=CARTESIAN_POINT('',(-0.03895,0.03895,0.0025));
#2843=CARTESIAN_POINT('',(0.03895,-0.03895,-0.004));
#2844=CARTESIAN_POINT('',(0.03895,-0.03895,-0.0033));
#2845=CARTESIAN_POINT('',(0.03895,0.03895,-0.004));
#2846=CARTESIAN_POINT('',(0.03895,0.03895,-0.0033));
#2847=CARTESIAN_POINT('',(-0.03895,0.03895,-0.004));
#2848=CARTESIAN_POINT('',(-0.03895,0.03895,-0.0033));
#2849=CARTESIAN_POINT('',(-0.03895,-0.03895,-0.004));
#2850=CARTESIAN_POINT('',(-0.03895,-0.03895,-0.0033));
#2851=CARTESIAN_POINT('',(9.54097911787244E-18,-0.0175,-0.004002));
#2852=CARTESIAN_POINT('',(-0.0025,-0.0175,0.0055));
#2853=CARTESIAN_POINT('',(-0.0025,-0.0175,0.008));
#2854=CARTESIAN_POINT('',(0.0025,-0.0175,0.0055));
#2855=CARTESIAN_POINT('',(0.0025,-0.0175,0.008));
#2856=CARTESIAN_POINT('',(9.54097911787244E-18,-0.0175,0.008));
#2857=CARTESIAN_POINT('',(0.006625,-0.0175,0.013));
#2858=CARTESIAN_POINT('',(0.00325,-0.0175,0.013));
#2859=CARTESIAN_POINT('',(-0.00325,-0.0175,0.013));
#2860=CARTESIAN_POINT('',(0.00325,-0.0175,0.006));
#2861=CARTESIAN_POINT('',(0.01025,-0.0175,0.006));
#2862=CARTESIAN_POINT('',(0.01025,-0.0175,-0.004002));
#2863=CARTESIAN_POINT('',(-0.01025,-0.0175,-0.004002));
#2864=CARTESIAN_POINT('',(-0.01025,-0.0175,0.006));
#2865=CARTESIAN_POINT('',(-0.00325,-0.0175,0.006));
#2866=CARTESIAN_POINT('',(0.01025,0.01025,-0.004002));
#2867=CARTESIAN_POINT('',(0.01025,0.01025,0.006));
#2868=CARTESIAN_POINT('',(0.01025,-0.01025,0.006));
#2869=CARTESIAN_POINT('',(0.01025,-0.01025,0.018));
#2870=CARTESIAN_POINT('',(0.01025,-0.01025,0.018));
#2871=CARTESIAN_POINT('',(0.01025,-0.013875,0.018));
#2872=CARTESIAN_POINT('',(0.01025,0.034375,0.03));
#2873=CARTESIAN_POINT('',(0.01025,0.034375,0.018));
#2874=CARTESIAN_POINT('',(0.01025,0.03275,0.018));
#2875=CARTESIAN_POINT('',(0.01025,0.03075,0.016));
#2876=CARTESIAN_POINT('',(0.01025,0.03075,0.016));
#2877=CARTESIAN_POINT('',(0.01025,0.03075,0.018));
#2878=CARTESIAN_POINT('',(0.01025,0.03075,0.013));
#2879=CARTESIAN_POINT('',(0.01025,0.034375,0.013));
#2880=CARTESIAN_POINT('',(0.01025,0.031,0.013));
#2881=CARTESIAN_POINT('',(0.01025,0.029126,0.014874));
#2882=CARTESIAN_POINT('',(0.01025,0.038,0.006));
#2883=CARTESIAN_POINT('',(0.01025,0.038,-0.004002));
#2884=CARTESIAN_POINT('',(-0.01025,0.01025,-0.004002));
#2885=CARTESIAN_POINT('',(-0.01025,-0.01025,0.018));
#2886=CARTESIAN_POINT('',(-0.01025,-0.01025,0.018));
#2887=CARTESIAN_POINT('',(-0.01025,-0.01025,0.006));
#2888=CARTESIAN_POINT('',(-0.01025,-0.0175,0.006));
#2889=CARTESIAN_POINT('',(-0.01025,0.038,-0.004002));
#2890=CARTESIAN_POINT('',(-0.01025,0.038,0.006));
#2891=CARTESIAN_POINT('',(-0.01025,0.038,0.006));
#2892=CARTESIAN_POINT('',(-0.01025,0.031,0.013));
#2893=CARTESIAN_POINT('',(-0.01025,0.034375,0.013));
#2894=CARTESIAN_POINT('',(-0.01025,0.03075,0.013));
#2895=CARTESIAN_POINT('',(-0.01025,0.03075,0.018));
#2896=CARTESIAN_POINT('',(-0.01025,0.03075,0.016));
#2897=CARTESIAN_POINT('',(-0.01025,0.010499,-0.004251));
#2898=CARTESIAN_POINT('',(-0.01025,0.03275,0.018));
#2899=CARTESIAN_POINT('',(-0.01025,0.034375,0.018));
#2900=CARTESIAN_POINT('',(-0.01025,-0.013875,0.03));
#2901=CARTESIAN_POINT('',(-0.01025,-0.013875,0.018));
#2902=CARTESIAN_POINT('',(1.7347234759768E-18,0.038,-0.004002));
#2903=CARTESIAN_POINT('',(-0.0025,0.038,0.0055));
#2904=CARTESIAN_POINT('',(-0.00494948974278318,0.038,0.006));
#2905=CARTESIAN_POINT('',(-0.01025,0.038,0.006));
#2906=CARTESIAN_POINT('',(-0.01025,0.038,0.006));
#2907=CARTESIAN_POINT('',(0.00494948974278318,0.038,0.006));
#2908=CARTESIAN_POINT('',(0.0025,0.038,0.0055));
#2909=CARTESIAN_POINT('',(5.20417042793042E-18,-0.0195,0.03));
#2910=CARTESIAN_POINT('',(-0.0025,-0.0195,0.0055));
#2911=CARTESIAN_POINT('',(-0.0025,-0.0195,0.008));
#2912=CARTESIAN_POINT('',(-8.67361737988404E-19,-0.0195,0.008));
#2913=CARTESIAN_POINT('',(0.0025,-0.0195,0.008));
#2914=CARTESIAN_POINT('',(0.0025,-0.0195,0.0055));
#2915=CARTESIAN_POINT('',(0.01075,-0.0195,0.03));
#2916=CARTESIAN_POINT('',(0.01075,-0.0195,0.0285));
#2917=CARTESIAN_POINT('',(5.20417042793042E-18,-0.0195,0.0285));
#2918=CARTESIAN_POINT('',(-0.01075,-0.0195,0.0285));
#2919=CARTESIAN_POINT('',(-0.01075,-0.0195,0.003));
#2920=CARTESIAN_POINT('',(0.01225,0.01025,0.03));
#2921=CARTESIAN_POINT('',(0.01225,0.0385,0.03));
#2922=CARTESIAN_POINT('',(0.01225,0.0385,0.0285));
#2923=CARTESIAN_POINT('',(0.01225,0.01025,0.0285));
#2924=CARTESIAN_POINT('',(0.01225,-0.018,0.0285));
#2925=CARTESIAN_POINT('',(0.01225,-0.018,0.03));
#2926=CARTESIAN_POINT('',(1.7347234759768E-18,0.04,0.03));
#2927=CARTESIAN_POINT('',(1.7347234759768E-18,0.04,0.008));
#2928=CARTESIAN_POINT('',(-0.0025,0.04,0.008));
#2929=CARTESIAN_POINT('',(0.0025,0.04,0.008));
#2930=CARTESIAN_POINT('',(-0.0025,0.04,0.0055));
#2931=CARTESIAN_POINT('',(-0.01075,0.04,0.03));
#2932=CARTESIAN_POINT('',(-0.01075,0.04,0.0285));
#2933=CARTESIAN_POINT('',(0.01225,0.04,0.0285));
#2934=CARTESIAN_POINT('',(0.01075,0.04,0.0285));
#2935=CARTESIAN_POINT('',(0.01075,0.04,0.003));
#2936=CARTESIAN_POINT('',(0.0025,0.04,0.0055));
#2937=CARTESIAN_POINT('',(-0.01225,0.01025,0.03));
#2938=CARTESIAN_POINT('',(-0.01225,0.04,0.0285));
#2939=CARTESIAN_POINT('',(-0.01225,-0.018,0.0285));
#2940=CARTESIAN_POINT('',(-0.01225,0.0385,0.0285));
#2941=CARTESIAN_POINT('',(-0.01225,0.0385,0.03));
#2942=CARTESIAN_POINT('',(-0.01225,-0.018,0.03));
#2943=CARTESIAN_POINT('',(0.,0.,0.03));
#2944=CARTESIAN_POINT('',(-0.01225,0.0385,0.03));
#2945=CARTESIAN_POINT('',(0.01075,0.0385,0.03));
#2946=CARTESIAN_POINT('',(-0.01075,0.0385,0.03));
#2947=CARTESIAN_POINT('',(-0.01075,-0.0195,0.03));
#2948=CARTESIAN_POINT('',(-0.01075,-0.018,0.03));
#2949=CARTESIAN_POINT('',(0.,-0.018,0.03));
#2950=CARTESIAN_POINT('',(0.01075,-0.018,0.03));
#2951=CARTESIAN_POINT('',(0.01075,1.88049855799167E-18,0.03));
#2952=CARTESIAN_POINT('',(0.006625,-0.01025,0.018));
#2953=CARTESIAN_POINT('',(0.00325,-0.01025,0.006));
#2954=CARTESIAN_POINT('',(0.00325,-0.01025,0.013));
#2955=CARTESIAN_POINT('',(0.006625,-0.01025,0.013));
#2956=CARTESIAN_POINT('',(-0.00325,-0.01025,0.013));
#2957=CARTESIAN_POINT('',(-0.00325,-0.01025,0.006));
#2958=CARTESIAN_POINT('',(0.006625,-0.01025,0.018));
#2959=CARTESIAN_POINT('',(-0.005,-0.01375,0.018));
#2960=CARTESIAN_POINT('',(-0.005,-0.01375,0.018));
#2961=CARTESIAN_POINT('',(-0.0025,-0.01375,0.018));
#2962=CARTESIAN_POINT('',(-0.005,-0.01375,0.013));
#2963=CARTESIAN_POINT('',(-0.00325,-0.0155353571071357,0.013));
#2964=CARTESIAN_POINT('',(-0.00325,-0.0119646428928643,0.013));
#2965=CARTESIAN_POINT('',(-0.00325,-0.0155353571071357,0.013));
#2966=CARTESIAN_POINT('',(-0.00361551385552663,-0.0158936323477669,0.013));
#2967=CARTESIAN_POINT('',(-0.00456203728692061,-0.0163672373298883,0.0129353971863487));
#2968=CARTESIAN_POINT('',(-0.00606791639829398,-0.0161573142420249,0.0124652318026877));
#2969=CARTESIAN_POINT('',(-0.00717323027032469,-0.015248204830274,0.011823892561995));
#2970=CARTESIAN_POINT('',(-0.00766221064572115,-0.0137562851319084,0.011432007792318));
#2971=CARTESIAN_POINT('',(-0.00717790025058222,-0.0122550603726964,0.0118209900118556));
#2972=CARTESIAN_POINT('',(-0.00606727533488541,-0.0113437744159452,0.0124650856982277));
#2973=CARTESIAN_POINT('',(-0.00457302126354693,-0.0111308709379582,0.0129332867701327));
#2974=CARTESIAN_POINT('',(-0.00361626801668654,-0.0116056284264365,0.013));
#2975=CARTESIAN_POINT('',(-0.00325,-0.0119646428928643,0.013));
#2976=CARTESIAN_POINT('',(0.005,-0.01375,0.018));
#2977=CARTESIAN_POINT('',(0.005,-0.01375,0.018));
#2978=CARTESIAN_POINT('',(0.0075,-0.01375,0.018));
#2979=CARTESIAN_POINT('',(0.005,-0.01375,0.013));
#2980=CARTESIAN_POINT('',(0.00325,-0.0119646428928643,0.013));
#2981=CARTESIAN_POINT('',(0.00325,-0.0155353571071357,0.013));
#2982=CARTESIAN_POINT('',(0.00325,-0.0119646428928643,0.013));
#2983=CARTESIAN_POINT('',(0.00361551385552663,-0.0116063676522331,0.013));
#2984=CARTESIAN_POINT('',(0.00456203728692062,-0.0111327626701117,0.0129353971863487));
#2985=CARTESIAN_POINT('',(0.00606791639829398,-0.0113426857579751,0.0124652318026877));
#2986=CARTESIAN_POINT('',(0.0071732302703247,-0.012251795169726,0.011823892561995));
#2987=CARTESIAN_POINT('',(0.00766221064572115,-0.0137437148680916,0.011432007792318));
#2988=CARTESIAN_POINT('',(0.00717790025058221,-0.0152449396273036,0.0118209900118556));
#2989=CARTESIAN_POINT('',(0.0060672753348854,-0.0161562255840548,0.0124650856982278));
#2990=CARTESIAN_POINT('',(0.00457302126354691,-0.0163691290620418,0.0129332867701327));
#2991=CARTESIAN_POINT('',(0.00361626801668653,-0.0158943715735635,0.013));
#2992=CARTESIAN_POINT('',(0.00325,-0.0155353571071357,0.013));
#2993=CARTESIAN_POINT('',(0.,0.,0.018));
#2994=CARTESIAN_POINT('',(0.,0.,0.013));
#2995=CARTESIAN_POINT('',(0.00325,6.8754284108837E-19,0.013));
#2996=CARTESIAN_POINT('',(0.00325,6.8754284108837E-19,0.013));
#2997=CARTESIAN_POINT('',(-0.00325,-0.01025,0.013));
#2998=CARTESIAN_POINT('',(-0.00325,-0.01025,0.013));
#2999=CARTESIAN_POINT('',(1.7347234759768E-18,0.03075,0.018));
#3000=CARTESIAN_POINT('',(1.7347234759768E-18,0.03075,0.016));
#3001=CARTESIAN_POINT('',(1.7347234759768E-18,0.03075,0.013));
#3002=CARTESIAN_POINT('',(0.005,0.03425,0.018));
#3003=CARTESIAN_POINT('',(0.00410733904820597,0.0365851994401212,0.00741480055987885));
#3004=CARTESIAN_POINT('',(0.00387822771088307,0.0364976185933088,0.0076071232521644));
#3005=CARTESIAN_POINT('',(0.00362381568830014,0.0363588385406224,0.00774683747687522));
#3006=CARTESIAN_POINT('',(0.00339266095179386,0.0361648005598795,0.00783519944012175));
#3007=CARTESIAN_POINT('',(0.00410733904820597,0.0365851994401211,0.00741480055987885));
#3008=CARTESIAN_POINT('',(0.00339266095179403,0.0361648005598788,0.00783519944012116));
#3009=CARTESIAN_POINT('',(0.005,0.03425,0.00975));
#3010=CARTESIAN_POINT('',(0.005,0.03425,0.018));
#3011=CARTESIAN_POINT('',(0.007,0.03275,0.018));
#3012=CARTESIAN_POINT('',(0.003,0.03275,0.018));
#3013=CARTESIAN_POINT('',(0.005,0.03425,0.0195));
#3014=CARTESIAN_POINT('',(-0.005,0.03425,0.018));
#3015=CARTESIAN_POINT('',(-0.00339266095179404,0.0361648005598788,0.00783519944012116));
#3016=CARTESIAN_POINT('',(-0.00362086762483247,0.0363563638507623,0.00774796441322784));
#3017=CARTESIAN_POINT('',(-0.0038763051851998,0.0364968836823727,0.00760873707590472));
#3018=CARTESIAN_POINT('',(-0.00410733904820503,0.0365851994401208,0.00741480055987963));
#3019=CARTESIAN_POINT('',(-0.00339266095179404,0.0361648005598788,0.00783519944012116));
#3020=CARTESIAN_POINT('',(-0.00410733904820503,0.0365851994401208,0.00741480055987963));
#3021=CARTESIAN_POINT('',(-0.005,0.03425,0.00975));
#3022=CARTESIAN_POINT('',(-0.005,0.03425,0.018));
#3023=CARTESIAN_POINT('',(-0.003,0.03275,0.018));
#3024=CARTESIAN_POINT('',(-0.007,0.03275,0.018));
#3025=CARTESIAN_POINT('',(-0.005,0.03425,0.0195));
#3026=CARTESIAN_POINT('',(0.,0.,0.018));
#3027=CARTESIAN_POINT('',(0.,0.03275,0.018));
#3028=CARTESIAN_POINT('',(0.,0.03275,0.018));
#3029=CARTESIAN_POINT('',(0.,0.03275,0.018));
#3030=CARTESIAN_POINT('',(0.,0.,0.013));
#3031=CARTESIAN_POINT('',(0.01025,0.031,0.013));
#3032=CARTESIAN_POINT('',(1.7347234759768E-18,0.038,0.006));
#3033=CARTESIAN_POINT('',(-0.0025,0.0385,0.0055));
#3034=CARTESIAN_POINT('',(-0.0025,0.0385,0.0055));
#3035=CARTESIAN_POINT('',(-0.0025,0.036,0.008));
#3036=CARTESIAN_POINT('',(1.7347234759768E-18,0.036,0.008));
#3037=CARTESIAN_POINT('',(0.0025,0.036,0.008));
#3038=CARTESIAN_POINT('',(0.0025,0.0385,0.0055));
#3039=CARTESIAN_POINT('',(0.0025,0.0385,0.0055));
#3040=CARTESIAN_POINT('',(0.01075,0.04,0.03));
#3041=CARTESIAN_POINT('',(0.01075,0.04,0.0285));
#3042=CARTESIAN_POINT('',(0.01225,0.01025,0.0285));
#3043=CARTESIAN_POINT('',(0.01225,-0.018,0.0285));
#3044=CARTESIAN_POINT('',(0.0115,0.0385,0.02925));
#3045=CARTESIAN_POINT('',(0.01225,-0.018,0.03));
#3046=CARTESIAN_POINT('',(0.01225,-0.018,0.0285));
#3047=CARTESIAN_POINT('',(0.01075,0.04,0.0285));
#3048=CARTESIAN_POINT('',(0.01075,0.04,0.0285));
#3049=CARTESIAN_POINT('',(0.01225,-0.018,0.0285));
#3050=CARTESIAN_POINT('',(0.01075,-0.01875,0.02925));
#3051=CARTESIAN_POINT('',(-0.01225,0.0385,0.03));
#3052=CARTESIAN_POINT('',(-0.01225,0.0385,0.0285));
#3053=CARTESIAN_POINT('',(0.,0.0385,0.03));
#3054=CARTESIAN_POINT('',(-0.01075,0.03925,0.02925));
#3055=CARTESIAN_POINT('',(5.20417042793042E-18,-0.0195,0.0285));
#3056=CARTESIAN_POINT('',(-0.01075,-0.018,0.03));
#3057=CARTESIAN_POINT('',(-0.01075,-0.0195,0.03));
#3058=CARTESIAN_POINT('',(-0.0115,-0.01875,0.0285));
#3059=CARTESIAN_POINT('',(-0.01225,0.0385,0.0285));
#3060=CARTESIAN_POINT('',(-0.01225,0.0385,0.0285));
#3061=CARTESIAN_POINT('',(-0.01075,-0.018,0.03));
#3062=CARTESIAN_POINT('',(-0.01075,-0.018,0.03));
#3063=CARTESIAN_POINT('',(-0.01075,0.,0.03));
#3064=CARTESIAN_POINT('',(1.7347234759768E-18,0.03075,0.016));
#3065=CARTESIAN_POINT('',(0.00325,6.8754284108837E-19,0.006));
#3066=CARTESIAN_POINT('',(-0.00325,0.01025,0.006));
#3067=CARTESIAN_POINT('',(-8.67361737988404E-19,0.0433,0.008));
#3068=CARTESIAN_POINT('',(0.0025,0.0433,0.008));
#3069=CARTESIAN_POINT('',(-0.0025,0.0433,0.008));
#3070=CARTESIAN_POINT('',(0.0025,0.0433,0.0055));
#3071=CARTESIAN_POINT('',(-0.0025,0.0433,0.0055));
#3072=CARTESIAN_POINT('',(-0.0025,0.0433,0.0055));
#3073=CARTESIAN_POINT('',(-0.0025,0.0433,0.008));
#3074=CARTESIAN_POINT('',(0.0025,0.0433,0.0055));
#3075=CARTESIAN_POINT('',(0.0025,0.0433,0.008));
#3076=CARTESIAN_POINT('',(-8.67361737988404E-19,0.0433,0.008));
#3077=CARTESIAN_POINT('',(0.,-0.04325,-0.004));
#3078=CARTESIAN_POINT('',(-0.03895,-0.04325,-0.004));
#3079=CARTESIAN_POINT('',(0.03895,-0.04395,-0.0033));
#3080=CARTESIAN_POINT('',(0.03895,-0.03895,-0.004));
#3081=CARTESIAN_POINT('',(0.04395,-0.03895,-0.0033));
#3082=CARTESIAN_POINT('',(-0.03895,-0.03895,-0.004));
#3083=CARTESIAN_POINT('',(-0.04325,-0.03895,-0.004));
#3084=CARTESIAN_POINT('',(0.04325,0.,-0.004));
#3085=CARTESIAN_POINT('',(0.04395,0.03895,-0.0033));
#3086=CARTESIAN_POINT('',(-0.04395,0.,-0.0033));
#3087=CARTESIAN_POINT('',(-0.04325,0.03895,-0.004));
#3088=CARTESIAN_POINT('',(0.03895,0.03895,-0.004));
#3089=CARTESIAN_POINT('',(0.03895,0.04395,-0.0033));
#3090=CARTESIAN_POINT('',(-0.03895,0.03895,-0.004));
#3091=CARTESIAN_POINT('',(-0.03895,0.04325,-0.004));
#3092=CARTESIAN_POINT('',(0.,0.04395,-0.0033));
#3093=MECHANICAL_DESIGN_GEOMETRIC_PRESENTATION_REPRESENTATION('',(#1846),#3094);
#3094=(
GEOMETRIC_REPRESENTATION_CONTEXT(3)
GLOBAL_UNCERTAINTY_ASSIGNED_CONTEXT((#3095))
GLOBAL_UNIT_ASSIGNED_CONTEXT((#3098,#3097,#3096))
REPRESENTATION_CONTEXT('lid','TOP_LEVEL_ASSEMBLY_PART')
);
#3095=UNCERTAINTY_MEASURE_WITH_UNIT(LENGTH_MEASURE(2.E-05),#3098,'DISTANCE_ACCURACY_VALUE','Maximum Tolerance applied to model');
#3096=(
NAMED_UNIT(*)
SI_UNIT($,.STERADIAN.)
SOLID_ANGLE_UNIT()
);
#3097=(
NAMED_UNIT(*)
PLANE_ANGLE_UNIT()
SI_UNIT($,.RADIAN.)
);
#3098=(
LENGTH_UNIT()
NAMED_UNIT(*)
SI_UNIT($,.METRE.)
);
#3099=PRODUCT_DEFINITION_SHAPE('','',#3100);
#3100=PRODUCT_DEFINITION('','',#3102,#3101);
#3101=PRODUCT_DEFINITION_CONTEXT('',#3108,'design');
#3102=PRODUCT_DEFINITION_FORMATION_WITH_SPECIFIED_SOURCE('','',#3104,.NOT_KNOWN.);
#3103=PRODUCT_RELATED_PRODUCT_CATEGORY('','',(#3104));
#3104=PRODUCT('lid','lid','lid',(#3106));
#3105=PRODUCT_CATEGORY('','');
#3106=PRODUCT_CONTEXT('',#3108,'mechanical');
#3107=APPLICATION_PROTOCOL_DEFINITION('international standard','ap242_managed_model_based_3d_engineering',2020,#3108);
#3108=APPLICATION_CONTEXT('managed model based 3d engineering');
ENDSEC;
END-ISO-10303-21;
