ISO-10303-21;
HEADER;
/*Generated by software containing ST-Developer
 * from STEP Tools, Inc. (www.steptools.com) 
 */
/*OPTION: using custom renumber hook */
/*description */
/*implementation_level */
FILE_DESCRIPTION(('STEP AP242 Edition 2','STEP AP242 Edition 2''CAx-IF Rec.Pracs.---Representation and Presentation of Product Manufa
cturing Information (PMI)---4.0---2014-10-13','STEP AP242 Edition 2''CAx-IF Rec.Pracs.---Representation and Presentation of Product Manufa
cturing Information (PMI)---4.0---2014-10-13''CAx-IF Rec.Pracs.---3D Tessellated Geometry---0.4---2014-09-14','STEP AP242 Edition 2''CAx-IF Rec.Pracs.---Representation and Presentation of Product Manufa
cturing Information (PMI)---4.0---2014-10-13''CAx-IF Rec.Pracs.---3D Tessellated Geometry---0.4---2014-09-14''2;1','STEP AP242 Edition 2''CAx-IF Rec.Pracs.---Representation and Presentation of Product Manufa
cturing Information (PMI)---4.0---2014-10-13''CAx-IF Rec.Pracs.---3D Tessellated Geometry---0.4---2014-09-14''2;1''CAx-IF Rec.Pracs.---User Defined Attributes---1.5---2016-08-15'),'2;1');
/*name */
/*time_stamp */
/*author */
/*organization */
/*preprocessor_version */
/*originating_system */
/*authorisation */
FILE_NAME('/vol/tmp/translate-5669575634071652847/Tilt-Servo-Housing V2 - Tilt-Servo Housing.step','2026-03-16T20:06:48',(''),(''),'ST-DEVELOPER v20','ONSHAPE BY PTC INC, 1.212','  ');
FILE_SCHEMA(('AP242_MANAGED_MODEL_BASED_3D_ENGINEERING_MIM_LF { 1 0 10303 442 3 1 4 }'));
ENDSEC;
DATA;
#10=SHAPE_REPRESENTATION_RELATIONSHIP('','',#1411,#11);
#11=ADVANCED_BREP_SHAPE_REPRESENTATION('',(#1409),#2465);
#12=B_SPLINE_SURFACE_WITH_KNOTS('',1,3,((#2329,#2330,#2331,#2332,#2333,
#2334,#2335,#2336,#2337,#2338),(#2339,#2340,#2341,#2342,#2343,#2344,#2345,
#2346,#2347,#2348)),.RULED_SURF.,.F.,.F.,.F.,(2,2),(4,2,2,2,4),(0.,1.),(0.,0.00274025231956658,0.00548050463913316,0.00822075695869973,0.0109610092782663),.UNSPECIFIED.);
#13=B_SPLINE_SURFACE_WITH_KNOTS('',1,3,((#2367,#2368,#2369,#2370,#2371,
#2372,#2373,#2374,#2375,#2376),(#2377,#2378,#2379,#2380,#2381,#2382,#2383,
#2384,#2385,#2386)),.RULED_SURF.,.F.,.F.,.F.,(2,2),(4,2,2,2,4),(0.,1.),(0.,0.00274025231956657,0.00548050463913315,0.00822075695869972,0.0109610092782663),.UNSPECIFIED.);
#14=CONICAL_SURFACE('',#1506,0.0035,0.785398163397448);
#15=CONICAL_SURFACE('',#1508,0.0476258595722954,0.785398163397448);
#16=CONICAL_SURFACE('',#1509,0.0466258595722954,0.785398163397448);
#17=CONICAL_SURFACE('',#1510,0.0055,0.785398163397448);
#18=CONICAL_SURFACE('',#1511,0.0045,0.785398163397448);
#19=CONICAL_SURFACE('',#1513,0.00625,0.785398163397448);
#20=CONICAL_SURFACE('',#1515,0.00275,0.78539816339745);
#21=CONICAL_SURFACE('',#1517,0.00625,0.785398163397448);
#22=CONICAL_SURFACE('',#1519,0.002,0.785398163397448);
#23=CONICAL_SURFACE('',#1521,0.0476258595722954,0.785398163397455);
#24=CONICAL_SURFACE('',#1532,0.0466258595722954,0.78539816339745);
#25=CONICAL_SURFACE('',#1534,0.0086,0.785398163397448);
#26=B_SPLINE_CURVE_WITH_KNOTS('',3,(#2170,#2171,#2172,#2173,#2174,#2175,#2176,#2177,#2178,#2179,#2180,#2181,#2182,#2183,#2184,#2185,#2186),.UNSPECIFIED.,.T.,.F.,(1,1,1,1,1,1,1,1,1,1,1,1,1,1,1,1,1,1,1,1,1),(-0.00445064654409074,-0.00333798490806806,-0.00222532327204537,0.,0.00222532327204537,0.00333798490806806,0.00445064654409074,0.00556330818011343,0.00667596981613612,0.0077886314521588,0.00890129308818149,0.0100139547242042,0.0111266163602269,0.0122392779962495,0.0133519396322722,0.0144646012682949,0.0155772629043176,0.017802586176363,0.0200279094484083,0.021140571084431,0.0222532327204537),.UNSPECIFIED.);
#27=B_SPLINE_CURVE_WITH_KNOTS('',3,(#2198,#2199,#2200,#2201,#2202,#2203,#2204,#2205,#2206,#2207,#2208,#2209,#2210,#2211,#2212,#2213,#2214),.UNSPECIFIED.,.T.,.F.,(1,1,1,1,1,1,1,1,1,1,1,1,1,1,1,1,1,1,1,1,1),(-0.00333338902761545,-0.00222225935174363,-0.00111112967587182,0.,0.00111112967587182,0.00222225935174363,0.00333338902761545,0.00444451870348727,0.00555564837935908,0.0066667780552309,0.00888903740697453,0.0111112967587182,0.01222242643459,0.0133335561104618,0.0144446857863336,0.0155558154622054,0.0166669451380773,0.0177780748139491,0.0188892044898209,0.0200003341656927,0.0211114638415645),.UNSPECIFIED.);
#28=B_SPLINE_CURVE_WITH_KNOTS('',3,(#2232,#2233,#2234,#2235,#2236,#2237,#2238),.UNSPECIFIED.,.F.,.F.,(4,1,1,1,4),(0.,0.25,0.5,0.75,1.),.UNSPECIFIED.);
#29=B_SPLINE_CURVE_WITH_KNOTS('',3,(#2242,#2243,#2244,#2245,#2246,#2247,#2248),.UNSPECIFIED.,.F.,.F.,(4,1,1,1,4),(0.,0.25,0.5,0.75,1.),.UNSPECIFIED.);
#30=B_SPLINE_CURVE_WITH_KNOTS('',3,(#2264,#2265,#2266,#2267,#2268,#2269,#2270,#2271,#2272,#2273,#2274,#2275,#2276,#2277,#2278,#2279,#2280,#2281),.UNSPECIFIED.,.F.,.F.,(4,1,1,1,1,1,1,1,1,1,1,1,1,1,1,4),(0.,0.0625,0.125,0.15625,0.1875,0.25,0.3125,0.375,0.5,0.5625,0.625,0.6875,0.75,0.8125,0.875,1.),.UNSPECIFIED.);
#31=B_SPLINE_CURVE_WITH_KNOTS('',3,(#2294,#2295,#2296,#2297,#2298,#2299,#2300,#2301,#2302,#2303,#2304,#2305,#2306,#2307,#2308,#2309,#2310,#2311),.UNSPECIFIED.,.F.,.F.,(4,1,1,1,1,1,1,1,1,1,1,1,1,1,1,4),(0.,0.0625,0.125,0.15625,0.1875,0.25,0.3125,0.375,0.5,0.5625,0.625,0.6875,0.75,0.8125,0.875,1.),.UNSPECIFIED.);
#32=B_SPLINE_CURVE_WITH_KNOTS('',3,(#2349,#2350,#2351,#2352),.UNSPECIFIED.,.F.,.F.,(4,4),(0.,1.),.UNSPECIFIED.);
#33=B_SPLINE_CURVE_WITH_KNOTS('',3,(#2353,#2354,#2355,#2356),.UNSPECIFIED.,.F.,.F.,(4,4),(0.,1.),.UNSPECIFIED.);
#34=B_SPLINE_CURVE_WITH_KNOTS('',3,(#2358,#2359,#2360,#2361),.UNSPECIFIED.,.F.,.F.,(4,4),(0.,1.),.UNSPECIFIED.);
#35=B_SPLINE_CURVE_WITH_KNOTS('',3,(#2363,#2364,#2365,#2366),.UNSPECIFIED.,.F.,.F.,(4,4),(0.,1.),.UNSPECIFIED.);
#36=B_SPLINE_CURVE_WITH_KNOTS('',3,(#2390,#2391,#2392,#2393),.UNSPECIFIED.,.F.,.F.,(4,4),(0.,0.00143999058284328),.UNSPECIFIED.);
#37=B_SPLINE_CURVE_WITH_KNOTS('',3,(#2395,#2396,#2397,#2398),.UNSPECIFIED.,.F.,.F.,(4,4),(0.,0.00143999058284326),.UNSPECIFIED.);
#38=B_SPLINE_CURVE_WITH_KNOTS('',3,(#2400,#2401,#2402,#2403),.UNSPECIFIED.,.F.,.F.,(4,4),(0.,0.00141427784135934),.UNSPECIFIED.);
#39=B_SPLINE_CURVE_WITH_KNOTS('',3,(#2405,#2406,#2407,#2408),.UNSPECIFIED.,.F.,.F.,(4,4),(0.,0.00141427784135933),.UNSPECIFIED.);
#40=B_SPLINE_CURVE_WITH_KNOTS('',3,(#2410,#2411,#2412,#2413),.UNSPECIFIED.,.F.,.F.,(4,4),(0.,0.00143999058284327),.UNSPECIFIED.);
#41=B_SPLINE_CURVE_WITH_KNOTS('',3,(#2415,#2416,#2417,#2418),.UNSPECIFIED.,.F.,.F.,(4,4),(0.,0.00143999058284329),.UNSPECIFIED.);
#42=B_SPLINE_CURVE_WITH_KNOTS('',3,(#2423,#2424,#2425,#2426),.UNSPECIFIED.,.F.,.F.,(4,4),(0.,0.00151673037438806),.UNSPECIFIED.);
#43=B_SPLINE_CURVE_WITH_KNOTS('',3,(#2428,#2429,#2430,#2431),.UNSPECIFIED.,.F.,.F.,(4,4),(0.,0.00151673037438807),.UNSPECIFIED.);
#44=B_SPLINE_CURVE_WITH_KNOTS('',3,(#2451,#2452,#2453,#2454),.UNSPECIFIED.,.F.,.F.,(4,4),(0.,0.00151673037438807),.UNSPECIFIED.);
#45=B_SPLINE_CURVE_WITH_KNOTS('',3,(#2458,#2459,#2460,#2461),.UNSPECIFIED.,.F.,.F.,(4,4),(0.,0.00151673037438807),.UNSPECIFIED.);
#46=ELLIPSE('',#1464,0.00371231060122938,0.002625);
#47=ELLIPSE('',#1466,0.00371231060122938,0.002625);
#48=ELLIPSE('',#1468,0.00371231060122938,0.002625);
#49=ELLIPSE('',#1470,0.00371231060122938,0.002625);
#50=ELLIPSE('',#1498,0.00353553390593273,0.0025);
#51=CIRCLE('',#1418,0.00275);
#52=CIRCLE('',#1419,0.00275);
#53=CIRCLE('',#1423,0.00725);
#54=CIRCLE('',#1424,0.00375);
#55=CIRCLE('',#1425,0.00725);
#56=CIRCLE('',#1427,0.002);
#57=CIRCLE('',#1429,0.0035);
#58=CIRCLE('',#1431,0.01);
#59=CIRCLE('',#1432,0.01);
#60=CIRCLE('',#1434,0.0055);
#61=CIRCLE('',#1435,0.0466258595722954);
#62=CIRCLE('',#1438,0.003);
#63=CIRCLE('',#1439,0.0466258595722954);
#64=CIRCLE('',#1441,0.0086);
#65=CIRCLE('',#1445,0.002);
#66=CIRCLE('',#1447,0.00625);
#67=CIRCLE('',#1448,0.00625);
#68=CIRCLE('',#1451,0.00275);
#69=CIRCLE('',#1452,0.00275);
#70=CIRCLE('',#1455,0.00625);
#71=CIRCLE('',#1456,0.00625);
#72=CIRCLE('',#1458,0.0055);
#73=CIRCLE('',#1460,0.0045);
#74=CIRCLE('',#1461,0.0045);
#75=CIRCLE('',#1465,0.002625);
#76=CIRCLE('',#1469,0.002625);
#77=CIRCLE('',#1473,0.002625);
#78=CIRCLE('',#1475,0.01);
#79=CIRCLE('',#1476,0.01);
#80=CIRCLE('',#1478,0.002625);
#81=CIRCLE('',#1482,0.0076);
#82=CIRCLE('',#1483,0.0076);
#83=CIRCLE('',#1486,0.0476258595722954);
#84=CIRCLE('',#1487,0.0476258595722954);
#85=CIRCLE('',#1488,0.0476258595722954);
#86=CIRCLE('',#1489,0.0476258595722954);
#87=CIRCLE('',#1494,0.0025);
#88=CIRCLE('',#1496,0.0466258595722954);
#89=CIRCLE('',#1500,0.0466258595722954);
#90=CYLINDRICAL_SURFACE('',#1417,0.00275);
#91=CYLINDRICAL_SURFACE('',#1444,0.002);
#92=CYLINDRICAL_SURFACE('',#1446,0.00625);
#93=CYLINDRICAL_SURFACE('',#1450,0.00275);
#94=CYLINDRICAL_SURFACE('',#1454,0.00625);
#95=CYLINDRICAL_SURFACE('',#1459,0.0045);
#96=CYLINDRICAL_SURFACE('',#1463,0.002625);
#97=CYLINDRICAL_SURFACE('',#1467,0.002625);
#98=CYLINDRICAL_SURFACE('',#1472,0.002625);
#99=CYLINDRICAL_SURFACE('',#1477,0.002625);
#100=CYLINDRICAL_SURFACE('',#1481,0.0076);
#101=CYLINDRICAL_SURFACE('',#1485,0.0476258595722954);
#102=CYLINDRICAL_SURFACE('',#1493,0.0025);
#103=CYLINDRICAL_SURFACE('',#1497,0.0025);
#104=CYLINDRICAL_SURFACE('',#1502,0.01);
#105=CYLINDRICAL_SURFACE('',#1503,0.01);
#106=ORIENTED_EDGE('',*,*,#490,.T.);
#107=ORIENTED_EDGE('',*,*,#491,.T.);
#108=ORIENTED_EDGE('',*,*,#492,.F.);
#109=ORIENTED_EDGE('',*,*,#493,.T.);
#110=ORIENTED_EDGE('',*,*,#494,.F.);
#111=ORIENTED_EDGE('',*,*,#495,.T.);
#112=ORIENTED_EDGE('',*,*,#496,.F.);
#113=ORIENTED_EDGE('',*,*,#497,.T.);
#114=ORIENTED_EDGE('',*,*,#498,.T.);
#115=ORIENTED_EDGE('',*,*,#499,.F.);
#116=ORIENTED_EDGE('',*,*,#500,.T.);
#117=ORIENTED_EDGE('',*,*,#501,.T.);
#118=ORIENTED_EDGE('',*,*,#502,.F.);
#119=ORIENTED_EDGE('',*,*,#503,.T.);
#120=ORIENTED_EDGE('',*,*,#504,.T.);
#121=ORIENTED_EDGE('',*,*,#498,.F.);
#122=ORIENTED_EDGE('',*,*,#505,.T.);
#123=ORIENTED_EDGE('',*,*,#506,.T.);
#124=ORIENTED_EDGE('',*,*,#507,.F.);
#125=ORIENTED_EDGE('',*,*,#508,.F.);
#126=ORIENTED_EDGE('',*,*,#509,.T.);
#127=ORIENTED_EDGE('',*,*,#510,.F.);
#128=ORIENTED_EDGE('',*,*,#508,.T.);
#129=ORIENTED_EDGE('',*,*,#511,.T.);
#130=ORIENTED_EDGE('',*,*,#503,.F.);
#131=ORIENTED_EDGE('',*,*,#512,.F.);
#132=ORIENTED_EDGE('',*,*,#513,.T.);
#133=ORIENTED_EDGE('',*,*,#514,.T.);
#134=ORIENTED_EDGE('',*,*,#515,.F.);
#135=ORIENTED_EDGE('',*,*,#516,.F.);
#136=ORIENTED_EDGE('',*,*,#517,.T.);
#137=ORIENTED_EDGE('',*,*,#518,.T.);
#138=ORIENTED_EDGE('',*,*,#519,.F.);
#139=ORIENTED_EDGE('',*,*,#520,.T.);
#140=ORIENTED_EDGE('',*,*,#521,.T.);
#141=ORIENTED_EDGE('',*,*,#522,.T.);
#142=ORIENTED_EDGE('',*,*,#523,.T.);
#143=ORIENTED_EDGE('',*,*,#524,.T.);
#144=ORIENTED_EDGE('',*,*,#525,.T.);
#145=ORIENTED_EDGE('',*,*,#526,.T.);
#146=ORIENTED_EDGE('',*,*,#527,.T.);
#147=ORIENTED_EDGE('',*,*,#496,.T.);
#148=ORIENTED_EDGE('',*,*,#528,.T.);
#149=ORIENTED_EDGE('',*,*,#529,.T.);
#150=ORIENTED_EDGE('',*,*,#530,.T.);
#151=ORIENTED_EDGE('',*,*,#531,.T.);
#152=ORIENTED_EDGE('',*,*,#532,.T.);
#153=ORIENTED_EDGE('',*,*,#515,.T.);
#154=ORIENTED_EDGE('',*,*,#533,.F.);
#155=ORIENTED_EDGE('',*,*,#518,.F.);
#156=ORIENTED_EDGE('',*,*,#534,.T.);
#157=ORIENTED_EDGE('',*,*,#535,.F.);
#158=ORIENTED_EDGE('',*,*,#536,.T.);
#159=ORIENTED_EDGE('',*,*,#537,.F.);
#160=ORIENTED_EDGE('',*,*,#538,.T.);
#161=ORIENTED_EDGE('',*,*,#539,.T.);
#162=ORIENTED_EDGE('',*,*,#540,.T.);
#163=ORIENTED_EDGE('',*,*,#541,.T.);
#164=ORIENTED_EDGE('',*,*,#542,.F.);
#165=ORIENTED_EDGE('',*,*,#516,.T.);
#166=ORIENTED_EDGE('',*,*,#543,.T.);
#167=ORIENTED_EDGE('',*,*,#513,.F.);
#168=ORIENTED_EDGE('',*,*,#544,.F.);
#169=ORIENTED_EDGE('',*,*,#545,.T.);
#170=ORIENTED_EDGE('',*,*,#546,.F.);
#171=ORIENTED_EDGE('',*,*,#547,.T.);
#172=ORIENTED_EDGE('',*,*,#548,.F.);
#173=ORIENTED_EDGE('',*,*,#493,.F.);
#174=ORIENTED_EDGE('',*,*,#549,.T.);
#175=ORIENTED_EDGE('',*,*,#550,.T.);
#176=ORIENTED_EDGE('',*,*,#551,.T.);
#177=ORIENTED_EDGE('',*,*,#528,.F.);
#178=ORIENTED_EDGE('',*,*,#495,.F.);
#179=ORIENTED_EDGE('',*,*,#552,.F.);
#180=ORIENTED_EDGE('',*,*,#553,.F.);
#181=ORIENTED_EDGE('',*,*,#554,.T.);
#182=ORIENTED_EDGE('',*,*,#490,.F.);
#183=ORIENTED_EDGE('',*,*,#548,.T.);
#184=ORIENTED_EDGE('',*,*,#555,.T.);
#185=ORIENTED_EDGE('',*,*,#556,.T.);
#186=ORIENTED_EDGE('',*,*,#537,.T.);
#187=ORIENTED_EDGE('',*,*,#557,.T.);
#188=ORIENTED_EDGE('',*,*,#558,.F.);
#189=ORIENTED_EDGE('',*,*,#559,.T.);
#190=ORIENTED_EDGE('',*,*,#539,.F.);
#191=ORIENTED_EDGE('',*,*,#492,.T.);
#192=ORIENTED_EDGE('',*,*,#560,.F.);
#193=ORIENTED_EDGE('',*,*,#561,.T.);
#194=ORIENTED_EDGE('',*,*,#562,.T.);
#195=ORIENTED_EDGE('',*,*,#563,.T.);
#196=ORIENTED_EDGE('',*,*,#564,.T.);
#197=ORIENTED_EDGE('',*,*,#565,.T.);
#198=ORIENTED_EDGE('',*,*,#566,.T.);
#199=ORIENTED_EDGE('',*,*,#567,.T.);
#200=ORIENTED_EDGE('',*,*,#568,.T.);
#201=ORIENTED_EDGE('',*,*,#569,.T.);
#202=ORIENTED_EDGE('',*,*,#570,.T.);
#203=ORIENTED_EDGE('',*,*,#571,.T.);
#204=ORIENTED_EDGE('',*,*,#572,.T.);
#205=ORIENTED_EDGE('',*,*,#573,.T.);
#206=ORIENTED_EDGE('',*,*,#574,.T.);
#207=ORIENTED_EDGE('',*,*,#575,.T.);
#208=ORIENTED_EDGE('',*,*,#576,.T.);
#209=ORIENTED_EDGE('',*,*,#577,.T.);
#210=ORIENTED_EDGE('',*,*,#578,.T.);
#211=ORIENTED_EDGE('',*,*,#579,.T.);
#212=ORIENTED_EDGE('',*,*,#580,.T.);
#213=ORIENTED_EDGE('',*,*,#581,.F.);
#214=ORIENTED_EDGE('',*,*,#582,.T.);
#215=ORIENTED_EDGE('',*,*,#583,.T.);
#216=ORIENTED_EDGE('',*,*,#584,.T.);
#217=ORIENTED_EDGE('',*,*,#585,.T.);
#218=ORIENTED_EDGE('',*,*,#586,.T.);
#219=ORIENTED_EDGE('',*,*,#533,.T.);
#220=ORIENTED_EDGE('',*,*,#514,.F.);
#221=ORIENTED_EDGE('',*,*,#543,.F.);
#222=ORIENTED_EDGE('',*,*,#519,.T.);
#223=ORIENTED_EDGE('',*,*,#587,.F.);
#224=ORIENTED_EDGE('',*,*,#501,.F.);
#225=ORIENTED_EDGE('',*,*,#588,.T.);
#226=ORIENTED_EDGE('',*,*,#520,.F.);
#227=ORIENTED_EDGE('',*,*,#563,.F.);
#228=ORIENTED_EDGE('',*,*,#589,.T.);
#229=ORIENTED_EDGE('',*,*,#538,.F.);
#230=ORIENTED_EDGE('',*,*,#590,.F.);
#231=ORIENTED_EDGE('',*,*,#591,.T.);
#232=ORIENTED_EDGE('',*,*,#499,.T.);
#233=ORIENTED_EDGE('',*,*,#592,.T.);
#234=ORIENTED_EDGE('',*,*,#593,.F.);
#235=ORIENTED_EDGE('',*,*,#594,.T.);
#236=ORIENTED_EDGE('',*,*,#590,.T.);
#237=ORIENTED_EDGE('',*,*,#595,.F.);
#238=ORIENTED_EDGE('',*,*,#596,.F.);
#239=ORIENTED_EDGE('',*,*,#597,.T.);
#240=ORIENTED_EDGE('',*,*,#593,.T.);
#241=ORIENTED_EDGE('',*,*,#598,.T.);
#242=ORIENTED_EDGE('',*,*,#599,.F.);
#243=ORIENTED_EDGE('',*,*,#600,.T.);
#244=ORIENTED_EDGE('',*,*,#596,.T.);
#245=ORIENTED_EDGE('',*,*,#601,.T.);
#246=ORIENTED_EDGE('',*,*,#506,.F.);
#247=ORIENTED_EDGE('',*,*,#602,.T.);
#248=ORIENTED_EDGE('',*,*,#599,.T.);
#249=ORIENTED_EDGE('',*,*,#603,.T.);
#250=ORIENTED_EDGE('',*,*,#604,.T.);
#251=ORIENTED_EDGE('',*,*,#504,.F.);
#252=ORIENTED_EDGE('',*,*,#511,.F.);
#253=ORIENTED_EDGE('',*,*,#507,.T.);
#254=ORIENTED_EDGE('',*,*,#603,.F.);
#255=ORIENTED_EDGE('',*,*,#601,.F.);
#256=ORIENTED_EDGE('',*,*,#598,.F.);
#257=ORIENTED_EDGE('',*,*,#595,.T.);
#258=ORIENTED_EDGE('',*,*,#592,.F.);
#259=ORIENTED_EDGE('',*,*,#605,.T.);
#260=ORIENTED_EDGE('',*,*,#606,.T.);
#261=ORIENTED_EDGE('',*,*,#546,.T.);
#262=ORIENTED_EDGE('',*,*,#607,.T.);
#263=ORIENTED_EDGE('',*,*,#530,.F.);
#264=ORIENTED_EDGE('',*,*,#608,.T.);
#265=ORIENTED_EDGE('',*,*,#609,.F.);
#266=ORIENTED_EDGE('',*,*,#610,.T.);
#267=ORIENTED_EDGE('',*,*,#611,.T.);
#268=ORIENTED_EDGE('',*,*,#612,.F.);
#269=ORIENTED_EDGE('',*,*,#613,.T.);
#270=ORIENTED_EDGE('',*,*,#614,.T.);
#271=ORIENTED_EDGE('',*,*,#532,.F.);
#272=ORIENTED_EDGE('',*,*,#615,.T.);
#273=ORIENTED_EDGE('',*,*,#613,.F.);
#274=ORIENTED_EDGE('',*,*,#616,.T.);
#275=ORIENTED_EDGE('',*,*,#610,.F.);
#276=ORIENTED_EDGE('',*,*,#617,.T.);
#277=ORIENTED_EDGE('',*,*,#544,.T.);
#278=ORIENTED_EDGE('',*,*,#512,.T.);
#279=ORIENTED_EDGE('',*,*,#618,.F.);
#280=ORIENTED_EDGE('',*,*,#619,.T.);
#281=ORIENTED_EDGE('',*,*,#620,.F.);
#282=ORIENTED_EDGE('',*,*,#541,.F.);
#283=ORIENTED_EDGE('',*,*,#621,.T.);
#284=ORIENTED_EDGE('',*,*,#622,.T.);
#285=ORIENTED_EDGE('',*,*,#623,.T.);
#286=ORIENTED_EDGE('',*,*,#535,.T.);
#287=ORIENTED_EDGE('',*,*,#624,.F.);
#288=ORIENTED_EDGE('',*,*,#625,.T.);
#289=ORIENTED_EDGE('',*,*,#558,.T.);
#290=ORIENTED_EDGE('',*,*,#626,.T.);
#291=ORIENTED_EDGE('',*,*,#622,.F.);
#292=ORIENTED_EDGE('',*,*,#627,.T.);
#293=ORIENTED_EDGE('',*,*,#534,.F.);
#294=ORIENTED_EDGE('',*,*,#517,.F.);
#295=ORIENTED_EDGE('',*,*,#542,.T.);
#296=ORIENTED_EDGE('',*,*,#620,.T.);
#297=ORIENTED_EDGE('',*,*,#619,.F.);
#298=ORIENTED_EDGE('',*,*,#625,.F.);
#299=ORIENTED_EDGE('',*,*,#628,.T.);
#300=ORIENTED_EDGE('',*,*,#629,.T.);
#301=ORIENTED_EDGE('',*,*,#629,.F.);
#302=ORIENTED_EDGE('',*,*,#630,.T.);
#303=ORIENTED_EDGE('',*,*,#631,.T.);
#304=ORIENTED_EDGE('',*,*,#632,.T.);
#305=ORIENTED_EDGE('',*,*,#633,.T.);
#306=ORIENTED_EDGE('',*,*,#581,.T.);
#307=ORIENTED_EDGE('',*,*,#634,.T.);
#308=ORIENTED_EDGE('',*,*,#583,.F.);
#309=ORIENTED_EDGE('',*,*,#635,.T.);
#310=ORIENTED_EDGE('',*,*,#502,.T.);
#311=ORIENTED_EDGE('',*,*,#587,.T.);
#312=ORIENTED_EDGE('',*,*,#562,.F.);
#313=ORIENTED_EDGE('',*,*,#636,.F.);
#314=ORIENTED_EDGE('',*,*,#552,.T.);
#315=ORIENTED_EDGE('',*,*,#494,.T.);
#316=ORIENTED_EDGE('',*,*,#509,.F.);
#317=ORIENTED_EDGE('',*,*,#510,.T.);
#318=ORIENTED_EDGE('',*,*,#561,.F.);
#319=ORIENTED_EDGE('',*,*,#637,.F.);
#320=ORIENTED_EDGE('',*,*,#553,.T.);
#321=ORIENTED_EDGE('',*,*,#636,.T.);
#322=ORIENTED_EDGE('',*,*,#560,.T.);
#323=ORIENTED_EDGE('',*,*,#491,.F.);
#324=ORIENTED_EDGE('',*,*,#554,.F.);
#325=ORIENTED_EDGE('',*,*,#637,.T.);
#326=ORIENTED_EDGE('',*,*,#638,.T.);
#327=ORIENTED_EDGE('',*,*,#639,.T.);
#328=ORIENTED_EDGE('',*,*,#640,.F.);
#329=ORIENTED_EDGE('',*,*,#641,.T.);
#330=ORIENTED_EDGE('',*,*,#640,.T.);
#331=ORIENTED_EDGE('',*,*,#642,.T.);
#332=ORIENTED_EDGE('',*,*,#643,.T.);
#333=ORIENTED_EDGE('',*,*,#644,.F.);
#334=ORIENTED_EDGE('',*,*,#645,.T.);
#335=ORIENTED_EDGE('',*,*,#646,.F.);
#336=ORIENTED_EDGE('',*,*,#647,.T.);
#337=ORIENTED_EDGE('',*,*,#644,.T.);
#338=ORIENTED_EDGE('',*,*,#648,.T.);
#339=ORIENTED_EDGE('',*,*,#649,.T.);
#340=ORIENTED_EDGE('',*,*,#650,.T.);
#341=ORIENTED_EDGE('',*,*,#638,.F.);
#342=ORIENTED_EDGE('',*,*,#651,.T.);
#343=ORIENTED_EDGE('',*,*,#646,.T.);
#344=ORIENTED_EDGE('',*,*,#547,.F.);
#345=ORIENTED_EDGE('',*,*,#608,.F.);
#346=ORIENTED_EDGE('',*,*,#529,.F.);
#347=ORIENTED_EDGE('',*,*,#551,.F.);
#348=ORIENTED_EDGE('',*,*,#652,.T.);
#349=ORIENTED_EDGE('',*,*,#649,.F.);
#350=ORIENTED_EDGE('',*,*,#648,.F.);
#351=ORIENTED_EDGE('',*,*,#643,.F.);
#352=ORIENTED_EDGE('',*,*,#653,.T.);
#353=ORIENTED_EDGE('',*,*,#555,.F.);
#354=ORIENTED_EDGE('',*,*,#609,.T.);
#355=ORIENTED_EDGE('',*,*,#612,.T.);
#356=ORIENTED_EDGE('',*,*,#557,.F.);
#357=ORIENTED_EDGE('',*,*,#536,.F.);
#358=ORIENTED_EDGE('',*,*,#623,.F.);
#359=ORIENTED_EDGE('',*,*,#626,.F.);
#360=ORIENTED_EDGE('',*,*,#618,.T.);
#361=ORIENTED_EDGE('',*,*,#559,.F.);
#362=ORIENTED_EDGE('',*,*,#627,.F.);
#363=ORIENTED_EDGE('',*,*,#621,.F.);
#364=ORIENTED_EDGE('',*,*,#540,.F.);
#365=ORIENTED_EDGE('',*,*,#624,.T.);
#366=ORIENTED_EDGE('',*,*,#614,.F.);
#367=ORIENTED_EDGE('',*,*,#615,.F.);
#368=ORIENTED_EDGE('',*,*,#531,.F.);
#369=ORIENTED_EDGE('',*,*,#607,.F.);
#370=ORIENTED_EDGE('',*,*,#545,.F.);
#371=ORIENTED_EDGE('',*,*,#617,.F.);
#372=ORIENTED_EDGE('',*,*,#611,.F.);
#373=ORIENTED_EDGE('',*,*,#616,.F.);
#374=ORIENTED_EDGE('',*,*,#653,.F.);
#375=ORIENTED_EDGE('',*,*,#642,.F.);
#376=ORIENTED_EDGE('',*,*,#654,.F.);
#377=ORIENTED_EDGE('',*,*,#556,.F.);
#378=ORIENTED_EDGE('',*,*,#654,.T.);
#379=ORIENTED_EDGE('',*,*,#639,.F.);
#380=ORIENTED_EDGE('',*,*,#655,.F.);
#381=ORIENTED_EDGE('',*,*,#549,.F.);
#382=ORIENTED_EDGE('',*,*,#655,.T.);
#383=ORIENTED_EDGE('',*,*,#650,.F.);
#384=ORIENTED_EDGE('',*,*,#652,.F.);
#385=ORIENTED_EDGE('',*,*,#550,.F.);
#386=ORIENTED_EDGE('',*,*,#656,.F.);
#387=ORIENTED_EDGE('',*,*,#633,.F.);
#388=ORIENTED_EDGE('',*,*,#657,.F.);
#389=ORIENTED_EDGE('',*,*,#647,.F.);
#390=ORIENTED_EDGE('',*,*,#657,.T.);
#391=ORIENTED_EDGE('',*,*,#632,.F.);
#392=ORIENTED_EDGE('',*,*,#658,.F.);
#393=ORIENTED_EDGE('',*,*,#645,.F.);
#394=ORIENTED_EDGE('',*,*,#656,.T.);
#395=ORIENTED_EDGE('',*,*,#651,.F.);
#396=ORIENTED_EDGE('',*,*,#659,.F.);
#397=ORIENTED_EDGE('',*,*,#630,.F.);
#398=ORIENTED_EDGE('',*,*,#658,.T.);
#399=ORIENTED_EDGE('',*,*,#631,.F.);
#400=ORIENTED_EDGE('',*,*,#659,.T.);
#401=ORIENTED_EDGE('',*,*,#641,.F.);
#402=ORIENTED_EDGE('',*,*,#605,.F.);
#403=ORIENTED_EDGE('',*,*,#604,.F.);
#404=ORIENTED_EDGE('',*,*,#564,.F.);
#405=ORIENTED_EDGE('',*,*,#606,.F.);
#406=ORIENTED_EDGE('',*,*,#497,.F.);
#407=ORIENTED_EDGE('',*,*,#527,.F.);
#408=ORIENTED_EDGE('',*,*,#660,.F.);
#409=ORIENTED_EDGE('',*,*,#505,.F.);
#410=ORIENTED_EDGE('',*,*,#660,.T.);
#411=ORIENTED_EDGE('',*,*,#526,.F.);
#412=ORIENTED_EDGE('',*,*,#661,.F.);
#413=ORIENTED_EDGE('',*,*,#602,.F.);
#414=ORIENTED_EDGE('',*,*,#661,.T.);
#415=ORIENTED_EDGE('',*,*,#525,.F.);
#416=ORIENTED_EDGE('',*,*,#662,.F.);
#417=ORIENTED_EDGE('',*,*,#600,.F.);
#418=ORIENTED_EDGE('',*,*,#662,.T.);
#419=ORIENTED_EDGE('',*,*,#524,.F.);
#420=ORIENTED_EDGE('',*,*,#663,.F.);
#421=ORIENTED_EDGE('',*,*,#597,.F.);
#422=ORIENTED_EDGE('',*,*,#663,.T.);
#423=ORIENTED_EDGE('',*,*,#523,.F.);
#424=ORIENTED_EDGE('',*,*,#664,.F.);
#425=ORIENTED_EDGE('',*,*,#594,.F.);
#426=ORIENTED_EDGE('',*,*,#664,.T.);
#427=ORIENTED_EDGE('',*,*,#522,.F.);
#428=ORIENTED_EDGE('',*,*,#665,.F.);
#429=ORIENTED_EDGE('',*,*,#591,.F.);
#430=ORIENTED_EDGE('',*,*,#665,.T.);
#431=ORIENTED_EDGE('',*,*,#521,.F.);
#432=ORIENTED_EDGE('',*,*,#588,.F.);
#433=ORIENTED_EDGE('',*,*,#500,.F.);
#434=ORIENTED_EDGE('',*,*,#573,.F.);
#435=ORIENTED_EDGE('',*,*,#589,.F.);
#436=ORIENTED_EDGE('',*,*,#666,.F.);
#437=ORIENTED_EDGE('',*,*,#577,.F.);
#438=ORIENTED_EDGE('',*,*,#667,.F.);
#439=ORIENTED_EDGE('',*,*,#586,.F.);
#440=ORIENTED_EDGE('',*,*,#667,.T.);
#441=ORIENTED_EDGE('',*,*,#576,.F.);
#442=ORIENTED_EDGE('',*,*,#668,.F.);
#443=ORIENTED_EDGE('',*,*,#635,.F.);
#444=ORIENTED_EDGE('',*,*,#669,.F.);
#445=ORIENTED_EDGE('',*,*,#670,.F.);
#446=ORIENTED_EDGE('',*,*,#666,.T.);
#447=ORIENTED_EDGE('',*,*,#670,.T.);
#448=ORIENTED_EDGE('',*,*,#572,.F.);
#449=ORIENTED_EDGE('',*,*,#671,.F.);
#450=ORIENTED_EDGE('',*,*,#574,.F.);
#451=ORIENTED_EDGE('',*,*,#668,.T.);
#452=ORIENTED_EDGE('',*,*,#575,.F.);
#453=ORIENTED_EDGE('',*,*,#672,.F.);
#454=ORIENTED_EDGE('',*,*,#582,.F.);
#455=ORIENTED_EDGE('',*,*,#669,.T.);
#456=ORIENTED_EDGE('',*,*,#585,.F.);
#457=ORIENTED_EDGE('',*,*,#673,.F.);
#458=ORIENTED_EDGE('',*,*,#569,.F.);
#459=ORIENTED_EDGE('',*,*,#672,.T.);
#460=ORIENTED_EDGE('',*,*,#671,.T.);
#461=ORIENTED_EDGE('',*,*,#674,.F.);
#462=ORIENTED_EDGE('',*,*,#675,.F.);
#463=ORIENTED_EDGE('',*,*,#676,.F.);
#464=ORIENTED_EDGE('',*,*,#673,.T.);
#465=ORIENTED_EDGE('',*,*,#676,.T.);
#466=ORIENTED_EDGE('',*,*,#567,.F.);
#467=ORIENTED_EDGE('',*,*,#677,.F.);
#468=ORIENTED_EDGE('',*,*,#570,.F.);
#469=ORIENTED_EDGE('',*,*,#674,.T.);
#470=ORIENTED_EDGE('',*,*,#571,.F.);
#471=ORIENTED_EDGE('',*,*,#678,.F.);
#472=ORIENTED_EDGE('',*,*,#579,.F.);
#473=ORIENTED_EDGE('',*,*,#675,.T.);
#474=ORIENTED_EDGE('',*,*,#584,.F.);
#475=ORIENTED_EDGE('',*,*,#679,.F.);
#476=ORIENTED_EDGE('',*,*,#568,.F.);
#477=ORIENTED_EDGE('',*,*,#678,.T.);
#478=ORIENTED_EDGE('',*,*,#677,.T.);
#479=ORIENTED_EDGE('',*,*,#680,.F.);
#480=ORIENTED_EDGE('',*,*,#679,.T.);
#481=ORIENTED_EDGE('',*,*,#634,.F.);
#482=ORIENTED_EDGE('',*,*,#681,.F.);
#483=ORIENTED_EDGE('',*,*,#565,.F.);
#484=ORIENTED_EDGE('',*,*,#680,.T.);
#485=ORIENTED_EDGE('',*,*,#566,.F.);
#486=ORIENTED_EDGE('',*,*,#681,.T.);
#487=ORIENTED_EDGE('',*,*,#580,.F.);
#488=ORIENTED_EDGE('',*,*,#628,.F.);
#489=ORIENTED_EDGE('',*,*,#578,.F.);
#490=EDGE_CURVE('',#682,#683,#806,.T.);
#491=EDGE_CURVE('',#683,#684,#807,.T.);
#492=EDGE_CURVE('',#685,#684,#808,.T.);
#493=EDGE_CURVE('',#685,#682,#809,.T.);
#494=EDGE_CURVE('',#686,#687,#810,.T.);
#495=EDGE_CURVE('',#686,#688,#811,.T.);
#496=EDGE_CURVE('',#689,#688,#812,.T.);
#497=EDGE_CURVE('',#689,#690,#813,.F.);
#498=EDGE_CURVE('',#690,#687,#814,.T.);
#499=EDGE_CURVE('',#691,#692,#815,.T.);
#500=EDGE_CURVE('',#691,#693,#816,.T.);
#501=EDGE_CURVE('',#693,#694,#817,.T.);
#502=EDGE_CURVE('',#695,#694,#818,.T.);
#503=EDGE_CURVE('',#695,#696,#819,.T.);
#504=EDGE_CURVE('',#696,#692,#820,.T.);
#505=EDGE_CURVE('',#690,#697,#821,.T.);
#506=EDGE_CURVE('',#697,#698,#822,.T.);
#507=EDGE_CURVE('',#699,#698,#823,.T.);
#508=EDGE_CURVE('',#700,#699,#824,.T.);
#509=EDGE_CURVE('',#700,#687,#825,.T.);
#510=EDGE_CURVE('',#700,#695,#51,.F.);
#511=EDGE_CURVE('',#699,#696,#52,.T.);
#512=EDGE_CURVE('',#701,#702,#826,.T.);
#513=EDGE_CURVE('',#701,#703,#827,.T.);
#514=EDGE_CURVE('',#703,#704,#828,.T.);
#515=EDGE_CURVE('',#702,#704,#829,.T.);
#516=EDGE_CURVE('',#705,#706,#830,.T.);
#517=EDGE_CURVE('',#705,#707,#831,.T.);
#518=EDGE_CURVE('',#707,#708,#832,.T.);
#519=EDGE_CURVE('',#706,#708,#833,.T.);
#520=EDGE_CURVE('',#709,#710,#834,.T.);
#521=EDGE_CURVE('',#710,#711,#835,.T.);
#522=EDGE_CURVE('',#711,#712,#53,.F.);
#523=EDGE_CURVE('',#712,#713,#836,.T.);
#524=EDGE_CURVE('',#713,#714,#54,.F.);
#525=EDGE_CURVE('',#714,#715,#837,.T.);
#526=EDGE_CURVE('',#715,#716,#55,.F.);
#527=EDGE_CURVE('',#716,#689,#838,.T.);
#528=EDGE_CURVE('',#688,#717,#839,.T.);
#529=EDGE_CURVE('',#717,#718,#840,.F.);
#530=EDGE_CURVE('',#718,#719,#841,.T.);
#531=EDGE_CURVE('',#719,#720,#842,.T.);
#532=EDGE_CURVE('',#720,#702,#843,.T.);
#533=EDGE_CURVE('',#708,#704,#844,.T.);
#534=EDGE_CURVE('',#707,#721,#845,.T.);
#535=EDGE_CURVE('',#722,#721,#846,.T.);
#536=EDGE_CURVE('',#722,#723,#847,.F.);
#537=EDGE_CURVE('',#709,#723,#848,.T.);
#538=EDGE_CURVE('',#724,#724,#56,.T.);
#539=EDGE_CURVE('',#685,#725,#849,.T.);
#540=EDGE_CURVE('',#725,#726,#850,.T.);
#541=EDGE_CURVE('',#726,#727,#851,.T.);
#542=EDGE_CURVE('',#705,#727,#852,.T.);
#543=EDGE_CURVE('',#706,#703,#853,.T.);
#544=EDGE_CURVE('',#728,#701,#854,.T.);
#545=EDGE_CURVE('',#728,#729,#855,.T.);
#546=EDGE_CURVE('',#730,#729,#856,.T.);
#547=EDGE_CURVE('',#730,#731,#857,.F.);
#548=EDGE_CURVE('',#682,#731,#858,.T.);
#549=EDGE_CURVE('',#732,#733,#57,.T.);
#550=EDGE_CURVE('',#733,#734,#859,.T.);
#551=EDGE_CURVE('',#734,#717,#860,.T.);
#552=EDGE_CURVE('',#735,#686,#861,.T.);
#553=EDGE_CURVE('',#736,#735,#862,.T.);
#554=EDGE_CURVE('',#736,#683,#863,.T.);
#555=EDGE_CURVE('',#731,#737,#864,.T.);
#556=EDGE_CURVE('',#737,#732,#865,.T.);
#557=EDGE_CURVE('',#723,#738,#58,.T.);
#558=EDGE_CURVE('',#739,#738,#866,.T.);
#559=EDGE_CURVE('',#739,#725,#59,.T.);
#560=EDGE_CURVE('',#740,#684,#867,.T.);
#561=EDGE_CURVE('',#740,#741,#868,.T.);
#562=EDGE_CURVE('',#741,#742,#869,.T.);
#563=EDGE_CURVE('',#742,#709,#870,.T.);
#564=EDGE_CURVE('',#743,#743,#60,.T.);
#565=EDGE_CURVE('',#744,#745,#61,.F.);
#566=EDGE_CURVE('',#745,#746,#871,.T.);
#567=EDGE_CURVE('',#746,#747,#872,.T.);
#568=EDGE_CURVE('',#747,#744,#873,.T.);
#569=EDGE_CURVE('',#748,#749,#874,.T.);
#570=EDGE_CURVE('',#749,#750,#875,.T.);
#571=EDGE_CURVE('',#750,#751,#876,.T.);
#572=EDGE_CURVE('',#751,#748,#877,.T.);
#573=EDGE_CURVE('',#752,#752,#62,.F.);
#574=EDGE_CURVE('',#753,#754,#878,.T.);
#575=EDGE_CURVE('',#754,#755,#879,.T.);
#576=EDGE_CURVE('',#755,#756,#63,.T.);
#577=EDGE_CURVE('',#756,#753,#880,.T.);
#578=EDGE_CURVE('',#757,#757,#64,.T.);
#579=EDGE_CURVE('',#758,#759,#881,.T.);
#580=EDGE_CURVE('',#759,#760,#882,.T.);
#581=EDGE_CURVE('',#761,#760,#883,.T.);
#582=EDGE_CURVE('',#761,#758,#884,.T.);
#583=EDGE_CURVE('',#762,#763,#885,.T.);
#584=EDGE_CURVE('',#763,#764,#886,.T.);
#585=EDGE_CURVE('',#764,#765,#887,.T.);
#586=EDGE_CURVE('',#765,#762,#888,.T.);
#587=EDGE_CURVE('',#694,#742,#889,.T.);
#588=EDGE_CURVE('',#693,#710,#890,.T.);
#589=EDGE_CURVE('',#766,#766,#65,.T.);
#590=EDGE_CURVE('',#767,#768,#891,.T.);
#591=EDGE_CURVE('',#767,#691,#66,.T.);
#592=EDGE_CURVE('',#692,#768,#67,.T.);
#593=EDGE_CURVE('',#769,#770,#892,.T.);
#594=EDGE_CURVE('',#769,#767,#893,.T.);
#595=EDGE_CURVE('',#770,#768,#894,.T.);
#596=EDGE_CURVE('',#771,#772,#895,.T.);
#597=EDGE_CURVE('',#771,#769,#68,.T.);
#598=EDGE_CURVE('',#770,#772,#69,.T.);
#599=EDGE_CURVE('',#773,#774,#896,.T.);
#600=EDGE_CURVE('',#773,#771,#897,.T.);
#601=EDGE_CURVE('',#772,#774,#898,.T.);
#602=EDGE_CURVE('',#697,#773,#70,.T.);
#603=EDGE_CURVE('',#774,#698,#71,.T.);
#604=EDGE_CURVE('',#775,#775,#72,.T.);
#605=EDGE_CURVE('',#776,#776,#73,.F.);
#606=EDGE_CURVE('',#777,#777,#74,.F.);
#607=EDGE_CURVE('',#729,#719,#899,.T.);
#608=EDGE_CURVE('',#718,#730,#900,.F.);
#609=EDGE_CURVE('',#778,#778,#46,.F.);
#610=EDGE_CURVE('',#779,#780,#75,.T.);
#611=EDGE_CURVE('',#780,#779,#47,.T.);
#612=EDGE_CURVE('',#781,#781,#48,.F.);
#613=EDGE_CURVE('',#782,#783,#76,.T.);
#614=EDGE_CURVE('',#783,#782,#49,.T.);
#615=EDGE_CURVE('',#720,#783,#901,.T.);
#616=EDGE_CURVE('',#782,#780,#902,.T.);
#617=EDGE_CURVE('',#779,#728,#903,.T.);
#618=EDGE_CURVE('',#784,#784,#26,.T.);
#619=EDGE_CURVE('',#785,#785,#77,.T.);
#620=EDGE_CURVE('',#727,#721,#904,.T.);
#621=EDGE_CURVE('',#726,#786,#78,.F.);
#622=EDGE_CURVE('',#786,#787,#905,.T.);
#623=EDGE_CURVE('',#787,#722,#79,.F.);
#624=EDGE_CURVE('',#788,#788,#27,.T.);
#625=EDGE_CURVE('',#789,#789,#80,.T.);
#626=EDGE_CURVE('',#738,#787,#906,.T.);
#627=EDGE_CURVE('',#786,#739,#907,.F.);
#628=EDGE_CURVE('',#790,#790,#81,.F.);
#629=EDGE_CURVE('',#791,#791,#82,.T.);
#630=EDGE_CURVE('',#792,#793,#83,.T.);
#631=EDGE_CURVE('',#793,#794,#28,.T.);
#632=EDGE_CURVE('',#794,#795,#84,.F.);
#633=EDGE_CURVE('',#795,#792,#29,.T.);
#634=EDGE_CURVE('',#760,#763,#85,.T.);
#635=EDGE_CURVE('',#762,#761,#86,.F.);
#636=EDGE_CURVE('',#735,#741,#908,.T.);
#637=EDGE_CURVE('',#736,#740,#909,.T.);
#638=EDGE_CURVE('',#796,#797,#910,.T.);
#639=EDGE_CURVE('',#797,#798,#87,.F.);
#640=EDGE_CURVE('',#799,#798,#911,.T.);
#641=EDGE_CURVE('',#799,#796,#30,.T.);
#642=EDGE_CURVE('',#798,#800,#912,.T.);
#643=EDGE_CURVE('',#800,#801,#913,.F.);
#644=EDGE_CURVE('',#802,#801,#914,.T.);
#645=EDGE_CURVE('',#802,#799,#88,.T.);
#646=EDGE_CURVE('',#803,#804,#915,.T.);
#647=EDGE_CURVE('',#803,#802,#31,.T.);
#648=EDGE_CURVE('',#801,#804,#50,.T.);
#649=EDGE_CURVE('',#804,#805,#916,.F.);
#650=EDGE_CURVE('',#805,#797,#917,.T.);
#651=EDGE_CURVE('',#796,#803,#89,.F.);
#652=EDGE_CURVE('',#734,#805,#918,.T.);
#653=EDGE_CURVE('',#800,#737,#919,.F.);
#654=EDGE_CURVE('',#732,#798,#920,.T.);
#655=EDGE_CURVE('',#733,#797,#921,.T.);
#656=EDGE_CURVE('',#792,#803,#32,.T.);
#657=EDGE_CURVE('',#802,#795,#33,.T.);
#658=EDGE_CURVE('',#799,#794,#34,.F.);
#659=EDGE_CURVE('',#793,#796,#35,.F.);
#660=EDGE_CURVE('',#697,#716,#36,.F.);
#661=EDGE_CURVE('',#773,#715,#37,.F.);
#662=EDGE_CURVE('',#771,#714,#38,.F.);
#663=EDGE_CURVE('',#769,#713,#39,.F.);
#664=EDGE_CURVE('',#767,#712,#40,.F.);
#665=EDGE_CURVE('',#691,#711,#41,.F.);
#666=EDGE_CURVE('',#753,#765,#922,.F.);
#667=EDGE_CURVE('',#762,#756,#42,.F.);
#668=EDGE_CURVE('',#761,#755,#43,.F.);
#669=EDGE_CURVE('',#748,#765,#923,.F.);
#670=EDGE_CURVE('',#753,#748,#924,.F.);
#671=EDGE_CURVE('',#754,#751,#925,.T.);
#672=EDGE_CURVE('',#758,#754,#926,.T.);
#673=EDGE_CURVE('',#749,#764,#927,.T.);
#674=EDGE_CURVE('',#758,#751,#928,.T.);
#675=EDGE_CURVE('',#747,#764,#929,.F.);
#676=EDGE_CURVE('',#749,#747,#930,.T.);
#677=EDGE_CURVE('',#750,#746,#931,.F.);
#678=EDGE_CURVE('',#759,#750,#932,.F.);
#679=EDGE_CURVE('',#744,#763,#44,.F.);
#680=EDGE_CURVE('',#759,#746,#933,.T.);
#681=EDGE_CURVE('',#745,#760,#45,.F.);
#682=VERTEX_POINT('',#1912);
#683=VERTEX_POINT('',#1913);
#684=VERTEX_POINT('',#1915);
#685=VERTEX_POINT('',#1917);
#686=VERTEX_POINT('',#1921);
#687=VERTEX_POINT('',#1922);
#688=VERTEX_POINT('',#1924);
#689=VERTEX_POINT('',#1926);
#690=VERTEX_POINT('',#1928);
#691=VERTEX_POINT('',#1932);
#692=VERTEX_POINT('',#1933);
#693=VERTEX_POINT('',#1935);
#694=VERTEX_POINT('',#1937);
#695=VERTEX_POINT('',#1939);
#696=VERTEX_POINT('',#1941);
#697=VERTEX_POINT('',#1945);
#698=VERTEX_POINT('',#1947);
#699=VERTEX_POINT('',#1949);
#700=VERTEX_POINT('',#1951);
#701=VERTEX_POINT('',#1958);
#702=VERTEX_POINT('',#1959);
#703=VERTEX_POINT('',#1961);
#704=VERTEX_POINT('',#1963);
#705=VERTEX_POINT('',#1967);
#706=VERTEX_POINT('',#1968);
#707=VERTEX_POINT('',#1970);
#708=VERTEX_POINT('',#1972);
#709=VERTEX_POINT('',#1976);
#710=VERTEX_POINT('',#1977);
#711=VERTEX_POINT('',#1979);
#712=VERTEX_POINT('',#1981);
#713=VERTEX_POINT('',#1983);
#714=VERTEX_POINT('',#1985);
#715=VERTEX_POINT('',#1987);
#716=VERTEX_POINT('',#1989);
#717=VERTEX_POINT('',#1992);
#718=VERTEX_POINT('',#1994);
#719=VERTEX_POINT('',#1996);
#720=VERTEX_POINT('',#1998);
#721=VERTEX_POINT('',#2002);
#722=VERTEX_POINT('',#2004);
#723=VERTEX_POINT('',#2006);
#724=VERTEX_POINT('',#2010);
#725=VERTEX_POINT('',#2012);
#726=VERTEX_POINT('',#2014);
#727=VERTEX_POINT('',#2016);
#728=VERTEX_POINT('',#2020);
#729=VERTEX_POINT('',#2022);
#730=VERTEX_POINT('',#2024);
#731=VERTEX_POINT('',#2026);
#732=VERTEX_POINT('',#2030);
#733=VERTEX_POINT('',#2031);
#734=VERTEX_POINT('',#2033);
#735=VERTEX_POINT('',#2036);
#736=VERTEX_POINT('',#2038);
#737=VERTEX_POINT('',#2041);
#738=VERTEX_POINT('',#2045);
#739=VERTEX_POINT('',#2047);
#740=VERTEX_POINT('',#2050);
#741=VERTEX_POINT('',#2052);
#742=VERTEX_POINT('',#2054);
#743=VERTEX_POINT('',#2058);
#744=VERTEX_POINT('',#2060);
#745=VERTEX_POINT('',#2061);
#746=VERTEX_POINT('',#2063);
#747=VERTEX_POINT('',#2065);
#748=VERTEX_POINT('',#2069);
#749=VERTEX_POINT('',#2070);
#750=VERTEX_POINT('',#2072);
#751=VERTEX_POINT('',#2074);
#752=VERTEX_POINT('',#2078);
#753=VERTEX_POINT('',#2080);
#754=VERTEX_POINT('',#2081);
#755=VERTEX_POINT('',#2083);
#756=VERTEX_POINT('',#2085);
#757=VERTEX_POINT('',#2089);
#758=VERTEX_POINT('',#2091);
#759=VERTEX_POINT('',#2092);
#760=VERTEX_POINT('',#2094);
#761=VERTEX_POINT('',#2096);
#762=VERTEX_POINT('',#2100);
#763=VERTEX_POINT('',#2101);
#764=VERTEX_POINT('',#2103);
#765=VERTEX_POINT('',#2105);
#766=VERTEX_POINT('',#2112);
#767=VERTEX_POINT('',#2115);
#768=VERTEX_POINT('',#2116);
#769=VERTEX_POINT('',#2121);
#770=VERTEX_POINT('',#2122);
#771=VERTEX_POINT('',#2127);
#772=VERTEX_POINT('',#2128);
#773=VERTEX_POINT('',#2133);
#774=VERTEX_POINT('',#2134);
#775=VERTEX_POINT('',#2142);
#776=VERTEX_POINT('',#2145);
#777=VERTEX_POINT('',#2147);
#778=VERTEX_POINT('',#2153);
#779=VERTEX_POINT('',#2155);
#780=VERTEX_POINT('',#2156);
#781=VERTEX_POINT('',#2160);
#782=VERTEX_POINT('',#2162);
#783=VERTEX_POINT('',#2163);
#784=VERTEX_POINT('',#2187);
#785=VERTEX_POINT('',#2189);
#786=VERTEX_POINT('',#2193);
#787=VERTEX_POINT('',#2195);
#788=VERTEX_POINT('',#2215);
#789=VERTEX_POINT('',#2217);
#790=VERTEX_POINT('',#2224);
#791=VERTEX_POINT('',#2226);
#792=VERTEX_POINT('',#2230);
#793=VERTEX_POINT('',#2231);
#794=VERTEX_POINT('',#2239);
#795=VERTEX_POINT('',#2241);
#796=VERTEX_POINT('',#2258);
#797=VERTEX_POINT('',#2259);
#798=VERTEX_POINT('',#2261);
#799=VERTEX_POINT('',#2263);
#800=VERTEX_POINT('',#2284);
#801=VERTEX_POINT('',#2286);
#802=VERTEX_POINT('',#2288);
#803=VERTEX_POINT('',#2292);
#804=VERTEX_POINT('',#2293);
#805=VERTEX_POINT('',#2315);
#806=LINE('',#1911,#934);
#807=LINE('',#1914,#935);
#808=LINE('',#1916,#936);
#809=LINE('',#1918,#937);
#810=LINE('',#1920,#938);
#811=LINE('',#1923,#939);
#812=LINE('',#1925,#940);
#813=LINE('',#1927,#941);
#814=LINE('',#1929,#942);
#815=LINE('',#1931,#943);
#816=LINE('',#1934,#944);
#817=LINE('',#1936,#945);
#818=LINE('',#1938,#946);
#819=LINE('',#1940,#947);
#820=LINE('',#1942,#948);
#821=LINE('',#1944,#949);
#822=LINE('',#1946,#950);
#823=LINE('',#1948,#951);
#824=LINE('',#1950,#952);
#825=LINE('',#1952,#953);
#826=LINE('',#1957,#954);
#827=LINE('',#1960,#955);
#828=LINE('',#1962,#956);
#829=LINE('',#1964,#957);
#830=LINE('',#1966,#958);
#831=LINE('',#1969,#959);
#832=LINE('',#1971,#960);
#833=LINE('',#1973,#961);
#834=LINE('',#1975,#962);
#835=LINE('',#1978,#963);
#836=LINE('',#1982,#964);
#837=LINE('',#1986,#965);
#838=LINE('',#1990,#966);
#839=LINE('',#1991,#967);
#840=LINE('',#1993,#968);
#841=LINE('',#1995,#969);
#842=LINE('',#1997,#970);
#843=LINE('',#1999,#971);
#844=LINE('',#2000,#972);
#845=LINE('',#2001,#973);
#846=LINE('',#2003,#974);
#847=LINE('',#2005,#975);
#848=LINE('',#2007,#976);
#849=LINE('',#2011,#977);
#850=LINE('',#2013,#978);
#851=LINE('',#2015,#979);
#852=LINE('',#2017,#980);
#853=LINE('',#2018,#981);
#854=LINE('',#2019,#982);
#855=LINE('',#2021,#983);
#856=LINE('',#2023,#984);
#857=LINE('',#2025,#985);
#858=LINE('',#2027,#986);
#859=LINE('',#2032,#987);
#860=LINE('',#2034,#988);
#861=LINE('',#2035,#989);
#862=LINE('',#2037,#990);
#863=LINE('',#2039,#991);
#864=LINE('',#2040,#992);
#865=LINE('',#2042,#993);
#866=LINE('',#2046,#994);
#867=LINE('',#2049,#995);
#868=LINE('',#2051,#996);
#869=LINE('',#2053,#997);
#870=LINE('',#2055,#998);
#871=LINE('',#2062,#999);
#872=LINE('',#2064,#1000);
#873=LINE('',#2066,#1001);
#874=LINE('',#2068,#1002);
#875=LINE('',#2071,#1003);
#876=LINE('',#2073,#1004);
#877=LINE('',#2075,#1005);
#878=LINE('',#2079,#1006);
#879=LINE('',#2082,#1007);
#880=LINE('',#2086,#1008);
#881=LINE('',#2090,#1009);
#882=LINE('',#2093,#1010);
#883=LINE('',#2095,#1011);
#884=LINE('',#2097,#1012);
#885=LINE('',#2099,#1013);
#886=LINE('',#2102,#1014);
#887=LINE('',#2104,#1015);
#888=LINE('',#2106,#1016);
#889=LINE('',#2108,#1017);
#890=LINE('',#2109,#1018);
#891=LINE('',#2114,#1019);
#892=LINE('',#2120,#1020);
#893=LINE('',#2123,#1021);
#894=LINE('',#2124,#1022);
#895=LINE('',#2126,#1023);
#896=LINE('',#2132,#1024);
#897=LINE('',#2135,#1025);
#898=LINE('',#2136,#1026);
#899=LINE('',#2149,#1027);
#900=LINE('',#2150,#1028);
#901=LINE('',#2166,#1029);
#902=LINE('',#2167,#1030);
#903=LINE('',#2168,#1031);
#904=LINE('',#2191,#1032);
#905=LINE('',#2194,#1033);
#906=LINE('',#2219,#1034);
#907=LINE('',#2220,#1035);
#908=LINE('',#2252,#1036);
#909=LINE('',#2254,#1037);
#910=LINE('',#2257,#1038);
#911=LINE('',#2262,#1039);
#912=LINE('',#2283,#1040);
#913=LINE('',#2285,#1041);
#914=LINE('',#2287,#1042);
#915=LINE('',#2291,#1043);
#916=LINE('',#2314,#1044);
#917=LINE('',#2316,#1045);
#918=LINE('',#2319,#1046);
#919=LINE('',#2320,#1047);
#920=LINE('',#2325,#1048);
#921=LINE('',#2327,#1049);
#922=LINE('',#2422,#1050);
#923=LINE('',#2433,#1051);
#924=LINE('',#2434,#1052);
#925=LINE('',#2436,#1053);
#926=LINE('',#2438,#1054);
#927=LINE('',#2440,#1055);
#928=LINE('',#2442,#1056);
#929=LINE('',#2444,#1057);
#930=LINE('',#2445,#1058);
#931=LINE('',#2447,#1059);
#932=LINE('',#2449,#1060);
#933=LINE('',#2456,#1061);
#934=VECTOR('',#1539,1.);
#935=VECTOR('',#1540,1.);
#936=VECTOR('',#1541,1.);
#937=VECTOR('',#1542,1.);
#938=VECTOR('',#1545,1.);
#939=VECTOR('',#1546,1.);
#940=VECTOR('',#1547,1.);
#941=VECTOR('',#1548,1.);
#942=VECTOR('',#1549,1.);
#943=VECTOR('',#1552,1.);
#944=VECTOR('',#1553,1.);
#945=VECTOR('',#1554,1.);
#946=VECTOR('',#1555,1.);
#947=VECTOR('',#1556,1.);
#948=VECTOR('',#1557,1.);
#949=VECTOR('',#1560,1.);
#950=VECTOR('',#1561,1.);
#951=VECTOR('',#1562,1.);
#952=VECTOR('',#1563,1.);
#953=VECTOR('',#1564,1.);
#954=VECTOR('',#1573,1.);
#955=VECTOR('',#1574,1.);
#956=VECTOR('',#1575,1.);
#957=VECTOR('',#1576,1.);
#958=VECTOR('',#1579,1.);
#959=VECTOR('',#1580,1.);
#960=VECTOR('',#1581,1.);
#961=VECTOR('',#1582,1.);
#962=VECTOR('',#1585,1.);
#963=VECTOR('',#1586,1.);
#964=VECTOR('',#1589,1.);
#965=VECTOR('',#1592,1.);
#966=VECTOR('',#1595,1.);
#967=VECTOR('',#1596,1.);
#968=VECTOR('',#1597,1.);
#969=VECTOR('',#1598,1.);
#970=VECTOR('',#1599,1.);
#971=VECTOR('',#1600,1.);
#972=VECTOR('',#1601,1.);
#973=VECTOR('',#1602,1.);
#974=VECTOR('',#1603,1.);
#975=VECTOR('',#1604,1.);
#976=VECTOR('',#1605,1.);
#977=VECTOR('',#1610,1.);
#978=VECTOR('',#1611,1.);
#979=VECTOR('',#1612,1.);
#980=VECTOR('',#1613,1.);
#981=VECTOR('',#1614,1.);
#982=VECTOR('',#1615,1.);
#983=VECTOR('',#1616,1.);
#984=VECTOR('',#1617,1.);
#985=VECTOR('',#1618,1.);
#986=VECTOR('',#1619,1.);
#987=VECTOR('',#1624,1.);
#988=VECTOR('',#1625,1.);
#989=VECTOR('',#1626,1.);
#990=VECTOR('',#1627,1.);
#991=VECTOR('',#1628,1.);
#992=VECTOR('',#1629,1.);
#993=VECTOR('',#1630,1.);
#994=VECTOR('',#1635,1.);
#995=VECTOR('',#1638,1.);
#996=VECTOR('',#1639,1.);
#997=VECTOR('',#1640,1.);
#998=VECTOR('',#1641,1.);
#999=VECTOR('',#1648,1.);
#1000=VECTOR('',#1649,1.);
#1001=VECTOR('',#1650,1.);
#1002=VECTOR('',#1653,1.);
#1003=VECTOR('',#1654,1.);
#1004=VECTOR('',#1655,1.);
#1005=VECTOR('',#1656,1.);
#1006=VECTOR('',#1661,1.);
#1007=VECTOR('',#1662,1.);
#1008=VECTOR('',#1665,1.);
#1009=VECTOR('',#1670,1.);
#1010=VECTOR('',#1671,1.);
#1011=VECTOR('',#1672,1.);
#1012=VECTOR('',#1673,1.);
#1013=VECTOR('',#1676,1.);
#1014=VECTOR('',#1677,1.);
#1015=VECTOR('',#1678,1.);
#1016=VECTOR('',#1679,1.);
#1017=VECTOR('',#1682,1.);
#1018=VECTOR('',#1683,1.);
#1019=VECTOR('',#1690,1.);
#1020=VECTOR('',#1697,1.);
#1021=VECTOR('',#1698,1.);
#1022=VECTOR('',#1699,1.);
#1023=VECTOR('',#1702,1.);
#1024=VECTOR('',#1709,1.);
#1025=VECTOR('',#1710,1.);
#1026=VECTOR('',#1711,1.);
#1027=VECTOR('',#1730,1.);
#1028=VECTOR('',#1731,1.);
#1029=VECTOR('',#1750,1.);
#1030=VECTOR('',#1751,1.);
#1031=VECTOR('',#1752,1.);
#1032=VECTOR('',#1759,1.);
#1033=VECTOR('',#1762,1.);
#1034=VECTOR('',#1771,1.);
#1035=VECTOR('',#1772,1.);
#1036=VECTOR('',#1795,1.);
#1037=VECTOR('',#1798,1.);
#1038=VECTOR('',#1803,1.);
#1039=VECTOR('',#1806,1.);
#1040=VECTOR('',#1809,1.);
#1041=VECTOR('',#1810,1.);
#1042=VECTOR('',#1811,1.);
#1043=VECTOR('',#1816,1.);
#1044=VECTOR('',#1821,1.);
#1045=VECTOR('',#1822,1.);
#1046=VECTOR('',#1827,1.);
#1047=VECTOR('',#1828,1.);
#1048=VECTOR('',#1837,1.);
#1049=VECTOR('',#1840,1.);
#1050=VECTOR('',#1869,1.);
#1051=VECTOR('',#1874,1.);
#1052=VECTOR('',#1875,1.);
#1053=VECTOR('',#1878,1.);
#1054=VECTOR('',#1881,1.);
#1055=VECTOR('',#1884,1.);
#1056=VECTOR('',#1887,1.);
#1057=VECTOR('',#1890,1.);
#1058=VECTOR('',#1891,1.);
#1059=VECTOR('',#1894,1.);
#1060=VECTOR('',#1897,1.);
#1061=VECTOR('',#1902,1.);
#1062=EDGE_LOOP('',(#106,#107,#108,#109));
#1063=EDGE_LOOP('',(#110,#111,#112,#113,#114));
#1064=EDGE_LOOP('',(#115,#116,#117,#118,#119,#120));
#1065=EDGE_LOOP('',(#121,#122,#123,#124,#125,#126));
#1066=EDGE_LOOP('',(#127,#128,#129,#130));
#1067=EDGE_LOOP('',(#131,#132,#133,#134));
#1068=EDGE_LOOP('',(#135,#136,#137,#138));
#1069=EDGE_LOOP('',(#139,#140,#141,#142,#143,#144,#145,#146,#147,#148,#149,#150,#151,#152,#153,#154,#155,#156,#157,#158,#159));
#1070=EDGE_LOOP('',(#160));
#1071=EDGE_LOOP('',(#161,#162,#163,#164,#165,#166,#167,#168,#169,#170,#171,#172,#173));
#1072=EDGE_LOOP('',(#174,#175,#176,#177,#178,#179,#180,#181,#182,#183,#184,#185));
#1073=EDGE_LOOP('',(#186,#187,#188,#189,#190,#191,#192,#193,#194,#195));
#1074=EDGE_LOOP('',(#196));
#1075=EDGE_LOOP('',(#197,#198,#199,#200));
#1076=EDGE_LOOP('',(#201,#202,#203,#204));
#1077=EDGE_LOOP('',(#205));
#1078=EDGE_LOOP('',(#206,#207,#208,#209));
#1079=EDGE_LOOP('',(#210));
#1080=EDGE_LOOP('',(#211,#212,#213,#214));
#1081=EDGE_LOOP('',(#215,#216,#217,#218));
#1082=EDGE_LOOP('',(#219,#220,#221,#222));
#1083=EDGE_LOOP('',(#223,#224,#225,#226,#227));
#1084=EDGE_LOOP('',(#228));
#1085=EDGE_LOOP('',(#229));
#1086=EDGE_LOOP('',(#230,#231,#232,#233));
#1087=EDGE_LOOP('',(#234,#235,#236,#237));
#1088=EDGE_LOOP('',(#238,#239,#240,#241));
#1089=EDGE_LOOP('',(#242,#243,#244,#245));
#1090=EDGE_LOOP('',(#246,#247,#248,#249));
#1091=EDGE_LOOP('',(#250));
#1092=EDGE_LOOP('',(#251,#252,#253,#254,#255,#256,#257,#258));
#1093=EDGE_LOOP('',(#259));
#1094=EDGE_LOOP('',(#260));
#1095=EDGE_LOOP('',(#261,#262,#263,#264));
#1096=EDGE_LOOP('',(#265));
#1097=EDGE_LOOP('',(#266,#267));
#1098=EDGE_LOOP('',(#268));
#1099=EDGE_LOOP('',(#269,#270));
#1100=EDGE_LOOP('',(#271,#272,#273,#274,#275,#276,#277,#278));
#1101=EDGE_LOOP('',(#279));
#1102=EDGE_LOOP('',(#280));
#1103=EDGE_LOOP('',(#281,#282,#283,#284,#285,#286));
#1104=EDGE_LOOP('',(#287));
#1105=EDGE_LOOP('',(#288));
#1106=EDGE_LOOP('',(#289,#290,#291,#292));
#1107=EDGE_LOOP('',(#293,#294,#295,#296));
#1108=EDGE_LOOP('',(#297));
#1109=EDGE_LOOP('',(#298));
#1110=EDGE_LOOP('',(#299));
#1111=EDGE_LOOP('',(#300));
#1112=EDGE_LOOP('',(#301));
#1113=EDGE_LOOP('',(#302,#303,#304,#305));
#1114=EDGE_LOOP('',(#306,#307,#308,#309));
#1115=EDGE_LOOP('',(#310,#311,#312,#313,#314,#315,#316,#317));
#1116=EDGE_LOOP('',(#318,#319,#320,#321));
#1117=EDGE_LOOP('',(#322,#323,#324,#325));
#1118=EDGE_LOOP('',(#326,#327,#328,#329));
#1119=EDGE_LOOP('',(#330,#331,#332,#333,#334));
#1120=EDGE_LOOP('',(#335,#336,#337,#338));
#1121=EDGE_LOOP('',(#339,#340,#341,#342,#343));
#1122=EDGE_LOOP('',(#344,#345,#346,#347,#348,#349,#350,#351,#352,#353));
#1123=EDGE_LOOP('',(#354));
#1124=EDGE_LOOP('',(#355));
#1125=EDGE_LOOP('',(#356,#357,#358,#359));
#1126=EDGE_LOOP('',(#360));
#1127=EDGE_LOOP('',(#361,#362,#363,#364));
#1128=EDGE_LOOP('',(#365));
#1129=EDGE_LOOP('',(#366,#367,#368,#369,#370,#371,#372,#373));
#1130=EDGE_LOOP('',(#374,#375,#376,#377));
#1131=EDGE_LOOP('',(#378,#379,#380,#381));
#1132=EDGE_LOOP('',(#382,#383,#384,#385));
#1133=EDGE_LOOP('',(#386,#387,#388,#389));
#1134=EDGE_LOOP('',(#390,#391,#392,#393));
#1135=EDGE_LOOP('',(#394,#395,#396,#397));
#1136=EDGE_LOOP('',(#398,#399,#400,#401));
#1137=EDGE_LOOP('',(#402));
#1138=EDGE_LOOP('',(#403));
#1139=EDGE_LOOP('',(#404));
#1140=EDGE_LOOP('',(#405));
#1141=EDGE_LOOP('',(#406,#407,#408,#409));
#1142=EDGE_LOOP('',(#410,#411,#412,#413));
#1143=EDGE_LOOP('',(#414,#415,#416,#417));
#1144=EDGE_LOOP('',(#418,#419,#420,#421));
#1145=EDGE_LOOP('',(#422,#423,#424,#425));
#1146=EDGE_LOOP('',(#426,#427,#428,#429));
#1147=EDGE_LOOP('',(#430,#431,#432,#433));
#1148=EDGE_LOOP('',(#434));
#1149=EDGE_LOOP('',(#435));
#1150=EDGE_LOOP('',(#436,#437,#438,#439));
#1151=EDGE_LOOP('',(#440,#441,#442,#443));
#1152=EDGE_LOOP('',(#444,#445,#446));
#1153=EDGE_LOOP('',(#447,#448,#449,#450));
#1154=EDGE_LOOP('',(#451,#452,#453,#454));
#1155=EDGE_LOOP('',(#455,#456,#457,#458));
#1156=EDGE_LOOP('',(#459,#460,#461));
#1157=EDGE_LOOP('',(#462,#463,#464));
#1158=EDGE_LOOP('',(#465,#466,#467,#468));
#1159=EDGE_LOOP('',(#469,#470,#471,#472));
#1160=EDGE_LOOP('',(#473,#474,#475,#476));
#1161=EDGE_LOOP('',(#477,#478,#479));
#1162=EDGE_LOOP('',(#480,#481,#482,#483));
#1163=EDGE_LOOP('',(#484,#485,#486,#487));
#1164=EDGE_LOOP('',(#488));
#1165=EDGE_LOOP('',(#489));
#1166=FACE_BOUND('',#1062,.T.);
#1167=FACE_BOUND('',#1063,.T.);
#1168=FACE_BOUND('',#1064,.T.);
#1169=FACE_BOUND('',#1065,.T.);
#1170=FACE_BOUND('',#1066,.T.);
#1171=FACE_BOUND('',#1067,.T.);
#1172=FACE_BOUND('',#1068,.T.);
#1173=FACE_BOUND('',#1069,.T.);
#1174=FACE_BOUND('',#1070,.T.);
#1175=FACE_BOUND('',#1071,.T.);
#1176=FACE_BOUND('',#1072,.T.);
#1177=FACE_BOUND('',#1073,.T.);
#1178=FACE_BOUND('',#1074,.T.);
#1179=FACE_BOUND('',#1075,.T.);
#1180=FACE_BOUND('',#1076,.T.);
#1181=FACE_BOUND('',#1077,.T.);
#1182=FACE_BOUND('',#1078,.T.);
#1183=FACE_BOUND('',#1079,.T.);
#1184=FACE_BOUND('',#1080,.T.);
#1185=FACE_BOUND('',#1081,.T.);
#1186=FACE_BOUND('',#1082,.T.);
#1187=FACE_BOUND('',#1083,.T.);
#1188=FACE_BOUND('',#1084,.T.);
#1189=FACE_BOUND('',#1085,.T.);
#1190=FACE_BOUND('',#1086,.T.);
#1191=FACE_BOUND('',#1087,.T.);
#1192=FACE_BOUND('',#1088,.T.);
#1193=FACE_BOUND('',#1089,.T.);
#1194=FACE_BOUND('',#1090,.T.);
#1195=FACE_BOUND('',#1091,.T.);
#1196=FACE_BOUND('',#1092,.T.);
#1197=FACE_BOUND('',#1093,.T.);
#1198=FACE_BOUND('',#1094,.T.);
#1199=FACE_BOUND('',#1095,.T.);
#1200=FACE_BOUND('',#1096,.T.);
#1201=FACE_BOUND('',#1097,.T.);
#1202=FACE_BOUND('',#1098,.T.);
#1203=FACE_BOUND('',#1099,.T.);
#1204=FACE_BOUND('',#1100,.T.);
#1205=FACE_BOUND('',#1101,.T.);
#1206=FACE_BOUND('',#1102,.T.);
#1207=FACE_BOUND('',#1103,.T.);
#1208=FACE_BOUND('',#1104,.T.);
#1209=FACE_BOUND('',#1105,.T.);
#1210=FACE_BOUND('',#1106,.T.);
#1211=FACE_BOUND('',#1107,.T.);
#1212=FACE_BOUND('',#1108,.T.);
#1213=FACE_BOUND('',#1109,.T.);
#1214=FACE_BOUND('',#1110,.T.);
#1215=FACE_BOUND('',#1111,.T.);
#1216=FACE_BOUND('',#1112,.T.);
#1217=FACE_BOUND('',#1113,.T.);
#1218=FACE_BOUND('',#1114,.T.);
#1219=FACE_BOUND('',#1115,.T.);
#1220=FACE_BOUND('',#1116,.T.);
#1221=FACE_BOUND('',#1117,.T.);
#1222=FACE_BOUND('',#1118,.T.);
#1223=FACE_BOUND('',#1119,.T.);
#1224=FACE_BOUND('',#1120,.T.);
#1225=FACE_BOUND('',#1121,.T.);
#1226=FACE_BOUND('',#1122,.T.);
#1227=FACE_BOUND('',#1123,.T.);
#1228=FACE_BOUND('',#1124,.T.);
#1229=FACE_BOUND('',#1125,.T.);
#1230=FACE_BOUND('',#1126,.T.);
#1231=FACE_BOUND('',#1127,.T.);
#1232=FACE_BOUND('',#1128,.T.);
#1233=FACE_BOUND('',#1129,.T.);
#1234=FACE_BOUND('',#1130,.T.);
#1235=FACE_BOUND('',#1131,.T.);
#1236=FACE_BOUND('',#1132,.T.);
#1237=FACE_BOUND('',#1133,.T.);
#1238=FACE_BOUND('',#1134,.T.);
#1239=FACE_BOUND('',#1135,.T.);
#1240=FACE_BOUND('',#1136,.T.);
#1241=FACE_BOUND('',#1137,.T.);
#1242=FACE_BOUND('',#1138,.T.);
#1243=FACE_BOUND('',#1139,.T.);
#1244=FACE_BOUND('',#1140,.T.);
#1245=FACE_BOUND('',#1141,.T.);
#1246=FACE_BOUND('',#1142,.T.);
#1247=FACE_BOUND('',#1143,.T.);
#1248=FACE_BOUND('',#1144,.T.);
#1249=FACE_BOUND('',#1145,.T.);
#1250=FACE_BOUND('',#1146,.T.);
#1251=FACE_BOUND('',#1147,.T.);
#1252=FACE_BOUND('',#1148,.T.);
#1253=FACE_BOUND('',#1149,.T.);
#1254=FACE_BOUND('',#1150,.T.);
#1255=FACE_BOUND('',#1151,.T.);
#1256=FACE_BOUND('',#1152,.T.);
#1257=FACE_BOUND('',#1153,.T.);
#1258=FACE_BOUND('',#1154,.T.);
#1259=FACE_BOUND('',#1155,.T.);
#1260=FACE_BOUND('',#1156,.T.);
#1261=FACE_BOUND('',#1157,.T.);
#1262=FACE_BOUND('',#1158,.T.);
#1263=FACE_BOUND('',#1159,.T.);
#1264=FACE_BOUND('',#1160,.T.);
#1265=FACE_BOUND('',#1161,.T.);
#1266=FACE_BOUND('',#1162,.T.);
#1267=FACE_BOUND('',#1163,.T.);
#1268=FACE_BOUND('',#1164,.T.);
#1269=FACE_BOUND('',#1165,.T.);
#1270=PLANE('',#1413);
#1271=PLANE('',#1414);
#1272=PLANE('',#1415);
#1273=PLANE('',#1416);
#1274=PLANE('',#1420);
#1275=PLANE('',#1421);
#1276=PLANE('',#1422);
#1277=PLANE('',#1426);
#1278=PLANE('',#1428);
#1279=PLANE('',#1430);
#1280=PLANE('',#1433);
#1281=PLANE('',#1436);
#1282=PLANE('',#1437);
#1283=PLANE('',#1440);
#1284=PLANE('',#1442);
#1285=PLANE('',#1443);
#1286=PLANE('',#1449);
#1287=PLANE('',#1453);
#1288=PLANE('',#1457);
#1289=PLANE('',#1462);
#1290=PLANE('',#1471);
#1291=PLANE('',#1474);
#1292=PLANE('',#1479);
#1293=PLANE('',#1480);
#1294=PLANE('',#1484);
#1295=PLANE('',#1490);
#1296=PLANE('',#1491);
#1297=PLANE('',#1492);
#1298=PLANE('',#1495);
#1299=PLANE('',#1499);
#1300=PLANE('',#1501);
#1301=PLANE('',#1504);
#1302=PLANE('',#1505);
#1303=PLANE('',#1507);
#1304=PLANE('',#1512);
#1305=PLANE('',#1514);
#1306=PLANE('',#1516);
#1307=PLANE('',#1518);
#1308=PLANE('',#1520);
#1309=PLANE('',#1522);
#1310=PLANE('',#1523);
#1311=PLANE('',#1524);
#1312=PLANE('',#1525);
#1313=PLANE('',#1526);
#1314=PLANE('',#1527);
#1315=PLANE('',#1528);
#1316=PLANE('',#1529);
#1317=PLANE('',#1530);
#1318=PLANE('',#1531);
#1319=PLANE('',#1533);
#1320=ADVANCED_FACE('',(#1166),#1270,.T.);
#1321=ADVANCED_FACE('',(#1167),#1271,.T.);
#1322=ADVANCED_FACE('',(#1168),#1272,.F.);
#1323=ADVANCED_FACE('',(#1169),#1273,.T.);
#1324=ADVANCED_FACE('',(#1170),#90,.F.);
#1325=ADVANCED_FACE('',(#1171),#1274,.F.);
#1326=ADVANCED_FACE('',(#1172),#1275,.T.);
#1327=ADVANCED_FACE('',(#1173),#1276,.T.);
#1328=ADVANCED_FACE('',(#1174,#1175),#1277,.F.);
#1329=ADVANCED_FACE('',(#1176),#1278,.F.);
#1330=ADVANCED_FACE('',(#1177),#1279,.T.);
#1331=ADVANCED_FACE('',(#1178,#1179),#1280,.F.);
#1332=ADVANCED_FACE('',(#1180),#1281,.F.);
#1333=ADVANCED_FACE('',(#1181,#1182),#1282,.T.);
#1334=ADVANCED_FACE('',(#1183,#1184),#1283,.F.);
#1335=ADVANCED_FACE('',(#1185,#1186),#1284,.T.);
#1336=ADVANCED_FACE('',(#1187),#1285,.T.);
#1337=ADVANCED_FACE('',(#1188,#1189),#91,.F.);
#1338=ADVANCED_FACE('',(#1190),#92,.F.);
#1339=ADVANCED_FACE('',(#1191),#1286,.T.);
#1340=ADVANCED_FACE('',(#1192),#93,.F.);
#1341=ADVANCED_FACE('',(#1193),#1287,.F.);
#1342=ADVANCED_FACE('',(#1194),#94,.F.);
#1343=ADVANCED_FACE('',(#1195,#1196),#1288,.F.);
#1344=ADVANCED_FACE('',(#1197,#1198),#95,.F.);
#1345=ADVANCED_FACE('',(#1199),#1289,.F.);
#1346=ADVANCED_FACE('',(#1200,#1201),#96,.F.);
#1347=ADVANCED_FACE('',(#1202,#1203),#97,.F.);
#1348=ADVANCED_FACE('',(#1204),#1290,.T.);
#1349=ADVANCED_FACE('',(#1205,#1206),#98,.F.);
#1350=ADVANCED_FACE('',(#1207),#1291,.T.);
#1351=ADVANCED_FACE('',(#1208,#1209),#99,.F.);
#1352=ADVANCED_FACE('',(#1210),#1292,.F.);
#1353=ADVANCED_FACE('',(#1211,#1212,#1213),#1293,.T.);
#1354=ADVANCED_FACE('',(#1214,#1215),#100,.F.);
#1355=ADVANCED_FACE('',(#1216),#1294,.F.);
#1356=ADVANCED_FACE('',(#1217,#1218),#101,.T.);
#1357=ADVANCED_FACE('',(#1219),#1295,.T.);
#1358=ADVANCED_FACE('',(#1220),#1296,.T.);
#1359=ADVANCED_FACE('',(#1221),#1297,.F.);
#1360=ADVANCED_FACE('',(#1222),#102,.F.);
#1361=ADVANCED_FACE('',(#1223),#1298,.T.);
#1362=ADVANCED_FACE('',(#1224),#103,.F.);
#1363=ADVANCED_FACE('',(#1225),#1299,.F.);
#1364=ADVANCED_FACE('',(#1226,#1227,#1228),#1300,.T.);
#1365=ADVANCED_FACE('',(#1229,#1230),#104,.F.);
#1366=ADVANCED_FACE('',(#1231,#1232),#105,.F.);
#1367=ADVANCED_FACE('',(#1233),#1301,.T.);
#1368=ADVANCED_FACE('',(#1234),#1302,.T.);
#1369=ADVANCED_FACE('',(#1235),#14,.F.);
#1370=ADVANCED_FACE('',(#1236),#1303,.F.);
#1371=ADVANCED_FACE('',(#1237),#12,.T.);
#1372=ADVANCED_FACE('',(#1238),#15,.T.);
#1373=ADVANCED_FACE('',(#1239),#16,.T.);
#1374=ADVANCED_FACE('',(#1240),#13,.T.);
#1375=ADVANCED_FACE('',(#1241,#1242),#17,.F.);
#1376=ADVANCED_FACE('',(#1243,#1244),#18,.F.);
#1377=ADVANCED_FACE('',(#1245),#1304,.F.);
#1378=ADVANCED_FACE('',(#1246),#19,.F.);
#1379=ADVANCED_FACE('',(#1247),#1305,.T.);
#1380=ADVANCED_FACE('',(#1248),#20,.F.);
#1381=ADVANCED_FACE('',(#1249),#1306,.F.);
#1382=ADVANCED_FACE('',(#1250),#21,.F.);
#1383=ADVANCED_FACE('',(#1251),#1307,.T.);
#1384=ADVANCED_FACE('',(#1252,#1253),#22,.F.);
#1385=ADVANCED_FACE('',(#1254),#1308,.F.);
#1386=ADVANCED_FACE('',(#1255),#23,.T.);
#1387=ADVANCED_FACE('',(#1256),#1309,.T.);
#1388=ADVANCED_FACE('',(#1257),#1310,.T.);
#1389=ADVANCED_FACE('',(#1258),#1311,.T.);
#1390=ADVANCED_FACE('',(#1259),#1312,.T.);
#1391=ADVANCED_FACE('',(#1260),#1313,.T.);
#1392=ADVANCED_FACE('',(#1261),#1314,.T.);
#1393=ADVANCED_FACE('',(#1262),#1315,.F.);
#1394=ADVANCED_FACE('',(#1263),#1316,.F.);
#1395=ADVANCED_FACE('',(#1264),#1317,.T.);
#1396=ADVANCED_FACE('',(#1265),#1318,.T.);
#1397=ADVANCED_FACE('',(#1266),#24,.T.);
#1398=ADVANCED_FACE('',(#1267),#1319,.F.);
#1399=ADVANCED_FACE('',(#1268,#1269),#25,.F.);
#1400=CLOSED_SHELL('',(#1320,#1321,#1322,#1323,#1324,#1325,#1326,#1327,#1328,#1329,#1330,#1331,#1332,#1333,#1334,#1335,#1336,#1337,#1338,#1339,#1340,#1341,#1342,#1343,#1344,#1345,#1346,#1347,#1348,#1349,#1350,#1351,#1352,#1353,#1354,#1355,#1356,#1357,#1358,#1359,#1360,#1361,#1362,#1363,#1364,#1365,#1366,#1367,#1368,#1369,#1370,#1371,#1372,#1373,#1374,#1375,#1376,#1377,#1378,#1379,#1380,#1381,#1382,#1383,#1384,#1385,#1386,#1387,#1388,#1389,#1390,#1391,#1392,#1393,#1394,#1395,#1396,#1397,#1398,#1399));
#1401=STYLED_ITEM('',(#1402),#1409);
#1402=PRESENTATION_STYLE_ASSIGNMENT((#1403));
#1403=SURFACE_STYLE_USAGE(.BOTH.,#1404);
#1404=SURFACE_SIDE_STYLE('',(#1405));
#1405=SURFACE_STYLE_FILL_AREA(#1406);
#1406=FILL_AREA_STYLE('',(#1407));
#1407=FILL_AREA_STYLE_COLOUR('',#1408);
#1408=COLOUR_RGB('',0.615686274509804,0.811764705882353,0.929411764705882);
#1409=MANIFOLD_SOLID_BREP('Tilt-Servo Housing',#1400);
#1410=SHAPE_DEFINITION_REPRESENTATION(#2470,#1411);
#1411=SHAPE_REPRESENTATION('Tilt-Servo Housing',(#1412),#2465);
#1412=AXIS2_PLACEMENT_3D('',#1909,#1535,#1536);
#1413=AXIS2_PLACEMENT_3D('',#1910,#1537,#1538);
#1414=AXIS2_PLACEMENT_3D('',#1919,#1543,#1544);
#1415=AXIS2_PLACEMENT_3D('',#1930,#1550,#1551);
#1416=AXIS2_PLACEMENT_3D('',#1943,#1558,#1559);
#1417=AXIS2_PLACEMENT_3D('',#1953,#1565,#1566);
#1418=AXIS2_PLACEMENT_3D('',#1954,#1567,#1568);
#1419=AXIS2_PLACEMENT_3D('',#1955,#1569,#1570);
#1420=AXIS2_PLACEMENT_3D('',#1956,#1571,#1572);
#1421=AXIS2_PLACEMENT_3D('',#1965,#1577,#1578);
#1422=AXIS2_PLACEMENT_3D('',#1974,#1583,#1584);
#1423=AXIS2_PLACEMENT_3D('',#1980,#1587,#1588);
#1424=AXIS2_PLACEMENT_3D('',#1984,#1590,#1591);
#1425=AXIS2_PLACEMENT_3D('',#1988,#1593,#1594);
#1426=AXIS2_PLACEMENT_3D('',#2008,#1606,#1607);
#1427=AXIS2_PLACEMENT_3D('',#2009,#1608,#1609);
#1428=AXIS2_PLACEMENT_3D('',#2028,#1620,#1621);
#1429=AXIS2_PLACEMENT_3D('',#2029,#1622,#1623);
#1430=AXIS2_PLACEMENT_3D('',#2043,#1631,#1632);
#1431=AXIS2_PLACEMENT_3D('',#2044,#1633,#1634);
#1432=AXIS2_PLACEMENT_3D('',#2048,#1636,#1637);
#1433=AXIS2_PLACEMENT_3D('',#2056,#1642,#1643);
#1434=AXIS2_PLACEMENT_3D('',#2057,#1644,#1645);
#1435=AXIS2_PLACEMENT_3D('',#2059,#1646,#1647);
#1436=AXIS2_PLACEMENT_3D('',#2067,#1651,#1652);
#1437=AXIS2_PLACEMENT_3D('',#2076,#1657,#1658);
#1438=AXIS2_PLACEMENT_3D('',#2077,#1659,#1660);
#1439=AXIS2_PLACEMENT_3D('',#2084,#1663,#1664);
#1440=AXIS2_PLACEMENT_3D('',#2087,#1666,#1667);
#1441=AXIS2_PLACEMENT_3D('',#2088,#1668,#1669);
#1442=AXIS2_PLACEMENT_3D('',#2098,#1674,#1675);
#1443=AXIS2_PLACEMENT_3D('',#2107,#1680,#1681);
#1444=AXIS2_PLACEMENT_3D('',#2110,#1684,#1685);
#1445=AXIS2_PLACEMENT_3D('',#2111,#1686,#1687);
#1446=AXIS2_PLACEMENT_3D('',#2113,#1688,#1689);
#1447=AXIS2_PLACEMENT_3D('',#2117,#1691,#1692);
#1448=AXIS2_PLACEMENT_3D('',#2118,#1693,#1694);
#1449=AXIS2_PLACEMENT_3D('',#2119,#1695,#1696);
#1450=AXIS2_PLACEMENT_3D('',#2125,#1700,#1701);
#1451=AXIS2_PLACEMENT_3D('',#2129,#1703,#1704);
#1452=AXIS2_PLACEMENT_3D('',#2130,#1705,#1706);
#1453=AXIS2_PLACEMENT_3D('',#2131,#1707,#1708);
#1454=AXIS2_PLACEMENT_3D('',#2137,#1712,#1713);
#1455=AXIS2_PLACEMENT_3D('',#2138,#1714,#1715);
#1456=AXIS2_PLACEMENT_3D('',#2139,#1716,#1717);
#1457=AXIS2_PLACEMENT_3D('',#2140,#1718,#1719);
#1458=AXIS2_PLACEMENT_3D('',#2141,#1720,#1721);
#1459=AXIS2_PLACEMENT_3D('',#2143,#1722,#1723);
#1460=AXIS2_PLACEMENT_3D('',#2144,#1724,#1725);
#1461=AXIS2_PLACEMENT_3D('',#2146,#1726,#1727);
#1462=AXIS2_PLACEMENT_3D('',#2148,#1728,#1729);
#1463=AXIS2_PLACEMENT_3D('',#2151,#1732,#1733);
#1464=AXIS2_PLACEMENT_3D('',#2152,#1734,#1735);
#1465=AXIS2_PLACEMENT_3D('',#2154,#1736,#1737);
#1466=AXIS2_PLACEMENT_3D('',#2157,#1738,#1739);
#1467=AXIS2_PLACEMENT_3D('',#2158,#1740,#1741);
#1468=AXIS2_PLACEMENT_3D('',#2159,#1742,#1743);
#1469=AXIS2_PLACEMENT_3D('',#2161,#1744,#1745);
#1470=AXIS2_PLACEMENT_3D('',#2164,#1746,#1747);
#1471=AXIS2_PLACEMENT_3D('',#2165,#1748,#1749);
#1472=AXIS2_PLACEMENT_3D('',#2169,#1753,#1754);
#1473=AXIS2_PLACEMENT_3D('',#2188,#1755,#1756);
#1474=AXIS2_PLACEMENT_3D('',#2190,#1757,#1758);
#1475=AXIS2_PLACEMENT_3D('',#2192,#1760,#1761);
#1476=AXIS2_PLACEMENT_3D('',#2196,#1763,#1764);
#1477=AXIS2_PLACEMENT_3D('',#2197,#1765,#1766);
#1478=AXIS2_PLACEMENT_3D('',#2216,#1767,#1768);
#1479=AXIS2_PLACEMENT_3D('',#2218,#1769,#1770);
#1480=AXIS2_PLACEMENT_3D('',#2221,#1773,#1774);
#1481=AXIS2_PLACEMENT_3D('',#2222,#1775,#1776);
#1482=AXIS2_PLACEMENT_3D('',#2223,#1777,#1778);
#1483=AXIS2_PLACEMENT_3D('',#2225,#1779,#1780);
#1484=AXIS2_PLACEMENT_3D('',#2227,#1781,#1782);
#1485=AXIS2_PLACEMENT_3D('',#2228,#1783,#1784);
#1486=AXIS2_PLACEMENT_3D('',#2229,#1785,#1786);
#1487=AXIS2_PLACEMENT_3D('',#2240,#1787,#1788);
#1488=AXIS2_PLACEMENT_3D('',#2249,#1789,#1790);
#1489=AXIS2_PLACEMENT_3D('',#2250,#1791,#1792);
#1490=AXIS2_PLACEMENT_3D('',#2251,#1793,#1794);
#1491=AXIS2_PLACEMENT_3D('',#2253,#1796,#1797);
#1492=AXIS2_PLACEMENT_3D('',#2255,#1799,#1800);
#1493=AXIS2_PLACEMENT_3D('',#2256,#1801,#1802);
#1494=AXIS2_PLACEMENT_3D('',#2260,#1804,#1805);
#1495=AXIS2_PLACEMENT_3D('',#2282,#1807,#1808);
#1496=AXIS2_PLACEMENT_3D('',#2289,#1812,#1813);
#1497=AXIS2_PLACEMENT_3D('',#2290,#1814,#1815);
#1498=AXIS2_PLACEMENT_3D('',#2312,#1817,#1818);
#1499=AXIS2_PLACEMENT_3D('',#2313,#1819,#1820);
#1500=AXIS2_PLACEMENT_3D('',#2317,#1823,#1824);
#1501=AXIS2_PLACEMENT_3D('',#2318,#1825,#1826);
#1502=AXIS2_PLACEMENT_3D('',#2321,#1829,#1830);
#1503=AXIS2_PLACEMENT_3D('',#2322,#1831,#1832);
#1504=AXIS2_PLACEMENT_3D('',#2323,#1833,#1834);
#1505=AXIS2_PLACEMENT_3D('',#2324,#1835,#1836);
#1506=AXIS2_PLACEMENT_3D('',#2326,#1838,#1839);
#1507=AXIS2_PLACEMENT_3D('',#2328,#1841,#1842);
#1508=AXIS2_PLACEMENT_3D('',#2357,#1843,#1844);
#1509=AXIS2_PLACEMENT_3D('',#2362,#1845,#1846);
#1510=AXIS2_PLACEMENT_3D('',#2387,#1847,#1848);
#1511=AXIS2_PLACEMENT_3D('',#2388,#1849,#1850);
#1512=AXIS2_PLACEMENT_3D('',#2389,#1851,#1852);
#1513=AXIS2_PLACEMENT_3D('',#2394,#1853,#1854);
#1514=AXIS2_PLACEMENT_3D('',#2399,#1855,#1856);
#1515=AXIS2_PLACEMENT_3D('',#2404,#1857,#1858);
#1516=AXIS2_PLACEMENT_3D('',#2409,#1859,#1860);
#1517=AXIS2_PLACEMENT_3D('',#2414,#1861,#1862);
#1518=AXIS2_PLACEMENT_3D('',#2419,#1863,#1864);
#1519=AXIS2_PLACEMENT_3D('',#2420,#1865,#1866);
#1520=AXIS2_PLACEMENT_3D('',#2421,#1867,#1868);
#1521=AXIS2_PLACEMENT_3D('',#2427,#1870,#1871);
#1522=AXIS2_PLACEMENT_3D('',#2432,#1872,#1873);
#1523=AXIS2_PLACEMENT_3D('',#2435,#1876,#1877);
#1524=AXIS2_PLACEMENT_3D('',#2437,#1879,#1880);
#1525=AXIS2_PLACEMENT_3D('',#2439,#1882,#1883);
#1526=AXIS2_PLACEMENT_3D('',#2441,#1885,#1886);
#1527=AXIS2_PLACEMENT_3D('',#2443,#1888,#1889);
#1528=AXIS2_PLACEMENT_3D('',#2446,#1892,#1893);
#1529=AXIS2_PLACEMENT_3D('',#2448,#1895,#1896);
#1530=AXIS2_PLACEMENT_3D('',#2450,#1898,#1899);
#1531=AXIS2_PLACEMENT_3D('',#2455,#1900,#1901);
#1532=AXIS2_PLACEMENT_3D('',#2457,#1903,#1904);
#1533=AXIS2_PLACEMENT_3D('',#2462,#1905,#1906);
#1534=AXIS2_PLACEMENT_3D('',#2463,#1907,#1908);
#1535=DIRECTION('',(0.,0.,1.));
#1536=DIRECTION('',(1.,0.,0.));
#1537=DIRECTION('',(1.,0.,0.));
#1538=DIRECTION('',(0.,1.,0.));
#1539=DIRECTION('',(0.,3.38482629458889E-16,-1.));
#1540=DIRECTION('',(0.,1.,3.08395284618099E-16));
#1541=DIRECTION('',(0.,3.38482629458889E-16,-1.));
#1542=DIRECTION('',(0.,-1.,0.));
#1543=DIRECTION('',(1.,0.,0.));
#1544=DIRECTION('',(0.,1.,0.));
#1545=DIRECTION('',(0.,1.,3.08395284618099E-16));
#1546=DIRECTION('',(0.,3.38482629458889E-16,-1.));
#1547=DIRECTION('',(0.,-1.,0.));
#1548=DIRECTION('',(0.,-0.71145997095348,0.702726625175732));
#1549=DIRECTION('',(0.,0.,1.));
#1550=DIRECTION('',(-0.156204382995596,0.987724754540943,0.));
#1551=DIRECTION('',(-0.987724754540943,-0.156204382995596,0.));
#1552=DIRECTION('',(0.,0.,-1.));
#1553=DIRECTION('',(-0.987724754540943,-0.156204382995596,0.));
#1554=DIRECTION('',(0.,0.,1.));
#1555=DIRECTION('',(0.987724754540943,0.156204382995596,3.90858559053642E-16));
#1556=DIRECTION('',(0.,0.,-1.));
#1557=DIRECTION('',(0.987724754540943,0.156204382995596,0.));
#1558=DIRECTION('',(0.156204382995596,0.987724754540942,0.));
#1559=DIRECTION('',(-0.987724754540942,0.156204382995596,0.));
#1560=DIRECTION('',(0.987724754540942,-0.156204382995596,0.));
#1561=DIRECTION('',(0.,0.,-1.));
#1562=DIRECTION('',(0.987724754540943,-0.156204382995596,0.));
#1563=DIRECTION('',(0.,0.,-1.));
#1564=DIRECTION('',(0.987724754540942,-0.156204382995596,2.94513168748599E-16));
#1565=DIRECTION('',(0.,0.,-1.));
#1566=DIRECTION('',(-1.,0.,0.));
#1567=DIRECTION('',(-3.46944695195362E-16,-3.08395284618099E-16,1.));
#1568=DIRECTION('',(1.,0.,3.46944695195362E-16));
#1569=DIRECTION('',(0.,0.,-1.));
#1570=DIRECTION('',(-1.,0.,0.));
#1571=DIRECTION('',(0.,-1.,-3.38482629458889E-16));
#1572=DIRECTION('',(0.,3.38482629458889E-16,-1.));
#1573=DIRECTION('',(0.,3.38482629458889E-16,-1.));
#1574=DIRECTION('',(1.,0.,0.));
#1575=DIRECTION('',(0.,3.38482629458889E-16,-1.));
#1576=DIRECTION('',(1.,0.,0.));
#1577=DIRECTION('',(0.,-1.,-3.38482629458889E-16));
#1578=DIRECTION('',(0.,3.38482629458889E-16,-1.));
#1579=DIRECTION('',(1.,0.,0.));
#1580=DIRECTION('',(0.,3.38482629458889E-16,-1.));
#1581=DIRECTION('',(1.,0.,0.));
#1582=DIRECTION('',(0.,3.38482629458889E-16,-1.));
#1583=DIRECTION('',(0.,0.,1.));
#1584=DIRECTION('',(1.,0.,0.));
#1585=DIRECTION('',(0.,-1.,0.));
#1586=DIRECTION('',(0.987724754540943,0.156204382995596,0.));
#1587=DIRECTION('',(0.,0.,1.));
#1588=DIRECTION('',(1.,0.,0.));
#1589=DIRECTION('',(0.987724754540942,-0.156204382995596,0.));
#1590=DIRECTION('',(0.,0.,1.));
#1591=DIRECTION('',(1.,0.,0.));
#1592=DIRECTION('',(-0.987724754540943,-0.156204382995596,0.));
#1593=DIRECTION('',(0.,0.,1.));
#1594=DIRECTION('',(1.,0.,0.));
#1595=DIRECTION('',(-0.987724754540942,0.156204382995596,0.));
#1596=DIRECTION('',(1.,0.,0.));
#1597=DIRECTION('',(-0.707106781186548,-0.707106781186548,0.));
#1598=DIRECTION('',(1.,0.,0.));
#1599=DIRECTION('',(0.707106781186548,-0.707106781186548,0.));
#1600=DIRECTION('',(0.,-1.,0.));
#1601=DIRECTION('',(0.,-1.,0.));
#1602=DIRECTION('',(0.,-1.,0.));
#1603=DIRECTION('',(1.,0.,0.));
#1604=DIRECTION('',(0.,-1.,0.));
#1605=DIRECTION('',(1.,0.,0.));
#1606=DIRECTION('',(0.,0.,1.));
#1607=DIRECTION('',(1.,0.,0.));
#1608=DIRECTION('',(0.,0.,1.));
#1609=DIRECTION('',(1.,0.,0.));
#1610=DIRECTION('',(1.,0.,0.));
#1611=DIRECTION('',(0.,-1.,0.));
#1612=DIRECTION('',(1.,0.,0.));
#1613=DIRECTION('',(0.,-1.,0.));
#1614=DIRECTION('',(0.,-1.,0.));
#1615=DIRECTION('',(0.,-1.,0.));
#1616=DIRECTION('',(-0.707106781186548,0.707106781186548,0.));
#1617=DIRECTION('',(1.,0.,0.));
#1618=DIRECTION('',(0.707106781186548,0.707106781186548,0.));
#1619=DIRECTION('',(1.,0.,0.));
#1620=DIRECTION('',(0.,-1.,-3.38482629458889E-16));
#1621=DIRECTION('',(0.,3.38482629458889E-16,-1.));
#1622=DIRECTION('',(0.,-1.,-3.38482629458889E-16));
#1623=DIRECTION('',(0.,3.38482629458889E-16,-1.));
#1624=DIRECTION('',(1.,0.,0.));
#1625=DIRECTION('',(0.,3.38482629458889E-16,-1.));
#1626=DIRECTION('',(1.,-1.06996108021513E-31,3.46944695195362E-16));
#1627=DIRECTION('',(0.,3.08395284618099E-16,-1.));
#1628=DIRECTION('',(1.,-5.34980540107566E-32,1.73472347597681E-16));
#1629=DIRECTION('',(0.,3.38482629458889E-16,-1.));
#1630=DIRECTION('',(-1.,0.,0.));
#1631=DIRECTION('',(0.,-1.,-3.38482629458889E-16));
#1632=DIRECTION('',(0.,3.38482629458889E-16,-1.));
#1633=DIRECTION('',(0.,-1.,-3.38482629458889E-16));
#1634=DIRECTION('',(0.,3.38482629458889E-16,-1.));
#1635=DIRECTION('',(0.,3.38482629458889E-16,-1.));
#1636=DIRECTION('',(0.,-1.,-3.38482629458889E-16));
#1637=DIRECTION('',(0.,3.38482629458889E-16,-1.));
#1638=DIRECTION('',(1.,-5.34980540107566E-32,1.73472347597681E-16));
#1639=DIRECTION('',(0.,3.08395284618099E-16,-1.));
#1640=DIRECTION('',(1.,-1.06996108021513E-31,3.46944695195362E-16));
#1641=DIRECTION('',(0.,3.38482629458889E-16,-1.));
#1642=DIRECTION('',(0.,0.,1.));
#1643=DIRECTION('',(1.,0.,0.));
#1644=DIRECTION('',(0.,0.,1.));
#1645=DIRECTION('',(1.,0.,0.));
#1646=DIRECTION('',(0.,0.,1.));
#1647=DIRECTION('',(1.,0.,0.));
#1648=DIRECTION('',(0.,1.,0.));
#1649=DIRECTION('',(1.,0.,0.));
#1650=DIRECTION('',(0.,-1.,0.));
#1651=DIRECTION('',(0.,-1.,-3.08395284618099E-16));
#1652=DIRECTION('',(0.,3.08395284618099E-16,-1.));
#1653=DIRECTION('',(0.,3.08395284618099E-16,-1.));
#1654=DIRECTION('',(-1.,0.,0.));
#1655=DIRECTION('',(0.,-3.08395284618099E-16,1.));
#1656=DIRECTION('',(1.,0.,0.));
#1657=DIRECTION('',(0.,0.,1.));
#1658=DIRECTION('',(1.,0.,0.));
#1659=DIRECTION('',(0.,0.,1.));
#1660=DIRECTION('',(1.,0.,0.));
#1661=DIRECTION('',(-1.,0.,0.));
#1662=DIRECTION('',(0.,-1.,0.));
#1663=DIRECTION('',(0.,0.,1.));
#1664=DIRECTION('',(1.,0.,0.));
#1665=DIRECTION('',(0.,1.,0.));
#1666=DIRECTION('',(1.,0.,0.));
#1667=DIRECTION('',(0.,1.,0.));
#1668=DIRECTION('',(1.,0.,0.));
#1669=DIRECTION('',(0.,0.,-1.));
#1670=DIRECTION('',(0.,3.08395284618099E-16,-1.));
#1671=DIRECTION('',(0.,-1.,0.));
#1672=DIRECTION('',(0.,3.08395284618099E-16,-1.));
#1673=DIRECTION('',(0.,1.,0.));
#1674=DIRECTION('',(1.,0.,0.));
#1675=DIRECTION('',(0.,1.,0.));
#1676=DIRECTION('',(0.,3.08395284618099E-16,-1.));
#1677=DIRECTION('',(0.,1.,0.));
#1678=DIRECTION('',(0.,-3.08395284618099E-16,1.));
#1679=DIRECTION('',(0.,-1.,0.));
#1680=DIRECTION('',(1.,0.,0.));
#1681=DIRECTION('',(0.,1.,0.));
#1682=DIRECTION('',(0.,1.,3.08395284618099E-16));
#1683=DIRECTION('',(0.,0.71145997095348,0.702726625175732));
#1684=DIRECTION('',(0.,0.,-1.));
#1685=DIRECTION('',(-1.,0.,0.));
#1686=DIRECTION('',(0.,0.,1.));
#1687=DIRECTION('',(1.,0.,0.));
#1688=DIRECTION('',(0.,0.,-1.));
#1689=DIRECTION('',(-1.,0.,0.));
#1690=DIRECTION('',(0.,0.,-1.));
#1691=DIRECTION('',(0.,0.,1.));
#1692=DIRECTION('',(1.,0.,0.));
#1693=DIRECTION('',(0.,0.,-1.));
#1694=DIRECTION('',(-1.,0.,0.));
#1695=DIRECTION('',(-0.156204382995596,-0.987724754540942,0.));
#1696=DIRECTION('',(0.987724754540942,-0.156204382995596,0.));
#1697=DIRECTION('',(0.,0.,-1.));
#1698=DIRECTION('',(-0.987724754540942,0.156204382995596,0.));
#1699=DIRECTION('',(-0.987724754540942,0.156204382995596,0.));
#1700=DIRECTION('',(0.,0.,-1.));
#1701=DIRECTION('',(-1.,0.,0.));
#1702=DIRECTION('',(0.,0.,-1.));
#1703=DIRECTION('',(0.,0.,1.));
#1704=DIRECTION('',(1.,0.,0.));
#1705=DIRECTION('',(0.,0.,-1.));
#1706=DIRECTION('',(-1.,0.,0.));
#1707=DIRECTION('',(0.156204382995596,-0.987724754540942,0.));
#1708=DIRECTION('',(0.987724754540943,0.156204382995596,0.));
#1709=DIRECTION('',(0.,0.,-1.));
#1710=DIRECTION('',(0.987724754540943,0.156204382995596,0.));
#1711=DIRECTION('',(-0.987724754540943,-0.156204382995596,0.));
#1712=DIRECTION('',(0.,0.,-1.));
#1713=DIRECTION('',(-1.,0.,0.));
#1714=DIRECTION('',(0.,0.,1.));
#1715=DIRECTION('',(1.,0.,0.));
#1716=DIRECTION('',(0.,0.,-1.));
#1717=DIRECTION('',(-1.,0.,0.));
#1718=DIRECTION('',(0.,0.,-1.));
#1719=DIRECTION('',(1.,0.,0.));
#1720=DIRECTION('',(0.,0.,-1.));
#1721=DIRECTION('',(-1.,0.,0.));
#1722=DIRECTION('',(0.,0.,-1.));
#1723=DIRECTION('',(-1.,0.,0.));
#1724=DIRECTION('',(0.,0.,-1.));
#1725=DIRECTION('',(-1.,0.,0.));
#1726=DIRECTION('',(0.,0.,1.));
#1727=DIRECTION('',(1.,0.,0.));
#1728=DIRECTION('',(0.,-1.,1.69241314729444E-16));
#1729=DIRECTION('',(0.,-1.69241314729444E-16,-1.));
#1730=DIRECTION('',(0.,-1.69241314729444E-16,-1.));
#1731=DIRECTION('',(-5.07723944188334E-16,-1.69241314729444E-16,-1.));
#1732=DIRECTION('',(1.,0.,0.));
#1733=DIRECTION('',(0.,0.,-1.));
#1734=DIRECTION('',(-0.707106781186548,0.707106781186548,2.39343362604234E-16));
#1735=DIRECTION('',(0.707106781186548,0.707106781186548,2.39343362604234E-16));
#1736=DIRECTION('',(1.,0.,0.));
#1737=DIRECTION('',(0.,0.,-1.));
#1738=DIRECTION('',(0.707106781186548,0.707106781186548,-1.19671681302117E-16));
#1739=DIRECTION('',(0.707106781186548,-0.707106781186548,1.19671681302117E-16));
#1740=DIRECTION('',(1.,0.,0.));
#1741=DIRECTION('',(0.,0.,-1.));
#1742=DIRECTION('',(-0.707106781186548,0.707106781186548,2.39343362604234E-16));
#1743=DIRECTION('',(0.707106781186548,0.707106781186548,2.39343362604234E-16));
#1744=DIRECTION('',(1.,0.,0.));
#1745=DIRECTION('',(0.,0.,-1.));
#1746=DIRECTION('',(0.707106781186548,0.707106781186548,-1.19671681302117E-16));
#1747=DIRECTION('',(0.707106781186548,-0.707106781186548,1.19671681302117E-16));
#1748=DIRECTION('',(1.,0.,0.));
#1749=DIRECTION('',(0.,1.,0.));
#1750=DIRECTION('',(0.,1.69241314729444E-16,1.));
#1751=DIRECTION('',(0.,1.69241314729444E-16,1.));
#1752=DIRECTION('',(0.,1.69241314729444E-16,1.));
#1753=DIRECTION('',(1.,0.,0.));
#1754=DIRECTION('',(0.,0.,-1.));
#1755=DIRECTION('',(1.,0.,0.));
#1756=DIRECTION('',(0.,0.,-1.));
#1757=DIRECTION('',(0.,-1.,1.69241314729444E-16));
#1758=DIRECTION('',(0.,-1.69241314729444E-16,-1.));
#1759=DIRECTION('',(0.,-1.69241314729444E-16,-1.));
#1760=DIRECTION('',(0.,-1.,1.69241314729444E-16));
#1761=DIRECTION('',(0.,-1.69241314729444E-16,-1.));
#1762=DIRECTION('',(0.,-1.69241314729444E-16,-1.));
#1763=DIRECTION('',(0.,-1.,1.69241314729444E-16));
#1764=DIRECTION('',(0.,-1.69241314729444E-16,-1.));
#1765=DIRECTION('',(1.,0.,0.));
#1766=DIRECTION('',(0.,0.,-1.));
#1767=DIRECTION('',(1.,0.,0.));
#1768=DIRECTION('',(0.,0.,-1.));
#1769=DIRECTION('',(1.,0.,0.));
#1770=DIRECTION('',(0.,1.,0.));
#1771=DIRECTION('',(0.,-1.,0.));
#1772=DIRECTION('',(0.,-1.,0.));
#1773=DIRECTION('',(1.,0.,0.));
#1774=DIRECTION('',(0.,1.,0.));
#1775=DIRECTION('',(1.,0.,0.));
#1776=DIRECTION('',(0.,0.,-1.));
#1777=DIRECTION('',(1.,0.,0.));
#1778=DIRECTION('',(0.,0.,-1.));
#1779=DIRECTION('',(1.,0.,0.));
#1780=DIRECTION('',(0.,0.,-1.));
#1781=DIRECTION('',(1.,0.,0.));
#1782=DIRECTION('',(0.,1.,0.));
#1783=DIRECTION('',(0.,0.,-1.));
#1784=DIRECTION('',(-1.,0.,0.));
#1785=DIRECTION('',(0.,0.,-1.));
#1786=DIRECTION('',(-1.,0.,0.));
#1787=DIRECTION('',(0.,0.,-1.));
#1788=DIRECTION('',(-1.,0.,0.));
#1789=DIRECTION('',(0.,0.,1.));
#1790=DIRECTION('',(1.,0.,0.));
#1791=DIRECTION('',(0.,0.,1.));
#1792=DIRECTION('',(1.,0.,0.));
#1793=DIRECTION('',(-3.46944695195362E-16,-3.08395284618099E-16,1.));
#1794=DIRECTION('',(1.,0.,3.46944695195362E-16));
#1795=DIRECTION('',(0.,1.,3.08395284618099E-16));
#1796=DIRECTION('',(1.,0.,0.));
#1797=DIRECTION('',(0.,0.,-1.));
#1798=DIRECTION('',(0.,1.,3.08395284618099E-16));
#1799=DIRECTION('',(-1.73472347597681E-16,-3.08395284618099E-16,1.));
#1800=DIRECTION('',(0.,-1.,-3.08395284618099E-16));
#1801=DIRECTION('',(0.,1.,3.08395284618099E-16));
#1802=DIRECTION('',(0.,-3.08395284618099E-16,1.));
#1803=DIRECTION('',(0.,1.,3.08395284618099E-16));
#1804=DIRECTION('',(0.,-1.,-3.08395284618099E-16));
#1805=DIRECTION('',(0.,3.08395284618099E-16,-1.));
#1806=DIRECTION('',(0.,1.,3.08395284618099E-16));
#1807=DIRECTION('',(0.,3.08395284618099E-16,-1.));
#1808=DIRECTION('',(0.,1.,3.08395284618099E-16));
#1809=DIRECTION('',(1.,0.,0.));
#1810=DIRECTION('',(-0.707106781186548,-0.707106781186548,-2.18068397039413E-16));
#1811=DIRECTION('',(0.,1.,3.08395284618099E-16));
#1812=DIRECTION('',(0.,3.08395284618099E-16,-1.));
#1813=DIRECTION('',(0.,1.,3.08395284618099E-16));
#1814=DIRECTION('',(0.,1.,3.08395284618099E-16));
#1815=DIRECTION('',(0.,-3.08395284618099E-16,1.));
#1816=DIRECTION('',(0.,1.,3.08395284618099E-16));
#1817=DIRECTION('',(-0.707106781186548,0.707106781186548,2.39343362604234E-16));
#1818=DIRECTION('',(0.707106781186548,0.707106781186548,1.96793431474592E-16));
#1819=DIRECTION('',(0.,3.08395284618099E-16,-1.));
#1820=DIRECTION('',(0.,1.,3.08395284618099E-16));
#1821=DIRECTION('',(0.707106781186548,0.707106781186548,2.18068397039413E-16));
#1822=DIRECTION('',(-1.,0.,0.));
#1823=DIRECTION('',(0.,3.08395284618099E-16,-1.));
#1824=DIRECTION('',(0.,1.,3.08395284618099E-16));
#1825=DIRECTION('',(-0.707106781186548,0.707106781186548,2.39343362604234E-16));
#1826=DIRECTION('',(0.,-3.38482629458889E-16,1.));
#1827=DIRECTION('',(-0.577350269189626,-0.577350269189626,0.577350269189625));
#1828=DIRECTION('',(-0.577350269189626,-0.577350269189626,-0.577350269189625));
#1829=DIRECTION('',(0.,-1.,0.));
#1830=DIRECTION('',(0.,0.,-1.));
#1831=DIRECTION('',(0.,1.,0.));
#1832=DIRECTION('',(0.,0.,1.));
#1833=DIRECTION('',(0.707106781186548,0.707106781186548,-1.19671681302117E-16));
#1834=DIRECTION('',(0.,1.69241314729444E-16,1.));
#1835=DIRECTION('',(0.,0.707106781186547,-0.707106781186548));
#1836=DIRECTION('',(-1.,0.,0.));
#1837=DIRECTION('',(0.,-0.707106781186548,-0.707106781186547));
#1838=DIRECTION('',(0.,1.,3.08395284618099E-16));
#1839=DIRECTION('',(0.,-3.08395284618099E-16,1.));
#1840=DIRECTION('',(0.,-0.707106781186548,0.707106781186547));
#1841=DIRECTION('',(0.,-0.707106781186547,-0.707106781186548));
#1842=DIRECTION('',(1.,0.,0.));
#1843=DIRECTION('',(0.,0.,1.));
#1844=DIRECTION('',(1.,0.,0.));
#1845=DIRECTION('',(0.,0.,-1.));
#1846=DIRECTION('',(-1.,0.,0.));
#1847=DIRECTION('',(0.,0.,1.));
#1848=DIRECTION('',(1.,0.,0.));
#1849=DIRECTION('',(0.,0.,-1.));
#1850=DIRECTION('',(-1.,0.,0.));
#1851=DIRECTION('',(-0.110453178467247,-0.698426871881718,-0.707106781186548));
#1852=DIRECTION('',(-0.987724754540942,0.156204382995596,0.));
#1853=DIRECTION('',(0.,0.,1.));
#1854=DIRECTION('',(1.,0.,0.));
#1855=DIRECTION('',(-0.110453178467246,0.698426871881717,0.707106781186549));
#1856=DIRECTION('',(-0.987724754540943,-0.156204382995596,0.));
#1857=DIRECTION('',(0.,0.,1.));
#1858=DIRECTION('',(1.,0.,0.));
#1859=DIRECTION('',(0.110453178467247,0.698426871881718,-0.707106781186548));
#1860=DIRECTION('',(0.987724754540942,-0.156204382995596,0.));
#1861=DIRECTION('',(0.,0.,1.));
#1862=DIRECTION('',(1.,0.,0.));
#1863=DIRECTION('',(0.110453178467246,-0.698426871881719,0.707106781186547));
#1864=DIRECTION('',(0.987724754540943,0.156204382995596,0.));
#1865=DIRECTION('',(0.,0.,1.));
#1866=DIRECTION('',(1.,0.,0.));
#1867=DIRECTION('',(-0.707106781186543,0.,-0.707106781186553));
#1868=DIRECTION('',(0.,-1.,0.));
#1869=DIRECTION('',(-0.707106781186552,0.,0.707106781186543));
#1870=DIRECTION('',(0.,0.,-1.));
#1871=DIRECTION('',(-1.,0.,0.));
#1872=DIRECTION('',(0.577350269189618,0.577350269189634,0.577350269189626));
#1873=DIRECTION('',(0.,-0.707106781186543,0.707106781186553));
#1874=DIRECTION('',(-0.707106781186547,0.707106781186548,-2.05450054309808E-14));
#1875=DIRECTION('',(9.90325783487549E-15,-0.707106781186548,0.707106781186548));
#1876=DIRECTION('',(0.,0.707106781186548,0.707106781186548));
#1877=DIRECTION('',(-1.,0.,0.));
#1878=DIRECTION('',(9.77935412494066E-15,0.707106781186548,-0.707106781186548));
#1879=DIRECTION('',(-0.707106781186543,0.,0.707106781186553));
#1880=DIRECTION('',(0.,1.,0.));
#1881=DIRECTION('',(0.707106781186553,2.40370335797943E-15,0.707106781186543));
#1882=DIRECTION('',(0.707106781186548,0.707106781186547,2.18068397039413E-16));
#1883=DIRECTION('',(0.,-3.08395284618099E-16,1.));
#1884=DIRECTION('',(0.707106781186547,-0.707106781186548,-5.66920575841707E-15));
#1885=DIRECTION('',(-0.577350269189619,0.577350269189633,0.577350269189625));
#1886=DIRECTION('',(0.,-0.707106781186543,0.707106781186553));
#1887=DIRECTION('',(0.707106781186547,0.707106781186548,-1.79539161691511E-14));
#1888=DIRECTION('',(0.577350269189622,0.577350269189626,-0.577350269189629));
#1889=DIRECTION('',(0.,0.707106781186549,0.707106781186546));
#1890=DIRECTION('',(-0.707106781186549,-4.99970298459726E-15,-0.707106781186546));
#1891=DIRECTION('',(-1.92296268638357E-16,-0.707106781186549,-0.707106781186546));
#1892=DIRECTION('',(0.,-0.707106781186547,0.707106781186549));
#1893=DIRECTION('',(1.,0.,0.));
#1894=DIRECTION('',(0.,0.707106781186549,0.707106781186546));
#1895=DIRECTION('',(0.707106781186548,-0.707106781186547,-2.18068397039413E-16));
#1896=DIRECTION('',(0.,3.08395284618099E-16,-1.));
#1897=DIRECTION('',(-0.707106781186547,-0.707106781186548,-3.16997082841581E-15));
#1898=DIRECTION('',(0.707106781186546,0.,-0.707106781186549));
#1899=DIRECTION('',(0.,1.,0.));
#1900=DIRECTION('',(-0.577350269189624,0.577350269189626,-0.577350269189628));
#1901=DIRECTION('',(0.,0.707106781186549,0.707106781186546));
#1902=DIRECTION('',(0.707106781186549,-2.37594778236383E-15,-0.707106781186546));
#1903=DIRECTION('',(0.,0.,1.));
#1904=DIRECTION('',(1.,0.,0.));
#1905=DIRECTION('',(0.707106781186546,0.,0.707106781186549));
#1906=DIRECTION('',(0.,-1.,0.));
#1907=DIRECTION('',(-1.,0.,0.));
#1908=DIRECTION('',(0.,0.,1.));
#1909=CARTESIAN_POINT('',(0.,0.,0.));
#1910=CARTESIAN_POINT('',(-0.041,0.001,-0.0025));
#1911=CARTESIAN_POINT('',(-0.041,-0.02775,-5.20417042793042E-18));
#1912=CARTESIAN_POINT('',(-0.041,-0.02775,0.01025));
#1913=CARTESIAN_POINT('',(-0.041,-0.02775,0.005));
#1914=CARTESIAN_POINT('',(-0.041,-0.02775,0.005));
#1915=CARTESIAN_POINT('',(-0.041,0.02775,0.005));
#1916=CARTESIAN_POINT('',(-0.041,0.02775,-5.20417042793042E-18));
#1917=CARTESIAN_POINT('',(-0.041,0.02775,0.01025));
#1918=CARTESIAN_POINT('',(-0.041,3.46944695195361E-18,0.01025));
#1919=CARTESIAN_POINT('',(-0.041,0.001,-0.0025));
#1920=CARTESIAN_POINT('',(-0.041,-0.02775,-0.005));
#1921=CARTESIAN_POINT('',(-0.041,-0.02775,-0.005));
#1922=CARTESIAN_POINT('',(-0.041,0.00725351603896362,-0.005));
#1923=CARTESIAN_POINT('',(-0.041,-0.02775,-5.20417042793042E-18));
#1924=CARTESIAN_POINT('',(-0.041,-0.02775,-0.01025));
#1925=CARTESIAN_POINT('',(-0.041,0.,-0.01025));
#1926=CARTESIAN_POINT('',(-0.041,0.00624108823921209,-0.01025));
#1927=CARTESIAN_POINT('',(-0.041,0.0072975946413296,-0.0112935375267024));
#1928=CARTESIAN_POINT('',(-0.041,0.00725351603896362,-0.01125));
#1929=CARTESIAN_POINT('',(-0.041,0.00725351603896362,-0.0025));
#1930=CARTESIAN_POINT('',(-0.036306009601159,0.0139888181696986,-0.00295));
#1931=CARTESIAN_POINT('',(-0.029912019202318,0.015,-0.00295));
#1932=CARTESIAN_POINT('',(-0.029912019202318,0.015,-0.01125));
#1933=CARTESIAN_POINT('',(-0.029912019202318,0.015,-0.01325));
#1934=CARTESIAN_POINT('',(-0.041,0.0132464839610364,-0.01125));
#1935=CARTESIAN_POINT('',(-0.041,0.0132464839610364,-0.01125));
#1936=CARTESIAN_POINT('',(-0.041,0.0132464839610364,-0.0025));
#1937=CARTESIAN_POINT('',(-0.041,0.0132464839610364,-0.005));
#1938=CARTESIAN_POINT('',(-0.036306009601159,0.0139888181696986,-0.005));
#1939=CARTESIAN_POINT('',(-0.0427,0.0129776363393972,-0.005));
#1940=CARTESIAN_POINT('',(-0.0427,0.0129776363393972,-0.00295));
#1941=CARTESIAN_POINT('',(-0.0427,0.0129776363393972,-0.01325));
#1942=CARTESIAN_POINT('',(-0.036306009601159,0.0139888181696986,-0.01325));
#1943=CARTESIAN_POINT('',(-0.036306009601159,0.00651118183030142,-0.00295));
#1944=CARTESIAN_POINT('',(-0.036306009601159,0.00651118183030142,-0.01125));
#1945=CARTESIAN_POINT('',(-0.029912019202318,0.0055,-0.01125));
#1946=CARTESIAN_POINT('',(-0.029912019202318,0.0055,-0.00295));
#1947=CARTESIAN_POINT('',(-0.029912019202318,0.0055,-0.01325));
#1948=CARTESIAN_POINT('',(-0.036306009601159,0.00651118183030142,-0.01325));
#1949=CARTESIAN_POINT('',(-0.0427,0.00752236366060283,-0.01325));
#1950=CARTESIAN_POINT('',(-0.0427,0.00752236366060283,-0.00295));
#1951=CARTESIAN_POINT('',(-0.0427,0.00752236366060283,-0.005));
#1952=CARTESIAN_POINT('',(-0.036306009601159,0.00651118183030142,-0.005));
#1953=CARTESIAN_POINT('',(-0.04235,0.01025,-0.00295));
#1954=CARTESIAN_POINT('',(-0.04235,0.01025,-0.005));
#1955=CARTESIAN_POINT('',(-0.04235,0.01025,-0.01325));
#1956=CARTESIAN_POINT('',(-0.0517,-0.02775,-5.20417042793042E-18));
#1957=CARTESIAN_POINT('',(-0.012,-0.02775,-5.20417042793042E-18));
#1958=CARTESIAN_POINT('',(-0.012,-0.02775,0.01025));
#1959=CARTESIAN_POINT('',(-0.012,-0.02775,-0.01025));
#1960=CARTESIAN_POINT('',(-0.0517,-0.02775,0.01025));
#1961=CARTESIAN_POINT('',(0.,-0.02775,0.01025));
#1962=CARTESIAN_POINT('',(0.,-0.02775,-5.20417042793042E-18));
#1963=CARTESIAN_POINT('',(0.,-0.02775,-0.01025));
#1964=CARTESIAN_POINT('',(-0.0517,-0.02775,-0.01025));
#1965=CARTESIAN_POINT('',(-0.0517,0.02775,-5.20417042793042E-18));
#1966=CARTESIAN_POINT('',(-0.0517,0.02775,0.01025));
#1967=CARTESIAN_POINT('',(-0.012,0.02775,0.01025));
#1968=CARTESIAN_POINT('',(0.,0.02775,0.01025));
#1969=CARTESIAN_POINT('',(-0.012,0.02775,-5.20417042793042E-18));
#1970=CARTESIAN_POINT('',(-0.012,0.02775,-0.01025));
#1971=CARTESIAN_POINT('',(-0.0517,0.02775,-0.01025));
#1972=CARTESIAN_POINT('',(0.,0.02775,-0.01025));
#1973=CARTESIAN_POINT('',(0.,0.02775,-5.20417042793042E-18));
#1974=CARTESIAN_POINT('',(-0.0517,0.024125,-0.01025));
#1975=CARTESIAN_POINT('',(-0.041,0.,-0.01025));
#1976=CARTESIAN_POINT('',(-0.041,0.02775,-0.01025));
#1977=CARTESIAN_POINT('',(-0.041,0.0142589117607879,-0.01025));
#1978=CARTESIAN_POINT('',(-0.0300682235853136,0.015987724754541,-0.01025));
#1979=CARTESIAN_POINT('',(-0.0303361372177968,0.0159453553763658,-0.01025));
#1980=CARTESIAN_POINT('',(-0.02585,0.01025,-0.01025));
#1981=CARTESIAN_POINT('',(-0.0213638627822032,0.0159453553763658,-0.01025));
#1982=CARTESIAN_POINT('',(-0.0522218163433304,0.0208254068019908,-0.01025));
#1983=CARTESIAN_POINT('',(-0.00885711388897315,0.0139674673208458,-0.01025));
#1984=CARTESIAN_POINT('',(-0.00935,0.01025,-0.01025));
#1985=CARTESIAN_POINT('',(-0.00885711388897361,0.00653253267915408,-0.01025));
#1986=CARTESIAN_POINT('',(-0.0216317764146865,0.00451227524545906,-0.01025));
#1987=CARTESIAN_POINT('',(-0.0213638627822032,0.00455464462363426,-0.01025));
#1988=CARTESIAN_POINT('',(-0.02585,0.01025,-0.01025));
#1989=CARTESIAN_POINT('',(-0.0303361372177968,0.00455464462363426,-0.01025));
#1990=CARTESIAN_POINT('',(-0.054198175987472,0.00832832248874603,-0.01025));
#1991=CARTESIAN_POINT('',(-0.0517,-0.02775,-0.01025));
#1992=CARTESIAN_POINT('',(-0.0245,-0.02775,-0.01025));
#1993=CARTESIAN_POINT('',(-0.0121625,-0.0154125,-0.01025));
#1994=CARTESIAN_POINT('',(-0.01725,-0.0205,-0.01025));
#1995=CARTESIAN_POINT('',(-0.017,-0.0205,-0.01025));
#1996=CARTESIAN_POINT('',(-0.014,-0.0205,-0.01025));
#1997=CARTESIAN_POINT('',(-0.014,-0.0205,-0.01025));
#1998=CARTESIAN_POINT('',(-0.012,-0.0225,-0.01025));
#1999=CARTESIAN_POINT('',(-0.012,-0.024125,-0.01025));
#2000=CARTESIAN_POINT('',(0.,0.024125,-0.01025));
#2001=CARTESIAN_POINT('',(-0.012,0.024125,-0.01025));
#2002=CARTESIAN_POINT('',(-0.012,0.0205,-0.01025));
#2003=CARTESIAN_POINT('',(-0.017,0.0205,-0.01025));
#2004=CARTESIAN_POINT('',(-0.027,0.0205,-0.01025));
#2005=CARTESIAN_POINT('',(-0.027,0.024125,-0.01025));
#2006=CARTESIAN_POINT('',(-0.027,0.02775,-0.01025));
#2007=CARTESIAN_POINT('',(-0.0517,0.02775,-0.01025));
#2008=CARTESIAN_POINT('',(-0.0517,-0.024125,0.01025));
#2009=CARTESIAN_POINT('',(-0.02585,0.01025,0.01025));
#2010=CARTESIAN_POINT('',(-0.02385,0.01025,0.01025));
#2011=CARTESIAN_POINT('',(-0.0517,0.02775,0.01025));
#2012=CARTESIAN_POINT('',(-0.027,0.02775,0.01025));
#2013=CARTESIAN_POINT('',(-0.027,0.0205,0.01025));
#2014=CARTESIAN_POINT('',(-0.027,0.0205,0.01025));
#2015=CARTESIAN_POINT('',(-0.017,0.0205,0.01025));
#2016=CARTESIAN_POINT('',(-0.012,0.0205,0.01025));
#2017=CARTESIAN_POINT('',(-0.012,0.024125,0.01025));
#2018=CARTESIAN_POINT('',(0.,-0.024125,0.01025));
#2019=CARTESIAN_POINT('',(-0.012,-0.024125,0.01025));
#2020=CARTESIAN_POINT('',(-0.012,-0.0225,0.01025));
#2021=CARTESIAN_POINT('',(-0.0310375,-0.0034625,0.01025));
#2022=CARTESIAN_POINT('',(-0.014,-0.0205,0.01025));
#2023=CARTESIAN_POINT('',(-0.017,-0.0205,0.01025));
#2024=CARTESIAN_POINT('',(-0.01725,-0.0205,0.01025));
#2025=CARTESIAN_POINT('',(-0.0245,-0.02775,0.01025));
#2026=CARTESIAN_POINT('',(-0.0245,-0.02775,0.01025));
#2027=CARTESIAN_POINT('',(-0.0517,-0.02775,0.01025));
#2028=CARTESIAN_POINT('',(-0.0517,-0.02775,-5.20417042793042E-18));
#2029=CARTESIAN_POINT('',(-0.02835,-0.02775,-7.86159389102486E-18));
#2030=CARTESIAN_POINT('',(-0.02835,-0.02775,0.0035));
#2031=CARTESIAN_POINT('',(-0.02835,-0.02775,-0.0035));
#2032=CARTESIAN_POINT('',(-0.0517,-0.02775,-0.0035));
#2033=CARTESIAN_POINT('',(-0.0245,-0.02775,-0.0035));
#2034=CARTESIAN_POINT('',(-0.0245,-0.02775,-0.01025));
#2035=CARTESIAN_POINT('',(-0.0435,-0.02775,-0.005));
#2036=CARTESIAN_POINT('',(-0.046,-0.02775,-0.005));
#2037=CARTESIAN_POINT('',(-0.046,-0.02775,-2.12021758174943E-18));
#2038=CARTESIAN_POINT('',(-0.046,-0.02775,0.005));
#2039=CARTESIAN_POINT('',(-0.0435,-0.02775,0.005));
#2040=CARTESIAN_POINT('',(-0.0245,-0.02775,-0.01025));
#2041=CARTESIAN_POINT('',(-0.0245,-0.02775,0.0035));
#2042=CARTESIAN_POINT('',(-0.02835,-0.02775,0.0035));
#2043=CARTESIAN_POINT('',(-0.0517,0.02775,-5.20417042793042E-18));
#2044=CARTESIAN_POINT('',(-0.027,0.02775,-0.00025));
#2045=CARTESIAN_POINT('',(-0.017,0.02775,-0.00025));
#2046=CARTESIAN_POINT('',(-0.017,0.02775,-5.20417042793042E-18));
#2047=CARTESIAN_POINT('',(-0.017,0.02775,0.000249999999999997));
#2048=CARTESIAN_POINT('',(-0.027,0.02775,0.000249999999999997));
#2049=CARTESIAN_POINT('',(-0.0435,0.02775,0.005));
#2050=CARTESIAN_POINT('',(-0.046,0.02775,0.005));
#2051=CARTESIAN_POINT('',(-0.046,0.02775,1.49957207145551E-17));
#2052=CARTESIAN_POINT('',(-0.046,0.02775,-0.005));
#2053=CARTESIAN_POINT('',(-0.0435,0.02775,-0.005));
#2054=CARTESIAN_POINT('',(-0.041,0.02775,-0.005));
#2055=CARTESIAN_POINT('',(-0.041,0.02775,-5.20417042793042E-18));
#2056=CARTESIAN_POINT('',(-0.0517,3.46944695195361E-18,-0.01725));
#2057=CARTESIAN_POINT('',(-0.02585,0.01025,-0.01725));
#2058=CARTESIAN_POINT('',(-0.02035,0.01025,-0.01725));
#2059=CARTESIAN_POINT('',(-0.02585,0.01025,-0.01725));
#2060=CARTESIAN_POINT('',(-0.001,-0.0292018476228353,-0.01725));
#2061=CARTESIAN_POINT('',(-0.0507,-0.0292018476228353,-0.01725));
#2062=CARTESIAN_POINT('',(-0.0507,3.46944695195361E-18,-0.01725));
#2063=CARTESIAN_POINT('',(-0.0507,0.02875,-0.01725));
#2064=CARTESIAN_POINT('',(-0.0517,0.02875,-0.01725));
#2065=CARTESIAN_POINT('',(-0.001,0.02875,-0.01725));
#2066=CARTESIAN_POINT('',(-0.001,-0.02975,-0.01725));
#2067=CARTESIAN_POINT('',(-0.0517,0.02975,0.001));
#2068=CARTESIAN_POINT('',(-0.001,0.02975,-0.01725));
#2069=CARTESIAN_POINT('',(-0.001,0.02975,0.01125));
#2070=CARTESIAN_POINT('',(-0.001,0.02975,-0.01625));
#2071=CARTESIAN_POINT('',(-0.0517,0.02975,-0.01625));
#2072=CARTESIAN_POINT('',(-0.0507,0.02975,-0.01625));
#2073=CARTESIAN_POINT('',(-0.0507,0.02975,0.001));
#2074=CARTESIAN_POINT('',(-0.0507,0.02975,0.01125));
#2075=CARTESIAN_POINT('',(0.,0.02975,0.01125));
#2076=CARTESIAN_POINT('',(-0.0517,3.46944695195361E-18,0.01225));
#2077=CARTESIAN_POINT('',(-0.02585,0.01025,0.01225));
#2078=CARTESIAN_POINT('',(-0.02285,0.01025,0.01225));
#2079=CARTESIAN_POINT('',(-0.0517,0.02875,0.01225));
#2080=CARTESIAN_POINT('',(-0.000999999999999987,0.02875,0.01225));
#2081=CARTESIAN_POINT('',(-0.0507,0.02875,0.01225));
#2082=CARTESIAN_POINT('',(-0.0507,-0.02975,0.01225));
#2083=CARTESIAN_POINT('',(-0.0507,-0.0292018476228353,0.01225));
#2084=CARTESIAN_POINT('',(-0.02585,0.01025,0.01225));
#2085=CARTESIAN_POINT('',(-0.000999999999999987,-0.0292018476228353,0.01225));
#2086=CARTESIAN_POINT('',(-0.000999999999999987,3.46944695195361E-18,0.01225));
#2087=CARTESIAN_POINT('',(-0.0517,0.001,-0.0025));
#2088=CARTESIAN_POINT('',(-0.0517,0.01025,2.20436423846524E-19));
#2089=CARTESIAN_POINT('',(-0.0517,0.01025,-0.0086));
#2090=CARTESIAN_POINT('',(-0.0517,0.02875,-0.0025));
#2091=CARTESIAN_POINT('',(-0.0517,0.02875,0.01125));
#2092=CARTESIAN_POINT('',(-0.0517,0.02875,-0.01625));
#2093=CARTESIAN_POINT('',(-0.0517,0.001,-0.01625));
#2094=CARTESIAN_POINT('',(-0.0517,-0.02975,-0.01625));
#2095=CARTESIAN_POINT('',(-0.0517,-0.02975,0.001));
#2096=CARTESIAN_POINT('',(-0.0517,-0.02975,0.01125));
#2097=CARTESIAN_POINT('',(-0.0517,0.02975,0.01125));
#2098=CARTESIAN_POINT('',(0.,0.001,-0.0025));
#2099=CARTESIAN_POINT('',(0.,-0.02975,0.001));
#2100=CARTESIAN_POINT('',(0.,-0.02975,0.01125));
#2101=CARTESIAN_POINT('',(0.,-0.02975,-0.01625));
#2102=CARTESIAN_POINT('',(0.,0.02975,-0.01625));
#2103=CARTESIAN_POINT('',(0.,0.02875,-0.01625));
#2104=CARTESIAN_POINT('',(0.,0.02875,0.01225));
#2105=CARTESIAN_POINT('',(0.,0.02875,0.01125));
#2106=CARTESIAN_POINT('',(0.,0.001,0.01125));
#2107=CARTESIAN_POINT('',(-0.041,0.001,-0.0025));
#2108=CARTESIAN_POINT('',(-0.041,-0.02775,-0.005));
#2109=CARTESIAN_POINT('',(-0.041,0.0136222351945827,-0.010878861205077));
#2110=CARTESIAN_POINT('',(-0.02585,0.01025,0.02155));
#2111=CARTESIAN_POINT('',(-0.02585,0.01025,0.01125));
#2112=CARTESIAN_POINT('',(-0.02385,0.01025,0.01125));
#2113=CARTESIAN_POINT('',(-0.02585,0.01025,-0.00295));
#2114=CARTESIAN_POINT('',(-0.021787980797682,0.015,-0.00295));
#2115=CARTESIAN_POINT('',(-0.021787980797682,0.015,-0.01125));
#2116=CARTESIAN_POINT('',(-0.021787980797682,0.015,-0.01325));
#2117=CARTESIAN_POINT('',(-0.02585,0.01025,-0.01125));
#2118=CARTESIAN_POINT('',(-0.02585,0.01025,-0.01325));
#2119=CARTESIAN_POINT('',(-0.015393990398841,0.0139888181696986,-0.00295));
#2120=CARTESIAN_POINT('',(-0.009,0.0129776363393972,-0.00295));
#2121=CARTESIAN_POINT('',(-0.009,0.0129776363393972,-0.01125));
#2122=CARTESIAN_POINT('',(-0.009,0.0129776363393972,-0.01325));
#2123=CARTESIAN_POINT('',(-0.015393990398841,0.0139888181696986,-0.01125));
#2124=CARTESIAN_POINT('',(-0.015393990398841,0.0139888181696986,-0.01325));
#2125=CARTESIAN_POINT('',(-0.00935,0.01025,-0.00295));
#2126=CARTESIAN_POINT('',(-0.009,0.00752236366060283,-0.00295));
#2127=CARTESIAN_POINT('',(-0.009,0.00752236366060283,-0.01125));
#2128=CARTESIAN_POINT('',(-0.009,0.00752236366060283,-0.01325));
#2129=CARTESIAN_POINT('',(-0.00935,0.01025,-0.01125));
#2130=CARTESIAN_POINT('',(-0.00935,0.01025,-0.01325));
#2131=CARTESIAN_POINT('',(-0.015393990398841,0.00651118183030142,-0.00295));
#2132=CARTESIAN_POINT('',(-0.021787980797682,0.0055,-0.00295));
#2133=CARTESIAN_POINT('',(-0.021787980797682,0.0055,-0.01125));
#2134=CARTESIAN_POINT('',(-0.021787980797682,0.0055,-0.01325));
#2135=CARTESIAN_POINT('',(-0.009,0.00752236366060283,-0.01125));
#2136=CARTESIAN_POINT('',(-0.015393990398841,0.00651118183030142,-0.01325));
#2137=CARTESIAN_POINT('',(-0.02585,0.01025,-0.00295));
#2138=CARTESIAN_POINT('',(-0.02585,0.01025,-0.01125));
#2139=CARTESIAN_POINT('',(-0.02585,0.01025,-0.01325));
#2140=CARTESIAN_POINT('',(-0.02585,0.01025,-0.01325));
#2141=CARTESIAN_POINT('',(-0.02585,0.01025,-0.01325));
#2142=CARTESIAN_POINT('',(-0.03135,0.01025,-0.01325));
#2143=CARTESIAN_POINT('',(-0.02585,0.01025,-0.00545));
#2144=CARTESIAN_POINT('',(-0.02585,0.01025,-0.01425));
#2145=CARTESIAN_POINT('',(-0.03035,0.01025,-0.01425));
#2146=CARTESIAN_POINT('',(-0.02585,0.01025,-0.01625));
#2147=CARTESIAN_POINT('',(-0.02135,0.01025,-0.01625));
#2148=CARTESIAN_POINT('',(-0.017,-0.0205,-3.46944695195361E-18));
#2149=CARTESIAN_POINT('',(-0.014,-0.0205,-0.01025));
#2150=CARTESIAN_POINT('',(-0.01725,-0.0205,-3.34251596590653E-18));
#2151=CARTESIAN_POINT('',(-0.017,-0.024,0.005));
#2152=CARTESIAN_POINT('',(-0.02075,-0.024,0.005));
#2153=CARTESIAN_POINT('',(-0.018125,-0.021375,0.005));
#2154=CARTESIAN_POINT('',(-0.012,-0.024,0.005));
#2155=CARTESIAN_POINT('',(-0.012,-0.0225,0.00715421099245176));
#2156=CARTESIAN_POINT('',(-0.012,-0.0225,0.00284578900754825));
#2157=CARTESIAN_POINT('',(-0.0105,-0.024,0.005));
#2158=CARTESIAN_POINT('',(-0.017,-0.024,-0.005));
#2159=CARTESIAN_POINT('',(-0.02075,-0.024,-0.005));
#2160=CARTESIAN_POINT('',(-0.018125,-0.021375,-0.005));
#2161=CARTESIAN_POINT('',(-0.012,-0.024,-0.005));
#2162=CARTESIAN_POINT('',(-0.012,-0.0225,-0.00284578900754825));
#2163=CARTESIAN_POINT('',(-0.012,-0.0225,-0.00715421099245177));
#2164=CARTESIAN_POINT('',(-0.0105,-0.024,-0.005));
#2165=CARTESIAN_POINT('',(-0.012,0.001,-0.0025));
#2166=CARTESIAN_POINT('',(-0.012,-0.0225,0.01025));
#2167=CARTESIAN_POINT('',(-0.012,-0.0225,0.01025));
#2168=CARTESIAN_POINT('',(-0.012,-0.0225,0.01025));
#2169=CARTESIAN_POINT('',(-0.017,0.024,-0.005));
#2170=CARTESIAN_POINT('',(-0.0173238719941734,0.0258551217849965,-0.00289540559279353));
#2171=CARTESIAN_POINT('',(-0.0171650833681375,0.0239982675181468,-0.00202939555293938));
#2172=CARTESIAN_POINT('',(-0.0173228245734312,0.0221500756605629,-0.00289140774838833));
#2173=CARTESIAN_POINT('',(-0.0177751441403576,0.0214395407279006,-0.00416315059374231));
#2174=CARTESIAN_POINT('',(-0.0182747314665156,0.0213203205312301,-0.00517945882856052));
#2175=CARTESIAN_POINT('',(-0.018873615400286,0.0215603601678343,-0.0061096163178679));
#2176=CARTESIAN_POINT('',(-0.0194969274977513,0.0220921302853837,-0.00688220440337397));
#2177=CARTESIAN_POINT('',(-0.0200588749198312,0.0228930094215772,-0.00745716759217227));
#2178=CARTESIAN_POINT('',(-0.0203408004713535,0.0240018289140764,-0.00770935076531707));
#2179=CARTESIAN_POINT('',(-0.0200570913328572,0.0251102598354717,-0.00745542578972124));
#2180=CARTESIAN_POINT('',(-0.0194960080412574,0.0259090192680146,-0.00688130274924788));
#2181=CARTESIAN_POINT('',(-0.0188704575105522,0.0264415066412645,-0.00610514946089697));
#2182=CARTESIAN_POINT('',(-0.018275725691107,0.0266789747080515,-0.00518073731971193));
#2183=CARTESIAN_POINT('',(-0.0177765944489423,0.0265611576183027,-0.00416652396758746));
#2184=CARTESIAN_POINT('',(-0.0173238719941734,0.0258551217849965,-0.00289540559279353));
#2185=CARTESIAN_POINT('',(-0.0171650833681375,0.0239982675181468,-0.00202939555293938));
#2186=CARTESIAN_POINT('',(-0.0173228245734312,0.0221500756605629,-0.00289140774838833));
#2187=CARTESIAN_POINT('',(-0.0172283893344034,0.024,-0.002375));
#2188=CARTESIAN_POINT('',(-0.012,0.024,-0.005));
#2189=CARTESIAN_POINT('',(-0.012,0.024,-0.007625));
#2190=CARTESIAN_POINT('',(-0.017,0.0205,-5.20417042793042E-18));
#2191=CARTESIAN_POINT('',(-0.012,0.0205,-5.20417042793042E-18));
#2192=CARTESIAN_POINT('',(-0.027,0.0205,0.000249999999999997));
#2193=CARTESIAN_POINT('',(-0.017,0.0205,0.000249999999999997));
#2194=CARTESIAN_POINT('',(-0.017,0.0205,-5.20417042793042E-18));
#2195=CARTESIAN_POINT('',(-0.017,0.0205,-0.00025));
#2196=CARTESIAN_POINT('',(-0.027,0.0205,-0.00025));
#2197=CARTESIAN_POINT('',(-0.017,0.024,0.005));
#2198=CARTESIAN_POINT('',(-0.0200562932273156,0.0251135034622932,0.00745475932571221));
#2199=CARTESIAN_POINT('',(-0.0203410926323466,0.0239982170467681,0.00770962227063474));
#2200=CARTESIAN_POINT('',(-0.0200585082655777,0.0228936283506345,0.00745675159174884));
#2201=CARTESIAN_POINT('',(-0.0194978799664532,0.0220927727702107,0.00688338004953961));
#2202=CARTESIAN_POINT('',(-0.0188726221486092,0.0215599405317393,0.00610811886199654));
#2203=CARTESIAN_POINT('',(-0.0182776909263878,0.0213213180578387,0.00518418796105391));
#2204=CARTESIAN_POINT('',(-0.0177782838716042,0.0214375504824239,0.00417049563337255));
#2205=CARTESIAN_POINT('',(-0.0173246852963487,0.0221417772743365,0.00289874541472466));
#2206=CARTESIAN_POINT('',(-0.0171653286114257,0.0239913813410527,0.00203015128861438));
#2207=CARTESIAN_POINT('',(-0.0173212881522299,0.0258450630259528,0.00288585870900856));
#2208=CARTESIAN_POINT('',(-0.0177736125189786,0.0265592918088728,0.00415950722113467));
#2209=CARTESIAN_POINT('',(-0.0182716190115523,0.0266798800099047,0.00517383073376309));
#2210=CARTESIAN_POINT('',(-0.0188703334881026,0.0264419041765937,0.00610516341599246));
#2211=CARTESIAN_POINT('',(-0.0194939044383156,0.0259107414411695,0.00687880665195558));
#2212=CARTESIAN_POINT('',(-0.0200562932273156,0.0251135034622932,0.00745475932571221));
#2213=CARTESIAN_POINT('',(-0.0203410926323466,0.0239982170467681,0.00770962227063474));
#2214=CARTESIAN_POINT('',(-0.0200585082655777,0.0228936283506345,0.00745675159174884));
#2215=CARTESIAN_POINT('',(-0.0202465286703799,0.024,0.007625));
#2216=CARTESIAN_POINT('',(-0.012,0.024,0.005));
#2217=CARTESIAN_POINT('',(-0.012,0.024,0.002375));
#2218=CARTESIAN_POINT('',(-0.017,0.001,-0.0025));
#2219=CARTESIAN_POINT('',(-0.017,0.001,-0.00025));
#2220=CARTESIAN_POINT('',(-0.017,0.02775,0.000249999999999997));
#2221=CARTESIAN_POINT('',(-0.012,0.001,-0.0025));
#2222=CARTESIAN_POINT('',(-0.0517,0.01025,2.20436423846524E-19));
#2223=CARTESIAN_POINT('',(-0.0507,0.01025,2.20436423846524E-19));
#2224=CARTESIAN_POINT('',(-0.0507,0.01025,-0.0076));
#2225=CARTESIAN_POINT('',(-0.0467,0.01025,2.20436423846524E-19));
#2226=CARTESIAN_POINT('',(-0.0467,0.01025,-0.0076));
#2227=CARTESIAN_POINT('',(-0.0467,0.001,-0.0025));
#2228=CARTESIAN_POINT('',(-0.02585,0.01025,0.01225));
#2229=CARTESIAN_POINT('',(-0.02585,0.01025,-0.0035));
#2230=CARTESIAN_POINT('',(-0.023296381685551,-0.0373073499419818,-0.0035));
#2231=CARTESIAN_POINT('',(-0.0284036183144489,-0.0373073499419818,-0.0035));
#2232=CARTESIAN_POINT('',(-0.0284036183144488,-0.0373073499419818,-0.0035));
#2233=CARTESIAN_POINT('',(-0.0293386003713853,-0.0372571455612249,-0.00350309020085907));
#2234=CARTESIAN_POINT('',(-0.0312017212892999,-0.037089747073108,-0.00274257570541469));
#2235=CARTESIAN_POINT('',(-0.0323671051656609,-0.0369249929837017,-3.80983488697107E-06));
#2236=CARTESIAN_POINT('',(-0.0312019557259831,-0.0370895724591312,0.00274204259000277));
#2237=CARTESIAN_POINT('',(-0.029345106226864,-0.0372567962257022,0.00350251196029327));
#2238=CARTESIAN_POINT('',(-0.0284036183144488,-0.0373073499419818,0.0035));
#2239=CARTESIAN_POINT('',(-0.0284036183144489,-0.0373073499419818,0.0035));
#2240=CARTESIAN_POINT('',(-0.02585,0.01025,0.0035));
#2241=CARTESIAN_POINT('',(-0.023296381685551,-0.0373073499419818,0.0035));
#2242=CARTESIAN_POINT('',(-0.0232963816855508,-0.0373073499419817,0.0035));
#2243=CARTESIAN_POINT('',(-0.0223613996285198,-0.0372571455612198,0.00350309020085936));
#2244=CARTESIAN_POINT('',(-0.0204982787107468,-0.0370897470731104,0.00274257570541452));
#2245=CARTESIAN_POINT('',(-0.0193328948343156,-0.0369249929837005,3.80983488696529E-06));
#2246=CARTESIAN_POINT('',(-0.0204980442740643,-0.0370895724591337,-0.00274204259000269));
#2247=CARTESIAN_POINT('',(-0.022354893773041,-0.0372567962256971,-0.00350251196029354));
#2248=CARTESIAN_POINT('',(-0.0232963816855508,-0.0373073499419817,-0.0035));
#2249=CARTESIAN_POINT('',(-0.02585,0.01025,-0.01625));
#2250=CARTESIAN_POINT('',(-0.02585,0.01025,0.01125));
#2251=CARTESIAN_POINT('',(-0.0435,-0.02775,-0.005));
#2252=CARTESIAN_POINT('',(-0.046,-0.02775,-0.005));
#2253=CARTESIAN_POINT('',(-0.046,-0.02775,-2.12021758174943E-18));
#2254=CARTESIAN_POINT('',(-0.046,-0.02775,0.005));
#2255=CARTESIAN_POINT('',(-0.0435,-0.02775,0.005));
#2256=CARTESIAN_POINT('',(-0.02835,-0.05045,-1.48621668518557E-17));
#2257=CARTESIAN_POINT('',(-0.02835,-0.05045,-0.0025));
#2258=CARTESIAN_POINT('',(-0.02835,-0.03630878843844,-0.0025));
#2259=CARTESIAN_POINT('',(-0.02835,-0.02875,-0.0025));
#2260=CARTESIAN_POINT('',(-0.02835,-0.02875,-8.16998917564296E-18));
#2261=CARTESIAN_POINT('',(-0.02835,-0.02875,0.0025));
#2262=CARTESIAN_POINT('',(-0.02835,-0.05045,0.0025));
#2263=CARTESIAN_POINT('',(-0.02835,-0.03630878843844,0.0025));
#2264=CARTESIAN_POINT('',(-0.02835,-0.03630878843844,0.00249999999999999));
#2265=CARTESIAN_POINT('',(-0.0284808430359392,-0.0362991164742769,0.00249999999999999));
#2266=CARTESIAN_POINT('',(-0.0287691543436635,-0.0362749048586001,0.00248068333772535));
#2267=CARTESIAN_POINT('',(-0.0292020100289061,-0.0362303888581894,0.00236363432838634));
#2268=CARTESIAN_POINT('',(-0.0295377041284849,-0.0361899732417609,0.002204975095864));
#2269=CARTESIAN_POINT('',(-0.0298096044380057,-0.0361553111036681,0.00203964274075421));
#2270=CARTESIAN_POINT('',(-0.0301220898220996,-0.0361100977749158,0.00178964860642431));
#2271=CARTESIAN_POINT('',(-0.0304726600163302,-0.0360532019563875,0.0013568405570845));
#2272=CARTESIAN_POINT('',(-0.0307715322124109,-0.0360038184292009,0.000757040574803308));
#2273=CARTESIAN_POINT('',(-0.03087447371122,-0.035983095280509,0.000132075325310624));
#2274=CARTESIAN_POINT('',(-0.0308267858368679,-0.0359932174098577,-0.000426024982622921));
#2275=CARTESIAN_POINT('',(-0.0307030975518884,-0.0360163379371654,-0.000889334313077686));
#2276=CARTESIAN_POINT('',(-0.030483464596645,-0.0360531296265024,-0.00134256955692262));
#2277=CARTESIAN_POINT('',(-0.0301168051254866,-0.036110917259661,-0.00179534437633168));
#2278=CARTESIAN_POINT('',(-0.0297500435831532,-0.0361622594777386,-0.00208852444141281));
#2279=CARTESIAN_POINT('',(-0.029166090691033,-0.0362371652439208,-0.00240463107469121));
#2280=CARTESIAN_POINT('',(-0.0286763176266769,-0.0362846952410822,-0.00250000000000001));
#2281=CARTESIAN_POINT('',(-0.02835,-0.03630878843844,-0.00250000000000001));
#2282=CARTESIAN_POINT('',(-0.02585,-0.05045,0.0025));
#2283=CARTESIAN_POINT('',(-0.0245,-0.02875,0.0025));
#2284=CARTESIAN_POINT('',(-0.0255,-0.02875,0.0025));
#2285=CARTESIAN_POINT('',(-0.0245,-0.02775,0.0025));
#2286=CARTESIAN_POINT('',(-0.02335,-0.0266,0.0025));
#2287=CARTESIAN_POINT('',(-0.02335,-0.05045,0.0025));
#2288=CARTESIAN_POINT('',(-0.02335,-0.03630878843844,0.0025));
#2289=CARTESIAN_POINT('',(-0.02585,0.01025,0.0025));
#2290=CARTESIAN_POINT('',(-0.02335,-0.05045,-1.35034531861584E-17));
#2291=CARTESIAN_POINT('',(-0.02335,-0.05045,-0.0025));
#2292=CARTESIAN_POINT('',(-0.02335,-0.03630878843844,-0.0025));
#2293=CARTESIAN_POINT('',(-0.02335,-0.0266,-0.0025));
#2294=CARTESIAN_POINT('',(-0.02335,-0.03630878843844,-0.00250000000000001));
#2295=CARTESIAN_POINT('',(-0.0232191569641497,-0.0362991164742835,-0.00250000000000001));
#2296=CARTESIAN_POINT('',(-0.0229308456565316,-0.0362749048586149,-0.00248068333775714));
#2297=CARTESIAN_POINT('',(-0.0224979899711848,-0.036230388858196,-0.00236363432842907));
#2298=CARTESIAN_POINT('',(-0.0221622958714979,-0.0361899732417608,-0.0022049750958556));
#2299=CARTESIAN_POINT('',(-0.0218903955620065,-0.036155311103674,-0.00203964274076203));
#2300=CARTESIAN_POINT('',(-0.0215779101778764,-0.0361100977749122,-0.00178964860639612));
#2301=CARTESIAN_POINT('',(-0.0212273399837463,-0.036053201956394,-0.00135684055718233));
#2302=CARTESIAN_POINT('',(-0.0209284677876303,-0.0360038184292081,-0.000757040574973523));
#2303=CARTESIAN_POINT('',(-0.0208255262887772,-0.0359830952805111,-0.000132075325251337));
#2304=CARTESIAN_POINT('',(-0.0208732141631266,-0.0359932174098523,0.000426024982561638));
#2305=CARTESIAN_POINT('',(-0.0209969024480883,-0.0360163379371589,0.000889334313017423));
#2306=CARTESIAN_POINT('',(-0.0212165354033209,-0.0360531296264966,0.00134256955687537));
#2307=CARTESIAN_POINT('',(-0.0215831948745226,-0.0361109172596627,0.0017953443763443));
#2308=CARTESIAN_POINT('',(-0.0219499564168441,-0.0361622594777378,0.00208852444140946));
#2309=CARTESIAN_POINT('',(-0.0225339093089701,-0.0362371652439214,0.00240463107469318));
#2310=CARTESIAN_POINT('',(-0.0230236823733161,-0.0362846952410817,0.00249999999999999));
#2311=CARTESIAN_POINT('',(-0.02335,-0.03630878843844,0.00249999999999999));
#2312=CARTESIAN_POINT('',(-0.02335,-0.0266,-6.14822564801673E-18));
#2313=CARTESIAN_POINT('',(-0.02585,-0.05045,-0.0025));
#2314=CARTESIAN_POINT('',(-0.036525,-0.039775,-0.0025));
#2315=CARTESIAN_POINT('',(-0.0255,-0.02875,-0.0025));
#2316=CARTESIAN_POINT('',(-0.02585,-0.02875,-0.0025));
#2317=CARTESIAN_POINT('',(-0.02585,0.01025,-0.0025));
#2318=CARTESIAN_POINT('',(-0.0245,-0.02775,-5.20417042793042E-18));
#2319=CARTESIAN_POINT('',(-0.0256666666666667,-0.0289166666666667,-0.00233333333333334));
#2320=CARTESIAN_POINT('',(-0.0256666666666667,-0.0289166666666667,0.00233333333333332));
#2321=CARTESIAN_POINT('',(-0.027,0.001,-0.00025));
#2322=CARTESIAN_POINT('',(-0.027,-0.024125,0.000249999999999997));
#2323=CARTESIAN_POINT('',(-0.014,-0.0205,-3.46944695195361E-18));
#2324=CARTESIAN_POINT('',(-0.02585,-0.02875,0.0025));
#2325=CARTESIAN_POINT('',(-0.02835,-0.02775,0.0035));
#2326=CARTESIAN_POINT('',(-0.02835,-0.02775,-7.86159389102486E-18));
#2327=CARTESIAN_POINT('',(-0.02835,-0.02775,-0.0035));
#2328=CARTESIAN_POINT('',(-0.0517,-0.02775,-0.0035));
#2329=CARTESIAN_POINT('',(-0.02335,-0.03630878843844,-0.0025));
#2330=CARTESIAN_POINT('',(-0.0226889523127638,-0.0362599235562157,-0.00250180146558141));
#2331=CARTESIAN_POINT('',(-0.0220456332146948,-0.0361799181724737,-0.00223057335400919));
#2332=CARTESIAN_POINT('',(-0.0211183245633333,-0.036039397436016,-0.00130445216279148));
#2333=CARTESIAN_POINT('',(-0.0208499091073707,-0.0359881706901779,-0.000654441837969095));
#2334=CARTESIAN_POINT('',(-0.0208500923028923,-0.0359882218151878,0.000658197184388051));
#2335=CARTESIAN_POINT('',(-0.021120069268024,-0.0360396406245644,0.00130683535204567));
#2336=CARTESIAN_POINT('',(-0.0220463545047279,-0.036180045423064,0.002230655149175));
#2337=CARTESIAN_POINT('',(-0.0226939709216628,-0.036260351465489,0.00250221462520293));
#2338=CARTESIAN_POINT('',(-0.02335,-0.03630878843844,0.0025));
#2339=CARTESIAN_POINT('',(-0.023296381685551,-0.0373073499419818,-0.0035));
#2340=CARTESIAN_POINT('',(-0.0223510661362749,-0.0372574370387092,-0.00350252205181395));
#2341=CARTESIAN_POINT('',(-0.021431102944058,-0.0371757157544194,-0.00312280270447817));
#2342=CARTESIAN_POINT('',(-0.0201050272069764,-0.0370321812219853,-0.00182623301904276));
#2343=CARTESIAN_POINT('',(-0.0197211860665152,-0.0369798558004299,-0.000916218298525362));
#2344=CARTESIAN_POINT('',(-0.0197214480408427,-0.0369799080219189,0.000921475783511915));
#2345=CARTESIAN_POINT('',(-0.0201075221695733,-0.0370324296250951,0.00182956947334884));
#2346=CARTESIAN_POINT('',(-0.0214321344186634,-0.0371758457353772,0.00312291722836011));
#2347=CARTESIAN_POINT('',(-0.0223582428787693,-0.0372578741254921,0.00350310047528411));
#2348=CARTESIAN_POINT('',(-0.023296381685551,-0.0373073499419818,0.0035));
#2349=CARTESIAN_POINT('',(-0.0232963816855508,-0.0373073499419817,-0.0035));
#2350=CARTESIAN_POINT('',(-0.0233142544570338,-0.0369744961074678,-0.00316666666666668));
#2351=CARTESIAN_POINT('',(-0.0233321272285168,-0.0366416422729539,-0.00283333333333335));
#2352=CARTESIAN_POINT('',(-0.0233499999999998,-0.03630878843844,-0.00250000000000003));
#2353=CARTESIAN_POINT('',(-0.0233499999999997,-0.0363087884384399,0.00249999999999999));
#2354=CARTESIAN_POINT('',(-0.0233321272285168,-0.0366416422729539,0.00283333333333332));
#2355=CARTESIAN_POINT('',(-0.0233142544570338,-0.0369744961074678,0.00316666666666666));
#2356=CARTESIAN_POINT('',(-0.0232963816855508,-0.0373073499419817,0.0035));
#2357=CARTESIAN_POINT('',(-0.02585,0.01025,0.0035));
#2358=CARTESIAN_POINT('',(-0.0284036183144487,-0.0373073499419818,0.0035));
#2359=CARTESIAN_POINT('',(-0.0283857455429657,-0.0369744961074678,0.00316666666666667));
#2360=CARTESIAN_POINT('',(-0.0283678727714828,-0.0366416422729539,0.00283333333333333));
#2361=CARTESIAN_POINT('',(-0.0283499999999998,-0.03630878843844,0.0025));
#2362=CARTESIAN_POINT('',(-0.02585,0.01025,-0.0025));
#2363=CARTESIAN_POINT('',(-0.0283499999999998,-0.03630878843844,-0.0025));
#2364=CARTESIAN_POINT('',(-0.0283678727714828,-0.0366416422729539,-0.00283333333333333));
#2365=CARTESIAN_POINT('',(-0.0283857455429658,-0.0369744961074678,-0.00316666666666667));
#2366=CARTESIAN_POINT('',(-0.0284036183144488,-0.0373073499419818,-0.0035));
#2367=CARTESIAN_POINT('',(-0.02835,-0.03630878843844,0.0025));
#2368=CARTESIAN_POINT('',(-0.0290110476872361,-0.0362599235562157,0.00250180146558138));
#2369=CARTESIAN_POINT('',(-0.0296543667853053,-0.0361799181724737,0.00223057335400916));
#2370=CARTESIAN_POINT('',(-0.0305816754366666,-0.036039397436016,0.00130445216279146));
#2371=CARTESIAN_POINT('',(-0.0308500908926293,-0.0359881706901779,0.000654441837969071));
#2372=CARTESIAN_POINT('',(-0.0308499076971078,-0.0359882218151878,-0.000658197184388072));
#2373=CARTESIAN_POINT('',(-0.030579930731976,-0.0360396406245643,-0.00130683535204569));
#2374=CARTESIAN_POINT('',(-0.0296536454952722,-0.036180045423064,-0.00223065514917502));
#2375=CARTESIAN_POINT('',(-0.0290060290783372,-0.0362603514654889,-0.00250221462520294));
#2376=CARTESIAN_POINT('',(-0.02835,-0.03630878843844,-0.0025));
#2377=CARTESIAN_POINT('',(-0.0284036183144489,-0.0373073499419818,0.0035));
#2378=CARTESIAN_POINT('',(-0.0293489338637252,-0.0372574370387092,0.00350252205181393));
#2379=CARTESIAN_POINT('',(-0.030268897055942,-0.0371757157544194,0.00312280270447814));
#2380=CARTESIAN_POINT('',(-0.0315949727930236,-0.0370321812219853,0.00182623301904274));
#2381=CARTESIAN_POINT('',(-0.0319788139334848,-0.0369798558004299,0.000916218298525344));
#2382=CARTESIAN_POINT('',(-0.0319785519591572,-0.0369799080219189,-0.000921475783511928));
#2383=CARTESIAN_POINT('',(-0.0315924778304266,-0.0370324296250951,-0.00182956947334885));
#2384=CARTESIAN_POINT('',(-0.0302678655813365,-0.0371758457353772,-0.00312291722836012));
#2385=CARTESIAN_POINT('',(-0.0293417571212307,-0.0372578741254921,-0.00350310047528411));
#2386=CARTESIAN_POINT('',(-0.0284036183144489,-0.0373073499419818,-0.0035));
#2387=CARTESIAN_POINT('',(-0.02585,0.01025,-0.01325));
#2388=CARTESIAN_POINT('',(-0.02585,0.01025,-0.01625));
#2389=CARTESIAN_POINT('',(-0.054198175987472,0.00832832248874603,-0.01025));
#2390=CARTESIAN_POINT('',(-0.0303361372177968,0.00455464462363426,-0.01025));
#2391=CARTESIAN_POINT('',(-0.0301979968260508,0.00487073343253855,-0.0105837868758476));
#2392=CARTESIAN_POINT('',(-0.0300568823609185,0.00518592940654524,-0.0109171564398634));
#2393=CARTESIAN_POINT('',(-0.029912019202318,0.0055,-0.01125));
#2394=CARTESIAN_POINT('',(-0.02585,0.01025,-0.01125));
#2395=CARTESIAN_POINT('',(-0.0213638627822032,0.00455464462363426,-0.01025));
#2396=CARTESIAN_POINT('',(-0.0215020031739492,0.00487073343253855,-0.0105837868758476));
#2397=CARTESIAN_POINT('',(-0.0216431176390815,0.00518592940654524,-0.0109171564398634));
#2398=CARTESIAN_POINT('',(-0.021787980797682,0.0055,-0.01125));
#2399=CARTESIAN_POINT('',(-0.015393990398841,0.00651118183030142,-0.01125));
#2400=CARTESIAN_POINT('',(-0.00885711388897361,0.00653253267915408,-0.01025));
#2401=CARTESIAN_POINT('',(-0.00890506182408404,0.00686242805827337,-0.0105833355099846));
#2402=CARTESIAN_POINT('',(-0.00895274408366677,0.00719236361882642,-0.0109166692084842));
#2403=CARTESIAN_POINT('',(-0.00900000000000026,0.00752236366060279,-0.01125));
#2404=CARTESIAN_POINT('',(-0.00935,0.01025,-0.01125));
#2405=CARTESIAN_POINT('',(-0.00885711388897315,0.0139674673208458,-0.01025));
#2406=CARTESIAN_POINT('',(-0.00890506182408356,0.0136375719417266,-0.0105833355099846));
#2407=CARTESIAN_POINT('',(-0.00895274408366624,0.0133076363811735,-0.0109166692084842));
#2408=CARTESIAN_POINT('',(-0.00899999999999973,0.0129776363393971,-0.01125));
#2409=CARTESIAN_POINT('',(-0.0522218163433304,0.0208254068019908,-0.01025));
#2410=CARTESIAN_POINT('',(-0.0213638627822032,0.0159453553763658,-0.01025));
#2411=CARTESIAN_POINT('',(-0.0215020031739492,0.0156292665674615,-0.0105837868758476));
#2412=CARTESIAN_POINT('',(-0.0216431176390815,0.0153140705934548,-0.0109171564398634));
#2413=CARTESIAN_POINT('',(-0.021787980797682,0.015,-0.01125));
#2414=CARTESIAN_POINT('',(-0.02585,0.01025,-0.01125));
#2415=CARTESIAN_POINT('',(-0.0303361372177968,0.0159453553763658,-0.01025));
#2416=CARTESIAN_POINT('',(-0.0301979968260508,0.0156292665674615,-0.0105837868758476));
#2417=CARTESIAN_POINT('',(-0.0300568823609185,0.0153140705934548,-0.0109171564398634));
#2418=CARTESIAN_POINT('',(-0.029912019202318,0.015,-0.01125));
#2419=CARTESIAN_POINT('',(-0.036306009601159,0.0139888181696986,-0.01125));
#2420=CARTESIAN_POINT('',(-0.02585,0.01025,0.01125));
#2421=CARTESIAN_POINT('',(0.,0.001,0.01125));
#2422=CARTESIAN_POINT('',(-0.000999999999999987,0.02875,0.01225));
#2423=CARTESIAN_POINT('',(-0.000999999999999987,-0.0292018476228353,0.01225));
#2424=CARTESIAN_POINT('',(-0.000666968852880859,-0.0293856676447059,0.0119169688528809));
#2425=CARTESIAN_POINT('',(-0.00033363191610144,-0.0295683719561535,0.0115836319161014));
#2426=CARTESIAN_POINT('',(-4.78842351962531E-18,-0.02975,0.01125));
#2427=CARTESIAN_POINT('',(-0.02585,0.01025,0.01125));
#2428=CARTESIAN_POINT('',(-0.0507,-0.0292018476228353,0.01225));
#2429=CARTESIAN_POINT('',(-0.0510330311471191,-0.0293856676447059,0.0119169688528809));
#2430=CARTESIAN_POINT('',(-0.0513663680838986,-0.0295683719561535,0.0115836319161014));
#2431=CARTESIAN_POINT('',(-0.0517,-0.02975,0.01125));
#2432=CARTESIAN_POINT('',(-0.000999999999999987,0.02875,0.01225));
#2433=CARTESIAN_POINT('',(-0.000499999999999979,0.02925,0.01125));
#2434=CARTESIAN_POINT('',(-0.000999999999999987,0.02875,0.01225));
#2435=CARTESIAN_POINT('',(-0.0517,0.02975,0.01125));
#2436=CARTESIAN_POINT('',(-0.0507,0.02925,0.01175));
#2437=CARTESIAN_POINT('',(-0.0507,3.46944695195361E-18,0.01225));
#2438=CARTESIAN_POINT('',(-0.0517,0.02875,0.01125));
#2439=CARTESIAN_POINT('',(-0.001,0.02975,0.001));
#2440=CARTESIAN_POINT('',(-1.32665355354568E-18,0.02875,-0.01625));
#2441=CARTESIAN_POINT('',(-0.0517,0.02875,0.01125));
#2442=CARTESIAN_POINT('',(-0.0517,0.02875,0.01125));
#2443=CARTESIAN_POINT('',(0.,0.02875,-0.01625));
#2444=CARTESIAN_POINT('',(7.66646708341691E-20,0.02875,-0.01625));
#2445=CARTESIAN_POINT('',(-0.001,0.02925,-0.01675));
#2446=CARTESIAN_POINT('',(-0.0517,0.02875,-0.01725));
#2447=CARTESIAN_POINT('',(-0.0507,0.02875,-0.01725));
#2448=CARTESIAN_POINT('',(-0.0517,0.02875,-0.0025));
#2449=CARTESIAN_POINT('',(-0.0512,0.02925,-0.01625));
#2450=CARTESIAN_POINT('',(-0.001,3.46944695195361E-18,-0.01725));
#2451=CARTESIAN_POINT('',(0.,-0.02975,-0.01625));
#2452=CARTESIAN_POINT('',(-0.000333631916101436,-0.0295683719561535,-0.0165836319161014));
#2453=CARTESIAN_POINT('',(-0.000666968852880871,-0.0293856676447059,-0.0169169688528809));
#2454=CARTESIAN_POINT('',(-0.001,-0.0292018476228353,-0.01725));
#2455=CARTESIAN_POINT('',(-0.0507,0.02875,-0.01725));
#2456=CARTESIAN_POINT('',(-0.0507,0.02875,-0.01725));
#2457=CARTESIAN_POINT('',(-0.02585,0.01025,-0.01725));
#2458=CARTESIAN_POINT('',(-0.0517,-0.02975,-0.01625));
#2459=CARTESIAN_POINT('',(-0.0513663680838986,-0.0295683719561535,-0.0165836319161014));
#2460=CARTESIAN_POINT('',(-0.0510330311471191,-0.0293856676447059,-0.0169169688528809));
#2461=CARTESIAN_POINT('',(-0.0507,-0.0292018476228353,-0.01725));
#2462=CARTESIAN_POINT('',(-0.0517,0.001,-0.01625));
#2463=CARTESIAN_POINT('',(-0.0517,0.01025,2.20436423846524E-19));
#2464=MECHANICAL_DESIGN_GEOMETRIC_PRESENTATION_REPRESENTATION('',(#1401),#2465);
#2465=(
GEOMETRIC_REPRESENTATION_CONTEXT(3)
GLOBAL_UNCERTAINTY_ASSIGNED_CONTEXT((#2466))
GLOBAL_UNIT_ASSIGNED_CONTEXT((#2469,#2468,#2467))
REPRESENTATION_CONTEXT('Tilt-Servo Housing','TOP_LEVEL_ASSEMBLY_PART')
);
#2466=UNCERTAINTY_MEASURE_WITH_UNIT(LENGTH_MEASURE(2.E-05),#2469,'DISTANCE_ACCURACY_VALUE','Maximum Tolerance applied to model');
#2467=(
NAMED_UNIT(*)
SI_UNIT($,.STERADIAN.)
SOLID_ANGLE_UNIT()
);
#2468=(
NAMED_UNIT(*)
PLANE_ANGLE_UNIT()
SI_UNIT($,.RADIAN.)
);
#2469=(
LENGTH_UNIT()
NAMED_UNIT(*)
SI_UNIT($,.METRE.)
);
#2470=PRODUCT_DEFINITION_SHAPE('','',#2471);
#2471=PRODUCT_DEFINITION('','',#2473,#2472);
#2472=PRODUCT_DEFINITION_CONTEXT('',#2479,'design');
#2473=PRODUCT_DEFINITION_FORMATION_WITH_SPECIFIED_SOURCE('','',#2475,.NOT_KNOWN.);
#2474=PRODUCT_RELATED_PRODUCT_CATEGORY('','',(#2475));
#2475=PRODUCT('Tilt-Servo Housing','Tilt-Servo Housing','Tilt-Servo Housing',(#2477));
#2476=PRODUCT_CATEGORY('','');
#2477=PRODUCT_CONTEXT('',#2479,'mechanical');
#2478=APPLICATION_PROTOCOL_DEFINITION('international standard','ap242_managed_model_based_3d_engineering',2020,#2479);
#2479=APPLICATION_CONTEXT('managed model based 3d engineering');
ENDSEC;
END-ISO-10303-21;
