ISO-10303-21;
HEADER;
/*Generated by software containing ST-Developer
 * from STEP Tools, Inc. (www.steptools.com) 
 */
/*OPTION: using custom renumber hook */
/*description */
/*implementation_level */
FILE_DESCRIPTION(('STEP AP242 Edition 2','STEP AP242 Edition 2''CAx-IF Rec.Pracs.---Representation and Presentation of Product Manufa
cturing Information (PMI)---4.0---2014-10-13','STEP AP242 Edition 2''CAx-IF Rec.Pracs.---Representation and Presentation of Product Manufa
cturing Information (PMI)---4.0---2014-10-13''CAx-IF Rec.Pracs.---3D Tessellated Geometry---0.4---2014-09-14','STEP AP242 Edition 2''CAx-IF Rec.Pracs.---Representation and Presentation of Product Manufa
cturing Information (PMI)---4.0---2014-10-13''CAx-IF Rec.Pracs.---3D Tessellated Geometry---0.4---2014-09-14''2;1','STEP AP242 Edition 2''CAx-IF Rec.Pracs.---Representation and Presentation of Product Manufa
cturing Information (PMI)---4.0---2014-10-13''CAx-IF Rec.Pracs.---3D Tessellated Geometry---0.4---2014-09-14''2;1''CAx-IF Rec.Pracs.---User Defined Attributes---1.5---2016-08-15'),'2;1');
/*name */
/*time_stamp */
/*author */
/*organization */
/*preprocessor_version */
/*originating_system */
/*authorisation */
FILE_NAME('/vol/tmp/translate-15337559005845524180/Main Body V2 - Main Body.step','2026-03-16T20:02:40',(''),(''),'ST-DEVELOPER v20','ONSHAPE BY PTC INC, 1.212','  ');
FILE_SCHEMA(('AP242_MANAGED_MODEL_BASED_3D_ENGINEERING_MIM_LF { 1 0 10303 442 3 1 4 }'));
ENDSEC;
DATA;
#10=SHAPE_REPRESENTATION_RELATIONSHIP('','',#9128,#11);
#11=ADVANCED_BREP_SHAPE_REPRESENTATION('',(#9126),#15500);
#12=ELLIPSE('',#9788,0.0109807621135331,0.0075);
#13=ELLIPSE('',#9879,0.0109807621135331,0.0075);
#14=ELLIPSE('',#9995,0.0106066017177982,0.0075);
#15=ELLIPSE('',#9996,0.0106066017177982,0.0075);
#16=ELLIPSE('',#9999,0.0106066017177982,0.0075);
#17=ELLIPSE('',#10000,0.0106066017177982,0.0075);
#18=ELLIPSE('',#10003,0.0106066017177982,0.0075);
#19=ELLIPSE('',#10004,0.0106066017177982,0.0075);
#20=ELLIPSE('',#10007,0.0106066017177982,0.0075);
#21=ELLIPSE('',#10008,0.0106066017177982,0.0075);
#22=B_SPLINE_CURVE_WITH_KNOTS('',3,(#14629,#14630,#14631,#14632),.UNSPECIFIED.,.F.,.F.,(4,4),(0.,0.000707271906120943),.UNSPECIFIED.);
#23=B_SPLINE_CURVE_WITH_KNOTS('',3,(#14634,#14635,#14636,#14637),.UNSPECIFIED.,.F.,.F.,(4,4),(0.,0.000991635270648257),.UNSPECIFIED.);
#24=B_SPLINE_CURVE_WITH_KNOTS('',3,(#14647,#14648,#14649,#14650),.UNSPECIFIED.,.F.,.F.,(4,4),(0.,0.000707271906120987),.UNSPECIFIED.);
#25=B_SPLINE_CURVE_WITH_KNOTS('',3,(#14652,#14653,#14654,#14655),.UNSPECIFIED.,.F.,.F.,(4,4),(0.,0.00099163527064826),.UNSPECIFIED.);
#26=B_SPLINE_CURVE_WITH_KNOTS('',3,(#14665,#14666,#14667,#14668),.UNSPECIFIED.,.F.,.F.,(4,4),(0.,0.000707271906120943),.UNSPECIFIED.);
#27=B_SPLINE_CURVE_WITH_KNOTS('',3,(#14670,#14671,#14672,#14673),.UNSPECIFIED.,.F.,.F.,(4,4),(0.,0.000707271906120972),.UNSPECIFIED.);
#28=B_SPLINE_CURVE_WITH_KNOTS('',3,(#14683,#14684,#14685,#14686),.UNSPECIFIED.,.F.,.F.,(4,4),(0.,0.000707271906120987),.UNSPECIFIED.);
#29=B_SPLINE_CURVE_WITH_KNOTS('',3,(#14688,#14689,#14690,#14691),.UNSPECIFIED.,.F.,.F.,(4,4),(0.,0.000707271906120975),.UNSPECIFIED.);
#30=B_SPLINE_CURVE_WITH_KNOTS('',3,(#14701,#14702,#14703,#14704),.UNSPECIFIED.,.F.,.F.,(4,4),(0.,0.000707271906120943),.UNSPECIFIED.);
#31=B_SPLINE_CURVE_WITH_KNOTS('',3,(#14706,#14707,#14708,#14709),.UNSPECIFIED.,.F.,.F.,(4,4),(0.,0.000707271906120972),.UNSPECIFIED.);
#32=B_SPLINE_CURVE_WITH_KNOTS('',3,(#14719,#14720,#14721,#14722),.UNSPECIFIED.,.F.,.F.,(4,4),(0.,0.000707271906120987),.UNSPECIFIED.);
#33=B_SPLINE_CURVE_WITH_KNOTS('',3,(#14724,#14725,#14726,#14727),.UNSPECIFIED.,.F.,.F.,(4,4),(0.,0.000707271906120977),.UNSPECIFIED.);
#34=B_SPLINE_CURVE_WITH_KNOTS('',3,(#14737,#14738,#14739,#14740),.UNSPECIFIED.,.F.,.F.,(4,4),(0.,0.000707271906120943),.UNSPECIFIED.);
#35=B_SPLINE_CURVE_WITH_KNOTS('',3,(#14742,#14743,#14744,#14745),.UNSPECIFIED.,.F.,.F.,(4,4),(0.,0.000707271906120972),.UNSPECIFIED.);
#36=B_SPLINE_CURVE_WITH_KNOTS('',3,(#14755,#14756,#14757,#14758),.UNSPECIFIED.,.F.,.F.,(4,4),(0.,0.000707271906120987),.UNSPECIFIED.);
#37=B_SPLINE_CURVE_WITH_KNOTS('',3,(#14760,#14761,#14762,#14763),.UNSPECIFIED.,.F.,.F.,(4,4),(0.,0.000707271906120989),.UNSPECIFIED.);
#38=B_SPLINE_CURVE_WITH_KNOTS('',3,(#14773,#14774,#14775,#14776),.UNSPECIFIED.,.F.,.F.,(4,4),(0.,0.000707271906120943),.UNSPECIFIED.);
#39=B_SPLINE_CURVE_WITH_KNOTS('',3,(#14778,#14779,#14780,#14781),.UNSPECIFIED.,.F.,.F.,(4,4),(0.,0.000707271906120972),.UNSPECIFIED.);
#40=B_SPLINE_CURVE_WITH_KNOTS('',3,(#14791,#14792,#14793,#14794),.UNSPECIFIED.,.F.,.F.,(4,4),(0.,0.000707271906120987),.UNSPECIFIED.);
#41=B_SPLINE_CURVE_WITH_KNOTS('',3,(#14796,#14797,#14798,#14799),.UNSPECIFIED.,.F.,.F.,(4,4),(0.,0.000707271906120992),.UNSPECIFIED.);
#42=B_SPLINE_CURVE_WITH_KNOTS('',3,(#14809,#14810,#14811,#14812),.UNSPECIFIED.,.F.,.F.,(4,4),(0.,0.000707271906120982),.UNSPECIFIED.);
#43=B_SPLINE_CURVE_WITH_KNOTS('',3,(#14814,#14815,#14816,#14817),.UNSPECIFIED.,.F.,.F.,(4,4),(0.,0.000707271906120972),.UNSPECIFIED.);
#44=B_SPLINE_CURVE_WITH_KNOTS('',3,(#14827,#14828,#14829,#14830),.UNSPECIFIED.,.F.,.F.,(4,4),(0.,0.000707271906120987),.UNSPECIFIED.);
#45=B_SPLINE_CURVE_WITH_KNOTS('',3,(#14832,#14833,#14834,#14835),.UNSPECIFIED.,.F.,.F.,(4,4),(0.,0.000707271906120977),.UNSPECIFIED.);
#46=B_SPLINE_CURVE_WITH_KNOTS('',3,(#14847,#14848,#14849,#14850),.UNSPECIFIED.,.F.,.F.,(4,4),(0.,0.000707271906120943),.UNSPECIFIED.);
#47=B_SPLINE_CURVE_WITH_KNOTS('',3,(#14851,#14852,#14853,#14854),.UNSPECIFIED.,.F.,.F.,(4,4),(0.,0.00141928978879647),.UNSPECIFIED.);
#48=B_SPLINE_CURVE_WITH_KNOTS('',3,(#14856,#14857,#14858,#14859,#14860,#14861,#14862),.UNSPECIFIED.,.F.,.F.,(4,1,1,1,4),(0.,0.00111120426415463,0.00222240852830925,0.00333361279246388,0.00444481705661851),.UNSPECIFIED.);
#49=B_SPLINE_CURVE_WITH_KNOTS('',3,(#14864,#14865,#14866,#14867),.UNSPECIFIED.,.F.,.F.,(4,4),(0.,0.000707271906120972),.UNSPECIFIED.);
#50=B_SPLINE_CURVE_WITH_KNOTS('',3,(#14877,#14878,#14879,#14880),.UNSPECIFIED.,.F.,.F.,(4,4),(0.,0.000707271906120987),.UNSPECIFIED.);
#51=B_SPLINE_CURVE_WITH_KNOTS('',3,(#14882,#14883,#14884,#14885),.UNSPECIFIED.,.F.,.F.,(4,4),(0.,0.000707271906120977),.UNSPECIFIED.);
#52=B_SPLINE_CURVE_WITH_KNOTS('',3,(#14895,#14896,#14897,#14898),.UNSPECIFIED.,.F.,.F.,(4,4),(0.,0.000707271906120987),.UNSPECIFIED.);
#53=B_SPLINE_CURVE_WITH_KNOTS('',3,(#14900,#14901,#14902,#14903),.UNSPECIFIED.,.F.,.F.,(4,4),(0.,0.000707271906120992),.UNSPECIFIED.);
#54=B_SPLINE_CURVE_WITH_KNOTS('',3,(#14913,#14914,#14915,#14916),.UNSPECIFIED.,.F.,.F.,(4,4),(0.,0.000707271906120948),.UNSPECIFIED.);
#55=B_SPLINE_CURVE_WITH_KNOTS('',3,(#14918,#14919,#14920,#14921),.UNSPECIFIED.,.F.,.F.,(4,4),(0.,0.000707271906120977),.UNSPECIFIED.);
#56=B_SPLINE_CURVE_WITH_KNOTS('',3,(#14931,#14932,#14933,#14934),.UNSPECIFIED.,.F.,.F.,(4,4),(0.,0.000707271906120987),.UNSPECIFIED.);
#57=B_SPLINE_CURVE_WITH_KNOTS('',3,(#14936,#14937,#14938,#14939),.UNSPECIFIED.,.F.,.F.,(4,4),(0.,0.000707271906120992),.UNSPECIFIED.);
#58=B_SPLINE_CURVE_WITH_KNOTS('',3,(#14949,#14950,#14951,#14952),.UNSPECIFIED.,.F.,.F.,(4,4),(0.,0.000707271906120948),.UNSPECIFIED.);
#59=B_SPLINE_CURVE_WITH_KNOTS('',3,(#14954,#14955,#14956,#14957),.UNSPECIFIED.,.F.,.F.,(4,4),(0.,0.000707271906120977),.UNSPECIFIED.);
#60=B_SPLINE_CURVE_WITH_KNOTS('',3,(#14967,#14968,#14969,#14970),.UNSPECIFIED.,.F.,.F.,(4,4),(0.,0.000707271906120987),.UNSPECIFIED.);
#61=B_SPLINE_CURVE_WITH_KNOTS('',3,(#14972,#14973,#14974,#14975),.UNSPECIFIED.,.F.,.F.,(4,4),(0.,0.000707271906120992),.UNSPECIFIED.);
#62=B_SPLINE_CURVE_WITH_KNOTS('',3,(#14985,#14986,#14987,#14988),.UNSPECIFIED.,.F.,.F.,(4,4),(0.,0.000707271906120987),.UNSPECIFIED.);
#63=B_SPLINE_CURVE_WITH_KNOTS('',3,(#14990,#14991,#14992,#14993),.UNSPECIFIED.,.F.,.F.,(4,4),(0.,0.000707271906120977),.UNSPECIFIED.);
#64=B_SPLINE_CURVE_WITH_KNOTS('',3,(#15003,#15004,#15005,#15006),.UNSPECIFIED.,.F.,.F.,(4,4),(0.,0.000707271906120987),.UNSPECIFIED.);
#65=B_SPLINE_CURVE_WITH_KNOTS('',3,(#15008,#15009,#15010,#15011),.UNSPECIFIED.,.F.,.F.,(4,4),(0.,0.000707271906120992),.UNSPECIFIED.);
#66=B_SPLINE_CURVE_WITH_KNOTS('',3,(#15021,#15022,#15023,#15024),.UNSPECIFIED.,.F.,.F.,(4,4),(0.,0.000707271906120948),.UNSPECIFIED.);
#67=B_SPLINE_CURVE_WITH_KNOTS('',3,(#15026,#15027,#15028,#15029),.UNSPECIFIED.,.F.,.F.,(4,4),(0.,0.000707271906120977),.UNSPECIFIED.);
#68=B_SPLINE_CURVE_WITH_KNOTS('',3,(#15039,#15040,#15041,#15042),.UNSPECIFIED.,.F.,.F.,(4,4),(0.,0.000707271906120987),.UNSPECIFIED.);
#69=B_SPLINE_CURVE_WITH_KNOTS('',3,(#15044,#15045,#15046,#15047),.UNSPECIFIED.,.F.,.F.,(4,4),(0.,0.000707271906120992),.UNSPECIFIED.);
#70=B_SPLINE_CURVE_WITH_KNOTS('',3,(#15057,#15058,#15059,#15060),.UNSPECIFIED.,.F.,.F.,(4,4),(0.,0.000707271906120948),.UNSPECIFIED.);
#71=B_SPLINE_CURVE_WITH_KNOTS('',3,(#15062,#15063,#15064,#15065),.UNSPECIFIED.,.F.,.F.,(4,4),(0.,0.000707271906120977),.UNSPECIFIED.);
#72=B_SPLINE_CURVE_WITH_KNOTS('',3,(#15075,#15076,#15077,#15078),.UNSPECIFIED.,.F.,.F.,(4,4),(0.,0.000707271906120987),.UNSPECIFIED.);
#73=B_SPLINE_CURVE_WITH_KNOTS('',3,(#15080,#15081,#15082,#15083),.UNSPECIFIED.,.F.,.F.,(4,4),(0.,0.000707271906120992),.UNSPECIFIED.);
#74=B_SPLINE_CURVE_WITH_KNOTS('',3,(#15093,#15094,#15095,#15096),.UNSPECIFIED.,.F.,.F.,(4,4),(0.,0.000707271906120948),.UNSPECIFIED.);
#75=B_SPLINE_CURVE_WITH_KNOTS('',3,(#15098,#15099,#15100,#15101),.UNSPECIFIED.,.F.,.F.,(4,4),(0.,0.000707271906120977),.UNSPECIFIED.);
#76=B_SPLINE_CURVE_WITH_KNOTS('',3,(#15111,#15112,#15113,#15114),.UNSPECIFIED.,.F.,.F.,(4,4),(0.,0.000707271906120987),.UNSPECIFIED.);
#77=B_SPLINE_CURVE_WITH_KNOTS('',3,(#15116,#15117,#15118,#15119),.UNSPECIFIED.,.F.,.F.,(4,4),(0.,0.000707271906120992),.UNSPECIFIED.);
#78=B_SPLINE_CURVE_WITH_KNOTS('',3,(#15131,#15132,#15133,#15134),.UNSPECIFIED.,.F.,.F.,(4,4),(0.,0.000707271906120948),.UNSPECIFIED.);
#79=B_SPLINE_CURVE_WITH_KNOTS('',3,(#15135,#15136,#15137,#15138),.UNSPECIFIED.,.F.,.F.,(4,4),(0.,0.00141928978879654),.UNSPECIFIED.);
#80=B_SPLINE_CURVE_WITH_KNOTS('',3,(#15140,#15141,#15142,#15143,#15144,#15145,#15146),.UNSPECIFIED.,.F.,.F.,(4,1,1,1,4),(0.,0.00111120426415465,0.00222240852830929,0.00333361279246394,0.00444481705661858),.UNSPECIFIED.);
#81=B_SPLINE_CURVE_WITH_KNOTS('',3,(#15148,#15149,#15150,#15151),.UNSPECIFIED.,.F.,.F.,(4,4),(0.,0.000707271906120977),.UNSPECIFIED.);
#82=B_SPLINE_CURVE_WITH_KNOTS('',3,(#15179,#15180,#15181,#15182),.UNSPECIFIED.,.F.,.F.,(4,4),(0.,0.000707271906120987),.UNSPECIFIED.);
#83=B_SPLINE_CURVE_WITH_KNOTS('',3,(#15204,#15205,#15206,#15207),.UNSPECIFIED.,.F.,.F.,(4,4),(0.,0.000707271906120987),.UNSPECIFIED.);
#84=B_SPLINE_CURVE_WITH_KNOTS('',3,(#15275,#15276,#15277,#15278,#15279,#15280,#15281,#15282,#15283,#15284),.UNSPECIFIED.,.F.,.F.,(4,1,1,1,1,1,1,4),(0.00606005178419756,0.00708255406572597,0.00810505634725438,0.0091275586287828,0.0101500609103112,0.0111725631918396,0.012195065473368,0.0142400700364249),.UNSPECIFIED.);
#85=B_SPLINE_CURVE_WITH_KNOTS('',3,(#15287,#15288,#15289,#15290,#15291,#15292,#15293,#15294,#15295,#15296),.UNSPECIFIED.,.F.,.F.,(4,1,1,1,1,1,1,4),(0.00800800939021581,0.010048880656947,0.0110693162903127,0.0120897519236783,0.0131101875570439,0.0141306231904095,0.0151510588237751,0.0161714944571407),.UNSPECIFIED.);
#86=B_SPLINE_CURVE_WITH_KNOTS('',3,(#15321,#15322,#15323,#15324,#15325,#15326,#15327,#15328,#15329,#15330),.UNSPECIFIED.,.F.,.F.,(4,1,1,1,1,1,1,4),(0.00195387565564067,0.00399897891117879,0.00502153053894785,0.00604408216671692,0.00706663379448598,0.00808918542225504,0.0091117370500241,0.0101342886777932),.UNSPECIFIED.);
#87=B_SPLINE_CURVE_WITH_KNOTS('',3,(#15333,#15334,#15335,#15336,#15337,#15338,#15339,#15340,#15341,#15342),.UNSPECIFIED.,.F.,.F.,(4,1,1,1,1,1,1,4),(0.00801511393001388,0.00903734748796012,0.0100595810459064,0.0110818146038526,0.0121040481617988,0.0131262817197451,0.0141485152776913,0.0161929823935838),.UNSPECIFIED.);
#88=B_SPLINE_CURVE_WITH_KNOTS('',3,(#15367,#15368,#15369,#15370,#15371,#15372,#15373,#15374,#15375,#15376),.UNSPECIFIED.,.F.,.F.,(4,1,1,1,1,1,1,4),(0.0141494852164701,0.0151714886147905,0.0161934920131109,0.0172154954114313,0.0182374988097516,0.019259502208072,0.0202815056063924,0.0223255124030331),.UNSPECIFIED.);
#89=B_SPLINE_CURVE_WITH_KNOTS('',3,(#15379,#15380,#15381,#15382,#15383,#15384,#15385,#15386,#15387,#15388),.UNSPECIFIED.,.F.,.F.,(4,1,1,1,1,1,1,4),(0.00801511393001379,0.00903734748796003,0.0100595810459063,0.0110818146038525,0.0121040481617988,0.013126281719745,0.0141485152776912,0.0161929823935837),.UNSPECIFIED.);
#90=B_SPLINE_CURVE_WITH_KNOTS('',3,(#15413,#15414,#15415,#15416,#15417,#15418,#15419,#15420,#15421,#15422),.UNSPECIFIED.,.F.,.F.,(4,1,1,1,1,1,1,4),(0.0100481156591705,0.0120906763469019,0.0131119566907676,0.0141332370346333,0.0151545173784989,0.0161757977223646,0.0171970780662303,0.018218358410096),.UNSPECIFIED.);
#91=B_SPLINE_CURVE_WITH_KNOTS('',3,(#15425,#15426,#15427,#15428,#15429,#15430,#15431,#15432,#15433,#15434),.UNSPECIFIED.,.F.,.F.,(4,1,1,1,1,1,1,4),(0.00800800939021581,0.0100488806569471,0.0110693162903127,0.0120897519236783,0.0131101875570439,0.0141306231904095,0.0151510588237752,0.0161714944571408),.UNSPECIFIED.);
#92=B_SPLINE_CURVE_WITH_KNOTS('',3,(#15447,#15448,#15449,#15450),.UNSPECIFIED.,.F.,.F.,(4,4),(0.,0.00183600512724999),.UNSPECIFIED.);
#93=B_SPLINE_CURVE_WITH_KNOTS('',3,(#15451,#15452,#15453,#15454),.UNSPECIFIED.,.F.,.F.,(4,4),(0.,0.0018359852535517),.UNSPECIFIED.);
#94=B_SPLINE_CURVE_WITH_KNOTS('',3,(#15456,#15457,#15458,#15459),.UNSPECIFIED.,.F.,.F.,(4,4),(0.,0.00183600512724999),.UNSPECIFIED.);
#95=B_SPLINE_CURVE_WITH_KNOTS('',3,(#15460,#15461,#15462,#15463),.UNSPECIFIED.,.F.,.F.,(4,4),(0.,0.00183598525355172),.UNSPECIFIED.);
#96=B_SPLINE_CURVE_WITH_KNOTS('',3,(#15465,#15466,#15467,#15468),.UNSPECIFIED.,.F.,.F.,(4,4),(0.,0.00183600512724998),.UNSPECIFIED.);
#97=B_SPLINE_CURVE_WITH_KNOTS('',3,(#15469,#15470,#15471,#15472),.UNSPECIFIED.,.F.,.F.,(4,4),(0.,0.00183598525355172),.UNSPECIFIED.);
#98=B_SPLINE_CURVE_WITH_KNOTS('',3,(#15474,#15475,#15476,#15477),.UNSPECIFIED.,.F.,.F.,(4,4),(0.,0.00183600512724997),.UNSPECIFIED.);
#99=B_SPLINE_CURVE_WITH_KNOTS('',3,(#15478,#15479,#15480,#15481),.UNSPECIFIED.,.F.,.F.,(4,4),(0.,0.0018359852535517),.UNSPECIFIED.);
#100=CONICAL_SURFACE('',#9448,0.002,0.785398163397448);
#101=CONICAL_SURFACE('',#9451,0.002,0.785398163397448);
#102=CONICAL_SURFACE('',#9485,0.00175,0.785398163397449);
#103=CONICAL_SURFACE('',#9486,0.00175,0.785398163397448);
#104=CONICAL_SURFACE('',#9487,0.00175,0.78539816339745);
#105=CONICAL_SURFACE('',#9488,0.00175,0.785398163397449);
#106=CONICAL_SURFACE('',#9716,0.002,0.785398163397462);
#107=CONICAL_SURFACE('',#9718,0.002,0.785398163397462);
#108=CONICAL_SURFACE('',#9719,0.002,0.785398163397463);
#109=CONICAL_SURFACE('',#9722,0.002,0.785398163397448);
#110=CONICAL_SURFACE('',#9724,0.002,0.785398163397448);
#111=CONICAL_SURFACE('',#9725,0.002,0.78539816339745);
#112=CONICAL_SURFACE('',#9728,0.002,0.785398163397462);
#113=CONICAL_SURFACE('',#9729,0.002,0.78539816339746);
#114=CONICAL_SURFACE('',#9730,0.002,0.785398163397462);
#115=CONICAL_SURFACE('',#9731,0.002,0.785398163397462);
#116=CONICAL_SURFACE('',#9734,0.002,0.785398163397448);
#117=CONICAL_SURFACE('',#9735,0.002,0.785398163397446);
#118=CONICAL_SURFACE('',#9736,0.002,0.785398163397448);
#119=CONICAL_SURFACE('',#9737,0.002,0.785398163397448);
#120=CONICAL_SURFACE('',#9740,0.002,0.785398163397462);
#121=CONICAL_SURFACE('',#9741,0.002,0.785398163397462);
#122=CONICAL_SURFACE('',#9742,0.002,0.785398163397461);
#123=CONICAL_SURFACE('',#9743,0.002,0.78539816339746);
#124=CONICAL_SURFACE('',#9746,0.002,0.785398163397448);
#125=CONICAL_SURFACE('',#9747,0.002,0.785398163397448);
#126=CONICAL_SURFACE('',#9748,0.002,0.785398163397448);
#127=CONICAL_SURFACE('',#9749,0.002,0.785398163397446);
#128=CONICAL_SURFACE('',#9752,0.002,0.785398163397462);
#129=CONICAL_SURFACE('',#9753,0.002,0.785398163397462);
#130=CONICAL_SURFACE('',#9754,0.002,0.785398163397462);
#131=CONICAL_SURFACE('',#9755,0.002,0.785398163397462);
#132=CONICAL_SURFACE('',#9758,0.002,0.785398163397448);
#133=CONICAL_SURFACE('',#9759,0.002,0.785398163397448);
#134=CONICAL_SURFACE('',#9760,0.002,0.785398163397448);
#135=CONICAL_SURFACE('',#9761,0.002,0.785398163397448);
#136=CONICAL_SURFACE('',#9764,0.002,0.785398163397462);
#137=CONICAL_SURFACE('',#9765,0.002,0.785398163397448);
#138=CONICAL_SURFACE('',#9766,0.002,0.785398163397446);
#139=CONICAL_SURFACE('',#9767,0.002,0.785398163397448);
#140=CONICAL_SURFACE('',#9770,0.002,0.785398163397448);
#141=CONICAL_SURFACE('',#9771,0.002,0.785398163397448);
#142=CONICAL_SURFACE('',#9772,0.002,0.785398163397448);
#143=CONICAL_SURFACE('',#9773,0.002,0.785398163397448);
#144=CONICAL_SURFACE('',#9776,0.002,0.785398163397448);
#145=CONICAL_SURFACE('',#9777,0.002,0.785398163397448);
#146=CONICAL_SURFACE('',#9778,0.002,0.785398163397448);
#147=CONICAL_SURFACE('',#9779,0.002,0.785398163397448);
#148=CONICAL_SURFACE('',#9782,0.002,0.785398163397434);
#149=CONICAL_SURFACE('',#9783,0.002,0.785398163397434);
#150=CONICAL_SURFACE('',#9784,0.002,0.785398163397434);
#151=CONICAL_SURFACE('',#9785,0.002,0.785398163397434);
#152=CONICAL_SURFACE('',#9789,0.002,0.785398163397444);
#153=CONICAL_SURFACE('',#9790,0.002,0.785398163397446);
#154=CONICAL_SURFACE('',#9791,0.002,0.785398163397445);
#155=CONICAL_SURFACE('',#9792,0.002,0.785398163397446);
#156=CONICAL_SURFACE('',#9795,0.002,0.785398163397434);
#157=CONICAL_SURFACE('',#9796,0.002,0.78539816339745);
#158=CONICAL_SURFACE('',#9797,0.002,0.785398163397434);
#159=CONICAL_SURFACE('',#9798,0.002,0.78539816339745);
#160=CONICAL_SURFACE('',#9801,0.002,0.785398163397448);
#161=CONICAL_SURFACE('',#9802,0.002,0.785398163397448);
#162=CONICAL_SURFACE('',#9803,0.002,0.785398163397448);
#163=CONICAL_SURFACE('',#9804,0.002,0.785398163397448);
#164=CONICAL_SURFACE('',#9807,0.002,0.785398163397448);
#165=CONICAL_SURFACE('',#9808,0.002,0.785398163397448);
#166=CONICAL_SURFACE('',#9809,0.002,0.785398163397448);
#167=CONICAL_SURFACE('',#9810,0.002,0.785398163397448);
#168=CONICAL_SURFACE('',#9813,0.002,0.785398163397448);
#169=CONICAL_SURFACE('',#9814,0.002,0.785398163397448);
#170=CONICAL_SURFACE('',#9815,0.002,0.785398163397448);
#171=CONICAL_SURFACE('',#9816,0.002,0.785398163397448);
#172=CONICAL_SURFACE('',#9819,0.002,0.785398163397448);
#173=CONICAL_SURFACE('',#9820,0.002,0.785398163397448);
#174=CONICAL_SURFACE('',#9821,0.002,0.785398163397448);
#175=CONICAL_SURFACE('',#9822,0.002,0.785398163397448);
#176=CONICAL_SURFACE('',#9825,0.002,0.785398163397448);
#177=CONICAL_SURFACE('',#9826,0.002,0.785398163397448);
#178=CONICAL_SURFACE('',#9827,0.002,0.785398163397448);
#179=CONICAL_SURFACE('',#9828,0.002,0.785398163397448);
#180=CONICAL_SURFACE('',#9831,0.002,0.78539816339745);
#181=CONICAL_SURFACE('',#9832,0.002,0.78539816339745);
#182=CONICAL_SURFACE('',#9833,0.002,0.78539816339745);
#183=CONICAL_SURFACE('',#9834,0.002,0.78539816339745);
#184=CONICAL_SURFACE('',#9837,0.002,0.785398163397448);
#185=CONICAL_SURFACE('',#9838,0.002,0.785398163397448);
#186=CONICAL_SURFACE('',#9839,0.002,0.785398163397448);
#187=CONICAL_SURFACE('',#9840,0.002,0.785398163397448);
#188=CONICAL_SURFACE('',#9843,0.002,0.785398163397448);
#189=CONICAL_SURFACE('',#9844,0.002,0.78539816339745);
#190=CONICAL_SURFACE('',#9845,0.002,0.785398163397448);
#191=CONICAL_SURFACE('',#9846,0.002,0.78539816339745);
#192=CONICAL_SURFACE('',#9849,0.002,0.785398163397448);
#193=CONICAL_SURFACE('',#9850,0.002,0.78539816339745);
#194=CONICAL_SURFACE('',#9851,0.002,0.785398163397448);
#195=CONICAL_SURFACE('',#9852,0.002,0.78539816339745);
#196=CONICAL_SURFACE('',#9855,0.002,0.785398163397448);
#197=CONICAL_SURFACE('',#9856,0.002,0.78539816339745);
#198=CONICAL_SURFACE('',#9857,0.002,0.785398163397448);
#199=CONICAL_SURFACE('',#9858,0.002,0.78539816339745);
#200=CONICAL_SURFACE('',#9861,0.002,0.785398163397448);
#201=CONICAL_SURFACE('',#9862,0.002,0.78539816339745);
#202=CONICAL_SURFACE('',#9863,0.002,0.785398163397448);
#203=CONICAL_SURFACE('',#9864,0.002,0.78539816339745);
#204=CONICAL_SURFACE('',#9867,0.002,0.785398163397448);
#205=CONICAL_SURFACE('',#9868,0.002,0.78539816339745);
#206=CONICAL_SURFACE('',#9869,0.002,0.785398163397448);
#207=CONICAL_SURFACE('',#9870,0.002,0.78539816339745);
#208=CONICAL_SURFACE('',#9873,0.002,0.785398163397448);
#209=CONICAL_SURFACE('',#9874,0.002,0.785398163397446);
#210=CONICAL_SURFACE('',#9875,0.002,0.785398163397448);
#211=CONICAL_SURFACE('',#9876,0.002,0.78539816339745);
#212=CONICAL_SURFACE('',#9880,0.002,0.785398163397448);
#213=CONICAL_SURFACE('',#9881,0.002,0.785398163397446);
#214=CONICAL_SURFACE('',#9882,0.002,0.785398163397448);
#215=CONICAL_SURFACE('',#9883,0.002,0.78539816339745);
#216=CONICAL_SURFACE('',#9886,0.002,0.78539816339745);
#217=CONICAL_SURFACE('',#9890,0.002,0.78539816339745);
#218=CONICAL_SURFACE('',#9895,0.002,0.785398163397449);
#219=CONICAL_SURFACE('',#9897,0.002,0.785398163397448);
#220=CONICAL_SURFACE('',#9898,0.002,0.785398163397448);
#221=CONICAL_SURFACE('',#9902,0.002,0.785398163397446);
#222=CONICAL_SURFACE('',#9906,0.002,0.785398163397449);
#223=CONICAL_SURFACE('',#9908,0.002,0.785398163397448);
#224=CONICAL_SURFACE('',#9909,0.002,0.785398163397448);
#225=CONICAL_SURFACE('',#9913,0.002,0.785398163397448);
#226=CONICAL_SURFACE('',#9921,0.0041,0.785398163397442);
#227=CONICAL_SURFACE('',#9922,0.006,0.785398163397445);
#228=CONICAL_SURFACE('',#9929,0.0055,0.785398163397448);
#229=CONICAL_SURFACE('',#10010,0.0175,0.785398163397452);
#230=CYLINDRICAL_SURFACE('',#9259,0.0036);
#231=CYLINDRICAL_SURFACE('',#9262,0.001);
#232=CYLINDRICAL_SURFACE('',#9265,0.001);
#233=CYLINDRICAL_SURFACE('',#9268,0.001);
#234=CYLINDRICAL_SURFACE('',#9271,0.001);
#235=CYLINDRICAL_SURFACE('',#9301,0.0025);
#236=CYLINDRICAL_SURFACE('',#9304,0.001);
#237=CYLINDRICAL_SURFACE('',#9309,0.001);
#238=CYLINDRICAL_SURFACE('',#9312,0.0025);
#239=CYLINDRICAL_SURFACE('',#9315,0.001);
#240=CYLINDRICAL_SURFACE('',#9318,0.0025);
#241=CYLINDRICAL_SURFACE('',#9321,0.001);
#242=CYLINDRICAL_SURFACE('',#9324,0.0025);
#243=CYLINDRICAL_SURFACE('',#9329,0.0025);
#244=CYLINDRICAL_SURFACE('',#9331,0.001);
#245=CYLINDRICAL_SURFACE('',#9335,0.001);
#246=CYLINDRICAL_SURFACE('',#9338,0.0025);
#247=CYLINDRICAL_SURFACE('',#9343,0.0025);
#248=CYLINDRICAL_SURFACE('',#9345,0.001);
#249=CYLINDRICAL_SURFACE('',#9349,0.001);
#250=CYLINDRICAL_SURFACE('',#9352,0.0025);
#251=CYLINDRICAL_SURFACE('',#9379,0.0055);
#252=CYLINDRICAL_SURFACE('',#9404,0.00175);
#253=CYLINDRICAL_SURFACE('',#9406,0.00175);
#254=CYLINDRICAL_SURFACE('',#9416,0.00175);
#255=CYLINDRICAL_SURFACE('',#9419,0.00175);
#256=CYLINDRICAL_SURFACE('',#9423,0.00175);
#257=CYLINDRICAL_SURFACE('',#9427,0.00175);
#258=CYLINDRICAL_SURFACE('',#9431,0.00175);
#259=CYLINDRICAL_SURFACE('',#9435,0.00175);
#260=CYLINDRICAL_SURFACE('',#9445,0.002);
#261=CYLINDRICAL_SURFACE('',#9476,0.0175);
#262=CYLINDRICAL_SURFACE('',#9535,0.0015);
#263=CYLINDRICAL_SURFACE('',#9538,0.0015);
#264=CYLINDRICAL_SURFACE('',#9541,0.0015);
#265=CYLINDRICAL_SURFACE('',#9544,0.0015);
#266=CYLINDRICAL_SURFACE('',#9547,0.0015);
#267=CYLINDRICAL_SURFACE('',#9550,0.0015);
#268=CYLINDRICAL_SURFACE('',#9553,0.0015);
#269=CYLINDRICAL_SURFACE('',#9556,0.0015);
#270=CYLINDRICAL_SURFACE('',#9559,0.0015);
#271=CYLINDRICAL_SURFACE('',#9562,0.0015);
#272=CYLINDRICAL_SURFACE('',#9565,0.0015);
#273=CYLINDRICAL_SURFACE('',#9568,0.0015);
#274=CYLINDRICAL_SURFACE('',#9571,0.0015);
#275=CYLINDRICAL_SURFACE('',#9574,0.0015);
#276=CYLINDRICAL_SURFACE('',#9577,0.0015);
#277=CYLINDRICAL_SURFACE('',#9580,0.0015);
#278=CYLINDRICAL_SURFACE('',#9583,0.0015);
#279=CYLINDRICAL_SURFACE('',#9586,0.0015);
#280=CYLINDRICAL_SURFACE('',#9589,0.0015);
#281=CYLINDRICAL_SURFACE('',#9592,0.0015);
#282=CYLINDRICAL_SURFACE('',#9595,0.0015);
#283=CYLINDRICAL_SURFACE('',#9598,0.0015);
#284=CYLINDRICAL_SURFACE('',#9601,0.0015);
#285=CYLINDRICAL_SURFACE('',#9604,0.0015);
#286=CYLINDRICAL_SURFACE('',#9607,0.0015);
#287=CYLINDRICAL_SURFACE('',#9610,0.0015);
#288=CYLINDRICAL_SURFACE('',#9613,0.0015);
#289=CYLINDRICAL_SURFACE('',#9616,0.0015);
#290=CYLINDRICAL_SURFACE('',#9619,0.0015);
#291=CYLINDRICAL_SURFACE('',#9622,0.0015);
#292=CYLINDRICAL_SURFACE('',#9625,0.0015);
#293=CYLINDRICAL_SURFACE('',#9628,0.0015);
#294=CYLINDRICAL_SURFACE('',#9631,0.0015);
#295=CYLINDRICAL_SURFACE('',#9634,0.0015);
#296=CYLINDRICAL_SURFACE('',#9637,0.0015);
#297=CYLINDRICAL_SURFACE('',#9640,0.0015);
#298=CYLINDRICAL_SURFACE('',#9643,0.0015);
#299=CYLINDRICAL_SURFACE('',#9646,0.0015);
#300=CYLINDRICAL_SURFACE('',#9649,0.0015);
#301=CYLINDRICAL_SURFACE('',#9652,0.0015);
#302=CYLINDRICAL_SURFACE('',#9655,0.0015);
#303=CYLINDRICAL_SURFACE('',#9658,0.0015);
#304=CYLINDRICAL_SURFACE('',#9661,0.0015);
#305=CYLINDRICAL_SURFACE('',#9664,0.0015);
#306=CYLINDRICAL_SURFACE('',#9667,0.0015);
#307=CYLINDRICAL_SURFACE('',#9670,0.0015);
#308=CYLINDRICAL_SURFACE('',#9673,0.0015);
#309=CYLINDRICAL_SURFACE('',#9676,0.0015);
#310=CYLINDRICAL_SURFACE('',#9679,0.0015);
#311=CYLINDRICAL_SURFACE('',#9682,0.0015);
#312=CYLINDRICAL_SURFACE('',#9685,0.0015);
#313=CYLINDRICAL_SURFACE('',#9688,0.0015);
#314=CYLINDRICAL_SURFACE('',#9691,0.0015);
#315=CYLINDRICAL_SURFACE('',#9694,0.0015);
#316=CYLINDRICAL_SURFACE('',#9697,0.0015);
#317=CYLINDRICAL_SURFACE('',#9700,0.0015);
#318=CYLINDRICAL_SURFACE('',#9703,0.0015);
#319=CYLINDRICAL_SURFACE('',#9706,0.0015);
#320=CYLINDRICAL_SURFACE('',#9709,0.0015);
#321=CYLINDRICAL_SURFACE('',#9712,0.0015);
#322=CYLINDRICAL_SURFACE('',#9954,0.0025);
#323=CYLINDRICAL_SURFACE('',#9964,0.0025);
#324=CYLINDRICAL_SURFACE('',#9974,0.0025);
#325=CYLINDRICAL_SURFACE('',#9984,0.0025);
#326=CYLINDRICAL_SURFACE('',#9990,0.0035);
#327=CYLINDRICAL_SURFACE('',#9991,0.0035);
#328=CYLINDRICAL_SURFACE('',#9992,0.0035);
#329=CYLINDRICAL_SURFACE('',#9993,0.0035);
#330=CYLINDRICAL_SURFACE('',#9994,0.0075);
#331=CYLINDRICAL_SURFACE('',#9997,0.0075);
#332=CYLINDRICAL_SURFACE('',#9998,0.0075);
#333=CYLINDRICAL_SURFACE('',#10001,0.0075);
#334=CYLINDRICAL_SURFACE('',#10002,0.0075);
#335=CYLINDRICAL_SURFACE('',#10005,0.0075);
#336=CYLINDRICAL_SURFACE('',#10006,0.0075);
#337=CYLINDRICAL_SURFACE('',#10009,0.0075);
#338=CIRCLE('',#9131,0.002);
#339=CIRCLE('',#9132,0.002);
#340=CIRCLE('',#9133,0.002);
#341=CIRCLE('',#9134,0.002);
#342=CIRCLE('',#9135,0.002);
#343=CIRCLE('',#9136,0.002);
#344=CIRCLE('',#9137,0.002);
#345=CIRCLE('',#9138,0.002);
#346=CIRCLE('',#9139,0.002);
#347=CIRCLE('',#9140,0.002);
#348=CIRCLE('',#9141,0.002);
#349=CIRCLE('',#9142,0.002);
#350=CIRCLE('',#9143,0.002);
#351=CIRCLE('',#9144,0.002);
#352=CIRCLE('',#9145,0.002);
#353=CIRCLE('',#9146,0.002);
#354=CIRCLE('',#9147,0.002);
#355=CIRCLE('',#9148,0.002);
#356=CIRCLE('',#9149,0.002);
#357=CIRCLE('',#9150,0.002);
#358=CIRCLE('',#9151,0.002);
#359=CIRCLE('',#9152,0.002);
#360=CIRCLE('',#9153,0.002);
#361=CIRCLE('',#9154,0.002);
#362=CIRCLE('',#9155,0.002);
#363=CIRCLE('',#9156,0.002);
#364=CIRCLE('',#9157,0.002);
#365=CIRCLE('',#9158,0.002);
#366=CIRCLE('',#9159,0.00275);
#367=CIRCLE('',#9161,0.0185);
#368=CIRCLE('',#9162,0.002);
#369=CIRCLE('',#9163,0.002);
#370=CIRCLE('',#9164,0.002);
#371=CIRCLE('',#9165,0.002);
#372=CIRCLE('',#9166,0.002);
#373=CIRCLE('',#9167,0.002);
#374=CIRCLE('',#9168,0.002);
#375=CIRCLE('',#9169,0.002);
#376=CIRCLE('',#9170,0.002);
#377=CIRCLE('',#9171,0.002);
#378=CIRCLE('',#9172,0.002);
#379=CIRCLE('',#9173,0.002);
#380=CIRCLE('',#9174,0.002);
#381=CIRCLE('',#9175,0.002);
#382=CIRCLE('',#9176,0.002);
#383=CIRCLE('',#9177,0.002);
#384=CIRCLE('',#9178,0.002);
#385=CIRCLE('',#9179,0.002);
#386=CIRCLE('',#9180,0.002);
#387=CIRCLE('',#9181,0.002);
#388=CIRCLE('',#9182,0.002);
#389=CIRCLE('',#9183,0.002);
#390=CIRCLE('',#9184,0.002);
#391=CIRCLE('',#9185,0.002);
#392=CIRCLE('',#9186,0.002);
#393=CIRCLE('',#9187,0.002);
#394=CIRCLE('',#9188,0.002);
#395=CIRCLE('',#9189,0.002);
#396=CIRCLE('',#9190,0.00275);
#397=CIRCLE('',#9192,0.002);
#398=CIRCLE('',#9193,0.002);
#399=CIRCLE('',#9194,0.002);
#400=CIRCLE('',#9195,0.002);
#401=CIRCLE('',#9196,0.002);
#402=CIRCLE('',#9197,0.002);
#403=CIRCLE('',#9198,0.002);
#404=CIRCLE('',#9199,0.002);
#405=CIRCLE('',#9200,0.002);
#406=CIRCLE('',#9201,0.002);
#407=CIRCLE('',#9202,0.002);
#408=CIRCLE('',#9203,0.002);
#409=CIRCLE('',#9204,0.002);
#410=CIRCLE('',#9205,0.002);
#411=CIRCLE('',#9206,0.002);
#412=CIRCLE('',#9207,0.002);
#413=CIRCLE('',#9208,0.002);
#414=CIRCLE('',#9209,0.002);
#415=CIRCLE('',#9210,0.002);
#416=CIRCLE('',#9211,0.002);
#417=CIRCLE('',#9212,0.002);
#418=CIRCLE('',#9213,0.002);
#419=CIRCLE('',#9214,0.002);
#420=CIRCLE('',#9215,0.002);
#421=CIRCLE('',#9216,0.002);
#422=CIRCLE('',#9217,0.002);
#423=CIRCLE('',#9218,0.002);
#424=CIRCLE('',#9219,0.002);
#425=CIRCLE('',#9220,0.002);
#426=CIRCLE('',#9221,0.002);
#427=CIRCLE('',#9222,0.002);
#428=CIRCLE('',#9223,0.002);
#429=CIRCLE('',#9224,0.006);
#430=CIRCLE('',#9226,0.002);
#431=CIRCLE('',#9227,0.002);
#432=CIRCLE('',#9228,0.002);
#433=CIRCLE('',#9229,0.002);
#434=CIRCLE('',#9230,0.002);
#435=CIRCLE('',#9231,0.002);
#436=CIRCLE('',#9232,0.002);
#437=CIRCLE('',#9233,0.002);
#438=CIRCLE('',#9234,0.002);
#439=CIRCLE('',#9235,0.002);
#440=CIRCLE('',#9236,0.002);
#441=CIRCLE('',#9237,0.002);
#442=CIRCLE('',#9238,0.002);
#443=CIRCLE('',#9239,0.002);
#444=CIRCLE('',#9240,0.002);
#445=CIRCLE('',#9241,0.002);
#446=CIRCLE('',#9242,0.002);
#447=CIRCLE('',#9243,0.002);
#448=CIRCLE('',#9244,0.002);
#449=CIRCLE('',#9245,0.002);
#450=CIRCLE('',#9246,0.002);
#451=CIRCLE('',#9247,0.002);
#452=CIRCLE('',#9248,0.002);
#453=CIRCLE('',#9249,0.002);
#454=CIRCLE('',#9250,0.002);
#455=CIRCLE('',#9251,0.002);
#456=CIRCLE('',#9252,0.002);
#457=CIRCLE('',#9253,0.002);
#458=CIRCLE('',#9254,0.002);
#459=CIRCLE('',#9255,0.002);
#460=CIRCLE('',#9256,0.002);
#461=CIRCLE('',#9257,0.002);
#462=CIRCLE('',#9258,0.006);
#463=CIRCLE('',#9260,0.0036);
#464=CIRCLE('',#9261,0.0036);
#465=CIRCLE('',#9263,0.001);
#466=CIRCLE('',#9264,0.001);
#467=CIRCLE('',#9266,0.001);
#468=CIRCLE('',#9267,0.001);
#469=CIRCLE('',#9269,0.001);
#470=CIRCLE('',#9270,0.001);
#471=CIRCLE('',#9272,0.001);
#472=CIRCLE('',#9273,0.001);
#473=CIRCLE('',#9275,0.00175);
#474=CIRCLE('',#9277,0.00175);
#475=CIRCLE('',#9279,0.00175);
#476=CIRCLE('',#9281,0.00175);
#477=CIRCLE('',#9285,0.00225);
#478=CIRCLE('',#9286,0.00225);
#479=CIRCLE('',#9287,0.00225);
#480=CIRCLE('',#9288,0.00225);
#481=CIRCLE('',#9293,0.0025);
#482=CIRCLE('',#9294,0.0025);
#483=CIRCLE('',#9295,0.0025);
#484=CIRCLE('',#9296,0.0025);
#485=CIRCLE('',#9297,0.0025);
#486=CIRCLE('',#9298,0.0025);
#487=CIRCLE('',#9299,0.0025);
#488=CIRCLE('',#9300,0.0025);
#489=CIRCLE('',#9302,0.0025);
#490=CIRCLE('',#9305,0.001);
#491=CIRCLE('',#9306,0.001);
#492=CIRCLE('',#9310,0.001);
#493=CIRCLE('',#9311,0.001);
#494=CIRCLE('',#9313,0.0025);
#495=CIRCLE('',#9316,0.001);
#496=CIRCLE('',#9317,0.001);
#497=CIRCLE('',#9319,0.0025);
#498=CIRCLE('',#9322,0.001);
#499=CIRCLE('',#9323,0.001);
#500=CIRCLE('',#9325,0.0025);
#501=CIRCLE('',#9330,0.0025);
#502=CIRCLE('',#9332,0.001);
#503=CIRCLE('',#9333,0.001);
#504=CIRCLE('',#9336,0.001);
#505=CIRCLE('',#9337,0.001);
#506=CIRCLE('',#9339,0.0025);
#507=CIRCLE('',#9344,0.0025);
#508=CIRCLE('',#9346,0.001);
#509=CIRCLE('',#9347,0.001);
#510=CIRCLE('',#9350,0.001);
#511=CIRCLE('',#9351,0.001);
#512=CIRCLE('',#9353,0.0025);
#513=CIRCLE('',#9380,0.0055);
#514=CIRCLE('',#9381,0.0055);
#515=CIRCLE('',#9405,0.00175);
#516=CIRCLE('',#9407,0.00175);
#517=CIRCLE('',#9417,0.00175);
#518=CIRCLE('',#9420,0.00175);
#519=CIRCLE('',#9424,0.00175);
#520=CIRCLE('',#9425,0.00175);
#521=CIRCLE('',#9428,0.00175);
#522=CIRCLE('',#9429,0.00175);
#523=CIRCLE('',#9432,0.00175);
#524=CIRCLE('',#9433,0.00175);
#525=CIRCLE('',#9436,0.00175);
#526=CIRCLE('',#9437,0.00175);
#527=CIRCLE('',#9446,0.002);
#528=CIRCLE('',#9447,0.002);
#529=CIRCLE('',#9469,0.0041);
#530=CIRCLE('',#9477,0.0175);
#531=CIRCLE('',#9478,0.0175);
#532=CIRCLE('',#9536,0.0015);
#533=CIRCLE('',#9537,0.0015);
#534=CIRCLE('',#9539,0.0015);
#535=CIRCLE('',#9540,0.0015);
#536=CIRCLE('',#9542,0.0015);
#537=CIRCLE('',#9543,0.0015);
#538=CIRCLE('',#9545,0.0015);
#539=CIRCLE('',#9546,0.0015);
#540=CIRCLE('',#9548,0.0015);
#541=CIRCLE('',#9549,0.0015);
#542=CIRCLE('',#9551,0.0015);
#543=CIRCLE('',#9552,0.0015);
#544=CIRCLE('',#9554,0.0015);
#545=CIRCLE('',#9555,0.0015);
#546=CIRCLE('',#9557,0.0015);
#547=CIRCLE('',#9558,0.0015);
#548=CIRCLE('',#9560,0.0015);
#549=CIRCLE('',#9561,0.0015);
#550=CIRCLE('',#9563,0.0015);
#551=CIRCLE('',#9564,0.0015);
#552=CIRCLE('',#9566,0.0015);
#553=CIRCLE('',#9567,0.0015);
#554=CIRCLE('',#9569,0.0015);
#555=CIRCLE('',#9570,0.0015);
#556=CIRCLE('',#9572,0.0015);
#557=CIRCLE('',#9573,0.0015);
#558=CIRCLE('',#9575,0.0015);
#559=CIRCLE('',#9576,0.0015);
#560=CIRCLE('',#9578,0.0015);
#561=CIRCLE('',#9579,0.0015);
#562=CIRCLE('',#9581,0.0015);
#563=CIRCLE('',#9582,0.0015);
#564=CIRCLE('',#9584,0.0015);
#565=CIRCLE('',#9585,0.0015);
#566=CIRCLE('',#9587,0.0015);
#567=CIRCLE('',#9588,0.0015);
#568=CIRCLE('',#9590,0.0015);
#569=CIRCLE('',#9591,0.0015);
#570=CIRCLE('',#9593,0.0015);
#571=CIRCLE('',#9594,0.0015);
#572=CIRCLE('',#9596,0.0015);
#573=CIRCLE('',#9597,0.0015);
#574=CIRCLE('',#9599,0.0015);
#575=CIRCLE('',#9600,0.0015);
#576=CIRCLE('',#9602,0.0015);
#577=CIRCLE('',#9603,0.0015);
#578=CIRCLE('',#9605,0.0015);
#579=CIRCLE('',#9606,0.0015);
#580=CIRCLE('',#9608,0.0015);
#581=CIRCLE('',#9609,0.0015);
#582=CIRCLE('',#9611,0.0015);
#583=CIRCLE('',#9612,0.0015);
#584=CIRCLE('',#9614,0.0015);
#585=CIRCLE('',#9615,0.0015);
#586=CIRCLE('',#9617,0.0015);
#587=CIRCLE('',#9618,0.0015);
#588=CIRCLE('',#9620,0.0015);
#589=CIRCLE('',#9621,0.0015);
#590=CIRCLE('',#9623,0.0015);
#591=CIRCLE('',#9624,0.0015);
#592=CIRCLE('',#9626,0.0015);
#593=CIRCLE('',#9627,0.0015);
#594=CIRCLE('',#9629,0.0015);
#595=CIRCLE('',#9630,0.0015);
#596=CIRCLE('',#9632,0.0015);
#597=CIRCLE('',#9633,0.0015);
#598=CIRCLE('',#9635,0.0015);
#599=CIRCLE('',#9636,0.0015);
#600=CIRCLE('',#9638,0.0015);
#601=CIRCLE('',#9639,0.0015);
#602=CIRCLE('',#9641,0.0015);
#603=CIRCLE('',#9642,0.0015);
#604=CIRCLE('',#9644,0.0015);
#605=CIRCLE('',#9645,0.0015);
#606=CIRCLE('',#9647,0.0015);
#607=CIRCLE('',#9648,0.0015);
#608=CIRCLE('',#9650,0.0015);
#609=CIRCLE('',#9651,0.0015);
#610=CIRCLE('',#9653,0.0015);
#611=CIRCLE('',#9654,0.0015);
#612=CIRCLE('',#9656,0.0015);
#613=CIRCLE('',#9657,0.0015);
#614=CIRCLE('',#9659,0.0015);
#615=CIRCLE('',#9660,0.0015);
#616=CIRCLE('',#9662,0.0015);
#617=CIRCLE('',#9663,0.0015);
#618=CIRCLE('',#9665,0.0015);
#619=CIRCLE('',#9666,0.0015);
#620=CIRCLE('',#9668,0.0015);
#621=CIRCLE('',#9669,0.0015);
#622=CIRCLE('',#9671,0.0015);
#623=CIRCLE('',#9672,0.0015);
#624=CIRCLE('',#9674,0.0015);
#625=CIRCLE('',#9675,0.0015);
#626=CIRCLE('',#9677,0.0015);
#627=CIRCLE('',#9678,0.0015);
#628=CIRCLE('',#9680,0.0015);
#629=CIRCLE('',#9681,0.0015);
#630=CIRCLE('',#9683,0.0015);
#631=CIRCLE('',#9684,0.0015);
#632=CIRCLE('',#9686,0.0015);
#633=CIRCLE('',#9687,0.0015);
#634=CIRCLE('',#9689,0.0015);
#635=CIRCLE('',#9690,0.0015);
#636=CIRCLE('',#9692,0.0015);
#637=CIRCLE('',#9693,0.0015);
#638=CIRCLE('',#9695,0.0015);
#639=CIRCLE('',#9696,0.0015);
#640=CIRCLE('',#9698,0.0015);
#641=CIRCLE('',#9699,0.0015);
#642=CIRCLE('',#9701,0.0015);
#643=CIRCLE('',#9702,0.0015);
#644=CIRCLE('',#9704,0.0015);
#645=CIRCLE('',#9705,0.0015);
#646=CIRCLE('',#9707,0.0015);
#647=CIRCLE('',#9708,0.0015);
#648=CIRCLE('',#9710,0.0015);
#649=CIRCLE('',#9711,0.0015);
#650=CIRCLE('',#9713,0.0015);
#651=CIRCLE('',#9714,0.0015);
#652=CIRCLE('',#9951,0.0075);
#653=CIRCLE('',#9953,0.0075);
#654=CIRCLE('',#9955,0.0025);
#655=CIRCLE('',#9957,0.0035);
#656=CIRCLE('',#9959,0.0035);
#657=CIRCLE('',#9961,0.0075);
#658=CIRCLE('',#9963,0.0075);
#659=CIRCLE('',#9965,0.0025);
#660=CIRCLE('',#9967,0.0035);
#661=CIRCLE('',#9969,0.0035);
#662=CIRCLE('',#9971,0.0075);
#663=CIRCLE('',#9973,0.0075);
#664=CIRCLE('',#9975,0.0025);
#665=CIRCLE('',#9977,0.0035);
#666=CIRCLE('',#9979,0.0035);
#667=CIRCLE('',#9981,0.0075);
#668=CIRCLE('',#9983,0.0075);
#669=CIRCLE('',#9985,0.0025);
#670=CIRCLE('',#9987,0.0035);
#671=CIRCLE('',#9989,0.0035);
#672=ORIENTED_EDGE('',*,*,#3202,.F.);
#673=ORIENTED_EDGE('',*,*,#3203,.T.);
#674=ORIENTED_EDGE('',*,*,#3204,.T.);
#675=ORIENTED_EDGE('',*,*,#3205,.F.);
#676=ORIENTED_EDGE('',*,*,#3206,.F.);
#677=ORIENTED_EDGE('',*,*,#3207,.T.);
#678=ORIENTED_EDGE('',*,*,#3208,.T.);
#679=ORIENTED_EDGE('',*,*,#3209,.F.);
#680=ORIENTED_EDGE('',*,*,#3210,.F.);
#681=ORIENTED_EDGE('',*,*,#3211,.T.);
#682=ORIENTED_EDGE('',*,*,#3212,.T.);
#683=ORIENTED_EDGE('',*,*,#3213,.T.);
#684=ORIENTED_EDGE('',*,*,#3214,.T.);
#685=ORIENTED_EDGE('',*,*,#3215,.T.);
#686=ORIENTED_EDGE('',*,*,#3216,.T.);
#687=ORIENTED_EDGE('',*,*,#3217,.T.);
#688=ORIENTED_EDGE('',*,*,#3218,.T.);
#689=ORIENTED_EDGE('',*,*,#3219,.F.);
#690=ORIENTED_EDGE('',*,*,#3220,.T.);
#691=ORIENTED_EDGE('',*,*,#3221,.F.);
#692=ORIENTED_EDGE('',*,*,#3222,.T.);
#693=ORIENTED_EDGE('',*,*,#3223,.T.);
#694=ORIENTED_EDGE('',*,*,#3224,.T.);
#695=ORIENTED_EDGE('',*,*,#3225,.F.);
#696=ORIENTED_EDGE('',*,*,#3226,.F.);
#697=ORIENTED_EDGE('',*,*,#3227,.F.);
#698=ORIENTED_EDGE('',*,*,#3228,.T.);
#699=ORIENTED_EDGE('',*,*,#3229,.F.);
#700=ORIENTED_EDGE('',*,*,#3230,.T.);
#701=ORIENTED_EDGE('',*,*,#3231,.T.);
#702=ORIENTED_EDGE('',*,*,#3232,.T.);
#703=ORIENTED_EDGE('',*,*,#3233,.T.);
#704=ORIENTED_EDGE('',*,*,#3234,.T.);
#705=ORIENTED_EDGE('',*,*,#3235,.T.);
#706=ORIENTED_EDGE('',*,*,#3236,.T.);
#707=ORIENTED_EDGE('',*,*,#3237,.T.);
#708=ORIENTED_EDGE('',*,*,#3238,.T.);
#709=ORIENTED_EDGE('',*,*,#3239,.T.);
#710=ORIENTED_EDGE('',*,*,#3240,.T.);
#711=ORIENTED_EDGE('',*,*,#3241,.T.);
#712=ORIENTED_EDGE('',*,*,#3242,.T.);
#713=ORIENTED_EDGE('',*,*,#3243,.T.);
#714=ORIENTED_EDGE('',*,*,#3244,.T.);
#715=ORIENTED_EDGE('',*,*,#3245,.T.);
#716=ORIENTED_EDGE('',*,*,#3246,.T.);
#717=ORIENTED_EDGE('',*,*,#3247,.T.);
#718=ORIENTED_EDGE('',*,*,#3248,.T.);
#719=ORIENTED_EDGE('',*,*,#3249,.T.);
#720=ORIENTED_EDGE('',*,*,#3250,.T.);
#721=ORIENTED_EDGE('',*,*,#3251,.T.);
#722=ORIENTED_EDGE('',*,*,#3252,.T.);
#723=ORIENTED_EDGE('',*,*,#3253,.T.);
#724=ORIENTED_EDGE('',*,*,#3254,.T.);
#725=ORIENTED_EDGE('',*,*,#3255,.T.);
#726=ORIENTED_EDGE('',*,*,#3256,.T.);
#727=ORIENTED_EDGE('',*,*,#3257,.T.);
#728=ORIENTED_EDGE('',*,*,#3258,.T.);
#729=ORIENTED_EDGE('',*,*,#3259,.T.);
#730=ORIENTED_EDGE('',*,*,#3260,.T.);
#731=ORIENTED_EDGE('',*,*,#3261,.T.);
#732=ORIENTED_EDGE('',*,*,#3262,.T.);
#733=ORIENTED_EDGE('',*,*,#3263,.T.);
#734=ORIENTED_EDGE('',*,*,#3264,.T.);
#735=ORIENTED_EDGE('',*,*,#3265,.T.);
#736=ORIENTED_EDGE('',*,*,#3266,.T.);
#737=ORIENTED_EDGE('',*,*,#3267,.T.);
#738=ORIENTED_EDGE('',*,*,#3268,.T.);
#739=ORIENTED_EDGE('',*,*,#3269,.T.);
#740=ORIENTED_EDGE('',*,*,#3270,.F.);
#741=ORIENTED_EDGE('',*,*,#3271,.T.);
#742=ORIENTED_EDGE('',*,*,#3272,.T.);
#743=ORIENTED_EDGE('',*,*,#3273,.T.);
#744=ORIENTED_EDGE('',*,*,#3274,.T.);
#745=ORIENTED_EDGE('',*,*,#3275,.T.);
#746=ORIENTED_EDGE('',*,*,#3276,.T.);
#747=ORIENTED_EDGE('',*,*,#3277,.T.);
#748=ORIENTED_EDGE('',*,*,#3278,.T.);
#749=ORIENTED_EDGE('',*,*,#3279,.T.);
#750=ORIENTED_EDGE('',*,*,#3280,.T.);
#751=ORIENTED_EDGE('',*,*,#3281,.T.);
#752=ORIENTED_EDGE('',*,*,#3282,.T.);
#753=ORIENTED_EDGE('',*,*,#3283,.T.);
#754=ORIENTED_EDGE('',*,*,#3284,.T.);
#755=ORIENTED_EDGE('',*,*,#3285,.T.);
#756=ORIENTED_EDGE('',*,*,#3286,.T.);
#757=ORIENTED_EDGE('',*,*,#3287,.T.);
#758=ORIENTED_EDGE('',*,*,#3288,.T.);
#759=ORIENTED_EDGE('',*,*,#3289,.T.);
#760=ORIENTED_EDGE('',*,*,#3290,.T.);
#761=ORIENTED_EDGE('',*,*,#3291,.T.);
#762=ORIENTED_EDGE('',*,*,#3292,.T.);
#763=ORIENTED_EDGE('',*,*,#3293,.T.);
#764=ORIENTED_EDGE('',*,*,#3294,.T.);
#765=ORIENTED_EDGE('',*,*,#3295,.T.);
#766=ORIENTED_EDGE('',*,*,#3296,.T.);
#767=ORIENTED_EDGE('',*,*,#3297,.T.);
#768=ORIENTED_EDGE('',*,*,#3298,.T.);
#769=ORIENTED_EDGE('',*,*,#3299,.T.);
#770=ORIENTED_EDGE('',*,*,#3300,.T.);
#771=ORIENTED_EDGE('',*,*,#3301,.T.);
#772=ORIENTED_EDGE('',*,*,#3302,.T.);
#773=ORIENTED_EDGE('',*,*,#3303,.T.);
#774=ORIENTED_EDGE('',*,*,#3304,.T.);
#775=ORIENTED_EDGE('',*,*,#3305,.T.);
#776=ORIENTED_EDGE('',*,*,#3306,.T.);
#777=ORIENTED_EDGE('',*,*,#3307,.T.);
#778=ORIENTED_EDGE('',*,*,#3308,.T.);
#779=ORIENTED_EDGE('',*,*,#3309,.T.);
#780=ORIENTED_EDGE('',*,*,#3310,.T.);
#781=ORIENTED_EDGE('',*,*,#3311,.T.);
#782=ORIENTED_EDGE('',*,*,#3312,.T.);
#783=ORIENTED_EDGE('',*,*,#3313,.T.);
#784=ORIENTED_EDGE('',*,*,#3314,.T.);
#785=ORIENTED_EDGE('',*,*,#3315,.T.);
#786=ORIENTED_EDGE('',*,*,#3316,.T.);
#787=ORIENTED_EDGE('',*,*,#3317,.T.);
#788=ORIENTED_EDGE('',*,*,#3318,.T.);
#789=ORIENTED_EDGE('',*,*,#3319,.T.);
#790=ORIENTED_EDGE('',*,*,#3320,.T.);
#791=ORIENTED_EDGE('',*,*,#3321,.T.);
#792=ORIENTED_EDGE('',*,*,#3322,.T.);
#793=ORIENTED_EDGE('',*,*,#3323,.T.);
#794=ORIENTED_EDGE('',*,*,#3324,.T.);
#795=ORIENTED_EDGE('',*,*,#3325,.T.);
#796=ORIENTED_EDGE('',*,*,#3326,.T.);
#797=ORIENTED_EDGE('',*,*,#3327,.F.);
#798=ORIENTED_EDGE('',*,*,#3328,.T.);
#799=ORIENTED_EDGE('',*,*,#3329,.T.);
#800=ORIENTED_EDGE('',*,*,#3330,.T.);
#801=ORIENTED_EDGE('',*,*,#3331,.T.);
#802=ORIENTED_EDGE('',*,*,#3332,.T.);
#803=ORIENTED_EDGE('',*,*,#3333,.T.);
#804=ORIENTED_EDGE('',*,*,#3334,.T.);
#805=ORIENTED_EDGE('',*,*,#3335,.T.);
#806=ORIENTED_EDGE('',*,*,#3336,.T.);
#807=ORIENTED_EDGE('',*,*,#3337,.T.);
#808=ORIENTED_EDGE('',*,*,#3338,.T.);
#809=ORIENTED_EDGE('',*,*,#3339,.T.);
#810=ORIENTED_EDGE('',*,*,#3340,.T.);
#811=ORIENTED_EDGE('',*,*,#3341,.T.);
#812=ORIENTED_EDGE('',*,*,#3342,.T.);
#813=ORIENTED_EDGE('',*,*,#3343,.T.);
#814=ORIENTED_EDGE('',*,*,#3344,.T.);
#815=ORIENTED_EDGE('',*,*,#3345,.T.);
#816=ORIENTED_EDGE('',*,*,#3346,.T.);
#817=ORIENTED_EDGE('',*,*,#3347,.T.);
#818=ORIENTED_EDGE('',*,*,#3348,.T.);
#819=ORIENTED_EDGE('',*,*,#3349,.T.);
#820=ORIENTED_EDGE('',*,*,#3350,.T.);
#821=ORIENTED_EDGE('',*,*,#3351,.T.);
#822=ORIENTED_EDGE('',*,*,#3352,.T.);
#823=ORIENTED_EDGE('',*,*,#3353,.T.);
#824=ORIENTED_EDGE('',*,*,#3354,.T.);
#825=ORIENTED_EDGE('',*,*,#3355,.T.);
#826=ORIENTED_EDGE('',*,*,#3356,.T.);
#827=ORIENTED_EDGE('',*,*,#3357,.T.);
#828=ORIENTED_EDGE('',*,*,#3358,.T.);
#829=ORIENTED_EDGE('',*,*,#3359,.T.);
#830=ORIENTED_EDGE('',*,*,#3360,.T.);
#831=ORIENTED_EDGE('',*,*,#3361,.T.);
#832=ORIENTED_EDGE('',*,*,#3362,.T.);
#833=ORIENTED_EDGE('',*,*,#3363,.T.);
#834=ORIENTED_EDGE('',*,*,#3364,.T.);
#835=ORIENTED_EDGE('',*,*,#3365,.T.);
#836=ORIENTED_EDGE('',*,*,#3366,.T.);
#837=ORIENTED_EDGE('',*,*,#3367,.T.);
#838=ORIENTED_EDGE('',*,*,#3368,.T.);
#839=ORIENTED_EDGE('',*,*,#3369,.T.);
#840=ORIENTED_EDGE('',*,*,#3370,.T.);
#841=ORIENTED_EDGE('',*,*,#3371,.T.);
#842=ORIENTED_EDGE('',*,*,#3372,.T.);
#843=ORIENTED_EDGE('',*,*,#3373,.T.);
#844=ORIENTED_EDGE('',*,*,#3374,.T.);
#845=ORIENTED_EDGE('',*,*,#3375,.T.);
#846=ORIENTED_EDGE('',*,*,#3376,.T.);
#847=ORIENTED_EDGE('',*,*,#3377,.T.);
#848=ORIENTED_EDGE('',*,*,#3378,.T.);
#849=ORIENTED_EDGE('',*,*,#3379,.T.);
#850=ORIENTED_EDGE('',*,*,#3380,.T.);
#851=ORIENTED_EDGE('',*,*,#3381,.T.);
#852=ORIENTED_EDGE('',*,*,#3382,.T.);
#853=ORIENTED_EDGE('',*,*,#3383,.T.);
#854=ORIENTED_EDGE('',*,*,#3384,.T.);
#855=ORIENTED_EDGE('',*,*,#3385,.F.);
#856=ORIENTED_EDGE('',*,*,#3386,.T.);
#857=ORIENTED_EDGE('',*,*,#3387,.T.);
#858=ORIENTED_EDGE('',*,*,#3388,.T.);
#859=ORIENTED_EDGE('',*,*,#3389,.T.);
#860=ORIENTED_EDGE('',*,*,#3390,.T.);
#861=ORIENTED_EDGE('',*,*,#3391,.T.);
#862=ORIENTED_EDGE('',*,*,#3392,.T.);
#863=ORIENTED_EDGE('',*,*,#3393,.T.);
#864=ORIENTED_EDGE('',*,*,#3394,.T.);
#865=ORIENTED_EDGE('',*,*,#3395,.T.);
#866=ORIENTED_EDGE('',*,*,#3396,.T.);
#867=ORIENTED_EDGE('',*,*,#3397,.T.);
#868=ORIENTED_EDGE('',*,*,#3398,.T.);
#869=ORIENTED_EDGE('',*,*,#3399,.T.);
#870=ORIENTED_EDGE('',*,*,#3400,.T.);
#871=ORIENTED_EDGE('',*,*,#3401,.T.);
#872=ORIENTED_EDGE('',*,*,#3402,.T.);
#873=ORIENTED_EDGE('',*,*,#3403,.T.);
#874=ORIENTED_EDGE('',*,*,#3404,.F.);
#875=ORIENTED_EDGE('',*,*,#3405,.F.);
#876=ORIENTED_EDGE('',*,*,#3406,.F.);
#877=ORIENTED_EDGE('',*,*,#3407,.T.);
#878=ORIENTED_EDGE('',*,*,#3408,.F.);
#879=ORIENTED_EDGE('',*,*,#3409,.F.);
#880=ORIENTED_EDGE('',*,*,#3410,.F.);
#881=ORIENTED_EDGE('',*,*,#3218,.F.);
#882=ORIENTED_EDGE('',*,*,#3411,.T.);
#883=ORIENTED_EDGE('',*,*,#3412,.T.);
#884=ORIENTED_EDGE('',*,*,#3413,.F.);
#885=ORIENTED_EDGE('',*,*,#3208,.F.);
#886=ORIENTED_EDGE('',*,*,#3414,.T.);
#887=ORIENTED_EDGE('',*,*,#3415,.T.);
#888=ORIENTED_EDGE('',*,*,#3416,.F.);
#889=ORIENTED_EDGE('',*,*,#3417,.F.);
#890=ORIENTED_EDGE('',*,*,#3418,.T.);
#891=ORIENTED_EDGE('',*,*,#3419,.T.);
#892=ORIENTED_EDGE('',*,*,#3420,.T.);
#893=ORIENTED_EDGE('',*,*,#3421,.T.);
#894=ORIENTED_EDGE('',*,*,#3422,.T.);
#895=ORIENTED_EDGE('',*,*,#3423,.T.);
#896=ORIENTED_EDGE('',*,*,#3424,.T.);
#897=ORIENTED_EDGE('',*,*,#3425,.T.);
#898=ORIENTED_EDGE('',*,*,#3426,.T.);
#899=ORIENTED_EDGE('',*,*,#3427,.T.);
#900=ORIENTED_EDGE('',*,*,#3428,.T.);
#901=ORIENTED_EDGE('',*,*,#3429,.T.);
#902=ORIENTED_EDGE('',*,*,#3430,.T.);
#903=ORIENTED_EDGE('',*,*,#3431,.T.);
#904=ORIENTED_EDGE('',*,*,#3432,.T.);
#905=ORIENTED_EDGE('',*,*,#3433,.T.);
#906=ORIENTED_EDGE('',*,*,#3434,.T.);
#907=ORIENTED_EDGE('',*,*,#3435,.T.);
#908=ORIENTED_EDGE('',*,*,#3436,.T.);
#909=ORIENTED_EDGE('',*,*,#3437,.T.);
#910=ORIENTED_EDGE('',*,*,#3438,.T.);
#911=ORIENTED_EDGE('',*,*,#3439,.T.);
#912=ORIENTED_EDGE('',*,*,#3440,.T.);
#913=ORIENTED_EDGE('',*,*,#3441,.T.);
#914=ORIENTED_EDGE('',*,*,#3442,.T.);
#915=ORIENTED_EDGE('',*,*,#3443,.T.);
#916=ORIENTED_EDGE('',*,*,#3444,.T.);
#917=ORIENTED_EDGE('',*,*,#3445,.T.);
#918=ORIENTED_EDGE('',*,*,#3446,.T.);
#919=ORIENTED_EDGE('',*,*,#3447,.T.);
#920=ORIENTED_EDGE('',*,*,#3448,.T.);
#921=ORIENTED_EDGE('',*,*,#3449,.T.);
#922=ORIENTED_EDGE('',*,*,#3450,.T.);
#923=ORIENTED_EDGE('',*,*,#3451,.T.);
#924=ORIENTED_EDGE('',*,*,#3452,.T.);
#925=ORIENTED_EDGE('',*,*,#3453,.T.);
#926=ORIENTED_EDGE('',*,*,#3454,.T.);
#927=ORIENTED_EDGE('',*,*,#3455,.T.);
#928=ORIENTED_EDGE('',*,*,#3456,.T.);
#929=ORIENTED_EDGE('',*,*,#3457,.T.);
#930=ORIENTED_EDGE('',*,*,#3458,.T.);
#931=ORIENTED_EDGE('',*,*,#3459,.T.);
#932=ORIENTED_EDGE('',*,*,#3460,.T.);
#933=ORIENTED_EDGE('',*,*,#3461,.T.);
#934=ORIENTED_EDGE('',*,*,#3462,.T.);
#935=ORIENTED_EDGE('',*,*,#3463,.T.);
#936=ORIENTED_EDGE('',*,*,#3464,.T.);
#937=ORIENTED_EDGE('',*,*,#3465,.T.);
#938=ORIENTED_EDGE('',*,*,#3466,.T.);
#939=ORIENTED_EDGE('',*,*,#3467,.T.);
#940=ORIENTED_EDGE('',*,*,#3468,.T.);
#941=ORIENTED_EDGE('',*,*,#3469,.T.);
#942=ORIENTED_EDGE('',*,*,#3470,.T.);
#943=ORIENTED_EDGE('',*,*,#3471,.T.);
#944=ORIENTED_EDGE('',*,*,#3472,.T.);
#945=ORIENTED_EDGE('',*,*,#3473,.T.);
#946=ORIENTED_EDGE('',*,*,#3474,.F.);
#947=ORIENTED_EDGE('',*,*,#3475,.T.);
#948=ORIENTED_EDGE('',*,*,#3476,.T.);
#949=ORIENTED_EDGE('',*,*,#3477,.F.);
#950=ORIENTED_EDGE('',*,*,#3478,.T.);
#951=ORIENTED_EDGE('',*,*,#3479,.T.);
#952=ORIENTED_EDGE('',*,*,#3480,.T.);
#953=ORIENTED_EDGE('',*,*,#3481,.T.);
#954=ORIENTED_EDGE('',*,*,#3482,.F.);
#955=ORIENTED_EDGE('',*,*,#3483,.T.);
#956=ORIENTED_EDGE('',*,*,#3484,.T.);
#957=ORIENTED_EDGE('',*,*,#3485,.T.);
#958=ORIENTED_EDGE('',*,*,#3486,.T.);
#959=ORIENTED_EDGE('',*,*,#3487,.T.);
#960=ORIENTED_EDGE('',*,*,#3488,.T.);
#961=ORIENTED_EDGE('',*,*,#3489,.T.);
#962=ORIENTED_EDGE('',*,*,#3490,.T.);
#963=ORIENTED_EDGE('',*,*,#3491,.T.);
#964=ORIENTED_EDGE('',*,*,#3492,.T.);
#965=ORIENTED_EDGE('',*,*,#3485,.F.);
#966=ORIENTED_EDGE('',*,*,#3493,.F.);
#967=ORIENTED_EDGE('',*,*,#3487,.F.);
#968=ORIENTED_EDGE('',*,*,#3494,.F.);
#969=ORIENTED_EDGE('',*,*,#3491,.F.);
#970=ORIENTED_EDGE('',*,*,#3495,.F.);
#971=ORIENTED_EDGE('',*,*,#3489,.F.);
#972=ORIENTED_EDGE('',*,*,#3496,.F.);
#973=ORIENTED_EDGE('',*,*,#3497,.F.);
#974=ORIENTED_EDGE('',*,*,#3498,.T.);
#975=ORIENTED_EDGE('',*,*,#3499,.T.);
#976=ORIENTED_EDGE('',*,*,#3500,.T.);
#977=ORIENTED_EDGE('',*,*,#3501,.F.);
#978=ORIENTED_EDGE('',*,*,#3502,.F.);
#979=ORIENTED_EDGE('',*,*,#3206,.T.);
#980=ORIENTED_EDGE('',*,*,#3503,.T.);
#981=ORIENTED_EDGE('',*,*,#3504,.F.);
#982=ORIENTED_EDGE('',*,*,#3505,.T.);
#983=ORIENTED_EDGE('',*,*,#3202,.T.);
#984=ORIENTED_EDGE('',*,*,#3506,.T.);
#985=ORIENTED_EDGE('',*,*,#3507,.T.);
#986=ORIENTED_EDGE('',*,*,#3508,.T.);
#987=ORIENTED_EDGE('',*,*,#3509,.T.);
#988=ORIENTED_EDGE('',*,*,#3510,.T.);
#989=ORIENTED_EDGE('',*,*,#3511,.T.);
#990=ORIENTED_EDGE('',*,*,#3512,.F.);
#991=ORIENTED_EDGE('',*,*,#3513,.F.);
#992=ORIENTED_EDGE('',*,*,#3514,.T.);
#993=ORIENTED_EDGE('',*,*,#3515,.F.);
#994=ORIENTED_EDGE('',*,*,#3516,.T.);
#995=ORIENTED_EDGE('',*,*,#3517,.T.);
#996=ORIENTED_EDGE('',*,*,#3518,.T.);
#997=ORIENTED_EDGE('',*,*,#3519,.T.);
#998=ORIENTED_EDGE('',*,*,#3520,.F.);
#999=ORIENTED_EDGE('',*,*,#3521,.F.);
#1000=ORIENTED_EDGE('',*,*,#3522,.T.);
#1001=ORIENTED_EDGE('',*,*,#3523,.T.);
#1002=ORIENTED_EDGE('',*,*,#3524,.T.);
#1003=ORIENTED_EDGE('',*,*,#3525,.T.);
#1004=ORIENTED_EDGE('',*,*,#3526,.T.);
#1005=ORIENTED_EDGE('',*,*,#3527,.T.);
#1006=ORIENTED_EDGE('',*,*,#3528,.T.);
#1007=ORIENTED_EDGE('',*,*,#3529,.F.);
#1008=ORIENTED_EDGE('',*,*,#3530,.T.);
#1009=ORIENTED_EDGE('',*,*,#3531,.T.);
#1010=ORIENTED_EDGE('',*,*,#3532,.F.);
#1011=ORIENTED_EDGE('',*,*,#3533,.T.);
#1012=ORIENTED_EDGE('',*,*,#3534,.T.);
#1013=ORIENTED_EDGE('',*,*,#3535,.T.);
#1014=ORIENTED_EDGE('',*,*,#3536,.F.);
#1015=ORIENTED_EDGE('',*,*,#3537,.T.);
#1016=ORIENTED_EDGE('',*,*,#3538,.T.);
#1017=ORIENTED_EDGE('',*,*,#3539,.T.);
#1018=ORIENTED_EDGE('',*,*,#3540,.T.);
#1019=ORIENTED_EDGE('',*,*,#3541,.T.);
#1020=ORIENTED_EDGE('',*,*,#3542,.T.);
#1021=ORIENTED_EDGE('',*,*,#3543,.T.);
#1022=ORIENTED_EDGE('',*,*,#3544,.F.);
#1023=ORIENTED_EDGE('',*,*,#3545,.T.);
#1024=ORIENTED_EDGE('',*,*,#3546,.T.);
#1025=ORIENTED_EDGE('',*,*,#3547,.T.);
#1026=ORIENTED_EDGE('',*,*,#3548,.T.);
#1027=ORIENTED_EDGE('',*,*,#3549,.T.);
#1028=ORIENTED_EDGE('',*,*,#3550,.T.);
#1029=ORIENTED_EDGE('',*,*,#3551,.T.);
#1030=ORIENTED_EDGE('',*,*,#3552,.T.);
#1031=ORIENTED_EDGE('',*,*,#3553,.T.);
#1032=ORIENTED_EDGE('',*,*,#3554,.T.);
#1033=ORIENTED_EDGE('',*,*,#3403,.F.);
#1034=ORIENTED_EDGE('',*,*,#3555,.T.);
#1035=ORIENTED_EDGE('',*,*,#3556,.T.);
#1036=ORIENTED_EDGE('',*,*,#3557,.T.);
#1037=ORIENTED_EDGE('',*,*,#3415,.F.);
#1038=ORIENTED_EDGE('',*,*,#3558,.F.);
#1039=ORIENTED_EDGE('',*,*,#3501,.T.);
#1040=ORIENTED_EDGE('',*,*,#3559,.T.);
#1041=ORIENTED_EDGE('',*,*,#3560,.F.);
#1042=ORIENTED_EDGE('',*,*,#3561,.T.);
#1043=ORIENTED_EDGE('',*,*,#3497,.T.);
#1044=ORIENTED_EDGE('',*,*,#3562,.T.);
#1045=ORIENTED_EDGE('',*,*,#3563,.F.);
#1046=ORIENTED_EDGE('',*,*,#3564,.T.);
#1047=ORIENTED_EDGE('',*,*,#3565,.T.);
#1048=ORIENTED_EDGE('',*,*,#3566,.T.);
#1049=ORIENTED_EDGE('',*,*,#3567,.T.);
#1050=ORIENTED_EDGE('',*,*,#3568,.T.);
#1051=ORIENTED_EDGE('',*,*,#3569,.T.);
#1052=ORIENTED_EDGE('',*,*,#3570,.F.);
#1053=ORIENTED_EDGE('',*,*,#3571,.T.);
#1054=ORIENTED_EDGE('',*,*,#3572,.T.);
#1055=ORIENTED_EDGE('',*,*,#3573,.T.);
#1056=ORIENTED_EDGE('',*,*,#3574,.F.);
#1057=ORIENTED_EDGE('',*,*,#3414,.F.);
#1058=ORIENTED_EDGE('',*,*,#3207,.F.);
#1059=ORIENTED_EDGE('',*,*,#3502,.T.);
#1060=ORIENTED_EDGE('',*,*,#3558,.T.);
#1061=ORIENTED_EDGE('',*,*,#3549,.F.);
#1062=ORIENTED_EDGE('',*,*,#3575,.T.);
#1063=ORIENTED_EDGE('',*,*,#3327,.T.);
#1064=ORIENTED_EDGE('',*,*,#3576,.T.);
#1065=ORIENTED_EDGE('',*,*,#3385,.T.);
#1066=ORIENTED_EDGE('',*,*,#3577,.T.);
#1067=ORIENTED_EDGE('',*,*,#3523,.F.);
#1068=ORIENTED_EDGE('',*,*,#3578,.T.);
#1069=ORIENTED_EDGE('',*,*,#3579,.F.);
#1070=ORIENTED_EDGE('',*,*,#3580,.T.);
#1071=ORIENTED_EDGE('',*,*,#3581,.T.);
#1072=ORIENTED_EDGE('',*,*,#3582,.T.);
#1073=ORIENTED_EDGE('',*,*,#3221,.T.);
#1074=ORIENTED_EDGE('',*,*,#3583,.T.);
#1075=ORIENTED_EDGE('',*,*,#3584,.F.);
#1076=ORIENTED_EDGE('',*,*,#3585,.T.);
#1077=ORIENTED_EDGE('',*,*,#3408,.T.);
#1078=ORIENTED_EDGE('',*,*,#3586,.T.);
#1079=ORIENTED_EDGE('',*,*,#3587,.F.);
#1080=ORIENTED_EDGE('',*,*,#3588,.T.);
#1081=ORIENTED_EDGE('',*,*,#3404,.T.);
#1082=ORIENTED_EDGE('',*,*,#3562,.F.);
#1083=ORIENTED_EDGE('',*,*,#3506,.F.);
#1084=ORIENTED_EDGE('',*,*,#3229,.T.);
#1085=ORIENTED_EDGE('',*,*,#3589,.T.);
#1086=ORIENTED_EDGE('',*,*,#3590,.F.);
#1087=ORIENTED_EDGE('',*,*,#3591,.T.);
#1088=ORIENTED_EDGE('',*,*,#3225,.T.);
#1089=ORIENTED_EDGE('',*,*,#3592,.T.);
#1090=ORIENTED_EDGE('',*,*,#3593,.F.);
#1091=ORIENTED_EDGE('',*,*,#3594,.F.);
#1092=ORIENTED_EDGE('',*,*,#3595,.F.);
#1093=ORIENTED_EDGE('',*,*,#3596,.F.);
#1094=ORIENTED_EDGE('',*,*,#3597,.F.);
#1095=ORIENTED_EDGE('',*,*,#3584,.T.);
#1096=ORIENTED_EDGE('',*,*,#3598,.F.);
#1097=ORIENTED_EDGE('',*,*,#3599,.F.);
#1098=ORIENTED_EDGE('',*,*,#3600,.T.);
#1099=ORIENTED_EDGE('',*,*,#3583,.F.);
#1100=ORIENTED_EDGE('',*,*,#3220,.F.);
#1101=ORIENTED_EDGE('',*,*,#3601,.T.);
#1102=ORIENTED_EDGE('',*,*,#3598,.T.);
#1103=ORIENTED_EDGE('',*,*,#3602,.T.);
#1104=ORIENTED_EDGE('',*,*,#3603,.T.);
#1105=ORIENTED_EDGE('',*,*,#3585,.F.);
#1106=ORIENTED_EDGE('',*,*,#3600,.F.);
#1107=ORIENTED_EDGE('',*,*,#3604,.T.);
#1108=ORIENTED_EDGE('',*,*,#3409,.T.);
#1109=ORIENTED_EDGE('',*,*,#3602,.F.);
#1110=ORIENTED_EDGE('',*,*,#3599,.T.);
#1111=ORIENTED_EDGE('',*,*,#3601,.F.);
#1112=ORIENTED_EDGE('',*,*,#3219,.T.);
#1113=ORIENTED_EDGE('',*,*,#3410,.T.);
#1114=ORIENTED_EDGE('',*,*,#3604,.F.);
#1115=ORIENTED_EDGE('',*,*,#3605,.T.);
#1116=ORIENTED_EDGE('',*,*,#3606,.T.);
#1117=ORIENTED_EDGE('',*,*,#3607,.F.);
#1118=ORIENTED_EDGE('',*,*,#3597,.T.);
#1119=ORIENTED_EDGE('',*,*,#3605,.F.);
#1120=ORIENTED_EDGE('',*,*,#3607,.T.);
#1121=ORIENTED_EDGE('',*,*,#3608,.T.);
#1122=ORIENTED_EDGE('',*,*,#3609,.T.);
#1123=ORIENTED_EDGE('',*,*,#3610,.F.);
#1124=ORIENTED_EDGE('',*,*,#3596,.T.);
#1125=ORIENTED_EDGE('',*,*,#3608,.F.);
#1126=ORIENTED_EDGE('',*,*,#3610,.T.);
#1127=ORIENTED_EDGE('',*,*,#3611,.T.);
#1128=ORIENTED_EDGE('',*,*,#3612,.T.);
#1129=ORIENTED_EDGE('',*,*,#3613,.F.);
#1130=ORIENTED_EDGE('',*,*,#3595,.T.);
#1131=ORIENTED_EDGE('',*,*,#3611,.F.);
#1132=ORIENTED_EDGE('',*,*,#3613,.T.);
#1133=ORIENTED_EDGE('',*,*,#3589,.F.);
#1134=ORIENTED_EDGE('',*,*,#3228,.F.);
#1135=ORIENTED_EDGE('',*,*,#3614,.T.);
#1136=ORIENTED_EDGE('',*,*,#3615,.T.);
#1137=ORIENTED_EDGE('',*,*,#3591,.F.);
#1138=ORIENTED_EDGE('',*,*,#3616,.F.);
#1139=ORIENTED_EDGE('',*,*,#3617,.T.);
#1140=ORIENTED_EDGE('',*,*,#3226,.T.);
#1141=ORIENTED_EDGE('',*,*,#3590,.T.);
#1142=ORIENTED_EDGE('',*,*,#3615,.F.);
#1143=ORIENTED_EDGE('',*,*,#3618,.F.);
#1144=ORIENTED_EDGE('',*,*,#3616,.T.);
#1145=ORIENTED_EDGE('',*,*,#3619,.T.);
#1146=ORIENTED_EDGE('',*,*,#3620,.T.);
#1147=ORIENTED_EDGE('',*,*,#3614,.F.);
#1148=ORIENTED_EDGE('',*,*,#3227,.T.);
#1149=ORIENTED_EDGE('',*,*,#3617,.F.);
#1150=ORIENTED_EDGE('',*,*,#3618,.T.);
#1151=ORIENTED_EDGE('',*,*,#3619,.F.);
#1152=ORIENTED_EDGE('',*,*,#3621,.T.);
#1153=ORIENTED_EDGE('',*,*,#3622,.T.);
#1154=ORIENTED_EDGE('',*,*,#3623,.F.);
#1155=ORIENTED_EDGE('',*,*,#3594,.T.);
#1156=ORIENTED_EDGE('',*,*,#3621,.F.);
#1157=ORIENTED_EDGE('',*,*,#3623,.T.);
#1158=ORIENTED_EDGE('',*,*,#3586,.F.);
#1159=ORIENTED_EDGE('',*,*,#3407,.F.);
#1160=ORIENTED_EDGE('',*,*,#3624,.T.);
#1161=ORIENTED_EDGE('',*,*,#3625,.T.);
#1162=ORIENTED_EDGE('',*,*,#3588,.F.);
#1163=ORIENTED_EDGE('',*,*,#3626,.F.);
#1164=ORIENTED_EDGE('',*,*,#3627,.T.);
#1165=ORIENTED_EDGE('',*,*,#3405,.T.);
#1166=ORIENTED_EDGE('',*,*,#3587,.T.);
#1167=ORIENTED_EDGE('',*,*,#3625,.F.);
#1168=ORIENTED_EDGE('',*,*,#3628,.F.);
#1169=ORIENTED_EDGE('',*,*,#3626,.T.);
#1170=ORIENTED_EDGE('',*,*,#3629,.T.);
#1171=ORIENTED_EDGE('',*,*,#3630,.T.);
#1172=ORIENTED_EDGE('',*,*,#3624,.F.);
#1173=ORIENTED_EDGE('',*,*,#3406,.T.);
#1174=ORIENTED_EDGE('',*,*,#3627,.F.);
#1175=ORIENTED_EDGE('',*,*,#3628,.T.);
#1176=ORIENTED_EDGE('',*,*,#3629,.F.);
#1177=ORIENTED_EDGE('',*,*,#3631,.T.);
#1178=ORIENTED_EDGE('',*,*,#3632,.T.);
#1179=ORIENTED_EDGE('',*,*,#3633,.F.);
#1180=ORIENTED_EDGE('',*,*,#3593,.T.);
#1181=ORIENTED_EDGE('',*,*,#3631,.F.);
#1182=ORIENTED_EDGE('',*,*,#3633,.T.);
#1183=ORIENTED_EDGE('',*,*,#3634,.T.);
#1184=ORIENTED_EDGE('',*,*,#3635,.T.);
#1185=ORIENTED_EDGE('',*,*,#3636,.F.);
#1186=ORIENTED_EDGE('',*,*,#3637,.T.);
#1187=ORIENTED_EDGE('',*,*,#3574,.T.);
#1188=ORIENTED_EDGE('',*,*,#3638,.T.);
#1189=ORIENTED_EDGE('',*,*,#3639,.T.);
#1190=ORIENTED_EDGE('',*,*,#3640,.T.);
#1191=ORIENTED_EDGE('',*,*,#3536,.T.);
#1192=ORIENTED_EDGE('',*,*,#3641,.T.);
#1193=ORIENTED_EDGE('',*,*,#3634,.F.);
#1194=ORIENTED_EDGE('',*,*,#3642,.T.);
#1195=ORIENTED_EDGE('',*,*,#3572,.F.);
#1196=ORIENTED_EDGE('',*,*,#3643,.T.);
#1197=ORIENTED_EDGE('',*,*,#3636,.T.);
#1198=ORIENTED_EDGE('',*,*,#3644,.T.);
#1199=ORIENTED_EDGE('',*,*,#3538,.F.);
#1200=ORIENTED_EDGE('',*,*,#3645,.T.);
#1201=ORIENTED_EDGE('',*,*,#3646,.F.);
#1202=ORIENTED_EDGE('',*,*,#3647,.T.);
#1203=ORIENTED_EDGE('',*,*,#3646,.T.);
#1204=ORIENTED_EDGE('',*,*,#3648,.T.);
#1205=ORIENTED_EDGE('',*,*,#3639,.F.);
#1206=ORIENTED_EDGE('',*,*,#3649,.T.);
#1207=ORIENTED_EDGE('',*,*,#3650,.T.);
#1208=ORIENTED_EDGE('',*,*,#3651,.T.);
#1209=ORIENTED_EDGE('',*,*,#3652,.F.);
#1210=ORIENTED_EDGE('',*,*,#3653,.T.);
#1211=ORIENTED_EDGE('',*,*,#3570,.T.);
#1212=ORIENTED_EDGE('',*,*,#3654,.T.);
#1213=ORIENTED_EDGE('',*,*,#3655,.T.);
#1214=ORIENTED_EDGE('',*,*,#3656,.T.);
#1215=ORIENTED_EDGE('',*,*,#3532,.T.);
#1216=ORIENTED_EDGE('',*,*,#3657,.T.);
#1217=ORIENTED_EDGE('',*,*,#3650,.F.);
#1218=ORIENTED_EDGE('',*,*,#3658,.T.);
#1219=ORIENTED_EDGE('',*,*,#3568,.F.);
#1220=ORIENTED_EDGE('',*,*,#3659,.T.);
#1221=ORIENTED_EDGE('',*,*,#3652,.T.);
#1222=ORIENTED_EDGE('',*,*,#3660,.T.);
#1223=ORIENTED_EDGE('',*,*,#3534,.F.);
#1224=ORIENTED_EDGE('',*,*,#3661,.T.);
#1225=ORIENTED_EDGE('',*,*,#3662,.F.);
#1226=ORIENTED_EDGE('',*,*,#3663,.T.);
#1227=ORIENTED_EDGE('',*,*,#3662,.T.);
#1228=ORIENTED_EDGE('',*,*,#3664,.T.);
#1229=ORIENTED_EDGE('',*,*,#3655,.F.);
#1230=ORIENTED_EDGE('',*,*,#3665,.T.);
#1231=ORIENTED_EDGE('',*,*,#3565,.F.);
#1232=ORIENTED_EDGE('',*,*,#3666,.T.);
#1233=ORIENTED_EDGE('',*,*,#3667,.T.);
#1234=ORIENTED_EDGE('',*,*,#3668,.T.);
#1235=ORIENTED_EDGE('',*,*,#3527,.F.);
#1236=ORIENTED_EDGE('',*,*,#3669,.T.);
#1237=ORIENTED_EDGE('',*,*,#3670,.F.);
#1238=ORIENTED_EDGE('',*,*,#3671,.T.);
#1239=ORIENTED_EDGE('',*,*,#3672,.T.);
#1240=ORIENTED_EDGE('',*,*,#3673,.T.);
#1241=ORIENTED_EDGE('',*,*,#3667,.F.);
#1242=ORIENTED_EDGE('',*,*,#3674,.T.);
#1243=ORIENTED_EDGE('',*,*,#3670,.T.);
#1244=ORIENTED_EDGE('',*,*,#3675,.T.);
#1245=ORIENTED_EDGE('',*,*,#3676,.F.);
#1246=ORIENTED_EDGE('',*,*,#3677,.T.);
#1247=ORIENTED_EDGE('',*,*,#3563,.T.);
#1248=ORIENTED_EDGE('',*,*,#3678,.T.);
#1249=ORIENTED_EDGE('',*,*,#3676,.T.);
#1250=ORIENTED_EDGE('',*,*,#3679,.T.);
#1251=ORIENTED_EDGE('',*,*,#3529,.T.);
#1252=ORIENTED_EDGE('',*,*,#3680,.T.);
#1253=ORIENTED_EDGE('',*,*,#3672,.F.);
#1254=ORIENTED_EDGE('',*,*,#3681,.T.);
#1255=ORIENTED_EDGE('',*,*,#3475,.F.);
#1256=ORIENTED_EDGE('',*,*,#3682,.T.);
#1257=ORIENTED_EDGE('',*,*,#3683,.T.);
#1258=ORIENTED_EDGE('',*,*,#3684,.T.);
#1259=ORIENTED_EDGE('',*,*,#3685,.F.);
#1260=ORIENTED_EDGE('',*,*,#3686,.T.);
#1261=ORIENTED_EDGE('',*,*,#3687,.F.);
#1262=ORIENTED_EDGE('',*,*,#3688,.T.);
#1263=ORIENTED_EDGE('',*,*,#3685,.T.);
#1264=ORIENTED_EDGE('',*,*,#3689,.T.);
#1265=ORIENTED_EDGE('',*,*,#3683,.F.);
#1266=ORIENTED_EDGE('',*,*,#3690,.T.);
#1267=ORIENTED_EDGE('',*,*,#3691,.T.);
#1268=ORIENTED_EDGE('',*,*,#3692,.T.);
#1269=ORIENTED_EDGE('',*,*,#3477,.T.);
#1270=ORIENTED_EDGE('',*,*,#3693,.T.);
#1271=ORIENTED_EDGE('',*,*,#3687,.T.);
#1272=ORIENTED_EDGE('',*,*,#3694,.T.);
#1273=ORIENTED_EDGE('',*,*,#3691,.F.);
#1274=ORIENTED_EDGE('',*,*,#3695,.T.);
#1275=ORIENTED_EDGE('',*,*,#3480,.F.);
#1276=ORIENTED_EDGE('',*,*,#3696,.T.);
#1277=ORIENTED_EDGE('',*,*,#3697,.T.);
#1278=ORIENTED_EDGE('',*,*,#3698,.T.);
#1279=ORIENTED_EDGE('',*,*,#3699,.F.);
#1280=ORIENTED_EDGE('',*,*,#3700,.T.);
#1281=ORIENTED_EDGE('',*,*,#3697,.F.);
#1282=ORIENTED_EDGE('',*,*,#3701,.T.);
#1283=ORIENTED_EDGE('',*,*,#3702,.T.);
#1284=ORIENTED_EDGE('',*,*,#3703,.T.);
#1285=ORIENTED_EDGE('',*,*,#3704,.F.);
#1286=ORIENTED_EDGE('',*,*,#3705,.T.);
#1287=ORIENTED_EDGE('',*,*,#3699,.T.);
#1288=ORIENTED_EDGE('',*,*,#3706,.T.);
#1289=ORIENTED_EDGE('',*,*,#3482,.T.);
#1290=ORIENTED_EDGE('',*,*,#3707,.T.);
#1291=ORIENTED_EDGE('',*,*,#3704,.T.);
#1292=ORIENTED_EDGE('',*,*,#3708,.T.);
#1293=ORIENTED_EDGE('',*,*,#3702,.F.);
#1294=ORIENTED_EDGE('',*,*,#3709,.T.);
#1295=ORIENTED_EDGE('',*,*,#3472,.F.);
#1296=ORIENTED_EDGE('',*,*,#3710,.T.);
#1297=ORIENTED_EDGE('',*,*,#3711,.T.);
#1298=ORIENTED_EDGE('',*,*,#3712,.T.);
#1299=ORIENTED_EDGE('',*,*,#3713,.F.);
#1300=ORIENTED_EDGE('',*,*,#3714,.T.);
#1301=ORIENTED_EDGE('',*,*,#3715,.F.);
#1302=ORIENTED_EDGE('',*,*,#3716,.T.);
#1303=ORIENTED_EDGE('',*,*,#3713,.T.);
#1304=ORIENTED_EDGE('',*,*,#3717,.T.);
#1305=ORIENTED_EDGE('',*,*,#3711,.F.);
#1306=ORIENTED_EDGE('',*,*,#3718,.T.);
#1307=ORIENTED_EDGE('',*,*,#3719,.T.);
#1308=ORIENTED_EDGE('',*,*,#3720,.T.);
#1309=ORIENTED_EDGE('',*,*,#3474,.T.);
#1310=ORIENTED_EDGE('',*,*,#3721,.T.);
#1311=ORIENTED_EDGE('',*,*,#3715,.T.);
#1312=ORIENTED_EDGE('',*,*,#3722,.T.);
#1313=ORIENTED_EDGE('',*,*,#3719,.F.);
#1314=ORIENTED_EDGE('',*,*,#3723,.T.);
#1315=ORIENTED_EDGE('',*,*,#3724,.T.);
#1316=ORIENTED_EDGE('',*,*,#3725,.T.);
#1317=ORIENTED_EDGE('',*,*,#3726,.F.);
#1318=ORIENTED_EDGE('',*,*,#3392,.F.);
#1319=ORIENTED_EDGE('',*,*,#3727,.F.);
#1320=ORIENTED_EDGE('',*,*,#3717,.F.);
#1321=ORIENTED_EDGE('',*,*,#3727,.T.);
#1322=ORIENTED_EDGE('',*,*,#3391,.F.);
#1323=ORIENTED_EDGE('',*,*,#3728,.F.);
#1324=ORIENTED_EDGE('',*,*,#3722,.F.);
#1325=ORIENTED_EDGE('',*,*,#3726,.T.);
#1326=ORIENTED_EDGE('',*,*,#3712,.F.);
#1327=ORIENTED_EDGE('',*,*,#3729,.F.);
#1328=ORIENTED_EDGE('',*,*,#3389,.F.);
#1329=ORIENTED_EDGE('',*,*,#3728,.T.);
#1330=ORIENTED_EDGE('',*,*,#3390,.F.);
#1331=ORIENTED_EDGE('',*,*,#3729,.T.);
#1332=ORIENTED_EDGE('',*,*,#3720,.F.);
#1333=ORIENTED_EDGE('',*,*,#3730,.F.);
#1334=ORIENTED_EDGE('',*,*,#3698,.F.);
#1335=ORIENTED_EDGE('',*,*,#3731,.F.);
#1336=ORIENTED_EDGE('',*,*,#3396,.F.);
#1337=ORIENTED_EDGE('',*,*,#3731,.T.);
#1338=ORIENTED_EDGE('',*,*,#3703,.F.);
#1339=ORIENTED_EDGE('',*,*,#3732,.F.);
#1340=ORIENTED_EDGE('',*,*,#3393,.F.);
#1341=ORIENTED_EDGE('',*,*,#3730,.T.);
#1342=ORIENTED_EDGE('',*,*,#3395,.F.);
#1343=ORIENTED_EDGE('',*,*,#3733,.F.);
#1344=ORIENTED_EDGE('',*,*,#3706,.F.);
#1345=ORIENTED_EDGE('',*,*,#3732,.T.);
#1346=ORIENTED_EDGE('',*,*,#3708,.F.);
#1347=ORIENTED_EDGE('',*,*,#3733,.T.);
#1348=ORIENTED_EDGE('',*,*,#3394,.F.);
#1349=ORIENTED_EDGE('',*,*,#3734,.F.);
#1350=ORIENTED_EDGE('',*,*,#3692,.F.);
#1351=ORIENTED_EDGE('',*,*,#3735,.F.);
#1352=ORIENTED_EDGE('',*,*,#3400,.F.);
#1353=ORIENTED_EDGE('',*,*,#3735,.T.);
#1354=ORIENTED_EDGE('',*,*,#3694,.F.);
#1355=ORIENTED_EDGE('',*,*,#3736,.F.);
#1356=ORIENTED_EDGE('',*,*,#3397,.F.);
#1357=ORIENTED_EDGE('',*,*,#3734,.T.);
#1358=ORIENTED_EDGE('',*,*,#3399,.F.);
#1359=ORIENTED_EDGE('',*,*,#3737,.F.);
#1360=ORIENTED_EDGE('',*,*,#3684,.F.);
#1361=ORIENTED_EDGE('',*,*,#3736,.T.);
#1362=ORIENTED_EDGE('',*,*,#3689,.F.);
#1363=ORIENTED_EDGE('',*,*,#3737,.T.);
#1364=ORIENTED_EDGE('',*,*,#3398,.F.);
#1365=ORIENTED_EDGE('',*,*,#3738,.T.);
#1366=ORIENTED_EDGE('',*,*,#3739,.T.);
#1367=ORIENTED_EDGE('',*,*,#3740,.F.);
#1368=ORIENTED_EDGE('',*,*,#3741,.F.);
#1369=ORIENTED_EDGE('',*,*,#3742,.F.);
#1370=ORIENTED_EDGE('',*,*,#3743,.T.);
#1371=ORIENTED_EDGE('',*,*,#3744,.T.);
#1372=ORIENTED_EDGE('',*,*,#3745,.T.);
#1373=ORIENTED_EDGE('',*,*,#3738,.F.);
#1374=ORIENTED_EDGE('',*,*,#3746,.T.);
#1375=ORIENTED_EDGE('',*,*,#3747,.F.);
#1376=ORIENTED_EDGE('',*,*,#3748,.T.);
#1377=ORIENTED_EDGE('',*,*,#3749,.T.);
#1378=ORIENTED_EDGE('',*,*,#3750,.F.);
#1379=ORIENTED_EDGE('',*,*,#3740,.T.);
#1380=ORIENTED_EDGE('',*,*,#3751,.T.);
#1381=ORIENTED_EDGE('',*,*,#3752,.T.);
#1382=ORIENTED_EDGE('',*,*,#3521,.T.);
#1383=ORIENTED_EDGE('',*,*,#3753,.F.);
#1384=ORIENTED_EDGE('',*,*,#3754,.F.);
#1385=ORIENTED_EDGE('',*,*,#3755,.T.);
#1386=ORIENTED_EDGE('',*,*,#3756,.T.);
#1387=ORIENTED_EDGE('',*,*,#3757,.T.);
#1388=ORIENTED_EDGE('',*,*,#3758,.F.);
#1389=ORIENTED_EDGE('',*,*,#3749,.F.);
#1390=ORIENTED_EDGE('',*,*,#3759,.T.);
#1391=ORIENTED_EDGE('',*,*,#3522,.F.);
#1392=ORIENTED_EDGE('',*,*,#3752,.F.);
#1393=ORIENTED_EDGE('',*,*,#3757,.F.);
#1394=ORIENTED_EDGE('',*,*,#3760,.T.);
#1395=ORIENTED_EDGE('',*,*,#3761,.T.);
#1396=ORIENTED_EDGE('',*,*,#3762,.F.);
#1397=ORIENTED_EDGE('',*,*,#3763,.T.);
#1398=ORIENTED_EDGE('',*,*,#3764,.T.);
#1399=ORIENTED_EDGE('',*,*,#3765,.T.);
#1400=ORIENTED_EDGE('',*,*,#3766,.F.);
#1401=ORIENTED_EDGE('',*,*,#3761,.F.);
#1402=ORIENTED_EDGE('',*,*,#3767,.T.);
#1403=ORIENTED_EDGE('',*,*,#3765,.F.);
#1404=ORIENTED_EDGE('',*,*,#3768,.T.);
#1405=ORIENTED_EDGE('',*,*,#3769,.T.);
#1406=ORIENTED_EDGE('',*,*,#3770,.T.);
#1407=ORIENTED_EDGE('',*,*,#3769,.F.);
#1408=ORIENTED_EDGE('',*,*,#3771,.T.);
#1409=ORIENTED_EDGE('',*,*,#3772,.T.);
#1410=ORIENTED_EDGE('',*,*,#3773,.T.);
#1411=ORIENTED_EDGE('',*,*,#3518,.F.);
#1412=ORIENTED_EDGE('',*,*,#3774,.T.);
#1413=ORIENTED_EDGE('',*,*,#3742,.T.);
#1414=ORIENTED_EDGE('',*,*,#3775,.F.);
#1415=ORIENTED_EDGE('',*,*,#3519,.F.);
#1416=ORIENTED_EDGE('',*,*,#3773,.F.);
#1417=ORIENTED_EDGE('',*,*,#3776,.T.);
#1418=ORIENTED_EDGE('',*,*,#3777,.T.);
#1419=ORIENTED_EDGE('',*,*,#3778,.F.);
#1420=ORIENTED_EDGE('',*,*,#3495,.T.);
#1421=ORIENTED_EDGE('',*,*,#3779,.F.);
#1422=ORIENTED_EDGE('',*,*,#3496,.T.);
#1423=ORIENTED_EDGE('',*,*,#3753,.T.);
#1424=ORIENTED_EDGE('',*,*,#3520,.T.);
#1425=ORIENTED_EDGE('',*,*,#3777,.F.);
#1426=ORIENTED_EDGE('',*,*,#3780,.F.);
#1427=ORIENTED_EDGE('',*,*,#3779,.T.);
#1428=ORIENTED_EDGE('',*,*,#3778,.T.);
#1429=ORIENTED_EDGE('',*,*,#3763,.F.);
#1430=ORIENTED_EDGE('',*,*,#3781,.T.);
#1431=ORIENTED_EDGE('',*,*,#3755,.F.);
#1432=ORIENTED_EDGE('',*,*,#3754,.T.);
#1433=ORIENTED_EDGE('',*,*,#3780,.T.);
#1434=ORIENTED_EDGE('',*,*,#3776,.F.);
#1435=ORIENTED_EDGE('',*,*,#3772,.F.);
#1436=ORIENTED_EDGE('',*,*,#3782,.T.);
#1437=ORIENTED_EDGE('',*,*,#3783,.F.);
#1438=ORIENTED_EDGE('',*,*,#3784,.T.);
#1439=ORIENTED_EDGE('',*,*,#3785,.T.);
#1440=ORIENTED_EDGE('',*,*,#3786,.T.);
#1441=ORIENTED_EDGE('',*,*,#3509,.F.);
#1442=ORIENTED_EDGE('',*,*,#3787,.T.);
#1443=ORIENTED_EDGE('',*,*,#3788,.T.);
#1444=ORIENTED_EDGE('',*,*,#3789,.T.);
#1445=ORIENTED_EDGE('',*,*,#3510,.F.);
#1446=ORIENTED_EDGE('',*,*,#3786,.F.);
#1447=ORIENTED_EDGE('',*,*,#3789,.F.);
#1448=ORIENTED_EDGE('',*,*,#3790,.T.);
#1449=ORIENTED_EDGE('',*,*,#3791,.T.);
#1450=ORIENTED_EDGE('',*,*,#3511,.F.);
#1451=ORIENTED_EDGE('',*,*,#3792,.F.);
#1452=ORIENTED_EDGE('',*,*,#3793,.T.);
#1453=ORIENTED_EDGE('',*,*,#3794,.T.);
#1454=ORIENTED_EDGE('',*,*,#3512,.T.);
#1455=ORIENTED_EDGE('',*,*,#3791,.F.);
#1456=ORIENTED_EDGE('',*,*,#3795,.T.);
#1457=ORIENTED_EDGE('',*,*,#3794,.F.);
#1458=ORIENTED_EDGE('',*,*,#3796,.T.);
#1459=ORIENTED_EDGE('',*,*,#3797,.T.);
#1460=ORIENTED_EDGE('',*,*,#3513,.T.);
#1461=ORIENTED_EDGE('',*,*,#3797,.F.);
#1462=ORIENTED_EDGE('',*,*,#3798,.T.);
#1463=ORIENTED_EDGE('',*,*,#3799,.T.);
#1464=ORIENTED_EDGE('',*,*,#3800,.T.);
#1465=ORIENTED_EDGE('',*,*,#3514,.F.);
#1466=ORIENTED_EDGE('',*,*,#3801,.F.);
#1467=ORIENTED_EDGE('',*,*,#3493,.T.);
#1468=ORIENTED_EDGE('',*,*,#3802,.F.);
#1469=ORIENTED_EDGE('',*,*,#3803,.T.);
#1470=ORIENTED_EDGE('',*,*,#3804,.T.);
#1471=ORIENTED_EDGE('',*,*,#3515,.T.);
#1472=ORIENTED_EDGE('',*,*,#3800,.F.);
#1473=ORIENTED_EDGE('',*,*,#3805,.F.);
#1474=ORIENTED_EDGE('',*,*,#3494,.T.);
#1475=ORIENTED_EDGE('',*,*,#3785,.F.);
#1476=ORIENTED_EDGE('',*,*,#3806,.T.);
#1477=ORIENTED_EDGE('',*,*,#3802,.T.);
#1478=ORIENTED_EDGE('',*,*,#3799,.F.);
#1479=ORIENTED_EDGE('',*,*,#3807,.T.);
#1480=ORIENTED_EDGE('',*,*,#3792,.T.);
#1481=ORIENTED_EDGE('',*,*,#3808,.T.);
#1482=ORIENTED_EDGE('',*,*,#3787,.F.);
#1483=ORIENTED_EDGE('',*,*,#3801,.T.);
#1484=ORIENTED_EDGE('',*,*,#3805,.T.);
#1485=ORIENTED_EDGE('',*,*,#3762,.T.);
#1486=ORIENTED_EDGE('',*,*,#3766,.T.);
#1487=ORIENTED_EDGE('',*,*,#3770,.F.);
#1488=ORIENTED_EDGE('',*,*,#3775,.T.);
#1489=ORIENTED_EDGE('',*,*,#3746,.F.);
#1490=ORIENTED_EDGE('',*,*,#3741,.T.);
#1491=ORIENTED_EDGE('',*,*,#3750,.T.);
#1492=ORIENTED_EDGE('',*,*,#3758,.T.);
#1493=ORIENTED_EDGE('',*,*,#3809,.T.);
#1494=ORIENTED_EDGE('',*,*,#3810,.F.);
#1495=ORIENTED_EDGE('',*,*,#3492,.F.);
#1496=ORIENTED_EDGE('',*,*,#3810,.T.);
#1497=ORIENTED_EDGE('',*,*,#3811,.T.);
#1498=ORIENTED_EDGE('',*,*,#3812,.F.);
#1499=ORIENTED_EDGE('',*,*,#3490,.F.);
#1500=ORIENTED_EDGE('',*,*,#3812,.T.);
#1501=ORIENTED_EDGE('',*,*,#3813,.T.);
#1502=ORIENTED_EDGE('',*,*,#3814,.F.);
#1503=ORIENTED_EDGE('',*,*,#3488,.F.);
#1504=ORIENTED_EDGE('',*,*,#3814,.T.);
#1505=ORIENTED_EDGE('',*,*,#3815,.T.);
#1506=ORIENTED_EDGE('',*,*,#3816,.F.);
#1507=ORIENTED_EDGE('',*,*,#3486,.F.);
#1508=ORIENTED_EDGE('',*,*,#3816,.T.);
#1509=ORIENTED_EDGE('',*,*,#3804,.F.);
#1510=ORIENTED_EDGE('',*,*,#3817,.T.);
#1511=ORIENTED_EDGE('',*,*,#3783,.T.);
#1512=ORIENTED_EDGE('',*,*,#3508,.F.);
#1513=ORIENTED_EDGE('',*,*,#3818,.T.);
#1514=ORIENTED_EDGE('',*,*,#3747,.T.);
#1515=ORIENTED_EDGE('',*,*,#3819,.T.);
#1516=ORIENTED_EDGE('',*,*,#3544,.T.);
#1517=ORIENTED_EDGE('',*,*,#3820,.T.);
#1518=ORIENTED_EDGE('',*,*,#3744,.F.);
#1519=ORIENTED_EDGE('',*,*,#3821,.T.);
#1520=ORIENTED_EDGE('',*,*,#3516,.F.);
#1521=ORIENTED_EDGE('',*,*,#3822,.T.);
#1522=ORIENTED_EDGE('',*,*,#3823,.T.);
#1523=ORIENTED_EDGE('',*,*,#3824,.F.);
#1524=ORIENTED_EDGE('',*,*,#3825,.T.);
#1525=ORIENTED_EDGE('',*,*,#3223,.F.);
#1526=ORIENTED_EDGE('',*,*,#3826,.T.);
#1527=ORIENTED_EDGE('',*,*,#3579,.T.);
#1528=ORIENTED_EDGE('',*,*,#3827,.T.);
#1529=ORIENTED_EDGE('',*,*,#3824,.T.);
#1530=ORIENTED_EDGE('',*,*,#3828,.T.);
#1531=ORIENTED_EDGE('',*,*,#3829,.T.);
#1532=ORIENTED_EDGE('',*,*,#3830,.T.);
#1533=ORIENTED_EDGE('',*,*,#3831,.F.);
#1534=ORIENTED_EDGE('',*,*,#3832,.F.);
#1535=ORIENTED_EDGE('',*,*,#3831,.T.);
#1536=ORIENTED_EDGE('',*,*,#3833,.T.);
#1537=ORIENTED_EDGE('',*,*,#3834,.F.);
#1538=ORIENTED_EDGE('',*,*,#3835,.F.);
#1539=ORIENTED_EDGE('',*,*,#3822,.F.);
#1540=ORIENTED_EDGE('',*,*,#3836,.T.);
#1541=ORIENTED_EDGE('',*,*,#3581,.F.);
#1542=ORIENTED_EDGE('',*,*,#3837,.T.);
#1543=ORIENTED_EDGE('',*,*,#3834,.T.);
#1544=ORIENTED_EDGE('',*,*,#3838,.T.);
#1545=ORIENTED_EDGE('',*,*,#3839,.T.);
#1546=ORIENTED_EDGE('',*,*,#3840,.T.);
#1547=ORIENTED_EDGE('',*,*,#3832,.T.);
#1548=ORIENTED_EDGE('',*,*,#3835,.T.);
#1549=ORIENTED_EDGE('',*,*,#3837,.F.);
#1550=ORIENTED_EDGE('',*,*,#3580,.F.);
#1551=ORIENTED_EDGE('',*,*,#3841,.T.);
#1552=ORIENTED_EDGE('',*,*,#3842,.T.);
#1553=ORIENTED_EDGE('',*,*,#3274,.F.);
#1554=ORIENTED_EDGE('',*,*,#3841,.F.);
#1555=ORIENTED_EDGE('',*,*,#3582,.F.);
#1556=ORIENTED_EDGE('',*,*,#3836,.F.);
#1557=ORIENTED_EDGE('',*,*,#3826,.F.);
#1558=ORIENTED_EDGE('',*,*,#3222,.F.);
#1559=ORIENTED_EDGE('',*,*,#3592,.F.);
#1560=ORIENTED_EDGE('',*,*,#3224,.F.);
#1561=ORIENTED_EDGE('',*,*,#3825,.F.);
#1562=ORIENTED_EDGE('',*,*,#3827,.F.);
#1563=ORIENTED_EDGE('',*,*,#3326,.F.);
#1564=ORIENTED_EDGE('',*,*,#3842,.F.);
#1565=ORIENTED_EDGE('',*,*,#3322,.F.);
#1566=ORIENTED_EDGE('',*,*,#3843,.T.);
#1567=ORIENTED_EDGE('',*,*,#3839,.F.);
#1568=ORIENTED_EDGE('',*,*,#3844,.T.);
#1569=ORIENTED_EDGE('',*,*,#3829,.F.);
#1570=ORIENTED_EDGE('',*,*,#3845,.T.);
#1571=ORIENTED_EDGE('',*,*,#3324,.F.);
#1572=ORIENTED_EDGE('',*,*,#3846,.T.);
#1573=ORIENTED_EDGE('',*,*,#3846,.F.);
#1574=ORIENTED_EDGE('',*,*,#3323,.F.);
#1575=ORIENTED_EDGE('',*,*,#3844,.F.);
#1576=ORIENTED_EDGE('',*,*,#3838,.F.);
#1577=ORIENTED_EDGE('',*,*,#3833,.F.);
#1578=ORIENTED_EDGE('',*,*,#3830,.F.);
#1579=ORIENTED_EDGE('',*,*,#3828,.F.);
#1580=ORIENTED_EDGE('',*,*,#3823,.F.);
#1581=ORIENTED_EDGE('',*,*,#3840,.F.);
#1582=ORIENTED_EDGE('',*,*,#3843,.F.);
#1583=ORIENTED_EDGE('',*,*,#3325,.F.);
#1584=ORIENTED_EDGE('',*,*,#3845,.F.);
#1585=ORIENTED_EDGE('',*,*,#3847,.F.);
#1586=ORIENTED_EDGE('',*,*,#3524,.F.);
#1587=ORIENTED_EDGE('',*,*,#3577,.F.);
#1588=ORIENTED_EDGE('',*,*,#3388,.F.);
#1589=ORIENTED_EDGE('',*,*,#3848,.F.);
#1590=ORIENTED_EDGE('',*,*,#3847,.T.);
#1591=ORIENTED_EDGE('',*,*,#3849,.F.);
#1592=ORIENTED_EDGE('',*,*,#3576,.F.);
#1593=ORIENTED_EDGE('',*,*,#3330,.F.);
#1594=ORIENTED_EDGE('',*,*,#3850,.F.);
#1595=ORIENTED_EDGE('',*,*,#3386,.F.);
#1596=ORIENTED_EDGE('',*,*,#3849,.T.);
#1597=ORIENTED_EDGE('',*,*,#3387,.F.);
#1598=ORIENTED_EDGE('',*,*,#3851,.F.);
#1599=ORIENTED_EDGE('',*,*,#3554,.F.);
#1600=ORIENTED_EDGE('',*,*,#3848,.T.);
#1601=ORIENTED_EDGE('',*,*,#3553,.F.);
#1602=ORIENTED_EDGE('',*,*,#3852,.F.);
#1603=ORIENTED_EDGE('',*,*,#3525,.F.);
#1604=ORIENTED_EDGE('',*,*,#3578,.F.);
#1605=ORIENTED_EDGE('',*,*,#3526,.F.);
#1606=ORIENTED_EDGE('',*,*,#3853,.F.);
#1607=ORIENTED_EDGE('',*,*,#3550,.F.);
#1608=ORIENTED_EDGE('',*,*,#3851,.T.);
#1609=ORIENTED_EDGE('',*,*,#3850,.T.);
#1610=ORIENTED_EDGE('',*,*,#3854,.F.);
#1611=ORIENTED_EDGE('',*,*,#3853,.T.);
#1612=ORIENTED_EDGE('',*,*,#3852,.T.);
#1613=ORIENTED_EDGE('',*,*,#3855,.F.);
#1614=ORIENTED_EDGE('',*,*,#3854,.T.);
#1615=ORIENTED_EDGE('',*,*,#3329,.F.);
#1616=ORIENTED_EDGE('',*,*,#3856,.F.);
#1617=ORIENTED_EDGE('',*,*,#3551,.F.);
#1618=ORIENTED_EDGE('',*,*,#3855,.T.);
#1619=ORIENTED_EDGE('',*,*,#3552,.F.);
#1620=ORIENTED_EDGE('',*,*,#3857,.F.);
#1621=ORIENTED_EDGE('',*,*,#3547,.F.);
#1622=ORIENTED_EDGE('',*,*,#3857,.T.);
#1623=ORIENTED_EDGE('',*,*,#3856,.T.);
#1624=ORIENTED_EDGE('',*,*,#3858,.F.);
#1625=ORIENTED_EDGE('',*,*,#3858,.T.);
#1626=ORIENTED_EDGE('',*,*,#3328,.F.);
#1627=ORIENTED_EDGE('',*,*,#3575,.F.);
#1628=ORIENTED_EDGE('',*,*,#3548,.F.);
#1629=ORIENTED_EDGE('',*,*,#3859,.T.);
#1630=ORIENTED_EDGE('',*,*,#3860,.F.);
#1631=ORIENTED_EDGE('',*,*,#3861,.T.);
#1632=ORIENTED_EDGE('',*,*,#3862,.T.);
#1633=ORIENTED_EDGE('',*,*,#3863,.T.);
#1634=ORIENTED_EDGE('',*,*,#3864,.T.);
#1635=ORIENTED_EDGE('',*,*,#3865,.T.);
#1636=ORIENTED_EDGE('',*,*,#3866,.T.);
#1637=ORIENTED_EDGE('',*,*,#3867,.T.);
#1638=ORIENTED_EDGE('',*,*,#3868,.T.);
#1639=ORIENTED_EDGE('',*,*,#3869,.T.);
#1640=ORIENTED_EDGE('',*,*,#3864,.F.);
#1641=ORIENTED_EDGE('',*,*,#3870,.T.);
#1642=ORIENTED_EDGE('',*,*,#3272,.F.);
#1643=ORIENTED_EDGE('',*,*,#3871,.T.);
#1644=ORIENTED_EDGE('',*,*,#3872,.F.);
#1645=ORIENTED_EDGE('',*,*,#3873,.T.);
#1646=ORIENTED_EDGE('',*,*,#3874,.F.);
#1647=ORIENTED_EDGE('',*,*,#3875,.T.);
#1648=ORIENTED_EDGE('',*,*,#3876,.T.);
#1649=ORIENTED_EDGE('',*,*,#3872,.T.);
#1650=ORIENTED_EDGE('',*,*,#3860,.T.);
#1651=ORIENTED_EDGE('',*,*,#3877,.T.);
#1652=ORIENTED_EDGE('',*,*,#3878,.T.);
#1653=ORIENTED_EDGE('',*,*,#3879,.T.);
#1654=ORIENTED_EDGE('',*,*,#3880,.T.);
#1655=ORIENTED_EDGE('',*,*,#3881,.T.);
#1656=ORIENTED_EDGE('',*,*,#3270,.T.);
#1657=ORIENTED_EDGE('',*,*,#3882,.T.);
#1658=ORIENTED_EDGE('',*,*,#3883,.T.);
#1659=ORIENTED_EDGE('',*,*,#3884,.T.);
#1660=ORIENTED_EDGE('',*,*,#3885,.F.);
#1661=ORIENTED_EDGE('',*,*,#3880,.F.);
#1662=ORIENTED_EDGE('',*,*,#3886,.T.);
#1663=ORIENTED_EDGE('',*,*,#3887,.F.);
#1664=ORIENTED_EDGE('',*,*,#3887,.T.);
#1665=ORIENTED_EDGE('',*,*,#3484,.F.);
#1666=ORIENTED_EDGE('',*,*,#3866,.F.);
#1667=ORIENTED_EDGE('',*,*,#3888,.T.);
#1668=ORIENTED_EDGE('',*,*,#3874,.T.);
#1669=ORIENTED_EDGE('',*,*,#3871,.F.);
#1670=ORIENTED_EDGE('',*,*,#3271,.F.);
#1671=ORIENTED_EDGE('',*,*,#3881,.F.);
#1672=ORIENTED_EDGE('',*,*,#3885,.T.);
#1673=ORIENTED_EDGE('',*,*,#3889,.T.);
#1674=ORIENTED_EDGE('',*,*,#3876,.F.);
#1675=ORIENTED_EDGE('',*,*,#3890,.T.);
#1676=ORIENTED_EDGE('',*,*,#3862,.F.);
#1677=ORIENTED_EDGE('',*,*,#3891,.T.);
#1678=ORIENTED_EDGE('',*,*,#3883,.F.);
#1679=ORIENTED_EDGE('',*,*,#3882,.F.);
#1680=ORIENTED_EDGE('',*,*,#3273,.F.);
#1681=ORIENTED_EDGE('',*,*,#3873,.F.);
#1682=ORIENTED_EDGE('',*,*,#3759,.F.);
#1683=ORIENTED_EDGE('',*,*,#3748,.F.);
#1684=ORIENTED_EDGE('',*,*,#3818,.F.);
#1685=ORIENTED_EDGE('',*,*,#3507,.F.);
#1686=ORIENTED_EDGE('',*,*,#3774,.F.);
#1687=ORIENTED_EDGE('',*,*,#3517,.F.);
#1688=ORIENTED_EDGE('',*,*,#3821,.F.);
#1689=ORIENTED_EDGE('',*,*,#3743,.F.);
#1690=ORIENTED_EDGE('',*,*,#3784,.F.);
#1691=ORIENTED_EDGE('',*,*,#3817,.F.);
#1692=ORIENTED_EDGE('',*,*,#3803,.F.);
#1693=ORIENTED_EDGE('',*,*,#3806,.F.);
#1694=ORIENTED_EDGE('',*,*,#3539,.F.);
#1695=ORIENTED_EDGE('',*,*,#3809,.F.);
#1696=ORIENTED_EDGE('',*,*,#3540,.F.);
#1697=ORIENTED_EDGE('',*,*,#3811,.F.);
#1698=ORIENTED_EDGE('',*,*,#3541,.F.);
#1699=ORIENTED_EDGE('',*,*,#3813,.F.);
#1700=ORIENTED_EDGE('',*,*,#3542,.F.);
#1701=ORIENTED_EDGE('',*,*,#3815,.F.);
#1702=ORIENTED_EDGE('',*,*,#3756,.F.);
#1703=ORIENTED_EDGE('',*,*,#3781,.F.);
#1704=ORIENTED_EDGE('',*,*,#3767,.F.);
#1705=ORIENTED_EDGE('',*,*,#3760,.F.);
#1706=ORIENTED_EDGE('',*,*,#3771,.F.);
#1707=ORIENTED_EDGE('',*,*,#3768,.F.);
#1708=ORIENTED_EDGE('',*,*,#3764,.F.);
#1709=ORIENTED_EDGE('',*,*,#3782,.F.);
#1710=ORIENTED_EDGE('',*,*,#3788,.F.);
#1711=ORIENTED_EDGE('',*,*,#3808,.F.);
#1712=ORIENTED_EDGE('',*,*,#3795,.F.);
#1713=ORIENTED_EDGE('',*,*,#3790,.F.);
#1714=ORIENTED_EDGE('',*,*,#3798,.F.);
#1715=ORIENTED_EDGE('',*,*,#3796,.F.);
#1716=ORIENTED_EDGE('',*,*,#3793,.F.);
#1717=ORIENTED_EDGE('',*,*,#3807,.F.);
#1718=ORIENTED_EDGE('',*,*,#3819,.F.);
#1719=ORIENTED_EDGE('',*,*,#3751,.F.);
#1720=ORIENTED_EDGE('',*,*,#3892,.F.);
#1721=ORIENTED_EDGE('',*,*,#3545,.F.);
#1722=ORIENTED_EDGE('',*,*,#3892,.T.);
#1723=ORIENTED_EDGE('',*,*,#3739,.F.);
#1724=ORIENTED_EDGE('',*,*,#3893,.F.);
#1725=ORIENTED_EDGE('',*,*,#3546,.F.);
#1726=ORIENTED_EDGE('',*,*,#3820,.F.);
#1727=ORIENTED_EDGE('',*,*,#3543,.F.);
#1728=ORIENTED_EDGE('',*,*,#3893,.T.);
#1729=ORIENTED_EDGE('',*,*,#3745,.F.);
#1730=ORIENTED_EDGE('',*,*,#3894,.T.);
#1731=ORIENTED_EDGE('',*,*,#3895,.T.);
#1732=ORIENTED_EDGE('',*,*,#3896,.T.);
#1733=ORIENTED_EDGE('',*,*,#3897,.T.);
#1734=ORIENTED_EDGE('',*,*,#3898,.T.);
#1735=ORIENTED_EDGE('',*,*,#3899,.T.);
#1736=ORIENTED_EDGE('',*,*,#3894,.F.);
#1737=ORIENTED_EDGE('',*,*,#3900,.T.);
#1738=ORIENTED_EDGE('',*,*,#3901,.T.);
#1739=ORIENTED_EDGE('',*,*,#3902,.T.);
#1740=ORIENTED_EDGE('',*,*,#3898,.F.);
#1741=ORIENTED_EDGE('',*,*,#3903,.T.);
#1742=ORIENTED_EDGE('',*,*,#3904,.T.);
#1743=ORIENTED_EDGE('',*,*,#3905,.T.);
#1744=ORIENTED_EDGE('',*,*,#3906,.T.);
#1745=ORIENTED_EDGE('',*,*,#3907,.T.);
#1746=ORIENTED_EDGE('',*,*,#3908,.T.);
#1747=ORIENTED_EDGE('',*,*,#3909,.T.);
#1748=ORIENTED_EDGE('',*,*,#3910,.T.);
#1749=ORIENTED_EDGE('',*,*,#3911,.T.);
#1750=ORIENTED_EDGE('',*,*,#3912,.T.);
#1751=ORIENTED_EDGE('',*,*,#3913,.T.);
#1752=ORIENTED_EDGE('',*,*,#3914,.T.);
#1753=ORIENTED_EDGE('',*,*,#3915,.T.);
#1754=ORIENTED_EDGE('',*,*,#3916,.T.);
#1755=ORIENTED_EDGE('',*,*,#3917,.T.);
#1756=ORIENTED_EDGE('',*,*,#3918,.T.);
#1757=ORIENTED_EDGE('',*,*,#3919,.T.);
#1758=ORIENTED_EDGE('',*,*,#3920,.T.);
#1759=ORIENTED_EDGE('',*,*,#3921,.T.);
#1760=ORIENTED_EDGE('',*,*,#3922,.F.);
#1761=ORIENTED_EDGE('',*,*,#3923,.T.);
#1762=ORIENTED_EDGE('',*,*,#3924,.T.);
#1763=ORIENTED_EDGE('',*,*,#3925,.T.);
#1764=ORIENTED_EDGE('',*,*,#3920,.F.);
#1765=ORIENTED_EDGE('',*,*,#3926,.T.);
#1766=ORIENTED_EDGE('',*,*,#3922,.T.);
#1767=ORIENTED_EDGE('',*,*,#3927,.T.);
#1768=ORIENTED_EDGE('',*,*,#3928,.T.);
#1769=ORIENTED_EDGE('',*,*,#3929,.T.);
#1770=ORIENTED_EDGE('',*,*,#3930,.T.);
#1771=ORIENTED_EDGE('',*,*,#3931,.T.);
#1772=ORIENTED_EDGE('',*,*,#3932,.T.);
#1773=ORIENTED_EDGE('',*,*,#3933,.T.);
#1774=ORIENTED_EDGE('',*,*,#3934,.T.);
#1775=ORIENTED_EDGE('',*,*,#3935,.T.);
#1776=ORIENTED_EDGE('',*,*,#3936,.T.);
#1777=ORIENTED_EDGE('',*,*,#3937,.T.);
#1778=ORIENTED_EDGE('',*,*,#3938,.T.);
#1779=ORIENTED_EDGE('',*,*,#3939,.T.);
#1780=ORIENTED_EDGE('',*,*,#3940,.T.);
#1781=ORIENTED_EDGE('',*,*,#3941,.T.);
#1782=ORIENTED_EDGE('',*,*,#3942,.T.);
#1783=ORIENTED_EDGE('',*,*,#3943,.T.);
#1784=ORIENTED_EDGE('',*,*,#3944,.T.);
#1785=ORIENTED_EDGE('',*,*,#3945,.T.);
#1786=ORIENTED_EDGE('',*,*,#3946,.T.);
#1787=ORIENTED_EDGE('',*,*,#3947,.T.);
#1788=ORIENTED_EDGE('',*,*,#3948,.T.);
#1789=ORIENTED_EDGE('',*,*,#3949,.T.);
#1790=ORIENTED_EDGE('',*,*,#3950,.T.);
#1791=ORIENTED_EDGE('',*,*,#3951,.T.);
#1792=ORIENTED_EDGE('',*,*,#3952,.T.);
#1793=ORIENTED_EDGE('',*,*,#3953,.T.);
#1794=ORIENTED_EDGE('',*,*,#3954,.T.);
#1795=ORIENTED_EDGE('',*,*,#3955,.T.);
#1796=ORIENTED_EDGE('',*,*,#3956,.T.);
#1797=ORIENTED_EDGE('',*,*,#3957,.T.);
#1798=ORIENTED_EDGE('',*,*,#3958,.T.);
#1799=ORIENTED_EDGE('',*,*,#3959,.T.);
#1800=ORIENTED_EDGE('',*,*,#3960,.T.);
#1801=ORIENTED_EDGE('',*,*,#3961,.T.);
#1802=ORIENTED_EDGE('',*,*,#3962,.T.);
#1803=ORIENTED_EDGE('',*,*,#3963,.T.);
#1804=ORIENTED_EDGE('',*,*,#3964,.T.);
#1805=ORIENTED_EDGE('',*,*,#3965,.T.);
#1806=ORIENTED_EDGE('',*,*,#3966,.T.);
#1807=ORIENTED_EDGE('',*,*,#3967,.T.);
#1808=ORIENTED_EDGE('',*,*,#3968,.T.);
#1809=ORIENTED_EDGE('',*,*,#3969,.T.);
#1810=ORIENTED_EDGE('',*,*,#3970,.T.);
#1811=ORIENTED_EDGE('',*,*,#3971,.T.);
#1812=ORIENTED_EDGE('',*,*,#3972,.T.);
#1813=ORIENTED_EDGE('',*,*,#3973,.T.);
#1814=ORIENTED_EDGE('',*,*,#3974,.F.);
#1815=ORIENTED_EDGE('',*,*,#3975,.T.);
#1816=ORIENTED_EDGE('',*,*,#3976,.T.);
#1817=ORIENTED_EDGE('',*,*,#3977,.T.);
#1818=ORIENTED_EDGE('',*,*,#3978,.T.);
#1819=ORIENTED_EDGE('',*,*,#3979,.T.);
#1820=ORIENTED_EDGE('',*,*,#3980,.T.);
#1821=ORIENTED_EDGE('',*,*,#3981,.T.);
#1822=ORIENTED_EDGE('',*,*,#3980,.F.);
#1823=ORIENTED_EDGE('',*,*,#3982,.T.);
#1824=ORIENTED_EDGE('',*,*,#3974,.T.);
#1825=ORIENTED_EDGE('',*,*,#3983,.T.);
#1826=ORIENTED_EDGE('',*,*,#3984,.T.);
#1827=ORIENTED_EDGE('',*,*,#3985,.T.);
#1828=ORIENTED_EDGE('',*,*,#3986,.T.);
#1829=ORIENTED_EDGE('',*,*,#3987,.T.);
#1830=ORIENTED_EDGE('',*,*,#3988,.T.);
#1831=ORIENTED_EDGE('',*,*,#3989,.T.);
#1832=ORIENTED_EDGE('',*,*,#3990,.T.);
#1833=ORIENTED_EDGE('',*,*,#3991,.T.);
#1834=ORIENTED_EDGE('',*,*,#3992,.T.);
#1835=ORIENTED_EDGE('',*,*,#3993,.T.);
#1836=ORIENTED_EDGE('',*,*,#3994,.T.);
#1837=ORIENTED_EDGE('',*,*,#3995,.T.);
#1838=ORIENTED_EDGE('',*,*,#3996,.T.);
#1839=ORIENTED_EDGE('',*,*,#3997,.T.);
#1840=ORIENTED_EDGE('',*,*,#3998,.T.);
#1841=ORIENTED_EDGE('',*,*,#3999,.T.);
#1842=ORIENTED_EDGE('',*,*,#4000,.T.);
#1843=ORIENTED_EDGE('',*,*,#4001,.T.);
#1844=ORIENTED_EDGE('',*,*,#4002,.T.);
#1845=ORIENTED_EDGE('',*,*,#4003,.T.);
#1846=ORIENTED_EDGE('',*,*,#4002,.F.);
#1847=ORIENTED_EDGE('',*,*,#4004,.T.);
#1848=ORIENTED_EDGE('',*,*,#4005,.T.);
#1849=ORIENTED_EDGE('',*,*,#4006,.T.);
#1850=ORIENTED_EDGE('',*,*,#4007,.T.);
#1851=ORIENTED_EDGE('',*,*,#4008,.T.);
#1852=ORIENTED_EDGE('',*,*,#4009,.T.);
#1853=ORIENTED_EDGE('',*,*,#4010,.T.);
#1854=ORIENTED_EDGE('',*,*,#4011,.T.);
#1855=ORIENTED_EDGE('',*,*,#4012,.T.);
#1856=ORIENTED_EDGE('',*,*,#4013,.T.);
#1857=ORIENTED_EDGE('',*,*,#4014,.T.);
#1858=ORIENTED_EDGE('',*,*,#4015,.T.);
#1859=ORIENTED_EDGE('',*,*,#4016,.T.);
#1860=ORIENTED_EDGE('',*,*,#4017,.T.);
#1861=ORIENTED_EDGE('',*,*,#4018,.T.);
#1862=ORIENTED_EDGE('',*,*,#4019,.T.);
#1863=ORIENTED_EDGE('',*,*,#4020,.T.);
#1864=ORIENTED_EDGE('',*,*,#4021,.T.);
#1865=ORIENTED_EDGE('',*,*,#4022,.T.);
#1866=ORIENTED_EDGE('',*,*,#4023,.T.);
#1867=ORIENTED_EDGE('',*,*,#4024,.T.);
#1868=ORIENTED_EDGE('',*,*,#4025,.T.);
#1869=ORIENTED_EDGE('',*,*,#4026,.T.);
#1870=ORIENTED_EDGE('',*,*,#4027,.T.);
#1871=ORIENTED_EDGE('',*,*,#4028,.T.);
#1872=ORIENTED_EDGE('',*,*,#4029,.T.);
#1873=ORIENTED_EDGE('',*,*,#4030,.T.);
#1874=ORIENTED_EDGE('',*,*,#4031,.T.);
#1875=ORIENTED_EDGE('',*,*,#4032,.T.);
#1876=ORIENTED_EDGE('',*,*,#4033,.T.);
#1877=ORIENTED_EDGE('',*,*,#4034,.T.);
#1878=ORIENTED_EDGE('',*,*,#4035,.T.);
#1879=ORIENTED_EDGE('',*,*,#4036,.T.);
#1880=ORIENTED_EDGE('',*,*,#4037,.T.);
#1881=ORIENTED_EDGE('',*,*,#4038,.T.);
#1882=ORIENTED_EDGE('',*,*,#4039,.T.);
#1883=ORIENTED_EDGE('',*,*,#4040,.T.);
#1884=ORIENTED_EDGE('',*,*,#4041,.T.);
#1885=ORIENTED_EDGE('',*,*,#4042,.T.);
#1886=ORIENTED_EDGE('',*,*,#3928,.F.);
#1887=ORIENTED_EDGE('',*,*,#4043,.T.);
#1888=ORIENTED_EDGE('',*,*,#3930,.F.);
#1889=ORIENTED_EDGE('',*,*,#4044,.T.);
#1890=ORIENTED_EDGE('',*,*,#4009,.F.);
#1891=ORIENTED_EDGE('',*,*,#4045,.T.);
#1892=ORIENTED_EDGE('',*,*,#4000,.F.);
#1893=ORIENTED_EDGE('',*,*,#4046,.T.);
#1894=ORIENTED_EDGE('',*,*,#3956,.F.);
#1895=ORIENTED_EDGE('',*,*,#4047,.T.);
#1896=ORIENTED_EDGE('',*,*,#4048,.F.);
#1897=ORIENTED_EDGE('',*,*,#4049,.T.);
#1898=ORIENTED_EDGE('',*,*,#4048,.T.);
#1899=ORIENTED_EDGE('',*,*,#4050,.T.);
#1900=ORIENTED_EDGE('',*,*,#3950,.F.);
#1901=ORIENTED_EDGE('',*,*,#4051,.T.);
#1902=ORIENTED_EDGE('',*,*,#3948,.F.);
#1903=ORIENTED_EDGE('',*,*,#4052,.T.);
#1904=ORIENTED_EDGE('',*,*,#4053,.F.);
#1905=ORIENTED_EDGE('',*,*,#4054,.T.);
#1906=ORIENTED_EDGE('',*,*,#4053,.T.);
#1907=ORIENTED_EDGE('',*,*,#4055,.T.);
#1908=ORIENTED_EDGE('',*,*,#3942,.F.);
#1909=ORIENTED_EDGE('',*,*,#4056,.T.);
#1910=ORIENTED_EDGE('',*,*,#3972,.F.);
#1911=ORIENTED_EDGE('',*,*,#4057,.T.);
#1912=ORIENTED_EDGE('',*,*,#4058,.F.);
#1913=ORIENTED_EDGE('',*,*,#4059,.T.);
#1914=ORIENTED_EDGE('',*,*,#4058,.T.);
#1915=ORIENTED_EDGE('',*,*,#4060,.T.);
#1916=ORIENTED_EDGE('',*,*,#3966,.F.);
#1917=ORIENTED_EDGE('',*,*,#4061,.T.);
#1918=ORIENTED_EDGE('',*,*,#3960,.F.);
#1919=ORIENTED_EDGE('',*,*,#4062,.T.);
#1920=ORIENTED_EDGE('',*,*,#4063,.F.);
#1921=ORIENTED_EDGE('',*,*,#4064,.T.);
#1922=ORIENTED_EDGE('',*,*,#4063,.T.);
#1923=ORIENTED_EDGE('',*,*,#4065,.T.);
#1924=ORIENTED_EDGE('',*,*,#3962,.F.);
#1925=ORIENTED_EDGE('',*,*,#4066,.T.);
#1926=ORIENTED_EDGE('',*,*,#3914,.F.);
#1927=ORIENTED_EDGE('',*,*,#4067,.T.);
#1928=ORIENTED_EDGE('',*,*,#4068,.F.);
#1929=ORIENTED_EDGE('',*,*,#4069,.T.);
#1930=ORIENTED_EDGE('',*,*,#4068,.T.);
#1931=ORIENTED_EDGE('',*,*,#4070,.T.);
#1932=ORIENTED_EDGE('',*,*,#3916,.F.);
#1933=ORIENTED_EDGE('',*,*,#4071,.T.);
#1934=ORIENTED_EDGE('',*,*,#3906,.F.);
#1935=ORIENTED_EDGE('',*,*,#4072,.T.);
#1936=ORIENTED_EDGE('',*,*,#4073,.F.);
#1937=ORIENTED_EDGE('',*,*,#4074,.T.);
#1938=ORIENTED_EDGE('',*,*,#4073,.T.);
#1939=ORIENTED_EDGE('',*,*,#4075,.T.);
#1940=ORIENTED_EDGE('',*,*,#3908,.F.);
#1941=ORIENTED_EDGE('',*,*,#4076,.T.);
#1942=ORIENTED_EDGE('',*,*,#3940,.F.);
#1943=ORIENTED_EDGE('',*,*,#4077,.T.);
#1944=ORIENTED_EDGE('',*,*,#4078,.F.);
#1945=ORIENTED_EDGE('',*,*,#4079,.T.);
#1946=ORIENTED_EDGE('',*,*,#4078,.T.);
#1947=ORIENTED_EDGE('',*,*,#4080,.T.);
#1948=ORIENTED_EDGE('',*,*,#3934,.F.);
#1949=ORIENTED_EDGE('',*,*,#4081,.T.);
#1950=ORIENTED_EDGE('',*,*,#3932,.F.);
#1951=ORIENTED_EDGE('',*,*,#4082,.T.);
#1952=ORIENTED_EDGE('',*,*,#4083,.F.);
#1953=ORIENTED_EDGE('',*,*,#4084,.T.);
#1954=ORIENTED_EDGE('',*,*,#4083,.T.);
#1955=ORIENTED_EDGE('',*,*,#4085,.T.);
#1956=ORIENTED_EDGE('',*,*,#3924,.F.);
#1957=ORIENTED_EDGE('',*,*,#4086,.T.);
#1958=ORIENTED_EDGE('',*,*,#4087,.F.);
#1959=ORIENTED_EDGE('',*,*,#4088,.T.);
#1960=ORIENTED_EDGE('',*,*,#3904,.F.);
#1961=ORIENTED_EDGE('',*,*,#4089,.T.);
#1962=ORIENTED_EDGE('',*,*,#3910,.F.);
#1963=ORIENTED_EDGE('',*,*,#4090,.T.);
#1964=ORIENTED_EDGE('',*,*,#4087,.T.);
#1965=ORIENTED_EDGE('',*,*,#4091,.T.);
#1966=ORIENTED_EDGE('',*,*,#4092,.F.);
#1967=ORIENTED_EDGE('',*,*,#4093,.T.);
#1968=ORIENTED_EDGE('',*,*,#3912,.F.);
#1969=ORIENTED_EDGE('',*,*,#4094,.T.);
#1970=ORIENTED_EDGE('',*,*,#3918,.F.);
#1971=ORIENTED_EDGE('',*,*,#4095,.T.);
#1972=ORIENTED_EDGE('',*,*,#4092,.T.);
#1973=ORIENTED_EDGE('',*,*,#4096,.T.);
#1974=ORIENTED_EDGE('',*,*,#4097,.F.);
#1975=ORIENTED_EDGE('',*,*,#4098,.T.);
#1976=ORIENTED_EDGE('',*,*,#3958,.F.);
#1977=ORIENTED_EDGE('',*,*,#4099,.T.);
#1978=ORIENTED_EDGE('',*,*,#3964,.F.);
#1979=ORIENTED_EDGE('',*,*,#4100,.T.);
#1980=ORIENTED_EDGE('',*,*,#4097,.T.);
#1981=ORIENTED_EDGE('',*,*,#4101,.T.);
#1982=ORIENTED_EDGE('',*,*,#4102,.F.);
#1983=ORIENTED_EDGE('',*,*,#4103,.T.);
#1984=ORIENTED_EDGE('',*,*,#3970,.F.);
#1985=ORIENTED_EDGE('',*,*,#4104,.T.);
#1986=ORIENTED_EDGE('',*,*,#3968,.F.);
#1987=ORIENTED_EDGE('',*,*,#4105,.T.);
#1988=ORIENTED_EDGE('',*,*,#4102,.T.);
#1989=ORIENTED_EDGE('',*,*,#4106,.T.);
#1990=ORIENTED_EDGE('',*,*,#4107,.F.);
#1991=ORIENTED_EDGE('',*,*,#4108,.T.);
#1992=ORIENTED_EDGE('',*,*,#3946,.F.);
#1993=ORIENTED_EDGE('',*,*,#4109,.T.);
#1994=ORIENTED_EDGE('',*,*,#3944,.F.);
#1995=ORIENTED_EDGE('',*,*,#4110,.T.);
#1996=ORIENTED_EDGE('',*,*,#4107,.T.);
#1997=ORIENTED_EDGE('',*,*,#4111,.T.);
#1998=ORIENTED_EDGE('',*,*,#4112,.F.);
#1999=ORIENTED_EDGE('',*,*,#4113,.T.);
#2000=ORIENTED_EDGE('',*,*,#3954,.F.);
#2001=ORIENTED_EDGE('',*,*,#4114,.T.);
#2002=ORIENTED_EDGE('',*,*,#3952,.F.);
#2003=ORIENTED_EDGE('',*,*,#4115,.T.);
#2004=ORIENTED_EDGE('',*,*,#4112,.T.);
#2005=ORIENTED_EDGE('',*,*,#4116,.T.);
#2006=ORIENTED_EDGE('',*,*,#3896,.F.);
#2007=ORIENTED_EDGE('',*,*,#4117,.T.);
#2008=ORIENTED_EDGE('',*,*,#3901,.F.);
#2009=ORIENTED_EDGE('',*,*,#4118,.T.);
#2010=ORIENTED_EDGE('',*,*,#3936,.F.);
#2011=ORIENTED_EDGE('',*,*,#4119,.T.);
#2012=ORIENTED_EDGE('',*,*,#4120,.F.);
#2013=ORIENTED_EDGE('',*,*,#4121,.T.);
#2014=ORIENTED_EDGE('',*,*,#4120,.T.);
#2015=ORIENTED_EDGE('',*,*,#4122,.T.);
#2016=ORIENTED_EDGE('',*,*,#3938,.F.);
#2017=ORIENTED_EDGE('',*,*,#4123,.T.);
#2018=ORIENTED_EDGE('',*,*,#4017,.F.);
#2019=ORIENTED_EDGE('',*,*,#4124,.T.);
#2020=ORIENTED_EDGE('',*,*,#4125,.F.);
#2021=ORIENTED_EDGE('',*,*,#4126,.T.);
#2022=ORIENTED_EDGE('',*,*,#4125,.T.);
#2023=ORIENTED_EDGE('',*,*,#4127,.T.);
#2024=ORIENTED_EDGE('',*,*,#4011,.F.);
#2025=ORIENTED_EDGE('',*,*,#4128,.T.);
#2026=ORIENTED_EDGE('',*,*,#4021,.F.);
#2027=ORIENTED_EDGE('',*,*,#4129,.T.);
#2028=ORIENTED_EDGE('',*,*,#4130,.F.);
#2029=ORIENTED_EDGE('',*,*,#4131,.T.);
#2030=ORIENTED_EDGE('',*,*,#4130,.T.);
#2031=ORIENTED_EDGE('',*,*,#4132,.T.);
#2032=ORIENTED_EDGE('',*,*,#4023,.F.);
#2033=ORIENTED_EDGE('',*,*,#4133,.T.);
#2034=ORIENTED_EDGE('',*,*,#3976,.F.);
#2035=ORIENTED_EDGE('',*,*,#4134,.T.);
#2036=ORIENTED_EDGE('',*,*,#3978,.F.);
#2037=ORIENTED_EDGE('',*,*,#4135,.T.);
#2038=ORIENTED_EDGE('',*,*,#4136,.F.);
#2039=ORIENTED_EDGE('',*,*,#4137,.T.);
#2040=ORIENTED_EDGE('',*,*,#4039,.F.);
#2041=ORIENTED_EDGE('',*,*,#4138,.T.);
#2042=ORIENTED_EDGE('',*,*,#4037,.F.);
#2043=ORIENTED_EDGE('',*,*,#4139,.T.);
#2044=ORIENTED_EDGE('',*,*,#4136,.T.);
#2045=ORIENTED_EDGE('',*,*,#4140,.T.);
#2046=ORIENTED_EDGE('',*,*,#4141,.F.);
#2047=ORIENTED_EDGE('',*,*,#4142,.T.);
#2048=ORIENTED_EDGE('',*,*,#4031,.F.);
#2049=ORIENTED_EDGE('',*,*,#4143,.T.);
#2050=ORIENTED_EDGE('',*,*,#4029,.F.);
#2051=ORIENTED_EDGE('',*,*,#4144,.T.);
#2052=ORIENTED_EDGE('',*,*,#4141,.T.);
#2053=ORIENTED_EDGE('',*,*,#4145,.T.);
#2054=ORIENTED_EDGE('',*,*,#3998,.F.);
#2055=ORIENTED_EDGE('',*,*,#4146,.T.);
#2056=ORIENTED_EDGE('',*,*,#4147,.F.);
#2057=ORIENTED_EDGE('',*,*,#4148,.T.);
#2058=ORIENTED_EDGE('',*,*,#4147,.T.);
#2059=ORIENTED_EDGE('',*,*,#4149,.T.);
#2060=ORIENTED_EDGE('',*,*,#3992,.F.);
#2061=ORIENTED_EDGE('',*,*,#4150,.T.);
#2062=ORIENTED_EDGE('',*,*,#4151,.F.);
#2063=ORIENTED_EDGE('',*,*,#4152,.T.);
#2064=ORIENTED_EDGE('',*,*,#3988,.F.);
#2065=ORIENTED_EDGE('',*,*,#4153,.T.);
#2066=ORIENTED_EDGE('',*,*,#3986,.F.);
#2067=ORIENTED_EDGE('',*,*,#4154,.T.);
#2068=ORIENTED_EDGE('',*,*,#4151,.T.);
#2069=ORIENTED_EDGE('',*,*,#4155,.T.);
#2070=ORIENTED_EDGE('',*,*,#4156,.F.);
#2071=ORIENTED_EDGE('',*,*,#4157,.T.);
#2072=ORIENTED_EDGE('',*,*,#4019,.F.);
#2073=ORIENTED_EDGE('',*,*,#4158,.T.);
#2074=ORIENTED_EDGE('',*,*,#4025,.F.);
#2075=ORIENTED_EDGE('',*,*,#4159,.T.);
#2076=ORIENTED_EDGE('',*,*,#4156,.T.);
#2077=ORIENTED_EDGE('',*,*,#4160,.T.);
#2078=ORIENTED_EDGE('',*,*,#4161,.F.);
#2079=ORIENTED_EDGE('',*,*,#4162,.T.);
#2080=ORIENTED_EDGE('',*,*,#4015,.F.);
#2081=ORIENTED_EDGE('',*,*,#4163,.T.);
#2082=ORIENTED_EDGE('',*,*,#4013,.F.);
#2083=ORIENTED_EDGE('',*,*,#4164,.T.);
#2084=ORIENTED_EDGE('',*,*,#4161,.T.);
#2085=ORIENTED_EDGE('',*,*,#4165,.T.);
#2086=ORIENTED_EDGE('',*,*,#4166,.F.);
#2087=ORIENTED_EDGE('',*,*,#4167,.T.);
#2088=ORIENTED_EDGE('',*,*,#4035,.F.);
#2089=ORIENTED_EDGE('',*,*,#4168,.T.);
#2090=ORIENTED_EDGE('',*,*,#4041,.F.);
#2091=ORIENTED_EDGE('',*,*,#4169,.T.);
#2092=ORIENTED_EDGE('',*,*,#4166,.T.);
#2093=ORIENTED_EDGE('',*,*,#4170,.T.);
#2094=ORIENTED_EDGE('',*,*,#4171,.F.);
#2095=ORIENTED_EDGE('',*,*,#4172,.T.);
#2096=ORIENTED_EDGE('',*,*,#4027,.F.);
#2097=ORIENTED_EDGE('',*,*,#4173,.T.);
#2098=ORIENTED_EDGE('',*,*,#4033,.F.);
#2099=ORIENTED_EDGE('',*,*,#4174,.T.);
#2100=ORIENTED_EDGE('',*,*,#4171,.T.);
#2101=ORIENTED_EDGE('',*,*,#4175,.T.);
#2102=ORIENTED_EDGE('',*,*,#3994,.F.);
#2103=ORIENTED_EDGE('',*,*,#4176,.T.);
#2104=ORIENTED_EDGE('',*,*,#4177,.F.);
#2105=ORIENTED_EDGE('',*,*,#4178,.T.);
#2106=ORIENTED_EDGE('',*,*,#4177,.T.);
#2107=ORIENTED_EDGE('',*,*,#4179,.T.);
#2108=ORIENTED_EDGE('',*,*,#3996,.F.);
#2109=ORIENTED_EDGE('',*,*,#4180,.T.);
#2110=ORIENTED_EDGE('',*,*,#4181,.F.);
#2111=ORIENTED_EDGE('',*,*,#4182,.T.);
#2112=ORIENTED_EDGE('',*,*,#3984,.F.);
#2113=ORIENTED_EDGE('',*,*,#4183,.T.);
#2114=ORIENTED_EDGE('',*,*,#3990,.F.);
#2115=ORIENTED_EDGE('',*,*,#4184,.T.);
#2116=ORIENTED_EDGE('',*,*,#4181,.T.);
#2117=ORIENTED_EDGE('',*,*,#4185,.T.);
#2118=ORIENTED_EDGE('',*,*,#4186,.F.);
#2119=ORIENTED_EDGE('',*,*,#4187,.T.);
#2120=ORIENTED_EDGE('',*,*,#4007,.F.);
#2121=ORIENTED_EDGE('',*,*,#4188,.T.);
#2122=ORIENTED_EDGE('',*,*,#4005,.F.);
#2123=ORIENTED_EDGE('',*,*,#4189,.T.);
#2124=ORIENTED_EDGE('',*,*,#4186,.T.);
#2125=ORIENTED_EDGE('',*,*,#4190,.T.);
#2126=ORIENTED_EDGE('',*,*,#4191,.F.);
#2127=ORIENTED_EDGE('',*,*,#3234,.F.);
#2128=ORIENTED_EDGE('',*,*,#4192,.F.);
#2129=ORIENTED_EDGE('',*,*,#4004,.F.);
#2130=ORIENTED_EDGE('',*,*,#4192,.T.);
#2131=ORIENTED_EDGE('',*,*,#3233,.F.);
#2132=ORIENTED_EDGE('',*,*,#4193,.F.);
#2133=ORIENTED_EDGE('',*,*,#4189,.F.);
#2134=ORIENTED_EDGE('',*,*,#4191,.T.);
#2135=ORIENTED_EDGE('',*,*,#4001,.F.);
#2136=ORIENTED_EDGE('',*,*,#4194,.F.);
#2137=ORIENTED_EDGE('',*,*,#3235,.F.);
#2138=ORIENTED_EDGE('',*,*,#4193,.T.);
#2139=ORIENTED_EDGE('',*,*,#3232,.F.);
#2140=ORIENTED_EDGE('',*,*,#4195,.F.);
#2141=ORIENTED_EDGE('',*,*,#4187,.F.);
#2142=ORIENTED_EDGE('',*,*,#4194,.T.);
#2143=ORIENTED_EDGE('',*,*,#4045,.F.);
#2144=ORIENTED_EDGE('',*,*,#4196,.F.);
#2145=ORIENTED_EDGE('',*,*,#3230,.F.);
#2146=ORIENTED_EDGE('',*,*,#4195,.T.);
#2147=ORIENTED_EDGE('',*,*,#3231,.F.);
#2148=ORIENTED_EDGE('',*,*,#4196,.T.);
#2149=ORIENTED_EDGE('',*,*,#4008,.F.);
#2150=ORIENTED_EDGE('',*,*,#4197,.F.);
#2151=ORIENTED_EDGE('',*,*,#4006,.F.);
#2152=ORIENTED_EDGE('',*,*,#4198,.F.);
#2153=ORIENTED_EDGE('',*,*,#3280,.F.);
#2154=ORIENTED_EDGE('',*,*,#4198,.T.);
#2155=ORIENTED_EDGE('',*,*,#4190,.F.);
#2156=ORIENTED_EDGE('',*,*,#4199,.F.);
#2157=ORIENTED_EDGE('',*,*,#3281,.F.);
#2158=ORIENTED_EDGE('',*,*,#4197,.T.);
#2159=ORIENTED_EDGE('',*,*,#3279,.F.);
#2160=ORIENTED_EDGE('',*,*,#4200,.F.);
#2161=ORIENTED_EDGE('',*,*,#4003,.F.);
#2162=ORIENTED_EDGE('',*,*,#4199,.T.);
#2163=ORIENTED_EDGE('',*,*,#4188,.F.);
#2164=ORIENTED_EDGE('',*,*,#4201,.F.);
#2165=ORIENTED_EDGE('',*,*,#3276,.F.);
#2166=ORIENTED_EDGE('',*,*,#4200,.T.);
#2167=ORIENTED_EDGE('',*,*,#3278,.F.);
#2168=ORIENTED_EDGE('',*,*,#4202,.F.);
#2169=ORIENTED_EDGE('',*,*,#4046,.F.);
#2170=ORIENTED_EDGE('',*,*,#4201,.T.);
#2171=ORIENTED_EDGE('',*,*,#4010,.F.);
#2172=ORIENTED_EDGE('',*,*,#4202,.T.);
#2173=ORIENTED_EDGE('',*,*,#3277,.F.);
#2174=ORIENTED_EDGE('',*,*,#4203,.F.);
#2175=ORIENTED_EDGE('',*,*,#3240,.F.);
#2176=ORIENTED_EDGE('',*,*,#4204,.F.);
#2177=ORIENTED_EDGE('',*,*,#3989,.F.);
#2178=ORIENTED_EDGE('',*,*,#4204,.T.);
#2179=ORIENTED_EDGE('',*,*,#3239,.F.);
#2180=ORIENTED_EDGE('',*,*,#4205,.F.);
#2181=ORIENTED_EDGE('',*,*,#4184,.F.);
#2182=ORIENTED_EDGE('',*,*,#4203,.T.);
#2183=ORIENTED_EDGE('',*,*,#4152,.F.);
#2184=ORIENTED_EDGE('',*,*,#4206,.F.);
#2185=ORIENTED_EDGE('',*,*,#3241,.F.);
#2186=ORIENTED_EDGE('',*,*,#4205,.T.);
#2187=ORIENTED_EDGE('',*,*,#3238,.F.);
#2188=ORIENTED_EDGE('',*,*,#4207,.F.);
#2189=ORIENTED_EDGE('',*,*,#4182,.F.);
#2190=ORIENTED_EDGE('',*,*,#4206,.T.);
#2191=ORIENTED_EDGE('',*,*,#4154,.F.);
#2192=ORIENTED_EDGE('',*,*,#4208,.F.);
#2193=ORIENTED_EDGE('',*,*,#3236,.F.);
#2194=ORIENTED_EDGE('',*,*,#4207,.T.);
#2195=ORIENTED_EDGE('',*,*,#3237,.F.);
#2196=ORIENTED_EDGE('',*,*,#4208,.T.);
#2197=ORIENTED_EDGE('',*,*,#3985,.F.);
#2198=ORIENTED_EDGE('',*,*,#4209,.F.);
#2199=ORIENTED_EDGE('',*,*,#3991,.F.);
#2200=ORIENTED_EDGE('',*,*,#4210,.F.);
#2201=ORIENTED_EDGE('',*,*,#3286,.F.);
#2202=ORIENTED_EDGE('',*,*,#4210,.T.);
#2203=ORIENTED_EDGE('',*,*,#4185,.F.);
#2204=ORIENTED_EDGE('',*,*,#4211,.F.);
#2205=ORIENTED_EDGE('',*,*,#3287,.F.);
#2206=ORIENTED_EDGE('',*,*,#4209,.T.);
#2207=ORIENTED_EDGE('',*,*,#3285,.F.);
#2208=ORIENTED_EDGE('',*,*,#4212,.F.);
#2209=ORIENTED_EDGE('',*,*,#4153,.F.);
#2210=ORIENTED_EDGE('',*,*,#4211,.T.);
#2211=ORIENTED_EDGE('',*,*,#4183,.F.);
#2212=ORIENTED_EDGE('',*,*,#4213,.F.);
#2213=ORIENTED_EDGE('',*,*,#3282,.F.);
#2214=ORIENTED_EDGE('',*,*,#4212,.T.);
#2215=ORIENTED_EDGE('',*,*,#3284,.F.);
#2216=ORIENTED_EDGE('',*,*,#4214,.F.);
#2217=ORIENTED_EDGE('',*,*,#4155,.F.);
#2218=ORIENTED_EDGE('',*,*,#4213,.T.);
#2219=ORIENTED_EDGE('',*,*,#3987,.F.);
#2220=ORIENTED_EDGE('',*,*,#4214,.T.);
#2221=ORIENTED_EDGE('',*,*,#3283,.F.);
#2222=ORIENTED_EDGE('',*,*,#4215,.F.);
#2223=ORIENTED_EDGE('',*,*,#3246,.F.);
#2224=ORIENTED_EDGE('',*,*,#4216,.F.);
#2225=ORIENTED_EDGE('',*,*,#3993,.F.);
#2226=ORIENTED_EDGE('',*,*,#4216,.T.);
#2227=ORIENTED_EDGE('',*,*,#3245,.F.);
#2228=ORIENTED_EDGE('',*,*,#4217,.F.);
#2229=ORIENTED_EDGE('',*,*,#4176,.F.);
#2230=ORIENTED_EDGE('',*,*,#4215,.T.);
#2231=ORIENTED_EDGE('',*,*,#4149,.F.);
#2232=ORIENTED_EDGE('',*,*,#4218,.F.);
#2233=ORIENTED_EDGE('',*,*,#3247,.F.);
#2234=ORIENTED_EDGE('',*,*,#4217,.T.);
#2235=ORIENTED_EDGE('',*,*,#3244,.F.);
#2236=ORIENTED_EDGE('',*,*,#4219,.F.);
#2237=ORIENTED_EDGE('',*,*,#4179,.F.);
#2238=ORIENTED_EDGE('',*,*,#4218,.T.);
#2239=ORIENTED_EDGE('',*,*,#4146,.F.);
#2240=ORIENTED_EDGE('',*,*,#4220,.F.);
#2241=ORIENTED_EDGE('',*,*,#3242,.F.);
#2242=ORIENTED_EDGE('',*,*,#4219,.T.);
#2243=ORIENTED_EDGE('',*,*,#3243,.F.);
#2244=ORIENTED_EDGE('',*,*,#4220,.T.);
#2245=ORIENTED_EDGE('',*,*,#3997,.F.);
#2246=ORIENTED_EDGE('',*,*,#4221,.F.);
#2247=ORIENTED_EDGE('',*,*,#3995,.F.);
#2248=ORIENTED_EDGE('',*,*,#4222,.F.);
#2249=ORIENTED_EDGE('',*,*,#3292,.F.);
#2250=ORIENTED_EDGE('',*,*,#4222,.T.);
#2251=ORIENTED_EDGE('',*,*,#4178,.F.);
#2252=ORIENTED_EDGE('',*,*,#4223,.F.);
#2253=ORIENTED_EDGE('',*,*,#3293,.F.);
#2254=ORIENTED_EDGE('',*,*,#4221,.T.);
#2255=ORIENTED_EDGE('',*,*,#3291,.F.);
#2256=ORIENTED_EDGE('',*,*,#4224,.F.);
#2257=ORIENTED_EDGE('',*,*,#4150,.F.);
#2258=ORIENTED_EDGE('',*,*,#4223,.T.);
#2259=ORIENTED_EDGE('',*,*,#4180,.F.);
#2260=ORIENTED_EDGE('',*,*,#4225,.F.);
#2261=ORIENTED_EDGE('',*,*,#3288,.F.);
#2262=ORIENTED_EDGE('',*,*,#4224,.T.);
#2263=ORIENTED_EDGE('',*,*,#3290,.F.);
#2264=ORIENTED_EDGE('',*,*,#4226,.F.);
#2265=ORIENTED_EDGE('',*,*,#4148,.F.);
#2266=ORIENTED_EDGE('',*,*,#4225,.T.);
#2267=ORIENTED_EDGE('',*,*,#3999,.F.);
#2268=ORIENTED_EDGE('',*,*,#4226,.T.);
#2269=ORIENTED_EDGE('',*,*,#3289,.F.);
#2270=ORIENTED_EDGE('',*,*,#4227,.F.);
#2271=ORIENTED_EDGE('',*,*,#3252,.F.);
#2272=ORIENTED_EDGE('',*,*,#4228,.F.);
#2273=ORIENTED_EDGE('',*,*,#4032,.F.);
#2274=ORIENTED_EDGE('',*,*,#4228,.T.);
#2275=ORIENTED_EDGE('',*,*,#3251,.F.);
#2276=ORIENTED_EDGE('',*,*,#4229,.F.);
#2277=ORIENTED_EDGE('',*,*,#4174,.F.);
#2278=ORIENTED_EDGE('',*,*,#4227,.T.);
#2279=ORIENTED_EDGE('',*,*,#4142,.F.);
#2280=ORIENTED_EDGE('',*,*,#4230,.F.);
#2281=ORIENTED_EDGE('',*,*,#3253,.F.);
#2282=ORIENTED_EDGE('',*,*,#4229,.T.);
#2283=ORIENTED_EDGE('',*,*,#3250,.F.);
#2284=ORIENTED_EDGE('',*,*,#4231,.F.);
#2285=ORIENTED_EDGE('',*,*,#4172,.F.);
#2286=ORIENTED_EDGE('',*,*,#4230,.T.);
#2287=ORIENTED_EDGE('',*,*,#4144,.F.);
#2288=ORIENTED_EDGE('',*,*,#4232,.F.);
#2289=ORIENTED_EDGE('',*,*,#3248,.F.);
#2290=ORIENTED_EDGE('',*,*,#4231,.T.);
#2291=ORIENTED_EDGE('',*,*,#3249,.F.);
#2292=ORIENTED_EDGE('',*,*,#4232,.T.);
#2293=ORIENTED_EDGE('',*,*,#4028,.F.);
#2294=ORIENTED_EDGE('',*,*,#4233,.F.);
#2295=ORIENTED_EDGE('',*,*,#4034,.F.);
#2296=ORIENTED_EDGE('',*,*,#4234,.F.);
#2297=ORIENTED_EDGE('',*,*,#3298,.F.);
#2298=ORIENTED_EDGE('',*,*,#4234,.T.);
#2299=ORIENTED_EDGE('',*,*,#4175,.F.);
#2300=ORIENTED_EDGE('',*,*,#4235,.F.);
#2301=ORIENTED_EDGE('',*,*,#3299,.F.);
#2302=ORIENTED_EDGE('',*,*,#4233,.T.);
#2303=ORIENTED_EDGE('',*,*,#3297,.F.);
#2304=ORIENTED_EDGE('',*,*,#4236,.F.);
#2305=ORIENTED_EDGE('',*,*,#4143,.F.);
#2306=ORIENTED_EDGE('',*,*,#4235,.T.);
#2307=ORIENTED_EDGE('',*,*,#4173,.F.);
#2308=ORIENTED_EDGE('',*,*,#4237,.F.);
#2309=ORIENTED_EDGE('',*,*,#3294,.F.);
#2310=ORIENTED_EDGE('',*,*,#4236,.T.);
#2311=ORIENTED_EDGE('',*,*,#3296,.F.);
#2312=ORIENTED_EDGE('',*,*,#4238,.F.);
#2313=ORIENTED_EDGE('',*,*,#4145,.F.);
#2314=ORIENTED_EDGE('',*,*,#4237,.T.);
#2315=ORIENTED_EDGE('',*,*,#4030,.F.);
#2316=ORIENTED_EDGE('',*,*,#4238,.T.);
#2317=ORIENTED_EDGE('',*,*,#3295,.F.);
#2318=ORIENTED_EDGE('',*,*,#4239,.F.);
#2319=ORIENTED_EDGE('',*,*,#3258,.F.);
#2320=ORIENTED_EDGE('',*,*,#4240,.F.);
#2321=ORIENTED_EDGE('',*,*,#4040,.F.);
#2322=ORIENTED_EDGE('',*,*,#4240,.T.);
#2323=ORIENTED_EDGE('',*,*,#3257,.F.);
#2324=ORIENTED_EDGE('',*,*,#4241,.F.);
#2325=ORIENTED_EDGE('',*,*,#4169,.F.);
#2326=ORIENTED_EDGE('',*,*,#4239,.T.);
#2327=ORIENTED_EDGE('',*,*,#4137,.F.);
#2328=ORIENTED_EDGE('',*,*,#4242,.F.);
#2329=ORIENTED_EDGE('',*,*,#3259,.F.);
#2330=ORIENTED_EDGE('',*,*,#4241,.T.);
#2331=ORIENTED_EDGE('',*,*,#3256,.F.);
#2332=ORIENTED_EDGE('',*,*,#4243,.F.);
#2333=ORIENTED_EDGE('',*,*,#4167,.F.);
#2334=ORIENTED_EDGE('',*,*,#4242,.T.);
#2335=ORIENTED_EDGE('',*,*,#4139,.F.);
#2336=ORIENTED_EDGE('',*,*,#4244,.F.);
#2337=ORIENTED_EDGE('',*,*,#3254,.F.);
#2338=ORIENTED_EDGE('',*,*,#4243,.T.);
#2339=ORIENTED_EDGE('',*,*,#3255,.F.);
#2340=ORIENTED_EDGE('',*,*,#4244,.T.);
#2341=ORIENTED_EDGE('',*,*,#4036,.F.);
#2342=ORIENTED_EDGE('',*,*,#4245,.F.);
#2343=ORIENTED_EDGE('',*,*,#4042,.F.);
#2344=ORIENTED_EDGE('',*,*,#4246,.F.);
#2345=ORIENTED_EDGE('',*,*,#3304,.F.);
#2346=ORIENTED_EDGE('',*,*,#4246,.T.);
#2347=ORIENTED_EDGE('',*,*,#4170,.F.);
#2348=ORIENTED_EDGE('',*,*,#4247,.F.);
#2349=ORIENTED_EDGE('',*,*,#3305,.F.);
#2350=ORIENTED_EDGE('',*,*,#4245,.T.);
#2351=ORIENTED_EDGE('',*,*,#3303,.F.);
#2352=ORIENTED_EDGE('',*,*,#4248,.F.);
#2353=ORIENTED_EDGE('',*,*,#4138,.F.);
#2354=ORIENTED_EDGE('',*,*,#4247,.T.);
#2355=ORIENTED_EDGE('',*,*,#4168,.F.);
#2356=ORIENTED_EDGE('',*,*,#4249,.F.);
#2357=ORIENTED_EDGE('',*,*,#3300,.F.);
#2358=ORIENTED_EDGE('',*,*,#4248,.T.);
#2359=ORIENTED_EDGE('',*,*,#3302,.F.);
#2360=ORIENTED_EDGE('',*,*,#4250,.F.);
#2361=ORIENTED_EDGE('',*,*,#4140,.F.);
#2362=ORIENTED_EDGE('',*,*,#4249,.T.);
#2363=ORIENTED_EDGE('',*,*,#4038,.F.);
#2364=ORIENTED_EDGE('',*,*,#4250,.T.);
#2365=ORIENTED_EDGE('',*,*,#3301,.F.);
#2366=ORIENTED_EDGE('',*,*,#4251,.F.);
#2367=ORIENTED_EDGE('',*,*,#3264,.F.);
#2368=ORIENTED_EDGE('',*,*,#4252,.F.);
#2369=ORIENTED_EDGE('',*,*,#4012,.F.);
#2370=ORIENTED_EDGE('',*,*,#4252,.T.);
#2371=ORIENTED_EDGE('',*,*,#3263,.F.);
#2372=ORIENTED_EDGE('',*,*,#4253,.F.);
#2373=ORIENTED_EDGE('',*,*,#4164,.F.);
#2374=ORIENTED_EDGE('',*,*,#4251,.T.);
#2375=ORIENTED_EDGE('',*,*,#4127,.F.);
#2376=ORIENTED_EDGE('',*,*,#4254,.F.);
#2377=ORIENTED_EDGE('',*,*,#3265,.F.);
#2378=ORIENTED_EDGE('',*,*,#4253,.T.);
#2379=ORIENTED_EDGE('',*,*,#3262,.F.);
#2380=ORIENTED_EDGE('',*,*,#4255,.F.);
#2381=ORIENTED_EDGE('',*,*,#4162,.F.);
#2382=ORIENTED_EDGE('',*,*,#4254,.T.);
#2383=ORIENTED_EDGE('',*,*,#4124,.F.);
#2384=ORIENTED_EDGE('',*,*,#4256,.F.);
#2385=ORIENTED_EDGE('',*,*,#3260,.F.);
#2386=ORIENTED_EDGE('',*,*,#4255,.T.);
#2387=ORIENTED_EDGE('',*,*,#3261,.F.);
#2388=ORIENTED_EDGE('',*,*,#4256,.T.);
#2389=ORIENTED_EDGE('',*,*,#4016,.F.);
#2390=ORIENTED_EDGE('',*,*,#4257,.F.);
#2391=ORIENTED_EDGE('',*,*,#4014,.F.);
#2392=ORIENTED_EDGE('',*,*,#4258,.F.);
#2393=ORIENTED_EDGE('',*,*,#3310,.F.);
#2394=ORIENTED_EDGE('',*,*,#4258,.T.);
#2395=ORIENTED_EDGE('',*,*,#4165,.F.);
#2396=ORIENTED_EDGE('',*,*,#4259,.F.);
#2397=ORIENTED_EDGE('',*,*,#3311,.F.);
#2398=ORIENTED_EDGE('',*,*,#4257,.T.);
#2399=ORIENTED_EDGE('',*,*,#3309,.F.);
#2400=ORIENTED_EDGE('',*,*,#4260,.F.);
#2401=ORIENTED_EDGE('',*,*,#4128,.F.);
#2402=ORIENTED_EDGE('',*,*,#4259,.T.);
#2403=ORIENTED_EDGE('',*,*,#4163,.F.);
#2404=ORIENTED_EDGE('',*,*,#4261,.F.);
#2405=ORIENTED_EDGE('',*,*,#3306,.F.);
#2406=ORIENTED_EDGE('',*,*,#4260,.T.);
#2407=ORIENTED_EDGE('',*,*,#3308,.F.);
#2408=ORIENTED_EDGE('',*,*,#4262,.F.);
#2409=ORIENTED_EDGE('',*,*,#4126,.F.);
#2410=ORIENTED_EDGE('',*,*,#4261,.T.);
#2411=ORIENTED_EDGE('',*,*,#4018,.F.);
#2412=ORIENTED_EDGE('',*,*,#4262,.T.);
#2413=ORIENTED_EDGE('',*,*,#3307,.F.);
#2414=ORIENTED_EDGE('',*,*,#4263,.F.);
#2415=ORIENTED_EDGE('',*,*,#4020,.F.);
#2416=ORIENTED_EDGE('',*,*,#4264,.F.);
#2417=ORIENTED_EDGE('',*,*,#4265,.T.);
#2418=ORIENTED_EDGE('',*,*,#3216,.F.);
#2419=ORIENTED_EDGE('',*,*,#4264,.T.);
#2420=ORIENTED_EDGE('',*,*,#4157,.F.);
#2421=ORIENTED_EDGE('',*,*,#4266,.F.);
#2422=ORIENTED_EDGE('',*,*,#3211,.F.);
#2423=ORIENTED_EDGE('',*,*,#4267,.T.);
#2424=ORIENTED_EDGE('',*,*,#4268,.T.);
#2425=ORIENTED_EDGE('',*,*,#4263,.T.);
#2426=ORIENTED_EDGE('',*,*,#3215,.F.);
#2427=ORIENTED_EDGE('',*,*,#4269,.F.);
#2428=ORIENTED_EDGE('',*,*,#4129,.F.);
#2429=ORIENTED_EDGE('',*,*,#4266,.T.);
#2430=ORIENTED_EDGE('',*,*,#4159,.F.);
#2431=ORIENTED_EDGE('',*,*,#4270,.F.);
#2432=ORIENTED_EDGE('',*,*,#3212,.F.);
#2433=ORIENTED_EDGE('',*,*,#4269,.T.);
#2434=ORIENTED_EDGE('',*,*,#3214,.F.);
#2435=ORIENTED_EDGE('',*,*,#4271,.F.);
#2436=ORIENTED_EDGE('',*,*,#4132,.F.);
#2437=ORIENTED_EDGE('',*,*,#4270,.T.);
#2438=ORIENTED_EDGE('',*,*,#4024,.F.);
#2439=ORIENTED_EDGE('',*,*,#4271,.T.);
#2440=ORIENTED_EDGE('',*,*,#3213,.F.);
#2441=ORIENTED_EDGE('',*,*,#4272,.F.);
#2442=ORIENTED_EDGE('',*,*,#3316,.F.);
#2443=ORIENTED_EDGE('',*,*,#4273,.F.);
#2444=ORIENTED_EDGE('',*,*,#4022,.F.);
#2445=ORIENTED_EDGE('',*,*,#4273,.T.);
#2446=ORIENTED_EDGE('',*,*,#3315,.F.);
#2447=ORIENTED_EDGE('',*,*,#4274,.F.);
#2448=ORIENTED_EDGE('',*,*,#4158,.F.);
#2449=ORIENTED_EDGE('',*,*,#4272,.T.);
#2450=ORIENTED_EDGE('',*,*,#4131,.F.);
#2451=ORIENTED_EDGE('',*,*,#4275,.F.);
#2452=ORIENTED_EDGE('',*,*,#3317,.F.);
#2453=ORIENTED_EDGE('',*,*,#4274,.T.);
#2454=ORIENTED_EDGE('',*,*,#3314,.F.);
#2455=ORIENTED_EDGE('',*,*,#4276,.F.);
#2456=ORIENTED_EDGE('',*,*,#4160,.F.);
#2457=ORIENTED_EDGE('',*,*,#4275,.T.);
#2458=ORIENTED_EDGE('',*,*,#4133,.F.);
#2459=ORIENTED_EDGE('',*,*,#4277,.F.);
#2460=ORIENTED_EDGE('',*,*,#3312,.F.);
#2461=ORIENTED_EDGE('',*,*,#4276,.T.);
#2462=ORIENTED_EDGE('',*,*,#3313,.F.);
#2463=ORIENTED_EDGE('',*,*,#4277,.T.);
#2464=ORIENTED_EDGE('',*,*,#4026,.F.);
#2465=ORIENTED_EDGE('',*,*,#4278,.F.);
#2466=ORIENTED_EDGE('',*,*,#3935,.F.);
#2467=ORIENTED_EDGE('',*,*,#4279,.F.);
#2468=ORIENTED_EDGE('',*,*,#3335,.F.);
#2469=ORIENTED_EDGE('',*,*,#4279,.T.);
#2470=ORIENTED_EDGE('',*,*,#4080,.F.);
#2471=ORIENTED_EDGE('',*,*,#4280,.F.);
#2472=ORIENTED_EDGE('',*,*,#3336,.F.);
#2473=ORIENTED_EDGE('',*,*,#4278,.T.);
#2474=ORIENTED_EDGE('',*,*,#3334,.F.);
#2475=ORIENTED_EDGE('',*,*,#4281,.F.);
#2476=ORIENTED_EDGE('',*,*,#4119,.F.);
#2477=ORIENTED_EDGE('',*,*,#4280,.T.);
#2478=ORIENTED_EDGE('',*,*,#4077,.F.);
#2479=ORIENTED_EDGE('',*,*,#4282,.F.);
#2480=ORIENTED_EDGE('',*,*,#3331,.F.);
#2481=ORIENTED_EDGE('',*,*,#4281,.T.);
#2482=ORIENTED_EDGE('',*,*,#3333,.F.);
#2483=ORIENTED_EDGE('',*,*,#4283,.F.);
#2484=ORIENTED_EDGE('',*,*,#4122,.F.);
#2485=ORIENTED_EDGE('',*,*,#4282,.T.);
#2486=ORIENTED_EDGE('',*,*,#3939,.F.);
#2487=ORIENTED_EDGE('',*,*,#4283,.T.);
#2488=ORIENTED_EDGE('',*,*,#3332,.F.);
#2489=ORIENTED_EDGE('',*,*,#4284,.F.);
#2490=ORIENTED_EDGE('',*,*,#3427,.F.);
#2491=ORIENTED_EDGE('',*,*,#4285,.F.);
#2492=ORIENTED_EDGE('',*,*,#3937,.F.);
#2493=ORIENTED_EDGE('',*,*,#4285,.T.);
#2494=ORIENTED_EDGE('',*,*,#3426,.F.);
#2495=ORIENTED_EDGE('',*,*,#4286,.F.);
#2496=ORIENTED_EDGE('',*,*,#4081,.F.);
#2497=ORIENTED_EDGE('',*,*,#4284,.T.);
#2498=ORIENTED_EDGE('',*,*,#4121,.F.);
#2499=ORIENTED_EDGE('',*,*,#4287,.F.);
#2500=ORIENTED_EDGE('',*,*,#3428,.F.);
#2501=ORIENTED_EDGE('',*,*,#4286,.T.);
#2502=ORIENTED_EDGE('',*,*,#3425,.F.);
#2503=ORIENTED_EDGE('',*,*,#4288,.F.);
#2504=ORIENTED_EDGE('',*,*,#4079,.F.);
#2505=ORIENTED_EDGE('',*,*,#4287,.T.);
#2506=ORIENTED_EDGE('',*,*,#4123,.F.);
#2507=ORIENTED_EDGE('',*,*,#4289,.F.);
#2508=ORIENTED_EDGE('',*,*,#3423,.F.);
#2509=ORIENTED_EDGE('',*,*,#4288,.T.);
#2510=ORIENTED_EDGE('',*,*,#3424,.F.);
#2511=ORIENTED_EDGE('',*,*,#4289,.T.);
#2512=ORIENTED_EDGE('',*,*,#3941,.F.);
#2513=ORIENTED_EDGE('',*,*,#4290,.F.);
#2514=ORIENTED_EDGE('',*,*,#3909,.F.);
#2515=ORIENTED_EDGE('',*,*,#4291,.F.);
#2516=ORIENTED_EDGE('',*,*,#3341,.F.);
#2517=ORIENTED_EDGE('',*,*,#4291,.T.);
#2518=ORIENTED_EDGE('',*,*,#4075,.F.);
#2519=ORIENTED_EDGE('',*,*,#4292,.F.);
#2520=ORIENTED_EDGE('',*,*,#3342,.F.);
#2521=ORIENTED_EDGE('',*,*,#4290,.T.);
#2522=ORIENTED_EDGE('',*,*,#3340,.F.);
#2523=ORIENTED_EDGE('',*,*,#4293,.F.);
#2524=ORIENTED_EDGE('',*,*,#4090,.F.);
#2525=ORIENTED_EDGE('',*,*,#4292,.T.);
#2526=ORIENTED_EDGE('',*,*,#4072,.F.);
#2527=ORIENTED_EDGE('',*,*,#4294,.F.);
#2528=ORIENTED_EDGE('',*,*,#3337,.F.);
#2529=ORIENTED_EDGE('',*,*,#4293,.T.);
#2530=ORIENTED_EDGE('',*,*,#3339,.F.);
#2531=ORIENTED_EDGE('',*,*,#4295,.F.);
#2532=ORIENTED_EDGE('',*,*,#4088,.F.);
#2533=ORIENTED_EDGE('',*,*,#4294,.T.);
#2534=ORIENTED_EDGE('',*,*,#3905,.F.);
#2535=ORIENTED_EDGE('',*,*,#4295,.T.);
#2536=ORIENTED_EDGE('',*,*,#3338,.F.);
#2537=ORIENTED_EDGE('',*,*,#4296,.F.);
#2538=ORIENTED_EDGE('',*,*,#3433,.F.);
#2539=ORIENTED_EDGE('',*,*,#4297,.F.);
#2540=ORIENTED_EDGE('',*,*,#3911,.F.);
#2541=ORIENTED_EDGE('',*,*,#4297,.T.);
#2542=ORIENTED_EDGE('',*,*,#3432,.F.);
#2543=ORIENTED_EDGE('',*,*,#4298,.F.);
#2544=ORIENTED_EDGE('',*,*,#4076,.F.);
#2545=ORIENTED_EDGE('',*,*,#4296,.T.);
#2546=ORIENTED_EDGE('',*,*,#4091,.F.);
#2547=ORIENTED_EDGE('',*,*,#4299,.F.);
#2548=ORIENTED_EDGE('',*,*,#3434,.F.);
#2549=ORIENTED_EDGE('',*,*,#4298,.T.);
#2550=ORIENTED_EDGE('',*,*,#3431,.F.);
#2551=ORIENTED_EDGE('',*,*,#4300,.F.);
#2552=ORIENTED_EDGE('',*,*,#4074,.F.);
#2553=ORIENTED_EDGE('',*,*,#4299,.T.);
#2554=ORIENTED_EDGE('',*,*,#4089,.F.);
#2555=ORIENTED_EDGE('',*,*,#4301,.F.);
#2556=ORIENTED_EDGE('',*,*,#3429,.F.);
#2557=ORIENTED_EDGE('',*,*,#4300,.T.);
#2558=ORIENTED_EDGE('',*,*,#3430,.F.);
#2559=ORIENTED_EDGE('',*,*,#4301,.T.);
#2560=ORIENTED_EDGE('',*,*,#3907,.F.);
#2561=ORIENTED_EDGE('',*,*,#4302,.F.);
#2562=ORIENTED_EDGE('',*,*,#3917,.F.);
#2563=ORIENTED_EDGE('',*,*,#4303,.F.);
#2564=ORIENTED_EDGE('',*,*,#3347,.F.);
#2565=ORIENTED_EDGE('',*,*,#4303,.T.);
#2566=ORIENTED_EDGE('',*,*,#4070,.F.);
#2567=ORIENTED_EDGE('',*,*,#4304,.F.);
#2568=ORIENTED_EDGE('',*,*,#3348,.F.);
#2569=ORIENTED_EDGE('',*,*,#4302,.T.);
#2570=ORIENTED_EDGE('',*,*,#3346,.F.);
#2571=ORIENTED_EDGE('',*,*,#4305,.F.);
#2572=ORIENTED_EDGE('',*,*,#4095,.F.);
#2573=ORIENTED_EDGE('',*,*,#4304,.T.);
#2574=ORIENTED_EDGE('',*,*,#4067,.F.);
#2575=ORIENTED_EDGE('',*,*,#4306,.F.);
#2576=ORIENTED_EDGE('',*,*,#3343,.F.);
#2577=ORIENTED_EDGE('',*,*,#4305,.T.);
#2578=ORIENTED_EDGE('',*,*,#3345,.F.);
#2579=ORIENTED_EDGE('',*,*,#4307,.F.);
#2580=ORIENTED_EDGE('',*,*,#4093,.F.);
#2581=ORIENTED_EDGE('',*,*,#4306,.T.);
#2582=ORIENTED_EDGE('',*,*,#3913,.F.);
#2583=ORIENTED_EDGE('',*,*,#4307,.T.);
#2584=ORIENTED_EDGE('',*,*,#3344,.F.);
#2585=ORIENTED_EDGE('',*,*,#4308,.F.);
#2586=ORIENTED_EDGE('',*,*,#3439,.F.);
#2587=ORIENTED_EDGE('',*,*,#4309,.F.);
#2588=ORIENTED_EDGE('',*,*,#3919,.F.);
#2589=ORIENTED_EDGE('',*,*,#4309,.T.);
#2590=ORIENTED_EDGE('',*,*,#3438,.F.);
#2591=ORIENTED_EDGE('',*,*,#4310,.F.);
#2592=ORIENTED_EDGE('',*,*,#4071,.F.);
#2593=ORIENTED_EDGE('',*,*,#4308,.T.);
#2594=ORIENTED_EDGE('',*,*,#4096,.F.);
#2595=ORIENTED_EDGE('',*,*,#4311,.F.);
#2596=ORIENTED_EDGE('',*,*,#3440,.F.);
#2597=ORIENTED_EDGE('',*,*,#4310,.T.);
#2598=ORIENTED_EDGE('',*,*,#3437,.F.);
#2599=ORIENTED_EDGE('',*,*,#4312,.F.);
#2600=ORIENTED_EDGE('',*,*,#4069,.F.);
#2601=ORIENTED_EDGE('',*,*,#4311,.T.);
#2602=ORIENTED_EDGE('',*,*,#4094,.F.);
#2603=ORIENTED_EDGE('',*,*,#4313,.F.);
#2604=ORIENTED_EDGE('',*,*,#3435,.F.);
#2605=ORIENTED_EDGE('',*,*,#4312,.T.);
#2606=ORIENTED_EDGE('',*,*,#3436,.F.);
#2607=ORIENTED_EDGE('',*,*,#4313,.T.);
#2608=ORIENTED_EDGE('',*,*,#3915,.F.);
#2609=ORIENTED_EDGE('',*,*,#4314,.F.);
#2610=ORIENTED_EDGE('',*,*,#3963,.F.);
#2611=ORIENTED_EDGE('',*,*,#4315,.F.);
#2612=ORIENTED_EDGE('',*,*,#3353,.F.);
#2613=ORIENTED_EDGE('',*,*,#4315,.T.);
#2614=ORIENTED_EDGE('',*,*,#4065,.F.);
#2615=ORIENTED_EDGE('',*,*,#4316,.F.);
#2616=ORIENTED_EDGE('',*,*,#3354,.F.);
#2617=ORIENTED_EDGE('',*,*,#4314,.T.);
#2618=ORIENTED_EDGE('',*,*,#3352,.F.);
#2619=ORIENTED_EDGE('',*,*,#4317,.F.);
#2620=ORIENTED_EDGE('',*,*,#4100,.F.);
#2621=ORIENTED_EDGE('',*,*,#4316,.T.);
#2622=ORIENTED_EDGE('',*,*,#4062,.F.);
#2623=ORIENTED_EDGE('',*,*,#4318,.F.);
#2624=ORIENTED_EDGE('',*,*,#3349,.F.);
#2625=ORIENTED_EDGE('',*,*,#4317,.T.);
#2626=ORIENTED_EDGE('',*,*,#3351,.F.);
#2627=ORIENTED_EDGE('',*,*,#4319,.F.);
#2628=ORIENTED_EDGE('',*,*,#4098,.F.);
#2629=ORIENTED_EDGE('',*,*,#4318,.T.);
#2630=ORIENTED_EDGE('',*,*,#3959,.F.);
#2631=ORIENTED_EDGE('',*,*,#4319,.T.);
#2632=ORIENTED_EDGE('',*,*,#3350,.F.);
#2633=ORIENTED_EDGE('',*,*,#4320,.F.);
#2634=ORIENTED_EDGE('',*,*,#3445,.F.);
#2635=ORIENTED_EDGE('',*,*,#4321,.F.);
#2636=ORIENTED_EDGE('',*,*,#3965,.F.);
#2637=ORIENTED_EDGE('',*,*,#4321,.T.);
#2638=ORIENTED_EDGE('',*,*,#3444,.F.);
#2639=ORIENTED_EDGE('',*,*,#4322,.F.);
#2640=ORIENTED_EDGE('',*,*,#4066,.F.);
#2641=ORIENTED_EDGE('',*,*,#4320,.T.);
#2642=ORIENTED_EDGE('',*,*,#4101,.F.);
#2643=ORIENTED_EDGE('',*,*,#4323,.F.);
#2644=ORIENTED_EDGE('',*,*,#3446,.F.);
#2645=ORIENTED_EDGE('',*,*,#4322,.T.);
#2646=ORIENTED_EDGE('',*,*,#3443,.F.);
#2647=ORIENTED_EDGE('',*,*,#4324,.F.);
#2648=ORIENTED_EDGE('',*,*,#4064,.F.);
#2649=ORIENTED_EDGE('',*,*,#4323,.T.);
#2650=ORIENTED_EDGE('',*,*,#4099,.F.);
#2651=ORIENTED_EDGE('',*,*,#4325,.F.);
#2652=ORIENTED_EDGE('',*,*,#3441,.F.);
#2653=ORIENTED_EDGE('',*,*,#4324,.T.);
#2654=ORIENTED_EDGE('',*,*,#3442,.F.);
#2655=ORIENTED_EDGE('',*,*,#4325,.T.);
#2656=ORIENTED_EDGE('',*,*,#3961,.F.);
#2657=ORIENTED_EDGE('',*,*,#4326,.F.);
#2658=ORIENTED_EDGE('',*,*,#3967,.F.);
#2659=ORIENTED_EDGE('',*,*,#4327,.F.);
#2660=ORIENTED_EDGE('',*,*,#3359,.F.);
#2661=ORIENTED_EDGE('',*,*,#4327,.T.);
#2662=ORIENTED_EDGE('',*,*,#4060,.F.);
#2663=ORIENTED_EDGE('',*,*,#4328,.F.);
#2664=ORIENTED_EDGE('',*,*,#3360,.F.);
#2665=ORIENTED_EDGE('',*,*,#4326,.T.);
#2666=ORIENTED_EDGE('',*,*,#3358,.F.);
#2667=ORIENTED_EDGE('',*,*,#4329,.F.);
#2668=ORIENTED_EDGE('',*,*,#4105,.F.);
#2669=ORIENTED_EDGE('',*,*,#4328,.T.);
#2670=ORIENTED_EDGE('',*,*,#4057,.F.);
#2671=ORIENTED_EDGE('',*,*,#4330,.F.);
#2672=ORIENTED_EDGE('',*,*,#3355,.F.);
#2673=ORIENTED_EDGE('',*,*,#4329,.T.);
#2674=ORIENTED_EDGE('',*,*,#3357,.F.);
#2675=ORIENTED_EDGE('',*,*,#4331,.F.);
#2676=ORIENTED_EDGE('',*,*,#4103,.F.);
#2677=ORIENTED_EDGE('',*,*,#4330,.T.);
#2678=ORIENTED_EDGE('',*,*,#3971,.F.);
#2679=ORIENTED_EDGE('',*,*,#4331,.T.);
#2680=ORIENTED_EDGE('',*,*,#3356,.F.);
#2681=ORIENTED_EDGE('',*,*,#4332,.F.);
#2682=ORIENTED_EDGE('',*,*,#3451,.F.);
#2683=ORIENTED_EDGE('',*,*,#4333,.F.);
#2684=ORIENTED_EDGE('',*,*,#3969,.F.);
#2685=ORIENTED_EDGE('',*,*,#4333,.T.);
#2686=ORIENTED_EDGE('',*,*,#3450,.F.);
#2687=ORIENTED_EDGE('',*,*,#4334,.F.);
#2688=ORIENTED_EDGE('',*,*,#4061,.F.);
#2689=ORIENTED_EDGE('',*,*,#4332,.T.);
#2690=ORIENTED_EDGE('',*,*,#4106,.F.);
#2691=ORIENTED_EDGE('',*,*,#4335,.F.);
#2692=ORIENTED_EDGE('',*,*,#3452,.F.);
#2693=ORIENTED_EDGE('',*,*,#4334,.T.);
#2694=ORIENTED_EDGE('',*,*,#3449,.F.);
#2695=ORIENTED_EDGE('',*,*,#4336,.F.);
#2696=ORIENTED_EDGE('',*,*,#4059,.F.);
#2697=ORIENTED_EDGE('',*,*,#4335,.T.);
#2698=ORIENTED_EDGE('',*,*,#4104,.F.);
#2699=ORIENTED_EDGE('',*,*,#4337,.F.);
#2700=ORIENTED_EDGE('',*,*,#3447,.F.);
#2701=ORIENTED_EDGE('',*,*,#4336,.T.);
#2702=ORIENTED_EDGE('',*,*,#3448,.F.);
#2703=ORIENTED_EDGE('',*,*,#4337,.T.);
#2704=ORIENTED_EDGE('',*,*,#3973,.F.);
#2705=ORIENTED_EDGE('',*,*,#4338,.F.);
#2706=ORIENTED_EDGE('',*,*,#3943,.F.);
#2707=ORIENTED_EDGE('',*,*,#4339,.F.);
#2708=ORIENTED_EDGE('',*,*,#3365,.F.);
#2709=ORIENTED_EDGE('',*,*,#4339,.T.);
#2710=ORIENTED_EDGE('',*,*,#4055,.F.);
#2711=ORIENTED_EDGE('',*,*,#4340,.F.);
#2712=ORIENTED_EDGE('',*,*,#3366,.F.);
#2713=ORIENTED_EDGE('',*,*,#4338,.T.);
#2714=ORIENTED_EDGE('',*,*,#3364,.F.);
#2715=ORIENTED_EDGE('',*,*,#4341,.F.);
#2716=ORIENTED_EDGE('',*,*,#4110,.F.);
#2717=ORIENTED_EDGE('',*,*,#4340,.T.);
#2718=ORIENTED_EDGE('',*,*,#4052,.F.);
#2719=ORIENTED_EDGE('',*,*,#4342,.F.);
#2720=ORIENTED_EDGE('',*,*,#3361,.F.);
#2721=ORIENTED_EDGE('',*,*,#4341,.T.);
#2722=ORIENTED_EDGE('',*,*,#3363,.F.);
#2723=ORIENTED_EDGE('',*,*,#4343,.F.);
#2724=ORIENTED_EDGE('',*,*,#4108,.F.);
#2725=ORIENTED_EDGE('',*,*,#4342,.T.);
#2726=ORIENTED_EDGE('',*,*,#3947,.F.);
#2727=ORIENTED_EDGE('',*,*,#4343,.T.);
#2728=ORIENTED_EDGE('',*,*,#3362,.F.);
#2729=ORIENTED_EDGE('',*,*,#4344,.F.);
#2730=ORIENTED_EDGE('',*,*,#3457,.F.);
#2731=ORIENTED_EDGE('',*,*,#4345,.F.);
#2732=ORIENTED_EDGE('',*,*,#3945,.F.);
#2733=ORIENTED_EDGE('',*,*,#4345,.T.);
#2734=ORIENTED_EDGE('',*,*,#3456,.F.);
#2735=ORIENTED_EDGE('',*,*,#4346,.F.);
#2736=ORIENTED_EDGE('',*,*,#4056,.F.);
#2737=ORIENTED_EDGE('',*,*,#4344,.T.);
#2738=ORIENTED_EDGE('',*,*,#4111,.F.);
#2739=ORIENTED_EDGE('',*,*,#4347,.F.);
#2740=ORIENTED_EDGE('',*,*,#3458,.F.);
#2741=ORIENTED_EDGE('',*,*,#4346,.T.);
#2742=ORIENTED_EDGE('',*,*,#3455,.F.);
#2743=ORIENTED_EDGE('',*,*,#4348,.F.);
#2744=ORIENTED_EDGE('',*,*,#4054,.F.);
#2745=ORIENTED_EDGE('',*,*,#4347,.T.);
#2746=ORIENTED_EDGE('',*,*,#4109,.F.);
#2747=ORIENTED_EDGE('',*,*,#4349,.F.);
#2748=ORIENTED_EDGE('',*,*,#3453,.F.);
#2749=ORIENTED_EDGE('',*,*,#4348,.T.);
#2750=ORIENTED_EDGE('',*,*,#3454,.F.);
#2751=ORIENTED_EDGE('',*,*,#4349,.T.);
#2752=ORIENTED_EDGE('',*,*,#3949,.F.);
#2753=ORIENTED_EDGE('',*,*,#4350,.F.);
#2754=ORIENTED_EDGE('',*,*,#3371,.F.);
#2755=ORIENTED_EDGE('',*,*,#4351,.F.);
#2756=ORIENTED_EDGE('',*,*,#3955,.F.);
#2757=ORIENTED_EDGE('',*,*,#4351,.T.);
#2758=ORIENTED_EDGE('',*,*,#3370,.F.);
#2759=ORIENTED_EDGE('',*,*,#4352,.F.);
#2760=ORIENTED_EDGE('',*,*,#4047,.F.);
#2761=ORIENTED_EDGE('',*,*,#4350,.T.);
#2762=ORIENTED_EDGE('',*,*,#4113,.F.);
#2763=ORIENTED_EDGE('',*,*,#4353,.F.);
#2764=ORIENTED_EDGE('',*,*,#3372,.F.);
#2765=ORIENTED_EDGE('',*,*,#4352,.T.);
#2766=ORIENTED_EDGE('',*,*,#3369,.F.);
#2767=ORIENTED_EDGE('',*,*,#4354,.F.);
#2768=ORIENTED_EDGE('',*,*,#4050,.F.);
#2769=ORIENTED_EDGE('',*,*,#4353,.T.);
#2770=ORIENTED_EDGE('',*,*,#4115,.F.);
#2771=ORIENTED_EDGE('',*,*,#4355,.F.);
#2772=ORIENTED_EDGE('',*,*,#3367,.F.);
#2773=ORIENTED_EDGE('',*,*,#4354,.T.);
#2774=ORIENTED_EDGE('',*,*,#3368,.F.);
#2775=ORIENTED_EDGE('',*,*,#4355,.T.);
#2776=ORIENTED_EDGE('',*,*,#3951,.F.);
#2777=ORIENTED_EDGE('',*,*,#4356,.F.);
#2778=ORIENTED_EDGE('',*,*,#3957,.F.);
#2779=ORIENTED_EDGE('',*,*,#4357,.F.);
#2780=ORIENTED_EDGE('',*,*,#4358,.T.);
#2781=ORIENTED_EDGE('',*,*,#3401,.F.);
#2782=ORIENTED_EDGE('',*,*,#4357,.T.);
#2783=ORIENTED_EDGE('',*,*,#4049,.F.);
#2784=ORIENTED_EDGE('',*,*,#4359,.F.);
#2785=ORIENTED_EDGE('',*,*,#3418,.F.);
#2786=ORIENTED_EDGE('',*,*,#4360,.T.);
#2787=ORIENTED_EDGE('',*,*,#4361,.T.);
#2788=ORIENTED_EDGE('',*,*,#4356,.T.);
#2789=ORIENTED_EDGE('',*,*,#3422,.F.);
#2790=ORIENTED_EDGE('',*,*,#4362,.F.);
#2791=ORIENTED_EDGE('',*,*,#4114,.F.);
#2792=ORIENTED_EDGE('',*,*,#4359,.T.);
#2793=ORIENTED_EDGE('',*,*,#4051,.F.);
#2794=ORIENTED_EDGE('',*,*,#4363,.F.);
#2795=ORIENTED_EDGE('',*,*,#3419,.F.);
#2796=ORIENTED_EDGE('',*,*,#4362,.T.);
#2797=ORIENTED_EDGE('',*,*,#3421,.F.);
#2798=ORIENTED_EDGE('',*,*,#4364,.F.);
#2799=ORIENTED_EDGE('',*,*,#4116,.F.);
#2800=ORIENTED_EDGE('',*,*,#4363,.T.);
#2801=ORIENTED_EDGE('',*,*,#3953,.F.);
#2802=ORIENTED_EDGE('',*,*,#4364,.T.);
#2803=ORIENTED_EDGE('',*,*,#3420,.F.);
#2804=ORIENTED_EDGE('',*,*,#4365,.F.);
#2805=ORIENTED_EDGE('',*,*,#3269,.F.);
#2806=ORIENTED_EDGE('',*,*,#4366,.F.);
#2807=ORIENTED_EDGE('',*,*,#3975,.F.);
#2808=ORIENTED_EDGE('',*,*,#4366,.T.);
#2809=ORIENTED_EDGE('',*,*,#3268,.F.);
#2810=ORIENTED_EDGE('',*,*,#4367,.F.);
#2811=ORIENTED_EDGE('',*,*,#4134,.F.);
#2812=ORIENTED_EDGE('',*,*,#4365,.T.);
#2813=ORIENTED_EDGE('',*,*,#3982,.F.);
#2814=ORIENTED_EDGE('',*,*,#4368,.F.);
#2815=ORIENTED_EDGE('',*,*,#3266,.F.);
#2816=ORIENTED_EDGE('',*,*,#4367,.T.);
#2817=ORIENTED_EDGE('',*,*,#3267,.F.);
#2818=ORIENTED_EDGE('',*,*,#4368,.T.);
#2819=ORIENTED_EDGE('',*,*,#3979,.F.);
#2820=ORIENTED_EDGE('',*,*,#4369,.F.);
#2821=ORIENTED_EDGE('',*,*,#3977,.F.);
#2822=ORIENTED_EDGE('',*,*,#4370,.F.);
#2823=ORIENTED_EDGE('',*,*,#3321,.F.);
#2824=ORIENTED_EDGE('',*,*,#4370,.T.);
#2825=ORIENTED_EDGE('',*,*,#4135,.F.);
#2826=ORIENTED_EDGE('',*,*,#4371,.F.);
#2827=ORIENTED_EDGE('',*,*,#3318,.F.);
#2828=ORIENTED_EDGE('',*,*,#4369,.T.);
#2829=ORIENTED_EDGE('',*,*,#3320,.F.);
#2830=ORIENTED_EDGE('',*,*,#4372,.F.);
#2831=ORIENTED_EDGE('',*,*,#3983,.F.);
#2832=ORIENTED_EDGE('',*,*,#4371,.T.);
#2833=ORIENTED_EDGE('',*,*,#3981,.F.);
#2834=ORIENTED_EDGE('',*,*,#4372,.T.);
#2835=ORIENTED_EDGE('',*,*,#3319,.F.);
#2836=ORIENTED_EDGE('',*,*,#4373,.F.);
#2837=ORIENTED_EDGE('',*,*,#3378,.F.);
#2838=ORIENTED_EDGE('',*,*,#4374,.F.);
#2839=ORIENTED_EDGE('',*,*,#3925,.F.);
#2840=ORIENTED_EDGE('',*,*,#4374,.T.);
#2841=ORIENTED_EDGE('',*,*,#3377,.F.);
#2842=ORIENTED_EDGE('',*,*,#4375,.F.);
#2843=ORIENTED_EDGE('',*,*,#3921,.F.);
#2844=ORIENTED_EDGE('',*,*,#4373,.T.);
#2845=ORIENTED_EDGE('',*,*,#4085,.F.);
#2846=ORIENTED_EDGE('',*,*,#4376,.F.);
#2847=ORIENTED_EDGE('',*,*,#3379,.F.);
#2848=ORIENTED_EDGE('',*,*,#4375,.T.);
#2849=ORIENTED_EDGE('',*,*,#3376,.F.);
#2850=ORIENTED_EDGE('',*,*,#4377,.F.);
#2851=ORIENTED_EDGE('',*,*,#3927,.F.);
#2852=ORIENTED_EDGE('',*,*,#4376,.T.);
#2853=ORIENTED_EDGE('',*,*,#4082,.F.);
#2854=ORIENTED_EDGE('',*,*,#4378,.F.);
#2855=ORIENTED_EDGE('',*,*,#3373,.F.);
#2856=ORIENTED_EDGE('',*,*,#4377,.T.);
#2857=ORIENTED_EDGE('',*,*,#3375,.F.);
#2858=ORIENTED_EDGE('',*,*,#4379,.F.);
#2859=ORIENTED_EDGE('',*,*,#4043,.F.);
#2860=ORIENTED_EDGE('',*,*,#4378,.T.);
#2861=ORIENTED_EDGE('',*,*,#3931,.F.);
#2862=ORIENTED_EDGE('',*,*,#4379,.T.);
#2863=ORIENTED_EDGE('',*,*,#3374,.F.);
#2864=ORIENTED_EDGE('',*,*,#4380,.F.);
#2865=ORIENTED_EDGE('',*,*,#3383,.F.);
#2866=ORIENTED_EDGE('',*,*,#4381,.F.);
#2867=ORIENTED_EDGE('',*,*,#3902,.F.);
#2868=ORIENTED_EDGE('',*,*,#4381,.T.);
#2869=ORIENTED_EDGE('',*,*,#3382,.F.);
#2870=ORIENTED_EDGE('',*,*,#4382,.F.);
#2871=ORIENTED_EDGE('',*,*,#3899,.F.);
#2872=ORIENTED_EDGE('',*,*,#4380,.T.);
#2873=ORIENTED_EDGE('',*,*,#4117,.F.);
#2874=ORIENTED_EDGE('',*,*,#4383,.F.);
#2875=ORIENTED_EDGE('',*,*,#3380,.F.);
#2876=ORIENTED_EDGE('',*,*,#4382,.T.);
#2877=ORIENTED_EDGE('',*,*,#3381,.F.);
#2878=ORIENTED_EDGE('',*,*,#4383,.T.);
#2879=ORIENTED_EDGE('',*,*,#3895,.F.);
#2880=ORIENTED_EDGE('',*,*,#4384,.F.);
#2881=ORIENTED_EDGE('',*,*,#3926,.F.);
#2882=ORIENTED_EDGE('',*,*,#4385,.F.);
#2883=ORIENTED_EDGE('',*,*,#3463,.F.);
#2884=ORIENTED_EDGE('',*,*,#4385,.T.);
#2885=ORIENTED_EDGE('',*,*,#3923,.F.);
#2886=ORIENTED_EDGE('',*,*,#4386,.F.);
#2887=ORIENTED_EDGE('',*,*,#3464,.F.);
#2888=ORIENTED_EDGE('',*,*,#4384,.T.);
#2889=ORIENTED_EDGE('',*,*,#3462,.F.);
#2890=ORIENTED_EDGE('',*,*,#4387,.F.);
#2891=ORIENTED_EDGE('',*,*,#4086,.F.);
#2892=ORIENTED_EDGE('',*,*,#4386,.T.);
#2893=ORIENTED_EDGE('',*,*,#3929,.F.);
#2894=ORIENTED_EDGE('',*,*,#4388,.F.);
#2895=ORIENTED_EDGE('',*,*,#3465,.F.);
#2896=ORIENTED_EDGE('',*,*,#4387,.T.);
#2897=ORIENTED_EDGE('',*,*,#3461,.F.);
#2898=ORIENTED_EDGE('',*,*,#4389,.F.);
#2899=ORIENTED_EDGE('',*,*,#4084,.F.);
#2900=ORIENTED_EDGE('',*,*,#4388,.T.);
#2901=ORIENTED_EDGE('',*,*,#4044,.F.);
#2902=ORIENTED_EDGE('',*,*,#4390,.F.);
#2903=ORIENTED_EDGE('',*,*,#3459,.F.);
#2904=ORIENTED_EDGE('',*,*,#4389,.T.);
#2905=ORIENTED_EDGE('',*,*,#3460,.F.);
#2906=ORIENTED_EDGE('',*,*,#4390,.T.);
#2907=ORIENTED_EDGE('',*,*,#3933,.F.);
#2908=ORIENTED_EDGE('',*,*,#4391,.F.);
#2909=ORIENTED_EDGE('',*,*,#3903,.F.);
#2910=ORIENTED_EDGE('',*,*,#4392,.F.);
#2911=ORIENTED_EDGE('',*,*,#3469,.F.);
#2912=ORIENTED_EDGE('',*,*,#4392,.T.);
#2913=ORIENTED_EDGE('',*,*,#3900,.F.);
#2914=ORIENTED_EDGE('',*,*,#4393,.F.);
#2915=ORIENTED_EDGE('',*,*,#3466,.F.);
#2916=ORIENTED_EDGE('',*,*,#4391,.T.);
#2917=ORIENTED_EDGE('',*,*,#3468,.F.);
#2918=ORIENTED_EDGE('',*,*,#4394,.F.);
#2919=ORIENTED_EDGE('',*,*,#4118,.F.);
#2920=ORIENTED_EDGE('',*,*,#4393,.T.);
#2921=ORIENTED_EDGE('',*,*,#3897,.F.);
#2922=ORIENTED_EDGE('',*,*,#4394,.T.);
#2923=ORIENTED_EDGE('',*,*,#3467,.F.);
#2924=ORIENTED_EDGE('',*,*,#3863,.F.);
#2925=ORIENTED_EDGE('',*,*,#3890,.F.);
#2926=ORIENTED_EDGE('',*,*,#4395,.F.);
#2927=ORIENTED_EDGE('',*,*,#3870,.F.);
#2928=ORIENTED_EDGE('',*,*,#4395,.T.);
#2929=ORIENTED_EDGE('',*,*,#3875,.F.);
#2930=ORIENTED_EDGE('',*,*,#4396,.F.);
#2931=ORIENTED_EDGE('',*,*,#3868,.F.);
#2932=ORIENTED_EDGE('',*,*,#4396,.T.);
#2933=ORIENTED_EDGE('',*,*,#3888,.F.);
#2934=ORIENTED_EDGE('',*,*,#3865,.F.);
#2935=ORIENTED_EDGE('',*,*,#3869,.F.);
#2936=ORIENTED_EDGE('',*,*,#3861,.F.);
#2937=ORIENTED_EDGE('',*,*,#3879,.F.);
#2938=ORIENTED_EDGE('',*,*,#4397,.F.);
#2939=ORIENTED_EDGE('',*,*,#3891,.F.);
#2940=ORIENTED_EDGE('',*,*,#4397,.T.);
#2941=ORIENTED_EDGE('',*,*,#3878,.F.);
#2942=ORIENTED_EDGE('',*,*,#4398,.F.);
#2943=ORIENTED_EDGE('',*,*,#3884,.F.);
#2944=ORIENTED_EDGE('',*,*,#3867,.F.);
#2945=ORIENTED_EDGE('',*,*,#3889,.F.);
#2946=ORIENTED_EDGE('',*,*,#4398,.T.);
#2947=ORIENTED_EDGE('',*,*,#3877,.F.);
#2948=ORIENTED_EDGE('',*,*,#3483,.F.);
#2949=ORIENTED_EDGE('',*,*,#3859,.F.);
#2950=ORIENTED_EDGE('',*,*,#3724,.F.);
#2951=ORIENTED_EDGE('',*,*,#3470,.F.);
#2952=ORIENTED_EDGE('',*,*,#3723,.F.);
#2953=ORIENTED_EDGE('',*,*,#3718,.F.);
#2954=ORIENTED_EDGE('',*,*,#3710,.F.);
#2955=ORIENTED_EDGE('',*,*,#3471,.F.);
#2956=ORIENTED_EDGE('',*,*,#3721,.F.);
#2957=ORIENTED_EDGE('',*,*,#3473,.F.);
#2958=ORIENTED_EDGE('',*,*,#3714,.F.);
#2959=ORIENTED_EDGE('',*,*,#3716,.F.);
#2960=ORIENTED_EDGE('',*,*,#3709,.F.);
#2961=ORIENTED_EDGE('',*,*,#3701,.F.);
#2962=ORIENTED_EDGE('',*,*,#3696,.F.);
#2963=ORIENTED_EDGE('',*,*,#3479,.F.);
#2964=ORIENTED_EDGE('',*,*,#3707,.F.);
#2965=ORIENTED_EDGE('',*,*,#3481,.F.);
#2966=ORIENTED_EDGE('',*,*,#3700,.F.);
#2967=ORIENTED_EDGE('',*,*,#3705,.F.);
#2968=ORIENTED_EDGE('',*,*,#3693,.F.);
#2969=ORIENTED_EDGE('',*,*,#3476,.F.);
#2970=ORIENTED_EDGE('',*,*,#3686,.F.);
#2971=ORIENTED_EDGE('',*,*,#3688,.F.);
#2972=ORIENTED_EDGE('',*,*,#3695,.F.);
#2973=ORIENTED_EDGE('',*,*,#3690,.F.);
#2974=ORIENTED_EDGE('',*,*,#3682,.F.);
#2975=ORIENTED_EDGE('',*,*,#3478,.F.);
#2976=ORIENTED_EDGE('',*,*,#3384,.F.);
#2977=ORIENTED_EDGE('',*,*,#3725,.F.);
#2978=ORIENTED_EDGE('',*,*,#3644,.F.);
#2979=ORIENTED_EDGE('',*,*,#3635,.F.);
#2980=ORIENTED_EDGE('',*,*,#3641,.F.);
#2981=ORIENTED_EDGE('',*,*,#3535,.F.);
#2982=ORIENTED_EDGE('',*,*,#3645,.F.);
#2983=ORIENTED_EDGE('',*,*,#3537,.F.);
#2984=ORIENTED_EDGE('',*,*,#3640,.F.);
#2985=ORIENTED_EDGE('',*,*,#3648,.F.);
#2986=ORIENTED_EDGE('',*,*,#3660,.F.);
#2987=ORIENTED_EDGE('',*,*,#3651,.F.);
#2988=ORIENTED_EDGE('',*,*,#3657,.F.);
#2989=ORIENTED_EDGE('',*,*,#3531,.F.);
#2990=ORIENTED_EDGE('',*,*,#3661,.F.);
#2991=ORIENTED_EDGE('',*,*,#3533,.F.);
#2992=ORIENTED_EDGE('',*,*,#3656,.F.);
#2993=ORIENTED_EDGE('',*,*,#3664,.F.);
#2994=ORIENTED_EDGE('',*,*,#3680,.F.);
#2995=ORIENTED_EDGE('',*,*,#3528,.F.);
#2996=ORIENTED_EDGE('',*,*,#3668,.F.);
#2997=ORIENTED_EDGE('',*,*,#3673,.F.);
#2998=ORIENTED_EDGE('',*,*,#3679,.F.);
#2999=ORIENTED_EDGE('',*,*,#3675,.F.);
#3000=ORIENTED_EDGE('',*,*,#3669,.F.);
#3001=ORIENTED_EDGE('',*,*,#3530,.F.);
#3002=ORIENTED_EDGE('',*,*,#3642,.F.);
#3003=ORIENTED_EDGE('',*,*,#3637,.F.);
#3004=ORIENTED_EDGE('',*,*,#3643,.F.);
#3005=ORIENTED_EDGE('',*,*,#3571,.F.);
#3006=ORIENTED_EDGE('',*,*,#3638,.F.);
#3007=ORIENTED_EDGE('',*,*,#3573,.F.);
#3008=ORIENTED_EDGE('',*,*,#3647,.F.);
#3009=ORIENTED_EDGE('',*,*,#3649,.F.);
#3010=ORIENTED_EDGE('',*,*,#3658,.F.);
#3011=ORIENTED_EDGE('',*,*,#3653,.F.);
#3012=ORIENTED_EDGE('',*,*,#3659,.F.);
#3013=ORIENTED_EDGE('',*,*,#3567,.F.);
#3014=ORIENTED_EDGE('',*,*,#3654,.F.);
#3015=ORIENTED_EDGE('',*,*,#3569,.F.);
#3016=ORIENTED_EDGE('',*,*,#3663,.F.);
#3017=ORIENTED_EDGE('',*,*,#3665,.F.);
#3018=ORIENTED_EDGE('',*,*,#3666,.F.);
#3019=ORIENTED_EDGE('',*,*,#3564,.F.);
#3020=ORIENTED_EDGE('',*,*,#3681,.F.);
#3021=ORIENTED_EDGE('',*,*,#3674,.F.);
#3022=ORIENTED_EDGE('',*,*,#3671,.F.);
#3023=ORIENTED_EDGE('',*,*,#3677,.F.);
#3024=ORIENTED_EDGE('',*,*,#3678,.F.);
#3025=ORIENTED_EDGE('',*,*,#3566,.F.);
#3026=ORIENTED_EDGE('',*,*,#3632,.F.);
#3027=ORIENTED_EDGE('',*,*,#3630,.F.);
#3028=ORIENTED_EDGE('',*,*,#3622,.F.);
#3029=ORIENTED_EDGE('',*,*,#3620,.F.);
#3030=ORIENTED_EDGE('',*,*,#3612,.F.);
#3031=ORIENTED_EDGE('',*,*,#3609,.F.);
#3032=ORIENTED_EDGE('',*,*,#3606,.F.);
#3033=ORIENTED_EDGE('',*,*,#3603,.F.);
#3034=ORIENTED_EDGE('',*,*,#3556,.F.);
#3035=ORIENTED_EDGE('',*,*,#4399,.T.);
#3036=ORIENTED_EDGE('',*,*,#4400,.T.);
#3037=ORIENTED_EDGE('',*,*,#4401,.F.);
#3038=ORIENTED_EDGE('',*,*,#4402,.T.);
#3039=ORIENTED_EDGE('',*,*,#4403,.T.);
#3040=ORIENTED_EDGE('',*,*,#4404,.T.);
#3041=ORIENTED_EDGE('',*,*,#4360,.F.);
#3042=ORIENTED_EDGE('',*,*,#3417,.T.);
#3043=ORIENTED_EDGE('',*,*,#4405,.F.);
#3044=ORIENTED_EDGE('',*,*,#4406,.T.);
#3045=ORIENTED_EDGE('',*,*,#4407,.T.);
#3046=ORIENTED_EDGE('',*,*,#4408,.T.);
#3047=ORIENTED_EDGE('',*,*,#4409,.T.);
#3048=ORIENTED_EDGE('',*,*,#4410,.T.);
#3049=ORIENTED_EDGE('',*,*,#4407,.F.);
#3050=ORIENTED_EDGE('',*,*,#4401,.T.);
#3051=ORIENTED_EDGE('',*,*,#4411,.T.);
#3052=ORIENTED_EDGE('',*,*,#4402,.F.);
#3053=ORIENTED_EDGE('',*,*,#3416,.T.);
#3054=ORIENTED_EDGE('',*,*,#3557,.F.);
#3055=ORIENTED_EDGE('',*,*,#3499,.F.);
#3056=ORIENTED_EDGE('',*,*,#4412,.T.);
#3057=ORIENTED_EDGE('',*,*,#4413,.T.);
#3058=ORIENTED_EDGE('',*,*,#4414,.F.);
#3059=ORIENTED_EDGE('',*,*,#4415,.T.);
#3060=ORIENTED_EDGE('',*,*,#4416,.T.);
#3061=ORIENTED_EDGE('',*,*,#4417,.T.);
#3062=ORIENTED_EDGE('',*,*,#3560,.T.);
#3063=ORIENTED_EDGE('',*,*,#4418,.F.);
#3064=ORIENTED_EDGE('',*,*,#4419,.T.);
#3065=ORIENTED_EDGE('',*,*,#4420,.T.);
#3066=ORIENTED_EDGE('',*,*,#4421,.T.);
#3067=ORIENTED_EDGE('',*,*,#4422,.T.);
#3068=ORIENTED_EDGE('',*,*,#4423,.T.);
#3069=ORIENTED_EDGE('',*,*,#4420,.F.);
#3070=ORIENTED_EDGE('',*,*,#4414,.T.);
#3071=ORIENTED_EDGE('',*,*,#4424,.T.);
#3072=ORIENTED_EDGE('',*,*,#4415,.F.);
#3073=ORIENTED_EDGE('',*,*,#3559,.F.);
#3074=ORIENTED_EDGE('',*,*,#3500,.F.);
#3075=ORIENTED_EDGE('',*,*,#3204,.F.);
#3076=ORIENTED_EDGE('',*,*,#4425,.T.);
#3077=ORIENTED_EDGE('',*,*,#4426,.T.);
#3078=ORIENTED_EDGE('',*,*,#4427,.F.);
#3079=ORIENTED_EDGE('',*,*,#4428,.T.);
#3080=ORIENTED_EDGE('',*,*,#4429,.T.);
#3081=ORIENTED_EDGE('',*,*,#4430,.T.);
#3082=ORIENTED_EDGE('',*,*,#3504,.T.);
#3083=ORIENTED_EDGE('',*,*,#4431,.F.);
#3084=ORIENTED_EDGE('',*,*,#4432,.F.);
#3085=ORIENTED_EDGE('',*,*,#4433,.T.);
#3086=ORIENTED_EDGE('',*,*,#4434,.T.);
#3087=ORIENTED_EDGE('',*,*,#4435,.T.);
#3088=ORIENTED_EDGE('',*,*,#4436,.T.);
#3089=ORIENTED_EDGE('',*,*,#4433,.F.);
#3090=ORIENTED_EDGE('',*,*,#4427,.T.);
#3091=ORIENTED_EDGE('',*,*,#4437,.T.);
#3092=ORIENTED_EDGE('',*,*,#4428,.F.);
#3093=ORIENTED_EDGE('',*,*,#3503,.F.);
#3094=ORIENTED_EDGE('',*,*,#3205,.T.);
#3095=ORIENTED_EDGE('',*,*,#4438,.T.);
#3096=ORIENTED_EDGE('',*,*,#4439,.T.);
#3097=ORIENTED_EDGE('',*,*,#4440,.T.);
#3098=ORIENTED_EDGE('',*,*,#4267,.F.);
#3099=ORIENTED_EDGE('',*,*,#3210,.T.);
#3100=ORIENTED_EDGE('',*,*,#3412,.F.);
#3101=ORIENTED_EDGE('',*,*,#4441,.T.);
#3102=ORIENTED_EDGE('',*,*,#4442,.T.);
#3103=ORIENTED_EDGE('',*,*,#4443,.F.);
#3104=ORIENTED_EDGE('',*,*,#4444,.F.);
#3105=ORIENTED_EDGE('',*,*,#4445,.F.);
#3106=ORIENTED_EDGE('',*,*,#4446,.T.);
#3107=ORIENTED_EDGE('',*,*,#4447,.T.);
#3108=ORIENTED_EDGE('',*,*,#4448,.T.);
#3109=ORIENTED_EDGE('',*,*,#4449,.T.);
#3110=ORIENTED_EDGE('',*,*,#4443,.T.);
#3111=ORIENTED_EDGE('',*,*,#4450,.T.);
#3112=ORIENTED_EDGE('',*,*,#4438,.F.);
#3113=ORIENTED_EDGE('',*,*,#3209,.T.);
#3114=ORIENTED_EDGE('',*,*,#3413,.T.);
#3115=ORIENTED_EDGE('',*,*,#4446,.F.);
#3116=ORIENTED_EDGE('',*,*,#4408,.F.);
#3117=ORIENTED_EDGE('',*,*,#4451,.T.);
#3118=ORIENTED_EDGE('',*,*,#4403,.F.);
#3119=ORIENTED_EDGE('',*,*,#4411,.F.);
#3120=ORIENTED_EDGE('',*,*,#4400,.F.);
#3121=ORIENTED_EDGE('',*,*,#4452,.T.);
#3122=ORIENTED_EDGE('',*,*,#4421,.F.);
#3123=ORIENTED_EDGE('',*,*,#4453,.T.);
#3124=ORIENTED_EDGE('',*,*,#4416,.F.);
#3125=ORIENTED_EDGE('',*,*,#4424,.F.);
#3126=ORIENTED_EDGE('',*,*,#4413,.F.);
#3127=ORIENTED_EDGE('',*,*,#4454,.T.);
#3128=ORIENTED_EDGE('',*,*,#4434,.F.);
#3129=ORIENTED_EDGE('',*,*,#4455,.T.);
#3130=ORIENTED_EDGE('',*,*,#4429,.F.);
#3131=ORIENTED_EDGE('',*,*,#4437,.F.);
#3132=ORIENTED_EDGE('',*,*,#4426,.F.);
#3133=ORIENTED_EDGE('',*,*,#4456,.T.);
#3134=ORIENTED_EDGE('',*,*,#4447,.F.);
#3135=ORIENTED_EDGE('',*,*,#4457,.T.);
#3136=ORIENTED_EDGE('',*,*,#4439,.F.);
#3137=ORIENTED_EDGE('',*,*,#4450,.F.);
#3138=ORIENTED_EDGE('',*,*,#4442,.F.);
#3139=ORIENTED_EDGE('',*,*,#4458,.T.);
#3140=ORIENTED_EDGE('',*,*,#4451,.F.);
#3141=ORIENTED_EDGE('',*,*,#4410,.F.);
#3142=ORIENTED_EDGE('',*,*,#4459,.F.);
#3143=ORIENTED_EDGE('',*,*,#4406,.F.);
#3144=ORIENTED_EDGE('',*,*,#4460,.F.);
#3145=ORIENTED_EDGE('',*,*,#3402,.F.);
#3146=ORIENTED_EDGE('',*,*,#4358,.F.);
#3147=ORIENTED_EDGE('',*,*,#4361,.F.);
#3148=ORIENTED_EDGE('',*,*,#4404,.F.);
#3149=ORIENTED_EDGE('',*,*,#4460,.T.);
#3150=ORIENTED_EDGE('',*,*,#4405,.T.);
#3151=ORIENTED_EDGE('',*,*,#4459,.T.);
#3152=ORIENTED_EDGE('',*,*,#4409,.F.);
#3153=ORIENTED_EDGE('',*,*,#4452,.F.);
#3154=ORIENTED_EDGE('',*,*,#4399,.F.);
#3155=ORIENTED_EDGE('',*,*,#3555,.F.);
#3156=ORIENTED_EDGE('',*,*,#4461,.F.);
#3157=ORIENTED_EDGE('',*,*,#4418,.T.);
#3158=ORIENTED_EDGE('',*,*,#4462,.F.);
#3159=ORIENTED_EDGE('',*,*,#3561,.F.);
#3160=ORIENTED_EDGE('',*,*,#4417,.F.);
#3161=ORIENTED_EDGE('',*,*,#4453,.F.);
#3162=ORIENTED_EDGE('',*,*,#4423,.F.);
#3163=ORIENTED_EDGE('',*,*,#4412,.F.);
#3164=ORIENTED_EDGE('',*,*,#3498,.F.);
#3165=ORIENTED_EDGE('',*,*,#4462,.T.);
#3166=ORIENTED_EDGE('',*,*,#4419,.F.);
#3167=ORIENTED_EDGE('',*,*,#4461,.T.);
#3168=ORIENTED_EDGE('',*,*,#4422,.F.);
#3169=ORIENTED_EDGE('',*,*,#4454,.F.);
#3170=ORIENTED_EDGE('',*,*,#4455,.F.);
#3171=ORIENTED_EDGE('',*,*,#4436,.F.);
#3172=ORIENTED_EDGE('',*,*,#4463,.F.);
#3173=ORIENTED_EDGE('',*,*,#4432,.T.);
#3174=ORIENTED_EDGE('',*,*,#4464,.F.);
#3175=ORIENTED_EDGE('',*,*,#3505,.F.);
#3176=ORIENTED_EDGE('',*,*,#4430,.F.);
#3177=ORIENTED_EDGE('',*,*,#4464,.T.);
#3178=ORIENTED_EDGE('',*,*,#4431,.T.);
#3179=ORIENTED_EDGE('',*,*,#4463,.T.);
#3180=ORIENTED_EDGE('',*,*,#4435,.F.);
#3181=ORIENTED_EDGE('',*,*,#4456,.F.);
#3182=ORIENTED_EDGE('',*,*,#4425,.F.);
#3183=ORIENTED_EDGE('',*,*,#3203,.F.);
#3184=ORIENTED_EDGE('',*,*,#4457,.F.);
#3185=ORIENTED_EDGE('',*,*,#4449,.F.);
#3186=ORIENTED_EDGE('',*,*,#4465,.F.);
#3187=ORIENTED_EDGE('',*,*,#4444,.T.);
#3188=ORIENTED_EDGE('',*,*,#4466,.F.);
#3189=ORIENTED_EDGE('',*,*,#3217,.F.);
#3190=ORIENTED_EDGE('',*,*,#4265,.F.);
#3191=ORIENTED_EDGE('',*,*,#4268,.F.);
#3192=ORIENTED_EDGE('',*,*,#4440,.F.);
#3193=ORIENTED_EDGE('',*,*,#4465,.T.);
#3194=ORIENTED_EDGE('',*,*,#4448,.F.);
#3195=ORIENTED_EDGE('',*,*,#4458,.F.);
#3196=ORIENTED_EDGE('',*,*,#4441,.F.);
#3197=ORIENTED_EDGE('',*,*,#3411,.F.);
#3198=ORIENTED_EDGE('',*,*,#4466,.T.);
#3199=ORIENTED_EDGE('',*,*,#4445,.T.);
#3200=ORIENTED_EDGE('',*,*,#3275,.F.);
#3201=ORIENTED_EDGE('',*,*,#3886,.F.);
#3202=EDGE_CURVE('',#4467,#4468,#5257,.T.);
#3203=EDGE_CURVE('',#4467,#4469,#5258,.T.);
#3204=EDGE_CURVE('',#4469,#4470,#5259,.T.);
#3205=EDGE_CURVE('',#4471,#4470,#5260,.T.);
#3206=EDGE_CURVE('',#4472,#4471,#5261,.T.);
#3207=EDGE_CURVE('',#4472,#4473,#5262,.T.);
#3208=EDGE_CURVE('',#4473,#4474,#5263,.T.);
#3209=EDGE_CURVE('',#4475,#4474,#5264,.T.);
#3210=EDGE_CURVE('',#4476,#4475,#5265,.T.);
#3211=EDGE_CURVE('',#4476,#4477,#338,.F.);
#3212=EDGE_CURVE('',#4477,#4478,#339,.F.);
#3213=EDGE_CURVE('',#4478,#4479,#5266,.T.);
#3214=EDGE_CURVE('',#4479,#4480,#340,.F.);
#3215=EDGE_CURVE('',#4480,#4481,#341,.F.);
#3216=EDGE_CURVE('',#4481,#4482,#5267,.T.);
#3217=EDGE_CURVE('',#4482,#4483,#5268,.T.);
#3218=EDGE_CURVE('',#4483,#4484,#5269,.T.);
#3219=EDGE_CURVE('',#4485,#4484,#5270,.T.);
#3220=EDGE_CURVE('',#4485,#4486,#5271,.T.);
#3221=EDGE_CURVE('',#4487,#4486,#5272,.T.);
#3222=EDGE_CURVE('',#4487,#4488,#5273,.T.);
#3223=EDGE_CURVE('',#4488,#4489,#5274,.T.);
#3224=EDGE_CURVE('',#4489,#4490,#5275,.T.);
#3225=EDGE_CURVE('',#4491,#4490,#5276,.T.);
#3226=EDGE_CURVE('',#4492,#4491,#5277,.T.);
#3227=EDGE_CURVE('',#4493,#4492,#5278,.T.);
#3228=EDGE_CURVE('',#4493,#4494,#5279,.T.);
#3229=EDGE_CURVE('',#4468,#4494,#5280,.T.);
#3230=EDGE_CURVE('',#4495,#4496,#342,.F.);
#3231=EDGE_CURVE('',#4496,#4497,#5281,.T.);
#3232=EDGE_CURVE('',#4497,#4498,#343,.F.);
#3233=EDGE_CURVE('',#4498,#4499,#344,.F.);
#3234=EDGE_CURVE('',#4499,#4500,#5282,.T.);
#3235=EDGE_CURVE('',#4500,#4495,#5283,.T.);
#3236=EDGE_CURVE('',#4501,#4502,#345,.F.);
#3237=EDGE_CURVE('',#4502,#4503,#5284,.T.);
#3238=EDGE_CURVE('',#4503,#4504,#346,.F.);
#3239=EDGE_CURVE('',#4504,#4505,#347,.F.);
#3240=EDGE_CURVE('',#4505,#4506,#5285,.T.);
#3241=EDGE_CURVE('',#4506,#4501,#348,.F.);
#3242=EDGE_CURVE('',#4507,#4508,#349,.F.);
#3243=EDGE_CURVE('',#4508,#4509,#5286,.T.);
#3244=EDGE_CURVE('',#4509,#4510,#350,.F.);
#3245=EDGE_CURVE('',#4510,#4511,#351,.F.);
#3246=EDGE_CURVE('',#4511,#4512,#5287,.T.);
#3247=EDGE_CURVE('',#4512,#4507,#352,.F.);
#3248=EDGE_CURVE('',#4513,#4514,#353,.F.);
#3249=EDGE_CURVE('',#4514,#4515,#5288,.T.);
#3250=EDGE_CURVE('',#4515,#4516,#354,.F.);
#3251=EDGE_CURVE('',#4516,#4517,#355,.F.);
#3252=EDGE_CURVE('',#4517,#4518,#5289,.T.);
#3253=EDGE_CURVE('',#4518,#4513,#356,.F.);
#3254=EDGE_CURVE('',#4519,#4520,#357,.F.);
#3255=EDGE_CURVE('',#4520,#4521,#5290,.T.);
#3256=EDGE_CURVE('',#4521,#4522,#358,.F.);
#3257=EDGE_CURVE('',#4522,#4523,#359,.F.);
#3258=EDGE_CURVE('',#4523,#4524,#5291,.T.);
#3259=EDGE_CURVE('',#4524,#4519,#360,.F.);
#3260=EDGE_CURVE('',#4525,#4526,#361,.F.);
#3261=EDGE_CURVE('',#4526,#4527,#5292,.T.);
#3262=EDGE_CURVE('',#4527,#4528,#362,.F.);
#3263=EDGE_CURVE('',#4528,#4529,#363,.F.);
#3264=EDGE_CURVE('',#4529,#4530,#5293,.T.);
#3265=EDGE_CURVE('',#4530,#4525,#364,.F.);
#3266=EDGE_CURVE('',#4531,#4532,#5294,.T.);
#3267=EDGE_CURVE('',#4532,#4533,#5295,.T.);
#3268=EDGE_CURVE('',#4533,#4534,#365,.F.);
#3269=EDGE_CURVE('',#4534,#4531,#5296,.T.);
#3270=EDGE_CURVE('',#4535,#4536,#5297,.T.);
#3271=EDGE_CURVE('',#4535,#4537,#5298,.T.);
#3272=EDGE_CURVE('',#4537,#4538,#5299,.T.);
#3273=EDGE_CURVE('',#4538,#4536,#5300,.T.);
#3274=EDGE_CURVE('',#4539,#4539,#366,.F.);
#3275=EDGE_CURVE('',#4540,#4540,#367,.F.);
#3276=EDGE_CURVE('',#4541,#4542,#368,.F.);
#3277=EDGE_CURVE('',#4542,#4543,#5301,.T.);
#3278=EDGE_CURVE('',#4543,#4544,#369,.F.);
#3279=EDGE_CURVE('',#4544,#4545,#5302,.T.);
#3280=EDGE_CURVE('',#4545,#4546,#5303,.T.);
#3281=EDGE_CURVE('',#4546,#4541,#370,.F.);
#3282=EDGE_CURVE('',#4547,#4548,#371,.F.);
#3283=EDGE_CURVE('',#4548,#4549,#5304,.T.);
#3284=EDGE_CURVE('',#4549,#4550,#372,.F.);
#3285=EDGE_CURVE('',#4550,#4551,#373,.F.);
#3286=EDGE_CURVE('',#4551,#4552,#5305,.T.);
#3287=EDGE_CURVE('',#4552,#4547,#374,.F.);
#3288=EDGE_CURVE('',#4553,#4554,#375,.F.);
#3289=EDGE_CURVE('',#4554,#4555,#5306,.T.);
#3290=EDGE_CURVE('',#4555,#4556,#376,.F.);
#3291=EDGE_CURVE('',#4556,#4557,#377,.F.);
#3292=EDGE_CURVE('',#4557,#4558,#5307,.T.);
#3293=EDGE_CURVE('',#4558,#4553,#378,.F.);
#3294=EDGE_CURVE('',#4559,#4560,#379,.F.);
#3295=EDGE_CURVE('',#4560,#4561,#5308,.T.);
#3296=EDGE_CURVE('',#4561,#4562,#380,.F.);
#3297=EDGE_CURVE('',#4562,#4563,#381,.F.);
#3298=EDGE_CURVE('',#4563,#4564,#5309,.T.);
#3299=EDGE_CURVE('',#4564,#4559,#382,.F.);
#3300=EDGE_CURVE('',#4565,#4566,#383,.F.);
#3301=EDGE_CURVE('',#4566,#4567,#5310,.T.);
#3302=EDGE_CURVE('',#4567,#4568,#384,.F.);
#3303=EDGE_CURVE('',#4568,#4569,#385,.F.);
#3304=EDGE_CURVE('',#4569,#4570,#5311,.T.);
#3305=EDGE_CURVE('',#4570,#4565,#386,.F.);
#3306=EDGE_CURVE('',#4571,#4572,#387,.F.);
#3307=EDGE_CURVE('',#4572,#4573,#5312,.T.);
#3308=EDGE_CURVE('',#4573,#4574,#388,.F.);
#3309=EDGE_CURVE('',#4574,#4575,#389,.F.);
#3310=EDGE_CURVE('',#4575,#4576,#5313,.T.);
#3311=EDGE_CURVE('',#4576,#4571,#390,.F.);
#3312=EDGE_CURVE('',#4577,#4578,#391,.F.);
#3313=EDGE_CURVE('',#4578,#4579,#5314,.T.);
#3314=EDGE_CURVE('',#4579,#4580,#392,.F.);
#3315=EDGE_CURVE('',#4580,#4581,#393,.F.);
#3316=EDGE_CURVE('',#4581,#4582,#5315,.T.);
#3317=EDGE_CURVE('',#4582,#4577,#394,.F.);
#3318=EDGE_CURVE('',#4583,#4584,#395,.F.);
#3319=EDGE_CURVE('',#4584,#4585,#5316,.T.);
#3320=EDGE_CURVE('',#4585,#4586,#5317,.T.);
#3321=EDGE_CURVE('',#4586,#4583,#5318,.T.);
#3322=EDGE_CURVE('',#4587,#4588,#5319,.T.);
#3323=EDGE_CURVE('',#4588,#4589,#5320,.T.);
#3324=EDGE_CURVE('',#4589,#4590,#5321,.T.);
#3325=EDGE_CURVE('',#4590,#4587,#5322,.T.);
#3326=EDGE_CURVE('',#4591,#4591,#396,.F.);
#3327=EDGE_CURVE('',#4592,#4593,#5323,.T.);
#3328=EDGE_CURVE('',#4592,#4594,#5324,.T.);
#3329=EDGE_CURVE('',#4594,#4595,#5325,.T.);
#3330=EDGE_CURVE('',#4595,#4593,#5326,.T.);
#3331=EDGE_CURVE('',#4596,#4597,#397,.F.);
#3332=EDGE_CURVE('',#4597,#4598,#5327,.T.);
#3333=EDGE_CURVE('',#4598,#4599,#398,.F.);
#3334=EDGE_CURVE('',#4599,#4600,#399,.F.);
#3335=EDGE_CURVE('',#4600,#4601,#5328,.T.);
#3336=EDGE_CURVE('',#4601,#4596,#400,.F.);
#3337=EDGE_CURVE('',#4602,#4603,#401,.F.);
#3338=EDGE_CURVE('',#4603,#4604,#5329,.T.);
#3339=EDGE_CURVE('',#4604,#4605,#402,.F.);
#3340=EDGE_CURVE('',#4605,#4606,#403,.F.);
#3341=EDGE_CURVE('',#4606,#4607,#5330,.T.);
#3342=EDGE_CURVE('',#4607,#4602,#404,.F.);
#3343=EDGE_CURVE('',#4608,#4609,#405,.F.);
#3344=EDGE_CURVE('',#4609,#4610,#5331,.T.);
#3345=EDGE_CURVE('',#4610,#4611,#406,.F.);
#3346=EDGE_CURVE('',#4611,#4612,#407,.F.);
#3347=EDGE_CURVE('',#4612,#4613,#5332,.T.);
#3348=EDGE_CURVE('',#4613,#4608,#408,.F.);
#3349=EDGE_CURVE('',#4614,#4615,#409,.F.);
#3350=EDGE_CURVE('',#4615,#4616,#5333,.T.);
#3351=EDGE_CURVE('',#4616,#4617,#410,.F.);
#3352=EDGE_CURVE('',#4617,#4618,#411,.F.);
#3353=EDGE_CURVE('',#4618,#4619,#5334,.T.);
#3354=EDGE_CURVE('',#4619,#4614,#412,.F.);
#3355=EDGE_CURVE('',#4620,#4621,#413,.F.);
#3356=EDGE_CURVE('',#4621,#4622,#5335,.T.);
#3357=EDGE_CURVE('',#4622,#4623,#414,.F.);
#3358=EDGE_CURVE('',#4623,#4624,#415,.F.);
#3359=EDGE_CURVE('',#4624,#4625,#5336,.T.);
#3360=EDGE_CURVE('',#4625,#4620,#416,.F.);
#3361=EDGE_CURVE('',#4626,#4627,#417,.F.);
#3362=EDGE_CURVE('',#4627,#4628,#5337,.T.);
#3363=EDGE_CURVE('',#4628,#4629,#418,.F.);
#3364=EDGE_CURVE('',#4629,#4630,#419,.F.);
#3365=EDGE_CURVE('',#4630,#4631,#5338,.T.);
#3366=EDGE_CURVE('',#4631,#4626,#420,.F.);
#3367=EDGE_CURVE('',#4632,#4633,#421,.F.);
#3368=EDGE_CURVE('',#4633,#4634,#5339,.T.);
#3369=EDGE_CURVE('',#4634,#4635,#422,.F.);
#3370=EDGE_CURVE('',#4635,#4636,#423,.F.);
#3371=EDGE_CURVE('',#4636,#4637,#5340,.T.);
#3372=EDGE_CURVE('',#4637,#4632,#424,.F.);
#3373=EDGE_CURVE('',#4638,#4639,#425,.F.);
#3374=EDGE_CURVE('',#4639,#4640,#5341,.T.);
#3375=EDGE_CURVE('',#4640,#4641,#426,.F.);
#3376=EDGE_CURVE('',#4641,#4642,#5342,.T.);
#3377=EDGE_CURVE('',#4642,#4643,#5343,.T.);
#3378=EDGE_CURVE('',#4643,#4644,#5344,.T.);
#3379=EDGE_CURVE('',#4644,#4638,#427,.F.);
#3380=EDGE_CURVE('',#4645,#4646,#428,.F.);
#3381=EDGE_CURVE('',#4646,#4647,#5345,.T.);
#3382=EDGE_CURVE('',#4647,#4648,#5346,.T.);
#3383=EDGE_CURVE('',#4648,#4645,#5347,.T.);
#3384=EDGE_CURVE('',#4649,#4649,#429,.F.);
#3385=EDGE_CURVE('',#4650,#4651,#5348,.T.);
#3386=EDGE_CURVE('',#4650,#4652,#5349,.T.);
#3387=EDGE_CURVE('',#4652,#4653,#5350,.T.);
#3388=EDGE_CURVE('',#4653,#4651,#5351,.T.);
#3389=EDGE_CURVE('',#4654,#4655,#5352,.T.);
#3390=EDGE_CURVE('',#4655,#4656,#5353,.T.);
#3391=EDGE_CURVE('',#4656,#4657,#5354,.T.);
#3392=EDGE_CURVE('',#4657,#4654,#5355,.T.);
#3393=EDGE_CURVE('',#4658,#4659,#5356,.T.);
#3394=EDGE_CURVE('',#4659,#4660,#5357,.T.);
#3395=EDGE_CURVE('',#4660,#4661,#5358,.T.);
#3396=EDGE_CURVE('',#4661,#4658,#5359,.T.);
#3397=EDGE_CURVE('',#4662,#4663,#5360,.T.);
#3398=EDGE_CURVE('',#4663,#4664,#5361,.T.);
#3399=EDGE_CURVE('',#4664,#4665,#5362,.T.);
#3400=EDGE_CURVE('',#4665,#4662,#5363,.T.);
#3401=EDGE_CURVE('',#4666,#4667,#5364,.T.);
#3402=EDGE_CURVE('',#4667,#4668,#5365,.T.);
#3403=EDGE_CURVE('',#4668,#4669,#5366,.T.);
#3404=EDGE_CURVE('',#4670,#4669,#5367,.T.);
#3405=EDGE_CURVE('',#4671,#4670,#5368,.T.);
#3406=EDGE_CURVE('',#4672,#4671,#5369,.T.);
#3407=EDGE_CURVE('',#4672,#4673,#5370,.T.);
#3408=EDGE_CURVE('',#4674,#4673,#5371,.T.);
#3409=EDGE_CURVE('',#4675,#4674,#5372,.T.);
#3410=EDGE_CURVE('',#4484,#4675,#5373,.T.);
#3411=EDGE_CURVE('',#4483,#4676,#5374,.T.);
#3412=EDGE_CURVE('',#4676,#4677,#5375,.T.);
#3413=EDGE_CURVE('',#4474,#4677,#5376,.T.);
#3414=EDGE_CURVE('',#4473,#4678,#5377,.T.);
#3415=EDGE_CURVE('',#4678,#4679,#5378,.T.);
#3416=EDGE_CURVE('',#4680,#4679,#5379,.T.);
#3417=EDGE_CURVE('',#4681,#4680,#5380,.T.);
#3418=EDGE_CURVE('',#4681,#4682,#430,.F.);
#3419=EDGE_CURVE('',#4682,#4683,#431,.F.);
#3420=EDGE_CURVE('',#4683,#4684,#5381,.T.);
#3421=EDGE_CURVE('',#4684,#4685,#432,.F.);
#3422=EDGE_CURVE('',#4685,#4666,#433,.F.);
#3423=EDGE_CURVE('',#4686,#4687,#434,.F.);
#3424=EDGE_CURVE('',#4687,#4688,#5382,.T.);
#3425=EDGE_CURVE('',#4688,#4689,#435,.F.);
#3426=EDGE_CURVE('',#4689,#4690,#436,.F.);
#3427=EDGE_CURVE('',#4690,#4691,#5383,.T.);
#3428=EDGE_CURVE('',#4691,#4686,#437,.F.);
#3429=EDGE_CURVE('',#4692,#4693,#438,.F.);
#3430=EDGE_CURVE('',#4693,#4694,#5384,.T.);
#3431=EDGE_CURVE('',#4694,#4695,#439,.F.);
#3432=EDGE_CURVE('',#4695,#4696,#440,.F.);
#3433=EDGE_CURVE('',#4696,#4697,#5385,.T.);
#3434=EDGE_CURVE('',#4697,#4692,#441,.F.);
#3435=EDGE_CURVE('',#4698,#4699,#442,.F.);
#3436=EDGE_CURVE('',#4699,#4700,#5386,.T.);
#3437=EDGE_CURVE('',#4700,#4701,#443,.F.);
#3438=EDGE_CURVE('',#4701,#4702,#444,.F.);
#3439=EDGE_CURVE('',#4702,#4703,#5387,.T.);
#3440=EDGE_CURVE('',#4703,#4698,#445,.F.);
#3441=EDGE_CURVE('',#4704,#4705,#446,.F.);
#3442=EDGE_CURVE('',#4705,#4706,#5388,.T.);
#3443=EDGE_CURVE('',#4706,#4707,#447,.F.);
#3444=EDGE_CURVE('',#4707,#4708,#448,.F.);
#3445=EDGE_CURVE('',#4708,#4709,#5389,.T.);
#3446=EDGE_CURVE('',#4709,#4704,#449,.F.);
#3447=EDGE_CURVE('',#4710,#4711,#450,.F.);
#3448=EDGE_CURVE('',#4711,#4712,#5390,.T.);
#3449=EDGE_CURVE('',#4712,#4713,#451,.F.);
#3450=EDGE_CURVE('',#4713,#4714,#452,.F.);
#3451=EDGE_CURVE('',#4714,#4715,#5391,.T.);
#3452=EDGE_CURVE('',#4715,#4710,#453,.F.);
#3453=EDGE_CURVE('',#4716,#4717,#454,.F.);
#3454=EDGE_CURVE('',#4717,#4718,#5392,.T.);
#3455=EDGE_CURVE('',#4718,#4719,#455,.F.);
#3456=EDGE_CURVE('',#4719,#4720,#456,.F.);
#3457=EDGE_CURVE('',#4720,#4721,#5393,.T.);
#3458=EDGE_CURVE('',#4721,#4716,#457,.F.);
#3459=EDGE_CURVE('',#4722,#4723,#458,.F.);
#3460=EDGE_CURVE('',#4723,#4724,#5394,.T.);
#3461=EDGE_CURVE('',#4724,#4725,#459,.F.);
#3462=EDGE_CURVE('',#4725,#4726,#460,.F.);
#3463=EDGE_CURVE('',#4726,#4727,#5395,.T.);
#3464=EDGE_CURVE('',#4727,#4728,#5396,.T.);
#3465=EDGE_CURVE('',#4728,#4722,#5397,.T.);
#3466=EDGE_CURVE('',#4729,#4730,#5398,.T.);
#3467=EDGE_CURVE('',#4730,#4731,#5399,.T.);
#3468=EDGE_CURVE('',#4731,#4732,#461,.F.);
#3469=EDGE_CURVE('',#4732,#4729,#5400,.T.);
#3470=EDGE_CURVE('',#4733,#4733,#462,.F.);
#3471=EDGE_CURVE('',#4734,#4735,#5401,.T.);
#3472=EDGE_CURVE('',#4735,#4736,#5402,.T.);
#3473=EDGE_CURVE('',#4736,#4737,#5403,.T.);
#3474=EDGE_CURVE('',#4734,#4737,#5404,.T.);
#3475=EDGE_CURVE('',#4738,#4739,#5405,.T.);
#3476=EDGE_CURVE('',#4739,#4740,#5406,.T.);
#3477=EDGE_CURVE('',#4741,#4740,#5407,.T.);
#3478=EDGE_CURVE('',#4741,#4738,#5408,.T.);
#3479=EDGE_CURVE('',#4742,#4743,#5409,.T.);
#3480=EDGE_CURVE('',#4743,#4744,#5410,.T.);
#3481=EDGE_CURVE('',#4744,#4745,#5411,.T.);
#3482=EDGE_CURVE('',#4742,#4745,#5412,.T.);
#3483=EDGE_CURVE('',#4746,#4746,#463,.F.);
#3484=EDGE_CURVE('',#4747,#4747,#464,.T.);
#3485=EDGE_CURVE('',#4748,#4748,#465,.F.);
#3486=EDGE_CURVE('',#4749,#4749,#466,.T.);
#3487=EDGE_CURVE('',#4750,#4750,#467,.F.);
#3488=EDGE_CURVE('',#4751,#4751,#468,.T.);
#3489=EDGE_CURVE('',#4752,#4752,#469,.F.);
#3490=EDGE_CURVE('',#4753,#4753,#470,.T.);
#3491=EDGE_CURVE('',#4754,#4754,#471,.F.);
#3492=EDGE_CURVE('',#4755,#4755,#472,.T.);
#3493=EDGE_CURVE('',#4756,#4756,#473,.T.);
#3494=EDGE_CURVE('',#4757,#4757,#474,.T.);
#3495=EDGE_CURVE('',#4758,#4758,#475,.T.);
#3496=EDGE_CURVE('',#4759,#4759,#476,.T.);
#3497=EDGE_CURVE('',#4760,#4761,#5413,.T.);
#3498=EDGE_CURVE('',#4760,#4762,#5414,.F.);
#3499=EDGE_CURVE('',#4762,#4763,#5415,.T.);
#3500=EDGE_CURVE('',#4763,#4764,#5416,.T.);
#3501=EDGE_CURVE('',#4765,#4764,#5417,.T.);
#3502=EDGE_CURVE('',#4472,#4765,#5418,.T.);
#3503=EDGE_CURVE('',#4471,#4766,#5419,.T.);
#3504=EDGE_CURVE('',#4767,#4766,#5420,.T.);
#3505=EDGE_CURVE('',#4767,#4467,#5421,.F.);
#3506=EDGE_CURVE('',#4468,#4761,#5422,.T.);
#3507=EDGE_CURVE('',#4768,#4769,#5423,.T.);
#3508=EDGE_CURVE('',#4769,#4770,#5424,.T.);
#3509=EDGE_CURVE('',#4770,#4771,#5425,.T.);
#3510=EDGE_CURVE('',#4771,#4772,#5426,.T.);
#3511=EDGE_CURVE('',#4772,#4773,#5427,.T.);
#3512=EDGE_CURVE('',#4774,#4773,#5428,.T.);
#3513=EDGE_CURVE('',#4775,#4774,#5429,.T.);
#3514=EDGE_CURVE('',#4775,#4776,#5430,.T.);
#3515=EDGE_CURVE('',#4777,#4776,#5431,.T.);
#3516=EDGE_CURVE('',#4777,#4778,#5432,.T.);
#3517=EDGE_CURVE('',#4778,#4779,#5433,.T.);
#3518=EDGE_CURVE('',#4779,#4780,#5434,.T.);
#3519=EDGE_CURVE('',#4780,#4781,#5435,.T.);
#3520=EDGE_CURVE('',#4782,#4781,#5436,.T.);
#3521=EDGE_CURVE('',#4783,#4782,#5437,.T.);
#3522=EDGE_CURVE('',#4783,#4768,#5438,.T.);
#3523=EDGE_CURVE('',#4784,#4785,#5439,.T.);
#3524=EDGE_CURVE('',#4785,#4786,#5440,.T.);
#3525=EDGE_CURVE('',#4786,#4787,#5441,.T.);
#3526=EDGE_CURVE('',#4787,#4784,#5442,.T.);
#3527=EDGE_CURVE('',#4788,#4789,#5443,.T.);
#3528=EDGE_CURVE('',#4789,#4790,#5444,.T.);
#3529=EDGE_CURVE('',#4791,#4790,#5445,.T.);
#3530=EDGE_CURVE('',#4791,#4788,#5446,.T.);
#3531=EDGE_CURVE('',#4792,#4793,#5447,.T.);
#3532=EDGE_CURVE('',#4794,#4793,#5448,.T.);
#3533=EDGE_CURVE('',#4794,#4795,#5449,.T.);
#3534=EDGE_CURVE('',#4795,#4792,#5450,.T.);
#3535=EDGE_CURVE('',#4796,#4797,#5451,.T.);
#3536=EDGE_CURVE('',#4798,#4797,#5452,.T.);
#3537=EDGE_CURVE('',#4798,#4799,#5453,.T.);
#3538=EDGE_CURVE('',#4799,#4796,#5454,.T.);
#3539=EDGE_CURVE('',#4800,#4800,#477,.T.);
#3540=EDGE_CURVE('',#4801,#4801,#478,.T.);
#3541=EDGE_CURVE('',#4802,#4802,#479,.T.);
#3542=EDGE_CURVE('',#4803,#4803,#480,.T.);
#3543=EDGE_CURVE('',#4804,#4805,#5455,.T.);
#3544=EDGE_CURVE('',#4806,#4805,#5456,.T.);
#3545=EDGE_CURVE('',#4806,#4807,#5457,.T.);
#3546=EDGE_CURVE('',#4807,#4804,#5458,.T.);
#3547=EDGE_CURVE('',#4808,#4809,#5459,.T.);
#3548=EDGE_CURVE('',#4809,#4810,#5460,.T.);
#3549=EDGE_CURVE('',#4810,#4811,#5461,.T.);
#3550=EDGE_CURVE('',#4811,#4808,#5462,.T.);
#3551=EDGE_CURVE('',#4812,#4813,#5463,.T.);
#3552=EDGE_CURVE('',#4813,#4814,#5464,.T.);
#3553=EDGE_CURVE('',#4814,#4815,#5465,.T.);
#3554=EDGE_CURVE('',#4815,#4812,#5466,.T.);
#3555=EDGE_CURVE('',#4668,#4816,#5467,.F.);
#3556=EDGE_CURVE('',#4816,#4817,#5468,.T.);
#3557=EDGE_CURVE('',#4817,#4679,#5469,.T.);
#3558=EDGE_CURVE('',#4765,#4678,#5470,.T.);
#3559=EDGE_CURVE('',#4764,#4818,#5471,.T.);
#3560=EDGE_CURVE('',#4819,#4818,#5472,.T.);
#3561=EDGE_CURVE('',#4819,#4760,#5473,.F.);
#3562=EDGE_CURVE('',#4761,#4669,#5474,.T.);
#3563=EDGE_CURVE('',#4820,#4821,#5475,.T.);
#3564=EDGE_CURVE('',#4820,#4822,#5476,.T.);
#3565=EDGE_CURVE('',#4822,#4823,#5477,.T.);
#3566=EDGE_CURVE('',#4823,#4821,#5478,.T.);
#3567=EDGE_CURVE('',#4824,#4825,#5479,.T.);
#3568=EDGE_CURVE('',#4825,#4826,#5480,.T.);
#3569=EDGE_CURVE('',#4826,#4827,#5481,.T.);
#3570=EDGE_CURVE('',#4824,#4827,#5482,.T.);
#3571=EDGE_CURVE('',#4828,#4829,#5483,.T.);
#3572=EDGE_CURVE('',#4829,#4830,#5484,.T.);
#3573=EDGE_CURVE('',#4830,#4831,#5485,.T.);
#3574=EDGE_CURVE('',#4828,#4831,#5486,.T.);
#3575=EDGE_CURVE('',#4810,#4592,#5487,.T.);
#3576=EDGE_CURVE('',#4593,#4650,#5488,.F.);
#3577=EDGE_CURVE('',#4651,#4785,#5489,.T.);
#3578=EDGE_CURVE('',#4784,#4811,#5490,.F.);
#3579=EDGE_CURVE('',#4832,#4833,#5491,.T.);
#3580=EDGE_CURVE('',#4832,#4834,#5492,.T.);
#3581=EDGE_CURVE('',#4834,#4835,#5493,.T.);
#3582=EDGE_CURVE('',#4835,#4487,#5494,.F.);
#3583=EDGE_CURVE('',#4486,#4836,#5495,.T.);
#3584=EDGE_CURVE('',#4837,#4836,#481,.T.);
#3585=EDGE_CURVE('',#4837,#4674,#5496,.T.);
#3586=EDGE_CURVE('',#4673,#4838,#5497,.T.);
#3587=EDGE_CURVE('',#4839,#4838,#482,.T.);
#3588=EDGE_CURVE('',#4839,#4670,#5498,.T.);
#3589=EDGE_CURVE('',#4494,#4840,#5499,.T.);
#3590=EDGE_CURVE('',#4841,#4840,#483,.T.);
#3591=EDGE_CURVE('',#4841,#4491,#5500,.T.);
#3592=EDGE_CURVE('',#4490,#4833,#5501,.T.);
#3593=EDGE_CURVE('',#4842,#4842,#484,.T.);
#3594=EDGE_CURVE('',#4843,#4843,#485,.T.);
#3595=EDGE_CURVE('',#4844,#4844,#486,.T.);
#3596=EDGE_CURVE('',#4845,#4845,#487,.T.);
#3597=EDGE_CURVE('',#4846,#4846,#488,.T.);
#3598=EDGE_CURVE('',#4847,#4836,#5502,.T.);
#3599=EDGE_CURVE('',#4848,#4847,#489,.T.);
#3600=EDGE_CURVE('',#4848,#4837,#5503,.T.);
#3601=EDGE_CURVE('',#4485,#4847,#5504,.T.);
#3602=EDGE_CURVE('',#4849,#4849,#490,.T.);
#3603=EDGE_CURVE('',#4850,#4850,#491,.F.);
#3604=EDGE_CURVE('',#4848,#4675,#5505,.T.);
#3605=EDGE_CURVE('',#4851,#4851,#492,.T.);
#3606=EDGE_CURVE('',#4852,#4852,#493,.F.);
#3607=EDGE_CURVE('',#4853,#4853,#494,.T.);
#3608=EDGE_CURVE('',#4854,#4854,#495,.T.);
#3609=EDGE_CURVE('',#4855,#4855,#496,.F.);
#3610=EDGE_CURVE('',#4856,#4856,#497,.T.);
#3611=EDGE_CURVE('',#4857,#4857,#498,.T.);
#3612=EDGE_CURVE('',#4858,#4858,#499,.F.);
#3613=EDGE_CURVE('',#4859,#4859,#500,.T.);
#3614=EDGE_CURVE('',#4493,#4860,#5506,.T.);
#3615=EDGE_CURVE('',#4860,#4840,#5507,.T.);
#3616=EDGE_CURVE('',#4861,#4841,#5508,.T.);
#3617=EDGE_CURVE('',#4861,#4492,#5509,.T.);
#3618=EDGE_CURVE('',#4861,#4860,#501,.T.);
#3619=EDGE_CURVE('',#4862,#4862,#502,.T.);
#3620=EDGE_CURVE('',#4863,#4863,#503,.F.);
#3621=EDGE_CURVE('',#4864,#4864,#504,.T.);
#3622=EDGE_CURVE('',#4865,#4865,#505,.F.);
#3623=EDGE_CURVE('',#4866,#4866,#506,.T.);
#3624=EDGE_CURVE('',#4672,#4867,#5510,.T.);
#3625=EDGE_CURVE('',#4867,#4838,#5511,.T.);
#3626=EDGE_CURVE('',#4868,#4839,#5512,.T.);
#3627=EDGE_CURVE('',#4868,#4671,#5513,.T.);
#3628=EDGE_CURVE('',#4868,#4867,#507,.T.);
#3629=EDGE_CURVE('',#4869,#4869,#508,.T.);
#3630=EDGE_CURVE('',#4870,#4870,#509,.F.);
#3631=EDGE_CURVE('',#4871,#4871,#510,.T.);
#3632=EDGE_CURVE('',#4872,#4872,#511,.F.);
#3633=EDGE_CURVE('',#4873,#4873,#512,.T.);
#3634=EDGE_CURVE('',#4874,#4875,#5514,.T.);
#3635=EDGE_CURVE('',#4875,#4876,#5515,.T.);
#3636=EDGE_CURVE('',#4877,#4876,#5516,.T.);
#3637=EDGE_CURVE('',#4877,#4874,#5517,.T.);
#3638=EDGE_CURVE('',#4831,#4878,#5518,.F.);
#3639=EDGE_CURVE('',#4878,#4879,#5519,.T.);
#3640=EDGE_CURVE('',#4879,#4798,#5520,.F.);
#3641=EDGE_CURVE('',#4797,#4875,#5521,.T.);
#3642=EDGE_CURVE('',#4874,#4828,#5522,.T.);
#3643=EDGE_CURVE('',#4829,#4877,#5523,.T.);
#3644=EDGE_CURVE('',#4876,#4796,#5524,.T.);
#3645=EDGE_CURVE('',#4799,#4880,#5525,.F.);
#3646=EDGE_CURVE('',#4881,#4880,#5526,.T.);
#3647=EDGE_CURVE('',#4881,#4830,#5527,.F.);
#3648=EDGE_CURVE('',#4880,#4879,#5528,.T.);
#3649=EDGE_CURVE('',#4878,#4881,#5529,.T.);
#3650=EDGE_CURVE('',#4882,#4883,#5530,.T.);
#3651=EDGE_CURVE('',#4883,#4884,#5531,.T.);
#3652=EDGE_CURVE('',#4885,#4884,#5532,.T.);
#3653=EDGE_CURVE('',#4885,#4882,#5533,.T.);
#3654=EDGE_CURVE('',#4827,#4886,#5534,.F.);
#3655=EDGE_CURVE('',#4886,#4887,#5535,.T.);
#3656=EDGE_CURVE('',#4887,#4794,#5536,.F.);
#3657=EDGE_CURVE('',#4793,#4883,#5537,.T.);
#3658=EDGE_CURVE('',#4882,#4824,#5538,.T.);
#3659=EDGE_CURVE('',#4825,#4885,#5539,.T.);
#3660=EDGE_CURVE('',#4884,#4792,#5540,.T.);
#3661=EDGE_CURVE('',#4795,#4888,#5541,.F.);
#3662=EDGE_CURVE('',#4889,#4888,#5542,.T.);
#3663=EDGE_CURVE('',#4889,#4826,#5543,.F.);
#3664=EDGE_CURVE('',#4888,#4887,#5544,.T.);
#3665=EDGE_CURVE('',#4886,#4889,#5545,.T.);
#3666=EDGE_CURVE('',#4822,#4890,#5546,.F.);
#3667=EDGE_CURVE('',#4890,#4891,#5547,.T.);
#3668=EDGE_CURVE('',#4891,#4789,#5548,.F.);
#3669=EDGE_CURVE('',#4788,#4892,#5549,.T.);
#3670=EDGE_CURVE('',#4893,#4892,#5550,.T.);
#3671=EDGE_CURVE('',#4893,#4823,#5551,.T.);
#3672=EDGE_CURVE('',#4894,#4895,#5552,.T.);
#3673=EDGE_CURVE('',#4895,#4891,#5553,.T.);
#3674=EDGE_CURVE('',#4890,#4894,#5554,.T.);
#3675=EDGE_CURVE('',#4892,#4896,#5555,.T.);
#3676=EDGE_CURVE('',#4897,#4896,#5556,.T.);
#3677=EDGE_CURVE('',#4897,#4893,#5557,.T.);
#3678=EDGE_CURVE('',#4821,#4897,#5558,.T.);
#3679=EDGE_CURVE('',#4896,#4791,#5559,.T.);
#3680=EDGE_CURVE('',#4790,#4895,#5560,.F.);
#3681=EDGE_CURVE('',#4894,#4820,#5561,.F.);
#3682=EDGE_CURVE('',#4738,#4898,#5562,.T.);
#3683=EDGE_CURVE('',#4898,#4899,#5563,.T.);
#3684=EDGE_CURVE('',#4899,#4900,#5564,.T.);
#3685=EDGE_CURVE('',#4901,#4900,#5565,.T.);
#3686=EDGE_CURVE('',#4901,#4739,#5566,.F.);
#3687=EDGE_CURVE('',#4902,#4903,#5567,.T.);
#3688=EDGE_CURVE('',#4902,#4901,#5568,.T.);
#3689=EDGE_CURVE('',#4900,#4903,#5569,.T.);
#3690=EDGE_CURVE('',#4898,#4904,#5570,.T.);
#3691=EDGE_CURVE('',#4904,#4905,#5571,.T.);
#3692=EDGE_CURVE('',#4905,#4899,#5572,.T.);
#3693=EDGE_CURVE('',#4740,#4902,#5573,.F.);
#3694=EDGE_CURVE('',#4903,#4905,#5574,.T.);
#3695=EDGE_CURVE('',#4904,#4741,#5575,.T.);
#3696=EDGE_CURVE('',#4743,#4906,#5576,.T.);
#3697=EDGE_CURVE('',#4906,#4907,#5577,.T.);
#3698=EDGE_CURVE('',#4907,#4908,#5578,.T.);
#3699=EDGE_CURVE('',#4909,#4908,#5579,.T.);
#3700=EDGE_CURVE('',#4909,#4744,#5580,.F.);
#3701=EDGE_CURVE('',#4906,#4910,#5581,.T.);
#3702=EDGE_CURVE('',#4910,#4911,#5582,.T.);
#3703=EDGE_CURVE('',#4911,#4907,#5583,.T.);
#3704=EDGE_CURVE('',#4912,#4913,#5584,.T.);
#3705=EDGE_CURVE('',#4912,#4909,#5585,.T.);
#3706=EDGE_CURVE('',#4908,#4913,#5586,.T.);
#3707=EDGE_CURVE('',#4745,#4912,#5587,.F.);
#3708=EDGE_CURVE('',#4913,#4911,#5588,.T.);
#3709=EDGE_CURVE('',#4910,#4742,#5589,.T.);
#3710=EDGE_CURVE('',#4735,#4914,#5590,.T.);
#3711=EDGE_CURVE('',#4914,#4915,#5591,.T.);
#3712=EDGE_CURVE('',#4915,#4916,#5592,.T.);
#3713=EDGE_CURVE('',#4917,#4916,#5593,.T.);
#3714=EDGE_CURVE('',#4917,#4736,#5594,.F.);
#3715=EDGE_CURVE('',#4918,#4919,#5595,.T.);
#3716=EDGE_CURVE('',#4918,#4917,#5596,.T.);
#3717=EDGE_CURVE('',#4916,#4919,#5597,.T.);
#3718=EDGE_CURVE('',#4914,#4920,#5598,.T.);
#3719=EDGE_CURVE('',#4920,#4921,#5599,.T.);
#3720=EDGE_CURVE('',#4921,#4915,#5600,.T.);
#3721=EDGE_CURVE('',#4737,#4918,#5601,.F.);
#3722=EDGE_CURVE('',#4919,#4921,#5602,.T.);
#3723=EDGE_CURVE('',#4920,#4734,#5603,.T.);
#3724=EDGE_CURVE('',#4922,#4922,#513,.T.);
#3725=EDGE_CURVE('',#4923,#4923,#514,.T.);
#3726=EDGE_CURVE('',#4654,#4916,#5604,.F.);
#3727=EDGE_CURVE('',#4919,#4657,#5605,.F.);
#3728=EDGE_CURVE('',#4921,#4656,#5606,.T.);
#3729=EDGE_CURVE('',#4655,#4915,#5607,.F.);
#3730=EDGE_CURVE('',#4908,#4661,#5608,.F.);
#3731=EDGE_CURVE('',#4658,#4907,#5609,.F.);
#3732=EDGE_CURVE('',#4659,#4911,#5610,.T.);
#3733=EDGE_CURVE('',#4913,#4660,#5611,.F.);
#3734=EDGE_CURVE('',#4899,#4665,#5612,.F.);
#3735=EDGE_CURVE('',#4662,#4905,#5613,.F.);
#3736=EDGE_CURVE('',#4663,#4903,#5614,.F.);
#3737=EDGE_CURVE('',#4900,#4664,#5615,.T.);
#3738=EDGE_CURVE('',#4924,#4925,#5616,.T.);
#3739=EDGE_CURVE('',#4925,#4926,#5617,.T.);
#3740=EDGE_CURVE('',#4927,#4926,#5618,.T.);
#3741=EDGE_CURVE('',#4924,#4927,#5619,.T.);
#3742=EDGE_CURVE('',#4928,#4929,#5620,.T.);
#3743=EDGE_CURVE('',#4928,#4930,#5621,.T.);
#3744=EDGE_CURVE('',#4930,#4931,#5622,.T.);
#3745=EDGE_CURVE('',#4931,#4925,#5623,.T.);
#3746=EDGE_CURVE('',#4924,#4929,#5624,.T.);
#3747=EDGE_CURVE('',#4932,#4933,#5625,.T.);
#3748=EDGE_CURVE('',#4932,#4934,#5626,.T.);
#3749=EDGE_CURVE('',#4934,#4935,#5627,.T.);
#3750=EDGE_CURVE('',#4927,#4935,#5628,.T.);
#3751=EDGE_CURVE('',#4926,#4933,#5629,.T.);
#3752=EDGE_CURVE('',#4936,#4783,#5630,.T.);
#3753=EDGE_CURVE('',#4937,#4782,#5631,.T.);
#3754=EDGE_CURVE('',#4936,#4937,#5632,.T.);
#3755=EDGE_CURVE('',#4936,#4938,#5633,.T.);
#3756=EDGE_CURVE('',#4938,#4939,#5634,.T.);
#3757=EDGE_CURVE('',#4939,#4940,#5635,.T.);
#3758=EDGE_CURVE('',#4935,#4940,#5636,.T.);
#3759=EDGE_CURVE('',#4934,#4768,#5637,.T.);
#3760=EDGE_CURVE('',#4939,#4941,#5638,.T.);
#3761=EDGE_CURVE('',#4941,#4942,#5639,.T.);
#3762=EDGE_CURVE('',#4940,#4942,#5640,.T.);
#3763=EDGE_CURVE('',#4943,#4944,#5641,.T.);
#3764=EDGE_CURVE('',#4944,#4945,#5642,.F.);
#3765=EDGE_CURVE('',#4945,#4946,#5643,.T.);
#3766=EDGE_CURVE('',#4942,#4946,#5644,.T.);
#3767=EDGE_CURVE('',#4941,#4943,#5645,.T.);
#3768=EDGE_CURVE('',#4945,#4947,#5646,.T.);
#3769=EDGE_CURVE('',#4947,#4948,#5647,.T.);
#3770=EDGE_CURVE('',#4948,#4946,#5648,.T.);
#3771=EDGE_CURVE('',#4947,#4949,#5649,.F.);
#3772=EDGE_CURVE('',#4949,#4950,#5650,.T.);
#3773=EDGE_CURVE('',#4950,#4780,#5651,.T.);
#3774=EDGE_CURVE('',#4779,#4928,#5652,.F.);
#3775=EDGE_CURVE('',#4948,#4929,#5653,.T.);
#3776=EDGE_CURVE('',#4950,#4951,#5654,.T.);
#3777=EDGE_CURVE('',#4951,#4781,#5655,.T.);
#3778=EDGE_CURVE('',#4952,#4952,#515,.T.);
#3779=EDGE_CURVE('',#4953,#4953,#516,.T.);
#3780=EDGE_CURVE('',#4937,#4951,#5656,.T.);
#3781=EDGE_CURVE('',#4943,#4938,#5657,.T.);
#3782=EDGE_CURVE('',#4949,#4944,#5658,.T.);
#3783=EDGE_CURVE('',#4954,#4770,#5659,.T.);
#3784=EDGE_CURVE('',#4954,#4955,#5660,.F.);
#3785=EDGE_CURVE('',#4955,#4956,#5661,.T.);
#3786=EDGE_CURVE('',#4956,#4771,#5662,.T.);
#3787=EDGE_CURVE('',#4956,#4957,#5663,.T.);
#3788=EDGE_CURVE('',#4957,#4958,#5664,.T.);
#3789=EDGE_CURVE('',#4958,#4772,#5665,.T.);
#3790=EDGE_CURVE('',#4958,#4959,#5666,.T.);
#3791=EDGE_CURVE('',#4959,#4773,#5667,.T.);
#3792=EDGE_CURVE('',#4960,#4961,#5668,.T.);
#3793=EDGE_CURVE('',#4960,#4962,#5669,.F.);
#3794=EDGE_CURVE('',#4962,#4774,#5670,.T.);
#3795=EDGE_CURVE('',#4959,#4961,#5671,.T.);
#3796=EDGE_CURVE('',#4962,#4963,#5672,.T.);
#3797=EDGE_CURVE('',#4963,#4775,#5673,.T.);
#3798=EDGE_CURVE('',#4963,#4964,#5674,.F.);
#3799=EDGE_CURVE('',#4964,#4965,#5675,.T.);
#3800=EDGE_CURVE('',#4965,#4776,#5676,.T.);
#3801=EDGE_CURVE('',#4966,#4966,#517,.T.);
#3802=EDGE_CURVE('',#4967,#4965,#5677,.T.);
#3803=EDGE_CURVE('',#4967,#4968,#5678,.F.);
#3804=EDGE_CURVE('',#4968,#4777,#5679,.T.);
#3805=EDGE_CURVE('',#4969,#4969,#518,.T.);
#3806=EDGE_CURVE('',#4955,#4967,#5680,.T.);
#3807=EDGE_CURVE('',#4964,#4960,#5681,.T.);
#3808=EDGE_CURVE('',#4961,#4957,#5682,.T.);
#3809=EDGE_CURVE('',#4970,#4970,#519,.F.);
#3810=EDGE_CURVE('',#4971,#4971,#520,.T.);
#3811=EDGE_CURVE('',#4972,#4972,#521,.F.);
#3812=EDGE_CURVE('',#4973,#4973,#522,.T.);
#3813=EDGE_CURVE('',#4974,#4974,#523,.F.);
#3814=EDGE_CURVE('',#4975,#4975,#524,.T.);
#3815=EDGE_CURVE('',#4976,#4976,#525,.F.);
#3816=EDGE_CURVE('',#4977,#4977,#526,.T.);
#3817=EDGE_CURVE('',#4968,#4954,#5683,.T.);
#3818=EDGE_CURVE('',#4769,#4932,#5684,.T.);
#3819=EDGE_CURVE('',#4933,#4806,#5685,.T.);
#3820=EDGE_CURVE('',#4805,#4931,#5686,.F.);
#3821=EDGE_CURVE('',#4930,#4778,#5687,.F.);
#3822=EDGE_CURVE('',#4978,#4979,#5688,.T.);
#3823=EDGE_CURVE('',#4979,#4980,#5689,.T.);
#3824=EDGE_CURVE('',#4981,#4980,#5690,.T.);
#3825=EDGE_CURVE('',#4981,#4489,#5691,.T.);
#3826=EDGE_CURVE('',#4488,#4978,#5692,.F.);
#3827=EDGE_CURVE('',#4833,#4981,#5693,.T.);
#3828=EDGE_CURVE('',#4980,#4982,#5694,.F.);
#3829=EDGE_CURVE('',#4982,#4983,#5695,.T.);
#3830=EDGE_CURVE('',#4983,#4984,#5696,.T.);
#3831=EDGE_CURVE('',#4985,#4984,#5697,.T.);
#3832=EDGE_CURVE('',#4832,#4985,#5698,.T.);
#3833=EDGE_CURVE('',#4984,#4986,#5699,.T.);
#3834=EDGE_CURVE('',#4987,#4986,#5700,.T.);
#3835=EDGE_CURVE('',#4985,#4987,#5701,.T.);
#3836=EDGE_CURVE('',#4978,#4835,#5702,.T.);
#3837=EDGE_CURVE('',#4834,#4987,#5703,.T.);
#3838=EDGE_CURVE('',#4986,#4988,#5704,.T.);
#3839=EDGE_CURVE('',#4988,#4989,#5705,.T.);
#3840=EDGE_CURVE('',#4989,#4979,#5706,.F.);
#3841=EDGE_CURVE('',#4990,#4990,#527,.T.);
#3842=EDGE_CURVE('',#4991,#4991,#528,.T.);
#3843=EDGE_CURVE('',#4587,#4989,#5707,.T.);
#3844=EDGE_CURVE('',#4988,#4588,#5708,.F.);
#3845=EDGE_CURVE('',#4982,#4590,#5709,.F.);
#3846=EDGE_CURVE('',#4589,#4983,#5710,.T.);
#3847=EDGE_CURVE('',#4786,#4653,#5711,.T.);
#3848=EDGE_CURVE('',#4786,#4815,#5712,.T.);
#3849=EDGE_CURVE('',#4815,#4653,#5713,.F.);
#3850=EDGE_CURVE('',#4652,#4595,#5714,.F.);
#3851=EDGE_CURVE('',#4812,#4652,#5715,.T.);
#3852=EDGE_CURVE('',#4787,#4814,#5716,.F.);
#3853=EDGE_CURVE('',#4808,#4787,#5717,.F.);
#3854=EDGE_CURVE('',#4812,#4595,#5718,.F.);
#3855=EDGE_CURVE('',#4808,#4814,#5719,.T.);
#3856=EDGE_CURVE('',#4813,#4594,#5720,.T.);
#3857=EDGE_CURVE('',#4809,#4813,#5721,.F.);
#3858=EDGE_CURVE('',#4809,#4594,#5722,.F.);
#3859=EDGE_CURVE('',#4992,#4992,#529,.T.);
#3860=EDGE_CURVE('',#4993,#4994,#5723,.T.);
#3861=EDGE_CURVE('',#4993,#4995,#5724,.F.);
#3862=EDGE_CURVE('',#4995,#4996,#5725,.T.);
#3863=EDGE_CURVE('',#4996,#4997,#5726,.T.);
#3864=EDGE_CURVE('',#4997,#4998,#5727,.T.);
#3865=EDGE_CURVE('',#4998,#4999,#5728,.F.);
#3866=EDGE_CURVE('',#4999,#5000,#5729,.F.);
#3867=EDGE_CURVE('',#5000,#4994,#5730,.T.);
#3868=EDGE_CURVE('',#5001,#5002,#5731,.T.);
#3869=EDGE_CURVE('',#5002,#4998,#5732,.T.);
#3870=EDGE_CURVE('',#4997,#5001,#5733,.T.);
#3871=EDGE_CURVE('',#4537,#5003,#5734,.F.);
#3872=EDGE_CURVE('',#5004,#5003,#5735,.T.);
#3873=EDGE_CURVE('',#5004,#4538,#5736,.T.);
#3874=EDGE_CURVE('',#5005,#5003,#5737,.T.);
#3875=EDGE_CURVE('',#5005,#5006,#5738,.T.);
#3876=EDGE_CURVE('',#5006,#5004,#5739,.T.);
#3877=EDGE_CURVE('',#4994,#5007,#5740,.T.);
#3878=EDGE_CURVE('',#5007,#5008,#5741,.T.);
#3879=EDGE_CURVE('',#5008,#4993,#5742,.T.);
#3880=EDGE_CURVE('',#5009,#5010,#5743,.T.);
#3881=EDGE_CURVE('',#5010,#4535,#5744,.F.);
#3882=EDGE_CURVE('',#4536,#5009,#5745,.T.);
#3883=EDGE_CURVE('',#5009,#5011,#5746,.T.);
#3884=EDGE_CURVE('',#5011,#5012,#5747,.T.);
#3885=EDGE_CURVE('',#5010,#5012,#5748,.T.);
#3886=EDGE_CURVE('',#5013,#5013,#530,.T.);
#3887=EDGE_CURVE('',#5014,#5014,#531,.T.);
#3888=EDGE_CURVE('',#4999,#5005,#5749,.F.);
#3889=EDGE_CURVE('',#5012,#5000,#5750,.F.);
#3890=EDGE_CURVE('',#5006,#4996,#5751,.T.);
#3891=EDGE_CURVE('',#4995,#5011,#5752,.T.);
#3892=EDGE_CURVE('',#4807,#4926,#5753,.F.);
#3893=EDGE_CURVE('',#4804,#4925,#5754,.T.);
#3894=EDGE_CURVE('',#5015,#5016,#5755,.T.);
#3895=EDGE_CURVE('',#5016,#5017,#5756,.T.);
#3896=EDGE_CURVE('',#5017,#5018,#5757,.F.);
#3897=EDGE_CURVE('',#5018,#5015,#5758,.T.);
#3898=EDGE_CURVE('',#5019,#5020,#5759,.T.);
#3899=EDGE_CURVE('',#5020,#5016,#5760,.T.);
#3900=EDGE_CURVE('',#5015,#5019,#5761,.T.);
#3901=EDGE_CURVE('',#5021,#5022,#5762,.T.);
#3902=EDGE_CURVE('',#5022,#5020,#5763,.T.);
#3903=EDGE_CURVE('',#5019,#5021,#5764,.T.);
#3904=EDGE_CURVE('',#5023,#5024,#5765,.T.);
#3905=EDGE_CURVE('',#5024,#5025,#5766,.T.);
#3906=EDGE_CURVE('',#5025,#5026,#5767,.F.);
#3907=EDGE_CURVE('',#5026,#5023,#5768,.T.);
#3908=EDGE_CURVE('',#5027,#5028,#5769,.T.);
#3909=EDGE_CURVE('',#5028,#5029,#5770,.T.);
#3910=EDGE_CURVE('',#5029,#5030,#5771,.F.);
#3911=EDGE_CURVE('',#5030,#5027,#5772,.T.);
#3912=EDGE_CURVE('',#5031,#5032,#5773,.T.);
#3913=EDGE_CURVE('',#5032,#5033,#5774,.T.);
#3914=EDGE_CURVE('',#5033,#5034,#5775,.F.);
#3915=EDGE_CURVE('',#5034,#5031,#5776,.T.);
#3916=EDGE_CURVE('',#5035,#5036,#5777,.T.);
#3917=EDGE_CURVE('',#5036,#5037,#5778,.T.);
#3918=EDGE_CURVE('',#5037,#5038,#5779,.F.);
#3919=EDGE_CURVE('',#5038,#5035,#5780,.T.);
#3920=EDGE_CURVE('',#5039,#5040,#5781,.T.);
#3921=EDGE_CURVE('',#5040,#5041,#5782,.T.);
#3922=EDGE_CURVE('',#5042,#5041,#5783,.T.);
#3923=EDGE_CURVE('',#5042,#5039,#5784,.T.);
#3924=EDGE_CURVE('',#5043,#5044,#5785,.T.);
#3925=EDGE_CURVE('',#5044,#5040,#5786,.T.);
#3926=EDGE_CURVE('',#5039,#5043,#5787,.T.);
#3927=EDGE_CURVE('',#5041,#5045,#5788,.T.);
#3928=EDGE_CURVE('',#5045,#5046,#5789,.F.);
#3929=EDGE_CURVE('',#5046,#5042,#5790,.T.);
#3930=EDGE_CURVE('',#5047,#5048,#5791,.T.);
#3931=EDGE_CURVE('',#5048,#5049,#5792,.T.);
#3932=EDGE_CURVE('',#5049,#5050,#5793,.F.);
#3933=EDGE_CURVE('',#5050,#5047,#5794,.T.);
#3934=EDGE_CURVE('',#5051,#5052,#5795,.T.);
#3935=EDGE_CURVE('',#5052,#5053,#5796,.T.);
#3936=EDGE_CURVE('',#5053,#5054,#5797,.F.);
#3937=EDGE_CURVE('',#5054,#5051,#5798,.T.);
#3938=EDGE_CURVE('',#5055,#5056,#5799,.T.);
#3939=EDGE_CURVE('',#5056,#5057,#5800,.T.);
#3940=EDGE_CURVE('',#5057,#5058,#5801,.F.);
#3941=EDGE_CURVE('',#5058,#5055,#5802,.T.);
#3942=EDGE_CURVE('',#5059,#5060,#5803,.T.);
#3943=EDGE_CURVE('',#5060,#5061,#5804,.T.);
#3944=EDGE_CURVE('',#5061,#5062,#5805,.F.);
#3945=EDGE_CURVE('',#5062,#5059,#5806,.T.);
#3946=EDGE_CURVE('',#5063,#5064,#5807,.T.);
#3947=EDGE_CURVE('',#5064,#5065,#5808,.T.);
#3948=EDGE_CURVE('',#5065,#5066,#5809,.F.);
#3949=EDGE_CURVE('',#5066,#5063,#5810,.T.);
#3950=EDGE_CURVE('',#5067,#5068,#5811,.T.);
#3951=EDGE_CURVE('',#5068,#5069,#5812,.T.);
#3952=EDGE_CURVE('',#5069,#5070,#5813,.F.);
#3953=EDGE_CURVE('',#5070,#5067,#5814,.T.);
#3954=EDGE_CURVE('',#5071,#5072,#5815,.T.);
#3955=EDGE_CURVE('',#5072,#5073,#5816,.T.);
#3956=EDGE_CURVE('',#5073,#5074,#5817,.F.);
#3957=EDGE_CURVE('',#5074,#5071,#5818,.T.);
#3958=EDGE_CURVE('',#5075,#5076,#5819,.T.);
#3959=EDGE_CURVE('',#5076,#5077,#5820,.T.);
#3960=EDGE_CURVE('',#5077,#5078,#5821,.F.);
#3961=EDGE_CURVE('',#5078,#5075,#5822,.T.);
#3962=EDGE_CURVE('',#5079,#5080,#5823,.T.);
#3963=EDGE_CURVE('',#5080,#5081,#5824,.T.);
#3964=EDGE_CURVE('',#5081,#5082,#5825,.F.);
#3965=EDGE_CURVE('',#5082,#5079,#5826,.T.);
#3966=EDGE_CURVE('',#5083,#5084,#5827,.T.);
#3967=EDGE_CURVE('',#5084,#5085,#5828,.T.);
#3968=EDGE_CURVE('',#5085,#5086,#5829,.F.);
#3969=EDGE_CURVE('',#5086,#5083,#5830,.T.);
#3970=EDGE_CURVE('',#5087,#5088,#5831,.T.);
#3971=EDGE_CURVE('',#5088,#5089,#5832,.T.);
#3972=EDGE_CURVE('',#5089,#5090,#5833,.F.);
#3973=EDGE_CURVE('',#5090,#5087,#5834,.T.);
#3974=EDGE_CURVE('',#5091,#5092,#5835,.T.);
#3975=EDGE_CURVE('',#5091,#5093,#5836,.T.);
#3976=EDGE_CURVE('',#5093,#5094,#5837,.T.);
#3977=EDGE_CURVE('',#5094,#5092,#5838,.T.);
#3978=EDGE_CURVE('',#5095,#5096,#5839,.F.);
#3979=EDGE_CURVE('',#5096,#5097,#5840,.T.);
#3980=EDGE_CURVE('',#5097,#5098,#5841,.T.);
#3981=EDGE_CURVE('',#5098,#5095,#5842,.T.);
#3982=EDGE_CURVE('',#5097,#5091,#5843,.T.);
#3983=EDGE_CURVE('',#5092,#5098,#5844,.T.);
#3984=EDGE_CURVE('',#5099,#5100,#5845,.F.);
#3985=EDGE_CURVE('',#5100,#5101,#5846,.T.);
#3986=EDGE_CURVE('',#5101,#5102,#5847,.T.);
#3987=EDGE_CURVE('',#5102,#5099,#5848,.T.);
#3988=EDGE_CURVE('',#5103,#5104,#5849,.F.);
#3989=EDGE_CURVE('',#5104,#5105,#5850,.T.);
#3990=EDGE_CURVE('',#5105,#5106,#5851,.T.);
#3991=EDGE_CURVE('',#5106,#5103,#5852,.T.);
#3992=EDGE_CURVE('',#5107,#5108,#5853,.F.);
#3993=EDGE_CURVE('',#5108,#5109,#5854,.T.);
#3994=EDGE_CURVE('',#5109,#5110,#5855,.T.);
#3995=EDGE_CURVE('',#5110,#5107,#5856,.T.);
#3996=EDGE_CURVE('',#5111,#5112,#5857,.F.);
#3997=EDGE_CURVE('',#5112,#5113,#5858,.T.);
#3998=EDGE_CURVE('',#5113,#5114,#5859,.T.);
#3999=EDGE_CURVE('',#5114,#5111,#5860,.T.);
#4000=EDGE_CURVE('',#5115,#5116,#5861,.T.);
#4001=EDGE_CURVE('',#5116,#5117,#5862,.T.);
#4002=EDGE_CURVE('',#5117,#5118,#5863,.T.);
#4003=EDGE_CURVE('',#5118,#5115,#5864,.T.);
#4004=EDGE_CURVE('',#5117,#5119,#5865,.T.);
#4005=EDGE_CURVE('',#5119,#5120,#5866,.T.);
#4006=EDGE_CURVE('',#5120,#5118,#5867,.T.);
#4007=EDGE_CURVE('',#5121,#5122,#5868,.F.);
#4008=EDGE_CURVE('',#5122,#5123,#5869,.T.);
#4009=EDGE_CURVE('',#5123,#5124,#5870,.T.);
#4010=EDGE_CURVE('',#5124,#5121,#5871,.T.);
#4011=EDGE_CURVE('',#5125,#5126,#5872,.F.);
#4012=EDGE_CURVE('',#5126,#5127,#5873,.T.);
#4013=EDGE_CURVE('',#5127,#5128,#5874,.T.);
#4014=EDGE_CURVE('',#5128,#5125,#5875,.T.);
#4015=EDGE_CURVE('',#5129,#5130,#5876,.F.);
#4016=EDGE_CURVE('',#5130,#5131,#5877,.T.);
#4017=EDGE_CURVE('',#5131,#5132,#5878,.T.);
#4018=EDGE_CURVE('',#5132,#5129,#5879,.T.);
#4019=EDGE_CURVE('',#5133,#5134,#5880,.F.);
#4020=EDGE_CURVE('',#5134,#5135,#5881,.T.);
#4021=EDGE_CURVE('',#5135,#5136,#5882,.T.);
#4022=EDGE_CURVE('',#5136,#5133,#5883,.T.);
#4023=EDGE_CURVE('',#5137,#5138,#5884,.F.);
#4024=EDGE_CURVE('',#5138,#5139,#5885,.T.);
#4025=EDGE_CURVE('',#5139,#5140,#5886,.T.);
#4026=EDGE_CURVE('',#5140,#5137,#5887,.T.);
#4027=EDGE_CURVE('',#5141,#5142,#5888,.F.);
#4028=EDGE_CURVE('',#5142,#5143,#5889,.T.);
#4029=EDGE_CURVE('',#5143,#5144,#5890,.T.);
#4030=EDGE_CURVE('',#5144,#5141,#5891,.T.);
#4031=EDGE_CURVE('',#5145,#5146,#5892,.F.);
#4032=EDGE_CURVE('',#5146,#5147,#5893,.T.);
#4033=EDGE_CURVE('',#5147,#5148,#5894,.T.);
#4034=EDGE_CURVE('',#5148,#5145,#5895,.T.);
#4035=EDGE_CURVE('',#5149,#5150,#5896,.F.);
#4036=EDGE_CURVE('',#5150,#5151,#5897,.T.);
#4037=EDGE_CURVE('',#5151,#5152,#5898,.T.);
#4038=EDGE_CURVE('',#5152,#5149,#5899,.T.);
#4039=EDGE_CURVE('',#5153,#5154,#5900,.F.);
#4040=EDGE_CURVE('',#5154,#5155,#5901,.T.);
#4041=EDGE_CURVE('',#5155,#5156,#5902,.T.);
#4042=EDGE_CURVE('',#5156,#5153,#5903,.T.);
#4043=EDGE_CURVE('',#5045,#5048,#532,.T.);
#4044=EDGE_CURVE('',#5047,#5046,#533,.T.);
#4045=EDGE_CURVE('',#5123,#5116,#534,.T.);
#4046=EDGE_CURVE('',#5115,#5124,#535,.T.);
#4047=EDGE_CURVE('',#5073,#5157,#536,.T.);
#4048=EDGE_CURVE('',#5158,#5157,#5904,.T.);
#4049=EDGE_CURVE('',#5158,#5074,#537,.T.);
#4050=EDGE_CURVE('',#5157,#5068,#538,.T.);
#4051=EDGE_CURVE('',#5067,#5158,#539,.T.);
#4052=EDGE_CURVE('',#5065,#5159,#540,.T.);
#4053=EDGE_CURVE('',#5160,#5159,#5905,.T.);
#4054=EDGE_CURVE('',#5160,#5066,#541,.T.);
#4055=EDGE_CURVE('',#5159,#5060,#542,.T.);
#4056=EDGE_CURVE('',#5059,#5160,#543,.T.);
#4057=EDGE_CURVE('',#5089,#5161,#544,.T.);
#4058=EDGE_CURVE('',#5162,#5161,#5906,.T.);
#4059=EDGE_CURVE('',#5162,#5090,#545,.T.);
#4060=EDGE_CURVE('',#5161,#5084,#546,.T.);
#4061=EDGE_CURVE('',#5083,#5162,#547,.T.);
#4062=EDGE_CURVE('',#5077,#5163,#548,.T.);
#4063=EDGE_CURVE('',#5164,#5163,#5907,.T.);
#4064=EDGE_CURVE('',#5164,#5078,#549,.T.);
#4065=EDGE_CURVE('',#5163,#5080,#550,.T.);
#4066=EDGE_CURVE('',#5079,#5164,#551,.T.);
#4067=EDGE_CURVE('',#5033,#5165,#552,.T.);
#4068=EDGE_CURVE('',#5166,#5165,#5908,.T.);
#4069=EDGE_CURVE('',#5166,#5034,#553,.T.);
#4070=EDGE_CURVE('',#5165,#5036,#554,.T.);
#4071=EDGE_CURVE('',#5035,#5166,#555,.T.);
#4072=EDGE_CURVE('',#5025,#5167,#556,.T.);
#4073=EDGE_CURVE('',#5168,#5167,#5909,.T.);
#4074=EDGE_CURVE('',#5168,#5026,#557,.T.);
#4075=EDGE_CURVE('',#5167,#5028,#558,.T.);
#4076=EDGE_CURVE('',#5027,#5168,#559,.T.);
#4077=EDGE_CURVE('',#5057,#5169,#560,.T.);
#4078=EDGE_CURVE('',#5170,#5169,#5910,.T.);
#4079=EDGE_CURVE('',#5170,#5058,#561,.T.);
#4080=EDGE_CURVE('',#5169,#5052,#562,.T.);
#4081=EDGE_CURVE('',#5051,#5170,#563,.T.);
#4082=EDGE_CURVE('',#5049,#5171,#564,.T.);
#4083=EDGE_CURVE('',#5172,#5171,#5911,.T.);
#4084=EDGE_CURVE('',#5172,#5050,#565,.T.);
#4085=EDGE_CURVE('',#5171,#5044,#566,.T.);
#4086=EDGE_CURVE('',#5043,#5172,#567,.T.);
#4087=EDGE_CURVE('',#5173,#5174,#5912,.T.);
#4088=EDGE_CURVE('',#5173,#5024,#568,.T.);
#4089=EDGE_CURVE('',#5023,#5174,#569,.T.);
#4090=EDGE_CURVE('',#5029,#5173,#570,.T.);
#4091=EDGE_CURVE('',#5174,#5030,#571,.T.);
#4092=EDGE_CURVE('',#5175,#5176,#5913,.T.);
#4093=EDGE_CURVE('',#5175,#5032,#572,.T.);
#4094=EDGE_CURVE('',#5031,#5176,#573,.T.);
#4095=EDGE_CURVE('',#5037,#5175,#574,.T.);
#4096=EDGE_CURVE('',#5176,#5038,#575,.T.);
#4097=EDGE_CURVE('',#5177,#5178,#5914,.T.);
#4098=EDGE_CURVE('',#5177,#5076,#576,.T.);
#4099=EDGE_CURVE('',#5075,#5178,#577,.T.);
#4100=EDGE_CURVE('',#5081,#5177,#578,.T.);
#4101=EDGE_CURVE('',#5178,#5082,#579,.T.);
#4102=EDGE_CURVE('',#5179,#5180,#5915,.T.);
#4103=EDGE_CURVE('',#5179,#5088,#580,.T.);
#4104=EDGE_CURVE('',#5087,#5180,#581,.T.);
#4105=EDGE_CURVE('',#5085,#5179,#582,.T.);
#4106=EDGE_CURVE('',#5180,#5086,#583,.T.);
#4107=EDGE_CURVE('',#5181,#5182,#5916,.T.);
#4108=EDGE_CURVE('',#5181,#5064,#584,.T.);
#4109=EDGE_CURVE('',#5063,#5182,#585,.T.);
#4110=EDGE_CURVE('',#5061,#5181,#586,.T.);
#4111=EDGE_CURVE('',#5182,#5062,#587,.T.);
#4112=EDGE_CURVE('',#5183,#5184,#5917,.T.);
#4113=EDGE_CURVE('',#5183,#5072,#588,.T.);
#4114=EDGE_CURVE('',#5071,#5184,#589,.T.);
#4115=EDGE_CURVE('',#5069,#5183,#590,.T.);
#4116=EDGE_CURVE('',#5184,#5070,#591,.T.);
#4117=EDGE_CURVE('',#5017,#5022,#592,.T.);
#4118=EDGE_CURVE('',#5021,#5018,#593,.T.);
#4119=EDGE_CURVE('',#5053,#5185,#594,.T.);
#4120=EDGE_CURVE('',#5186,#5185,#5918,.T.);
#4121=EDGE_CURVE('',#5186,#5054,#595,.T.);
#4122=EDGE_CURVE('',#5185,#5056,#596,.T.);
#4123=EDGE_CURVE('',#5055,#5186,#597,.T.);
#4124=EDGE_CURVE('',#5131,#5187,#598,.T.);
#4125=EDGE_CURVE('',#5188,#5187,#5919,.T.);
#4126=EDGE_CURVE('',#5188,#5132,#599,.T.);
#4127=EDGE_CURVE('',#5187,#5126,#600,.T.);
#4128=EDGE_CURVE('',#5125,#5188,#601,.T.);
#4129=EDGE_CURVE('',#5135,#5189,#602,.T.);
#4130=EDGE_CURVE('',#5190,#5189,#5920,.T.);
#4131=EDGE_CURVE('',#5190,#5136,#603,.T.);
#4132=EDGE_CURVE('',#5189,#5138,#604,.T.);
#4133=EDGE_CURVE('',#5137,#5190,#605,.T.);
#4134=EDGE_CURVE('',#5093,#5096,#606,.T.);
#4135=EDGE_CURVE('',#5095,#5094,#607,.T.);
#4136=EDGE_CURVE('',#5191,#5192,#5921,.T.);
#4137=EDGE_CURVE('',#5191,#5154,#608,.T.);
#4138=EDGE_CURVE('',#5153,#5192,#609,.T.);
#4139=EDGE_CURVE('',#5151,#5191,#610,.T.);
#4140=EDGE_CURVE('',#5192,#5152,#611,.T.);
#4141=EDGE_CURVE('',#5193,#5194,#5922,.T.);
#4142=EDGE_CURVE('',#5193,#5146,#612,.T.);
#4143=EDGE_CURVE('',#5145,#5194,#613,.T.);
#4144=EDGE_CURVE('',#5143,#5193,#614,.T.);
#4145=EDGE_CURVE('',#5194,#5144,#615,.T.);
#4146=EDGE_CURVE('',#5113,#5195,#616,.T.);
#4147=EDGE_CURVE('',#5196,#5195,#5923,.T.);
#4148=EDGE_CURVE('',#5196,#5114,#617,.T.);
#4149=EDGE_CURVE('',#5195,#5108,#618,.T.);
#4150=EDGE_CURVE('',#5107,#5196,#619,.T.);
#4151=EDGE_CURVE('',#5197,#5198,#5924,.T.);
#4152=EDGE_CURVE('',#5197,#5104,#620,.T.);
#4153=EDGE_CURVE('',#5103,#5198,#621,.T.);
#4154=EDGE_CURVE('',#5101,#5197,#622,.T.);
#4155=EDGE_CURVE('',#5198,#5102,#623,.T.);
#4156=EDGE_CURVE('',#5199,#5200,#5925,.T.);
#4157=EDGE_CURVE('',#5199,#5134,#624,.T.);
#4158=EDGE_CURVE('',#5133,#5200,#625,.T.);
#4159=EDGE_CURVE('',#5139,#5199,#626,.T.);
#4160=EDGE_CURVE('',#5200,#5140,#627,.T.);
#4161=EDGE_CURVE('',#5201,#5202,#5926,.T.);
#4162=EDGE_CURVE('',#5201,#5130,#628,.T.);
#4163=EDGE_CURVE('',#5129,#5202,#629,.T.);
#4164=EDGE_CURVE('',#5127,#5201,#630,.T.);
#4165=EDGE_CURVE('',#5202,#5128,#631,.T.);
#4166=EDGE_CURVE('',#5203,#5204,#5927,.T.);
#4167=EDGE_CURVE('',#5203,#5150,#632,.T.);
#4168=EDGE_CURVE('',#5149,#5204,#633,.T.);
#4169=EDGE_CURVE('',#5155,#5203,#634,.T.);
#4170=EDGE_CURVE('',#5204,#5156,#635,.T.);
#4171=EDGE_CURVE('',#5205,#5206,#5928,.T.);
#4172=EDGE_CURVE('',#5205,#5142,#636,.T.);
#4173=EDGE_CURVE('',#5141,#5206,#637,.T.);
#4174=EDGE_CURVE('',#5147,#5205,#638,.T.);
#4175=EDGE_CURVE('',#5206,#5148,#639,.T.);
#4176=EDGE_CURVE('',#5109,#5207,#640,.T.);
#4177=EDGE_CURVE('',#5208,#5207,#5929,.T.);
#4178=EDGE_CURVE('',#5208,#5110,#641,.T.);
#4179=EDGE_CURVE('',#5207,#5112,#642,.T.);
#4180=EDGE_CURVE('',#5111,#5208,#643,.T.);
#4181=EDGE_CURVE('',#5209,#5210,#5930,.T.);
#4182=EDGE_CURVE('',#5209,#5100,#644,.T.);
#4183=EDGE_CURVE('',#5099,#5210,#645,.T.);
#4184=EDGE_CURVE('',#5105,#5209,#646,.T.);
#4185=EDGE_CURVE('',#5210,#5106,#647,.T.);
#4186=EDGE_CURVE('',#5211,#5212,#5931,.T.);
#4187=EDGE_CURVE('',#5211,#5122,#648,.T.);
#4188=EDGE_CURVE('',#5121,#5212,#649,.T.);
#4189=EDGE_CURVE('',#5119,#5211,#650,.T.);
#4190=EDGE_CURVE('',#5212,#5120,#651,.T.);
#4191=EDGE_CURVE('',#4500,#5117,#5932,.F.);
#4192=EDGE_CURVE('',#5119,#4499,#5933,.T.);
#4193=EDGE_CURVE('',#5211,#4498,#22,.T.);
#4194=EDGE_CURVE('',#4495,#5116,#23,.F.);
#4195=EDGE_CURVE('',#5122,#4497,#5934,.T.);
#4196=EDGE_CURVE('',#4496,#5123,#5935,.T.);
#4197=EDGE_CURVE('',#5118,#4545,#5936,.T.);
#4198=EDGE_CURVE('',#4546,#5120,#5937,.T.);
#4199=EDGE_CURVE('',#4541,#5212,#24,.F.);
#4200=EDGE_CURVE('',#5115,#4544,#25,.T.);
#4201=EDGE_CURVE('',#4542,#5121,#5938,.T.);
#4202=EDGE_CURVE('',#5124,#4543,#5939,.T.);
#4203=EDGE_CURVE('',#4506,#5104,#5940,.T.);
#4204=EDGE_CURVE('',#5105,#4505,#5941,.T.);
#4205=EDGE_CURVE('',#5209,#4504,#26,.T.);
#4206=EDGE_CURVE('',#4501,#5197,#27,.F.);
#4207=EDGE_CURVE('',#5100,#4503,#5942,.T.);
#4208=EDGE_CURVE('',#4502,#5101,#5943,.T.);
#4209=EDGE_CURVE('',#5103,#4551,#5944,.T.);
#4210=EDGE_CURVE('',#4552,#5106,#5945,.T.);
#4211=EDGE_CURVE('',#4547,#5210,#28,.F.);
#4212=EDGE_CURVE('',#5198,#4550,#29,.T.);
#4213=EDGE_CURVE('',#4548,#5099,#5946,.T.);
#4214=EDGE_CURVE('',#5102,#4549,#5947,.T.);
#4215=EDGE_CURVE('',#4512,#5108,#5948,.T.);
#4216=EDGE_CURVE('',#5109,#4511,#5949,.T.);
#4217=EDGE_CURVE('',#5207,#4510,#30,.T.);
#4218=EDGE_CURVE('',#4507,#5195,#31,.F.);
#4219=EDGE_CURVE('',#5112,#4509,#5950,.T.);
#4220=EDGE_CURVE('',#4508,#5113,#5951,.T.);
#4221=EDGE_CURVE('',#5107,#4557,#5952,.T.);
#4222=EDGE_CURVE('',#4558,#5110,#5953,.T.);
#4223=EDGE_CURVE('',#4553,#5208,#32,.F.);
#4224=EDGE_CURVE('',#5196,#4556,#33,.T.);
#4225=EDGE_CURVE('',#4554,#5111,#5954,.T.);
#4226=EDGE_CURVE('',#5114,#4555,#5955,.T.);
#4227=EDGE_CURVE('',#4518,#5146,#5956,.T.);
#4228=EDGE_CURVE('',#5147,#4517,#5957,.T.);
#4229=EDGE_CURVE('',#5205,#4516,#34,.T.);
#4230=EDGE_CURVE('',#4513,#5193,#35,.F.);
#4231=EDGE_CURVE('',#5142,#4515,#5958,.T.);
#4232=EDGE_CURVE('',#4514,#5143,#5959,.T.);
#4233=EDGE_CURVE('',#5145,#4563,#5960,.T.);
#4234=EDGE_CURVE('',#4564,#5148,#5961,.T.);
#4235=EDGE_CURVE('',#4559,#5206,#36,.F.);
#4236=EDGE_CURVE('',#5194,#4562,#37,.T.);
#4237=EDGE_CURVE('',#4560,#5141,#5962,.T.);
#4238=EDGE_CURVE('',#5144,#4561,#5963,.T.);
#4239=EDGE_CURVE('',#4524,#5154,#5964,.T.);
#4240=EDGE_CURVE('',#5155,#4523,#5965,.T.);
#4241=EDGE_CURVE('',#5203,#4522,#38,.T.);
#4242=EDGE_CURVE('',#4519,#5191,#39,.F.);
#4243=EDGE_CURVE('',#5150,#4521,#5966,.T.);
#4244=EDGE_CURVE('',#4520,#5151,#5967,.T.);
#4245=EDGE_CURVE('',#5153,#4569,#5968,.T.);
#4246=EDGE_CURVE('',#4570,#5156,#5969,.T.);
#4247=EDGE_CURVE('',#4565,#5204,#40,.F.);
#4248=EDGE_CURVE('',#5192,#4568,#41,.T.);
#4249=EDGE_CURVE('',#4566,#5149,#5970,.T.);
#4250=EDGE_CURVE('',#5152,#4567,#5971,.T.);
#4251=EDGE_CURVE('',#4530,#5126,#5972,.T.);
#4252=EDGE_CURVE('',#5127,#4529,#5973,.T.);
#4253=EDGE_CURVE('',#5201,#4528,#42,.T.);
#4254=EDGE_CURVE('',#4525,#5187,#43,.F.);
#4255=EDGE_CURVE('',#5130,#4527,#5974,.T.);
#4256=EDGE_CURVE('',#4526,#5131,#5975,.T.);
#4257=EDGE_CURVE('',#5125,#4575,#5976,.T.);
#4258=EDGE_CURVE('',#4576,#5128,#5977,.T.);
#4259=EDGE_CURVE('',#4571,#5202,#44,.F.);
#4260=EDGE_CURVE('',#5188,#4574,#45,.T.);
#4261=EDGE_CURVE('',#4572,#5129,#5978,.T.);
#4262=EDGE_CURVE('',#5132,#4573,#5979,.T.);
#4263=EDGE_CURVE('',#5135,#4481,#5980,.T.);
#4264=EDGE_CURVE('',#5213,#5134,#5981,.T.);
#4265=EDGE_CURVE('',#5213,#4482,#12,.T.);
#4266=EDGE_CURVE('',#4477,#5199,#46,.F.);
#4267=EDGE_CURVE('',#4476,#5214,#47,.T.);
#4268=EDGE_CURVE('',#5214,#5213,#48,.F.);
#4269=EDGE_CURVE('',#5189,#4480,#49,.T.);
#4270=EDGE_CURVE('',#4478,#5139,#5982,.T.);
#4271=EDGE_CURVE('',#5138,#4479,#5983,.T.);
#4272=EDGE_CURVE('',#4582,#5136,#5984,.T.);
#4273=EDGE_CURVE('',#5133,#4581,#5985,.T.);
#4274=EDGE_CURVE('',#5200,#4580,#50,.T.);
#4275=EDGE_CURVE('',#4577,#5190,#51,.F.);
#4276=EDGE_CURVE('',#5140,#4579,#5986,.T.);
#4277=EDGE_CURVE('',#4578,#5137,#5987,.T.);
#4278=EDGE_CURVE('',#5053,#4600,#5988,.T.);
#4279=EDGE_CURVE('',#4601,#5052,#5989,.T.);
#4280=EDGE_CURVE('',#4596,#5169,#52,.F.);
#4281=EDGE_CURVE('',#5185,#4599,#53,.T.);
#4282=EDGE_CURVE('',#4597,#5057,#5990,.T.);
#4283=EDGE_CURVE('',#5056,#4598,#5991,.T.);
#4284=EDGE_CURVE('',#4691,#5054,#5992,.T.);
#4285=EDGE_CURVE('',#5051,#4690,#5993,.T.);
#4286=EDGE_CURVE('',#5170,#4689,#54,.T.);
#4287=EDGE_CURVE('',#4686,#5186,#55,.F.);
#4288=EDGE_CURVE('',#5058,#4688,#5994,.T.);
#4289=EDGE_CURVE('',#4687,#5055,#5995,.T.);
#4290=EDGE_CURVE('',#5029,#4606,#5996,.T.);
#4291=EDGE_CURVE('',#4607,#5028,#5997,.T.);
#4292=EDGE_CURVE('',#4602,#5167,#56,.F.);
#4293=EDGE_CURVE('',#5173,#4605,#57,.T.);
#4294=EDGE_CURVE('',#4603,#5025,#5998,.T.);
#4295=EDGE_CURVE('',#5024,#4604,#5999,.T.);
#4296=EDGE_CURVE('',#4697,#5030,#6000,.T.);
#4297=EDGE_CURVE('',#5027,#4696,#6001,.T.);
#4298=EDGE_CURVE('',#5168,#4695,#58,.T.);
#4299=EDGE_CURVE('',#4692,#5174,#59,.F.);
#4300=EDGE_CURVE('',#5026,#4694,#6002,.T.);
#4301=EDGE_CURVE('',#4693,#5023,#6003,.T.);
#4302=EDGE_CURVE('',#5037,#4612,#6004,.T.);
#4303=EDGE_CURVE('',#4613,#5036,#6005,.T.);
#4304=EDGE_CURVE('',#4608,#5165,#60,.F.);
#4305=EDGE_CURVE('',#5175,#4611,#61,.T.);
#4306=EDGE_CURVE('',#4609,#5033,#6006,.T.);
#4307=EDGE_CURVE('',#5032,#4610,#6007,.T.);
#4308=EDGE_CURVE('',#4703,#5038,#6008,.T.);
#4309=EDGE_CURVE('',#5035,#4702,#6009,.T.);
#4310=EDGE_CURVE('',#5166,#4701,#62,.T.);
#4311=EDGE_CURVE('',#4698,#5176,#63,.F.);
#4312=EDGE_CURVE('',#5034,#4700,#6010,.T.);
#4313=EDGE_CURVE('',#4699,#5031,#6011,.T.);
#4314=EDGE_CURVE('',#5081,#4618,#6012,.T.);
#4315=EDGE_CURVE('',#4619,#5080,#6013,.T.);
#4316=EDGE_CURVE('',#4614,#5163,#64,.F.);
#4317=EDGE_CURVE('',#5177,#4617,#65,.T.);
#4318=EDGE_CURVE('',#4615,#5077,#6014,.T.);
#4319=EDGE_CURVE('',#5076,#4616,#6015,.T.);
#4320=EDGE_CURVE('',#4709,#5082,#6016,.T.);
#4321=EDGE_CURVE('',#5079,#4708,#6017,.T.);
#4322=EDGE_CURVE('',#5164,#4707,#66,.T.);
#4323=EDGE_CURVE('',#4704,#5178,#67,.F.);
#4324=EDGE_CURVE('',#5078,#4706,#6018,.T.);
#4325=EDGE_CURVE('',#4705,#5075,#6019,.T.);
#4326=EDGE_CURVE('',#5085,#4624,#6020,.T.);
#4327=EDGE_CURVE('',#4625,#5084,#6021,.T.);
#4328=EDGE_CURVE('',#4620,#5161,#68,.F.);
#4329=EDGE_CURVE('',#5179,#4623,#69,.T.);
#4330=EDGE_CURVE('',#4621,#5089,#6022,.T.);
#4331=EDGE_CURVE('',#5088,#4622,#6023,.T.);
#4332=EDGE_CURVE('',#4715,#5086,#6024,.T.);
#4333=EDGE_CURVE('',#5083,#4714,#6025,.T.);
#4334=EDGE_CURVE('',#5162,#4713,#70,.T.);
#4335=EDGE_CURVE('',#4710,#5180,#71,.F.);
#4336=EDGE_CURVE('',#5090,#4712,#6026,.T.);
#4337=EDGE_CURVE('',#4711,#5087,#6027,.T.);
#4338=EDGE_CURVE('',#5061,#4630,#6028,.T.);
#4339=EDGE_CURVE('',#4631,#5060,#6029,.T.);
#4340=EDGE_CURVE('',#4626,#5159,#72,.F.);
#4341=EDGE_CURVE('',#5181,#4629,#73,.T.);
#4342=EDGE_CURVE('',#4627,#5065,#6030,.T.);
#4343=EDGE_CURVE('',#5064,#4628,#6031,.T.);
#4344=EDGE_CURVE('',#4721,#5062,#6032,.T.);
#4345=EDGE_CURVE('',#5059,#4720,#6033,.T.);
#4346=EDGE_CURVE('',#5160,#4719,#74,.T.);
#4347=EDGE_CURVE('',#4716,#5182,#75,.F.);
#4348=EDGE_CURVE('',#5066,#4718,#6034,.T.);
#4349=EDGE_CURVE('',#4717,#5063,#6035,.T.);
#4350=EDGE_CURVE('',#4637,#5072,#6036,.T.);
#4351=EDGE_CURVE('',#5073,#4636,#6037,.T.);
#4352=EDGE_CURVE('',#5157,#4635,#76,.T.);
#4353=EDGE_CURVE('',#4632,#5183,#77,.F.);
#4354=EDGE_CURVE('',#5068,#4634,#6038,.T.);
#4355=EDGE_CURVE('',#4633,#5069,#6039,.T.);
#4356=EDGE_CURVE('',#5071,#4666,#6040,.T.);
#4357=EDGE_CURVE('',#5215,#5074,#6041,.T.);
#4358=EDGE_CURVE('',#5215,#4667,#13,.T.);
#4359=EDGE_CURVE('',#4682,#5158,#78,.F.);
#4360=EDGE_CURVE('',#4681,#5216,#79,.T.);
#4361=EDGE_CURVE('',#5216,#5215,#80,.F.);
#4362=EDGE_CURVE('',#5184,#4685,#81,.T.);
#4363=EDGE_CURVE('',#4683,#5067,#6042,.T.);
#4364=EDGE_CURVE('',#5070,#4684,#6043,.T.);
#4365=EDGE_CURVE('',#4531,#5091,#6044,.T.);
#4366=EDGE_CURVE('',#5093,#4534,#6045,.T.);
#4367=EDGE_CURVE('',#5096,#4533,#6046,.T.);
#4368=EDGE_CURVE('',#4532,#5097,#6047,.F.);
#4369=EDGE_CURVE('',#5092,#4586,#6048,.T.);
#4370=EDGE_CURVE('',#4583,#5094,#6049,.T.);
#4371=EDGE_CURVE('',#4584,#5095,#6050,.T.);
#4372=EDGE_CURVE('',#5098,#4585,#6051,.F.);
#4373=EDGE_CURVE('',#4644,#5044,#6052,.T.);
#4374=EDGE_CURVE('',#5040,#4643,#6053,.F.);
#4375=EDGE_CURVE('',#5041,#4642,#6054,.T.);
#4376=EDGE_CURVE('',#4638,#5171,#82,.T.);
#4377=EDGE_CURVE('',#5045,#4641,#6055,.T.);
#4378=EDGE_CURVE('',#4639,#5049,#6056,.T.);
#4379=EDGE_CURVE('',#5048,#4640,#6057,.T.);
#4380=EDGE_CURVE('',#4645,#5022,#6058,.T.);
#4381=EDGE_CURVE('',#5020,#4648,#6059,.T.);
#4382=EDGE_CURVE('',#5016,#4647,#6060,.T.);
#4383=EDGE_CURVE('',#4646,#5017,#6061,.T.);
#4384=EDGE_CURVE('',#5043,#4726,#6062,.T.);
#4385=EDGE_CURVE('',#4727,#5039,#6063,.F.);
#4386=EDGE_CURVE('',#4728,#5042,#6064,.T.);
#4387=EDGE_CURVE('',#5172,#4725,#83,.T.);
#4388=EDGE_CURVE('',#4722,#5046,#6065,.T.);
#4389=EDGE_CURVE('',#5050,#4724,#6066,.T.);
#4390=EDGE_CURVE('',#4723,#5047,#6067,.T.);
#4391=EDGE_CURVE('',#5021,#4732,#6068,.T.);
#4392=EDGE_CURVE('',#4729,#5019,#6069,.T.);
#4393=EDGE_CURVE('',#4730,#5015,#6070,.T.);
#4394=EDGE_CURVE('',#5018,#4731,#6071,.T.);
#4395=EDGE_CURVE('',#5001,#5006,#6072,.F.);
#4396=EDGE_CURVE('',#5002,#5005,#6073,.T.);
#4397=EDGE_CURVE('',#5011,#5008,#6074,.F.);
#4398=EDGE_CURVE('',#5012,#5007,#6075,.T.);
#4399=EDGE_CURVE('',#4816,#5217,#652,.F.);
#4400=EDGE_CURVE('',#5217,#5218,#6076,.T.);
#4401=EDGE_CURVE('',#4817,#5218,#6077,.T.);
#4402=EDGE_CURVE('',#4680,#5219,#6078,.T.);
#4403=EDGE_CURVE('',#5219,#5220,#6079,.F.);
#4404=EDGE_CURVE('',#5220,#5216,#653,.T.);
#4405=EDGE_CURVE('',#5221,#5222,#84,.T.);
#4406=EDGE_CURVE('',#5221,#5222,#85,.F.);
#4407=EDGE_CURVE('',#5223,#5223,#654,.T.);
#4408=EDGE_CURVE('',#5224,#5225,#655,.F.);
#4409=EDGE_CURVE('',#5225,#5226,#6080,.T.);
#4410=EDGE_CURVE('',#5226,#5224,#6081,.F.);
#4411=EDGE_CURVE('',#5218,#5219,#656,.T.);
#4412=EDGE_CURVE('',#4762,#5227,#657,.F.);
#4413=EDGE_CURVE('',#5227,#5228,#6082,.T.);
#4414=EDGE_CURVE('',#4763,#5228,#6083,.T.);
#4415=EDGE_CURVE('',#4818,#5229,#6084,.T.);
#4416=EDGE_CURVE('',#5229,#5230,#6085,.F.);
#4417=EDGE_CURVE('',#5230,#4819,#658,.T.);
#4418=EDGE_CURVE('',#5231,#5232,#86,.T.);
#4419=EDGE_CURVE('',#5231,#5232,#87,.F.);
#4420=EDGE_CURVE('',#5233,#5233,#659,.T.);
#4421=EDGE_CURVE('',#5234,#5235,#660,.F.);
#4422=EDGE_CURVE('',#5235,#5236,#6086,.T.);
#4423=EDGE_CURVE('',#5236,#5234,#6087,.T.);
#4424=EDGE_CURVE('',#5228,#5229,#661,.T.);
#4425=EDGE_CURVE('',#4469,#5237,#662,.F.);
#4426=EDGE_CURVE('',#5237,#5238,#6088,.T.);
#4427=EDGE_CURVE('',#4470,#5238,#6089,.T.);
#4428=EDGE_CURVE('',#4766,#5239,#6090,.T.);
#4429=EDGE_CURVE('',#5239,#5240,#6091,.F.);
#4430=EDGE_CURVE('',#5240,#4767,#663,.T.);
#4431=EDGE_CURVE('',#5241,#5242,#88,.T.);
#4432=EDGE_CURVE('',#5242,#5241,#89,.F.);
#4433=EDGE_CURVE('',#5243,#5243,#664,.T.);
#4434=EDGE_CURVE('',#5244,#5245,#665,.F.);
#4435=EDGE_CURVE('',#5245,#5246,#6092,.F.);
#4436=EDGE_CURVE('',#5246,#5244,#6093,.T.);
#4437=EDGE_CURVE('',#5238,#5239,#666,.T.);
#4438=EDGE_CURVE('',#4475,#5247,#6094,.T.);
#4439=EDGE_CURVE('',#5247,#5248,#6095,.F.);
#4440=EDGE_CURVE('',#5248,#5214,#667,.T.);
#4441=EDGE_CURVE('',#4676,#5249,#668,.F.);
#4442=EDGE_CURVE('',#5249,#5250,#6096,.T.);
#4443=EDGE_CURVE('',#4677,#5250,#6097,.T.);
#4444=EDGE_CURVE('',#5251,#5252,#90,.T.);
#4445=EDGE_CURVE('',#5252,#5251,#91,.F.);
#4446=EDGE_CURVE('',#5253,#5253,#669,.T.);
#4447=EDGE_CURVE('',#5254,#5255,#670,.F.);
#4448=EDGE_CURVE('',#5255,#5256,#6098,.F.);
#4449=EDGE_CURVE('',#5256,#5254,#6099,.F.);
#4450=EDGE_CURVE('',#5250,#5247,#671,.T.);
#4451=EDGE_CURVE('',#5224,#5220,#92,.T.);
#4452=EDGE_CURVE('',#5217,#5225,#93,.T.);
#4453=EDGE_CURVE('',#5234,#5230,#94,.T.);
#4454=EDGE_CURVE('',#5227,#5235,#95,.T.);
#4455=EDGE_CURVE('',#5244,#5240,#96,.T.);
#4456=EDGE_CURVE('',#5237,#5245,#97,.T.);
#4457=EDGE_CURVE('',#5254,#5248,#98,.T.);
#4458=EDGE_CURVE('',#5249,#5255,#99,.T.);
#4459=EDGE_CURVE('',#5222,#5226,#14,.F.);
#4460=EDGE_CURVE('',#4668,#5221,#15,.F.);
#4461=EDGE_CURVE('',#5231,#5236,#16,.F.);
#4462=EDGE_CURVE('',#4760,#5232,#17,.F.);
#4463=EDGE_CURVE('',#5242,#5246,#18,.F.);
#4464=EDGE_CURVE('',#4467,#5241,#19,.F.);
#4465=EDGE_CURVE('',#5251,#5256,#20,.F.);
#4466=EDGE_CURVE('',#4483,#5252,#21,.F.);
#4467=VERTEX_POINT('',#12621);
#4468=VERTEX_POINT('',#12622);
#4469=VERTEX_POINT('',#12624);
#4470=VERTEX_POINT('',#12626);
#4471=VERTEX_POINT('',#12628);
#4472=VERTEX_POINT('',#12630);
#4473=VERTEX_POINT('',#12632);
#4474=VERTEX_POINT('',#12634);
#4475=VERTEX_POINT('',#12636);
#4476=VERTEX_POINT('',#12638);
#4477=VERTEX_POINT('',#12640);
#4478=VERTEX_POINT('',#12642);
#4479=VERTEX_POINT('',#12644);
#4480=VERTEX_POINT('',#12646);
#4481=VERTEX_POINT('',#12648);
#4482=VERTEX_POINT('',#12650);
#4483=VERTEX_POINT('',#12652);
#4484=VERTEX_POINT('',#12654);
#4485=VERTEX_POINT('',#12656);
#4486=VERTEX_POINT('',#12658);
#4487=VERTEX_POINT('',#12660);
#4488=VERTEX_POINT('',#12662);
#4489=VERTEX_POINT('',#12664);
#4490=VERTEX_POINT('',#12666);
#4491=VERTEX_POINT('',#12668);
#4492=VERTEX_POINT('',#12670);
#4493=VERTEX_POINT('',#12672);
#4494=VERTEX_POINT('',#12674);
#4495=VERTEX_POINT('',#12677);
#4496=VERTEX_POINT('',#12678);
#4497=VERTEX_POINT('',#12680);
#4498=VERTEX_POINT('',#12682);
#4499=VERTEX_POINT('',#12684);
#4500=VERTEX_POINT('',#12686);
#4501=VERTEX_POINT('',#12689);
#4502=VERTEX_POINT('',#12690);
#4503=VERTEX_POINT('',#12692);
#4504=VERTEX_POINT('',#12694);
#4505=VERTEX_POINT('',#12696);
#4506=VERTEX_POINT('',#12698);
#4507=VERTEX_POINT('',#12701);
#4508=VERTEX_POINT('',#12702);
#4509=VERTEX_POINT('',#12704);
#4510=VERTEX_POINT('',#12706);
#4511=VERTEX_POINT('',#12708);
#4512=VERTEX_POINT('',#12710);
#4513=VERTEX_POINT('',#12713);
#4514=VERTEX_POINT('',#12714);
#4515=VERTEX_POINT('',#12716);
#4516=VERTEX_POINT('',#12718);
#4517=VERTEX_POINT('',#12720);
#4518=VERTEX_POINT('',#12722);
#4519=VERTEX_POINT('',#12725);
#4520=VERTEX_POINT('',#12726);
#4521=VERTEX_POINT('',#12728);
#4522=VERTEX_POINT('',#12730);
#4523=VERTEX_POINT('',#12732);
#4524=VERTEX_POINT('',#12734);
#4525=VERTEX_POINT('',#12737);
#4526=VERTEX_POINT('',#12738);
#4527=VERTEX_POINT('',#12740);
#4528=VERTEX_POINT('',#12742);
#4529=VERTEX_POINT('',#12744);
#4530=VERTEX_POINT('',#12746);
#4531=VERTEX_POINT('',#12749);
#4532=VERTEX_POINT('',#12750);
#4533=VERTEX_POINT('',#12752);
#4534=VERTEX_POINT('',#12754);
#4535=VERTEX_POINT('',#12757);
#4536=VERTEX_POINT('',#12758);
#4537=VERTEX_POINT('',#12760);
#4538=VERTEX_POINT('',#12762);
#4539=VERTEX_POINT('',#12765);
#4540=VERTEX_POINT('',#12768);
#4541=VERTEX_POINT('',#12770);
#4542=VERTEX_POINT('',#12771);
#4543=VERTEX_POINT('',#12773);
#4544=VERTEX_POINT('',#12775);
#4545=VERTEX_POINT('',#12777);
#4546=VERTEX_POINT('',#12779);
#4547=VERTEX_POINT('',#12782);
#4548=VERTEX_POINT('',#12783);
#4549=VERTEX_POINT('',#12785);
#4550=VERTEX_POINT('',#12787);
#4551=VERTEX_POINT('',#12789);
#4552=VERTEX_POINT('',#12791);
#4553=VERTEX_POINT('',#12794);
#4554=VERTEX_POINT('',#12795);
#4555=VERTEX_POINT('',#12797);
#4556=VERTEX_POINT('',#12799);
#4557=VERTEX_POINT('',#12801);
#4558=VERTEX_POINT('',#12803);
#4559=VERTEX_POINT('',#12806);
#4560=VERTEX_POINT('',#12807);
#4561=VERTEX_POINT('',#12809);
#4562=VERTEX_POINT('',#12811);
#4563=VERTEX_POINT('',#12813);
#4564=VERTEX_POINT('',#12815);
#4565=VERTEX_POINT('',#12818);
#4566=VERTEX_POINT('',#12819);
#4567=VERTEX_POINT('',#12821);
#4568=VERTEX_POINT('',#12823);
#4569=VERTEX_POINT('',#12825);
#4570=VERTEX_POINT('',#12827);
#4571=VERTEX_POINT('',#12830);
#4572=VERTEX_POINT('',#12831);
#4573=VERTEX_POINT('',#12833);
#4574=VERTEX_POINT('',#12835);
#4575=VERTEX_POINT('',#12837);
#4576=VERTEX_POINT('',#12839);
#4577=VERTEX_POINT('',#12842);
#4578=VERTEX_POINT('',#12843);
#4579=VERTEX_POINT('',#12845);
#4580=VERTEX_POINT('',#12847);
#4581=VERTEX_POINT('',#12849);
#4582=VERTEX_POINT('',#12851);
#4583=VERTEX_POINT('',#12854);
#4584=VERTEX_POINT('',#12855);
#4585=VERTEX_POINT('',#12857);
#4586=VERTEX_POINT('',#12859);
#4587=VERTEX_POINT('',#12862);
#4588=VERTEX_POINT('',#12863);
#4589=VERTEX_POINT('',#12865);
#4590=VERTEX_POINT('',#12867);
#4591=VERTEX_POINT('',#12870);
#4592=VERTEX_POINT('',#12872);
#4593=VERTEX_POINT('',#12873);
#4594=VERTEX_POINT('',#12875);
#4595=VERTEX_POINT('',#12877);
#4596=VERTEX_POINT('',#12881);
#4597=VERTEX_POINT('',#12882);
#4598=VERTEX_POINT('',#12884);
#4599=VERTEX_POINT('',#12886);
#4600=VERTEX_POINT('',#12888);
#4601=VERTEX_POINT('',#12890);
#4602=VERTEX_POINT('',#12893);
#4603=VERTEX_POINT('',#12894);
#4604=VERTEX_POINT('',#12896);
#4605=VERTEX_POINT('',#12898);
#4606=VERTEX_POINT('',#12900);
#4607=VERTEX_POINT('',#12902);
#4608=VERTEX_POINT('',#12905);
#4609=VERTEX_POINT('',#12906);
#4610=VERTEX_POINT('',#12908);
#4611=VERTEX_POINT('',#12910);
#4612=VERTEX_POINT('',#12912);
#4613=VERTEX_POINT('',#12914);
#4614=VERTEX_POINT('',#12917);
#4615=VERTEX_POINT('',#12918);
#4616=VERTEX_POINT('',#12920);
#4617=VERTEX_POINT('',#12922);
#4618=VERTEX_POINT('',#12924);
#4619=VERTEX_POINT('',#12926);
#4620=VERTEX_POINT('',#12929);
#4621=VERTEX_POINT('',#12930);
#4622=VERTEX_POINT('',#12932);
#4623=VERTEX_POINT('',#12934);
#4624=VERTEX_POINT('',#12936);
#4625=VERTEX_POINT('',#12938);
#4626=VERTEX_POINT('',#12941);
#4627=VERTEX_POINT('',#12942);
#4628=VERTEX_POINT('',#12944);
#4629=VERTEX_POINT('',#12946);
#4630=VERTEX_POINT('',#12948);
#4631=VERTEX_POINT('',#12950);
#4632=VERTEX_POINT('',#12953);
#4633=VERTEX_POINT('',#12954);
#4634=VERTEX_POINT('',#12956);
#4635=VERTEX_POINT('',#12958);
#4636=VERTEX_POINT('',#12960);
#4637=VERTEX_POINT('',#12962);
#4638=VERTEX_POINT('',#12965);
#4639=VERTEX_POINT('',#12966);
#4640=VERTEX_POINT('',#12968);
#4641=VERTEX_POINT('',#12970);
#4642=VERTEX_POINT('',#12972);
#4643=VERTEX_POINT('',#12974);
#4644=VERTEX_POINT('',#12976);
#4645=VERTEX_POINT('',#12979);
#4646=VERTEX_POINT('',#12980);
#4647=VERTEX_POINT('',#12982);
#4648=VERTEX_POINT('',#12984);
#4649=VERTEX_POINT('',#12987);
#4650=VERTEX_POINT('',#12989);
#4651=VERTEX_POINT('',#12990);
#4652=VERTEX_POINT('',#12992);
#4653=VERTEX_POINT('',#12994);
#4654=VERTEX_POINT('',#12997);
#4655=VERTEX_POINT('',#12998);
#4656=VERTEX_POINT('',#13000);
#4657=VERTEX_POINT('',#13002);
#4658=VERTEX_POINT('',#13005);
#4659=VERTEX_POINT('',#13006);
#4660=VERTEX_POINT('',#13008);
#4661=VERTEX_POINT('',#13010);
#4662=VERTEX_POINT('',#13013);
#4663=VERTEX_POINT('',#13014);
#4664=VERTEX_POINT('',#13016);
#4665=VERTEX_POINT('',#13018);
#4666=VERTEX_POINT('',#13022);
#4667=VERTEX_POINT('',#13023);
#4668=VERTEX_POINT('',#13025);
#4669=VERTEX_POINT('',#13027);
#4670=VERTEX_POINT('',#13029);
#4671=VERTEX_POINT('',#13031);
#4672=VERTEX_POINT('',#13033);
#4673=VERTEX_POINT('',#13035);
#4674=VERTEX_POINT('',#13037);
#4675=VERTEX_POINT('',#13039);
#4676=VERTEX_POINT('',#13042);
#4677=VERTEX_POINT('',#13044);
#4678=VERTEX_POINT('',#13047);
#4679=VERTEX_POINT('',#13049);
#4680=VERTEX_POINT('',#13051);
#4681=VERTEX_POINT('',#13053);
#4682=VERTEX_POINT('',#13055);
#4683=VERTEX_POINT('',#13057);
#4684=VERTEX_POINT('',#13059);
#4685=VERTEX_POINT('',#13061);
#4686=VERTEX_POINT('',#13064);
#4687=VERTEX_POINT('',#13065);
#4688=VERTEX_POINT('',#13067);
#4689=VERTEX_POINT('',#13069);
#4690=VERTEX_POINT('',#13071);
#4691=VERTEX_POINT('',#13073);
#4692=VERTEX_POINT('',#13076);
#4693=VERTEX_POINT('',#13077);
#4694=VERTEX_POINT('',#13079);
#4695=VERTEX_POINT('',#13081);
#4696=VERTEX_POINT('',#13083);
#4697=VERTEX_POINT('',#13085);
#4698=VERTEX_POINT('',#13088);
#4699=VERTEX_POINT('',#13089);
#4700=VERTEX_POINT('',#13091);
#4701=VERTEX_POINT('',#13093);
#4702=VERTEX_POINT('',#13095);
#4703=VERTEX_POINT('',#13097);
#4704=VERTEX_POINT('',#13100);
#4705=VERTEX_POINT('',#13101);
#4706=VERTEX_POINT('',#13103);
#4707=VERTEX_POINT('',#13105);
#4708=VERTEX_POINT('',#13107);
#4709=VERTEX_POINT('',#13109);
#4710=VERTEX_POINT('',#13112);
#4711=VERTEX_POINT('',#13113);
#4712=VERTEX_POINT('',#13115);
#4713=VERTEX_POINT('',#13117);
#4714=VERTEX_POINT('',#13119);
#4715=VERTEX_POINT('',#13121);
#4716=VERTEX_POINT('',#13124);
#4717=VERTEX_POINT('',#13125);
#4718=VERTEX_POINT('',#13127);
#4719=VERTEX_POINT('',#13129);
#4720=VERTEX_POINT('',#13131);
#4721=VERTEX_POINT('',#13133);
#4722=VERTEX_POINT('',#13136);
#4723=VERTEX_POINT('',#13137);
#4724=VERTEX_POINT('',#13139);
#4725=VERTEX_POINT('',#13141);
#4726=VERTEX_POINT('',#13143);
#4727=VERTEX_POINT('',#13145);
#4728=VERTEX_POINT('',#13147);
#4729=VERTEX_POINT('',#13150);
#4730=VERTEX_POINT('',#13151);
#4731=VERTEX_POINT('',#13153);
#4732=VERTEX_POINT('',#13155);
#4733=VERTEX_POINT('',#13158);
#4734=VERTEX_POINT('',#13160);
#4735=VERTEX_POINT('',#13161);
#4736=VERTEX_POINT('',#13163);
#4737=VERTEX_POINT('',#13165);
#4738=VERTEX_POINT('',#13168);
#4739=VERTEX_POINT('',#13169);
#4740=VERTEX_POINT('',#13171);
#4741=VERTEX_POINT('',#13173);
#4742=VERTEX_POINT('',#13176);
#4743=VERTEX_POINT('',#13177);
#4744=VERTEX_POINT('',#13179);
#4745=VERTEX_POINT('',#13181);
#4746=VERTEX_POINT('',#13185);
#4747=VERTEX_POINT('',#13187);
#4748=VERTEX_POINT('',#13190);
#4749=VERTEX_POINT('',#13192);
#4750=VERTEX_POINT('',#13195);
#4751=VERTEX_POINT('',#13197);
#4752=VERTEX_POINT('',#13200);
#4753=VERTEX_POINT('',#13202);
#4754=VERTEX_POINT('',#13205);
#4755=VERTEX_POINT('',#13207);
#4756=VERTEX_POINT('',#13210);
#4757=VERTEX_POINT('',#13213);
#4758=VERTEX_POINT('',#13216);
#4759=VERTEX_POINT('',#13219);
#4760=VERTEX_POINT('',#13222);
#4761=VERTEX_POINT('',#13223);
#4762=VERTEX_POINT('',#13225);
#4763=VERTEX_POINT('',#13227);
#4764=VERTEX_POINT('',#13229);
#4765=VERTEX_POINT('',#13231);
#4766=VERTEX_POINT('',#13234);
#4767=VERTEX_POINT('',#13236);
#4768=VERTEX_POINT('',#13240);
#4769=VERTEX_POINT('',#13241);
#4770=VERTEX_POINT('',#13243);
#4771=VERTEX_POINT('',#13245);
#4772=VERTEX_POINT('',#13247);
#4773=VERTEX_POINT('',#13249);
#4774=VERTEX_POINT('',#13251);
#4775=VERTEX_POINT('',#13253);
#4776=VERTEX_POINT('',#13255);
#4777=VERTEX_POINT('',#13257);
#4778=VERTEX_POINT('',#13259);
#4779=VERTEX_POINT('',#13261);
#4780=VERTEX_POINT('',#13263);
#4781=VERTEX_POINT('',#13265);
#4782=VERTEX_POINT('',#13267);
#4783=VERTEX_POINT('',#13269);
#4784=VERTEX_POINT('',#13273);
#4785=VERTEX_POINT('',#13274);
#4786=VERTEX_POINT('',#13276);
#4787=VERTEX_POINT('',#13278);
#4788=VERTEX_POINT('',#13281);
#4789=VERTEX_POINT('',#13282);
#4790=VERTEX_POINT('',#13284);
#4791=VERTEX_POINT('',#13286);
#4792=VERTEX_POINT('',#13289);
#4793=VERTEX_POINT('',#13290);
#4794=VERTEX_POINT('',#13292);
#4795=VERTEX_POINT('',#13294);
#4796=VERTEX_POINT('',#13297);
#4797=VERTEX_POINT('',#13298);
#4798=VERTEX_POINT('',#13300);
#4799=VERTEX_POINT('',#13302);
#4800=VERTEX_POINT('',#13306);
#4801=VERTEX_POINT('',#13308);
#4802=VERTEX_POINT('',#13310);
#4803=VERTEX_POINT('',#13312);
#4804=VERTEX_POINT('',#13314);
#4805=VERTEX_POINT('',#13315);
#4806=VERTEX_POINT('',#13317);
#4807=VERTEX_POINT('',#13319);
#4808=VERTEX_POINT('',#13322);
#4809=VERTEX_POINT('',#13323);
#4810=VERTEX_POINT('',#13325);
#4811=VERTEX_POINT('',#13327);
#4812=VERTEX_POINT('',#13331);
#4813=VERTEX_POINT('',#13332);
#4814=VERTEX_POINT('',#13334);
#4815=VERTEX_POINT('',#13336);
#4816=VERTEX_POINT('',#13340);
#4817=VERTEX_POINT('',#13342);
#4818=VERTEX_POINT('',#13346);
#4819=VERTEX_POINT('',#13348);
#4820=VERTEX_POINT('',#13352);
#4821=VERTEX_POINT('',#13353);
#4822=VERTEX_POINT('',#13355);
#4823=VERTEX_POINT('',#13357);
#4824=VERTEX_POINT('',#13360);
#4825=VERTEX_POINT('',#13361);
#4826=VERTEX_POINT('',#13363);
#4827=VERTEX_POINT('',#13365);
#4828=VERTEX_POINT('',#13368);
#4829=VERTEX_POINT('',#13369);
#4830=VERTEX_POINT('',#13371);
#4831=VERTEX_POINT('',#13373);
#4832=VERTEX_POINT('',#13382);
#4833=VERTEX_POINT('',#13383);
#4834=VERTEX_POINT('',#13385);
#4835=VERTEX_POINT('',#13387);
#4836=VERTEX_POINT('',#13390);
#4837=VERTEX_POINT('',#13392);
#4838=VERTEX_POINT('',#13395);
#4839=VERTEX_POINT('',#13397);
#4840=VERTEX_POINT('',#13400);
#4841=VERTEX_POINT('',#13402);
#4842=VERTEX_POINT('',#13406);
#4843=VERTEX_POINT('',#13408);
#4844=VERTEX_POINT('',#13410);
#4845=VERTEX_POINT('',#13412);
#4846=VERTEX_POINT('',#13414);
#4847=VERTEX_POINT('',#13417);
#4848=VERTEX_POINT('',#13419);
#4849=VERTEX_POINT('',#13425);
#4850=VERTEX_POINT('',#13427);
#4851=VERTEX_POINT('',#13433);
#4852=VERTEX_POINT('',#13435);
#4853=VERTEX_POINT('',#13438);
#4854=VERTEX_POINT('',#13442);
#4855=VERTEX_POINT('',#13444);
#4856=VERTEX_POINT('',#13447);
#4857=VERTEX_POINT('',#13451);
#4858=VERTEX_POINT('',#13453);
#4859=VERTEX_POINT('',#13456);
#4860=VERTEX_POINT('',#13460);
#4861=VERTEX_POINT('',#13464);
#4862=VERTEX_POINT('',#13470);
#4863=VERTEX_POINT('',#13472);
#4864=VERTEX_POINT('',#13476);
#4865=VERTEX_POINT('',#13478);
#4866=VERTEX_POINT('',#13481);
#4867=VERTEX_POINT('',#13485);
#4868=VERTEX_POINT('',#13489);
#4869=VERTEX_POINT('',#13495);
#4870=VERTEX_POINT('',#13497);
#4871=VERTEX_POINT('',#13501);
#4872=VERTEX_POINT('',#13503);
#4873=VERTEX_POINT('',#13506);
#4874=VERTEX_POINT('',#13510);
#4875=VERTEX_POINT('',#13511);
#4876=VERTEX_POINT('',#13513);
#4877=VERTEX_POINT('',#13515);
#4878=VERTEX_POINT('',#13519);
#4879=VERTEX_POINT('',#13521);
#4880=VERTEX_POINT('',#13529);
#4881=VERTEX_POINT('',#13531);
#4882=VERTEX_POINT('',#13538);
#4883=VERTEX_POINT('',#13539);
#4884=VERTEX_POINT('',#13541);
#4885=VERTEX_POINT('',#13543);
#4886=VERTEX_POINT('',#13547);
#4887=VERTEX_POINT('',#13549);
#4888=VERTEX_POINT('',#13557);
#4889=VERTEX_POINT('',#13559);
#4890=VERTEX_POINT('',#13566);
#4891=VERTEX_POINT('',#13568);
#4892=VERTEX_POINT('',#13571);
#4893=VERTEX_POINT('',#13573);
#4894=VERTEX_POINT('',#13577);
#4895=VERTEX_POINT('',#13578);
#4896=VERTEX_POINT('',#13583);
#4897=VERTEX_POINT('',#13585);
#4898=VERTEX_POINT('',#13594);
#4899=VERTEX_POINT('',#13596);
#4900=VERTEX_POINT('',#13598);
#4901=VERTEX_POINT('',#13600);
#4902=VERTEX_POINT('',#13604);
#4903=VERTEX_POINT('',#13605);
#4904=VERTEX_POINT('',#13610);
#4905=VERTEX_POINT('',#13612);
#4906=VERTEX_POINT('',#13620);
#4907=VERTEX_POINT('',#13622);
#4908=VERTEX_POINT('',#13624);
#4909=VERTEX_POINT('',#13626);
#4910=VERTEX_POINT('',#13630);
#4911=VERTEX_POINT('',#13632);
#4912=VERTEX_POINT('',#13636);
#4913=VERTEX_POINT('',#13637);
#4914=VERTEX_POINT('',#13646);
#4915=VERTEX_POINT('',#13648);
#4916=VERTEX_POINT('',#13650);
#4917=VERTEX_POINT('',#13652);
#4918=VERTEX_POINT('',#13656);
#4919=VERTEX_POINT('',#13657);
#4920=VERTEX_POINT('',#13662);
#4921=VERTEX_POINT('',#13664);
#4922=VERTEX_POINT('',#13672);
#4923=VERTEX_POINT('',#13674);
#4924=VERTEX_POINT('',#13701);
#4925=VERTEX_POINT('',#13702);
#4926=VERTEX_POINT('',#13704);
#4927=VERTEX_POINT('',#13706);
#4928=VERTEX_POINT('',#13710);
#4929=VERTEX_POINT('',#13711);
#4930=VERTEX_POINT('',#13713);
#4931=VERTEX_POINT('',#13715);
#4932=VERTEX_POINT('',#13720);
#4933=VERTEX_POINT('',#13721);
#4934=VERTEX_POINT('',#13723);
#4935=VERTEX_POINT('',#13725);
#4936=VERTEX_POINT('',#13730);
#4937=VERTEX_POINT('',#13732);
#4938=VERTEX_POINT('',#13736);
#4939=VERTEX_POINT('',#13738);
#4940=VERTEX_POINT('',#13740);
#4941=VERTEX_POINT('',#13745);
#4942=VERTEX_POINT('',#13747);
#4943=VERTEX_POINT('',#13751);
#4944=VERTEX_POINT('',#13752);
#4945=VERTEX_POINT('',#13754);
#4946=VERTEX_POINT('',#13756);
#4947=VERTEX_POINT('',#13761);
#4948=VERTEX_POINT('',#13763);
#4949=VERTEX_POINT('',#13767);
#4950=VERTEX_POINT('',#13769);
#4951=VERTEX_POINT('',#13775);
#4952=VERTEX_POINT('',#13779);
#4953=VERTEX_POINT('',#13782);
#4954=VERTEX_POINT('',#13790);
#4955=VERTEX_POINT('',#13792);
#4956=VERTEX_POINT('',#13794);
#4957=VERTEX_POINT('',#13798);
#4958=VERTEX_POINT('',#13800);
#4959=VERTEX_POINT('',#13804);
#4960=VERTEX_POINT('',#13808);
#4961=VERTEX_POINT('',#13809);
#4962=VERTEX_POINT('',#13811);
#4963=VERTEX_POINT('',#13816);
#4964=VERTEX_POINT('',#13820);
#4965=VERTEX_POINT('',#13822);
#4966=VERTEX_POINT('',#13826);
#4967=VERTEX_POINT('',#13829);
#4968=VERTEX_POINT('',#13831);
#4969=VERTEX_POINT('',#13835);
#4970=VERTEX_POINT('',#13843);
#4971=VERTEX_POINT('',#13845);
#4972=VERTEX_POINT('',#13849);
#4973=VERTEX_POINT('',#13851);
#4974=VERTEX_POINT('',#13855);
#4975=VERTEX_POINT('',#13857);
#4976=VERTEX_POINT('',#13861);
#4977=VERTEX_POINT('',#13863);
#4978=VERTEX_POINT('',#13873);
#4979=VERTEX_POINT('',#13874);
#4980=VERTEX_POINT('',#13876);
#4981=VERTEX_POINT('',#13878);
#4982=VERTEX_POINT('',#13884);
#4983=VERTEX_POINT('',#13886);
#4984=VERTEX_POINT('',#13888);
#4985=VERTEX_POINT('',#13890);
#4986=VERTEX_POINT('',#13894);
#4987=VERTEX_POINT('',#13896);
#4988=VERTEX_POINT('',#13902);
#4989=VERTEX_POINT('',#13904);
#4990=VERTEX_POINT('',#13909);
#4991=VERTEX_POINT('',#13911);
#4992=VERTEX_POINT('',#13950);
#4993=VERTEX_POINT('',#13952);
#4994=VERTEX_POINT('',#13953);
#4995=VERTEX_POINT('',#13955);
#4996=VERTEX_POINT('',#13957);
#4997=VERTEX_POINT('',#13959);
#4998=VERTEX_POINT('',#13961);
#4999=VERTEX_POINT('',#13963);
#5000=VERTEX_POINT('',#13965);
#5001=VERTEX_POINT('',#13969);
#5002=VERTEX_POINT('',#13970);
#5003=VERTEX_POINT('',#13975);
#5004=VERTEX_POINT('',#13977);
#5005=VERTEX_POINT('',#13981);
#5006=VERTEX_POINT('',#13983);
#5007=VERTEX_POINT('',#13987);
#5008=VERTEX_POINT('',#13989);
#5009=VERTEX_POINT('',#13993);
#5010=VERTEX_POINT('',#13994);
#5011=VERTEX_POINT('',#13999);
#5012=VERTEX_POINT('',#14001);
#5013=VERTEX_POINT('',#14005);
#5014=VERTEX_POINT('',#14007);
#5015=VERTEX_POINT('',#14033);
#5016=VERTEX_POINT('',#14034);
#5017=VERTEX_POINT('',#14036);
#5018=VERTEX_POINT('',#14038);
#5019=VERTEX_POINT('',#14042);
#5020=VERTEX_POINT('',#14043);
#5021=VERTEX_POINT('',#14048);
#5022=VERTEX_POINT('',#14049);
#5023=VERTEX_POINT('',#14054);
#5024=VERTEX_POINT('',#14055);
#5025=VERTEX_POINT('',#14057);
#5026=VERTEX_POINT('',#14059);
#5027=VERTEX_POINT('',#14063);
#5028=VERTEX_POINT('',#14064);
#5029=VERTEX_POINT('',#14066);
#5030=VERTEX_POINT('',#14068);
#5031=VERTEX_POINT('',#14072);
#5032=VERTEX_POINT('',#14073);
#5033=VERTEX_POINT('',#14075);
#5034=VERTEX_POINT('',#14077);
#5035=VERTEX_POINT('',#14081);
#5036=VERTEX_POINT('',#14082);
#5037=VERTEX_POINT('',#14084);
#5038=VERTEX_POINT('',#14086);
#5039=VERTEX_POINT('',#14090);
#5040=VERTEX_POINT('',#14091);
#5041=VERTEX_POINT('',#14093);
#5042=VERTEX_POINT('',#14095);
#5043=VERTEX_POINT('',#14099);
#5044=VERTEX_POINT('',#14100);
#5045=VERTEX_POINT('',#14105);
#5046=VERTEX_POINT('',#14107);
#5047=VERTEX_POINT('',#14111);
#5048=VERTEX_POINT('',#14112);
#5049=VERTEX_POINT('',#14114);
#5050=VERTEX_POINT('',#14116);
#5051=VERTEX_POINT('',#14120);
#5052=VERTEX_POINT('',#14121);
#5053=VERTEX_POINT('',#14123);
#5054=VERTEX_POINT('',#14125);
#5055=VERTEX_POINT('',#14129);
#5056=VERTEX_POINT('',#14130);
#5057=VERTEX_POINT('',#14132);
#5058=VERTEX_POINT('',#14134);
#5059=VERTEX_POINT('',#14138);
#5060=VERTEX_POINT('',#14139);
#5061=VERTEX_POINT('',#14141);
#5062=VERTEX_POINT('',#14143);
#5063=VERTEX_POINT('',#14147);
#5064=VERTEX_POINT('',#14148);
#5065=VERTEX_POINT('',#14150);
#5066=VERTEX_POINT('',#14152);
#5067=VERTEX_POINT('',#14156);
#5068=VERTEX_POINT('',#14157);
#5069=VERTEX_POINT('',#14159);
#5070=VERTEX_POINT('',#14161);
#5071=VERTEX_POINT('',#14165);
#5072=VERTEX_POINT('',#14166);
#5073=VERTEX_POINT('',#14168);
#5074=VERTEX_POINT('',#14170);
#5075=VERTEX_POINT('',#14174);
#5076=VERTEX_POINT('',#14175);
#5077=VERTEX_POINT('',#14177);
#5078=VERTEX_POINT('',#14179);
#5079=VERTEX_POINT('',#14183);
#5080=VERTEX_POINT('',#14184);
#5081=VERTEX_POINT('',#14186);
#5082=VERTEX_POINT('',#14188);
#5083=VERTEX_POINT('',#14192);
#5084=VERTEX_POINT('',#14193);
#5085=VERTEX_POINT('',#14195);
#5086=VERTEX_POINT('',#14197);
#5087=VERTEX_POINT('',#14201);
#5088=VERTEX_POINT('',#14202);
#5089=VERTEX_POINT('',#14204);
#5090=VERTEX_POINT('',#14206);
#5091=VERTEX_POINT('',#14210);
#5092=VERTEX_POINT('',#14211);
#5093=VERTEX_POINT('',#14213);
#5094=VERTEX_POINT('',#14215);
#5095=VERTEX_POINT('',#14219);
#5096=VERTEX_POINT('',#14220);
#5097=VERTEX_POINT('',#14222);
#5098=VERTEX_POINT('',#14224);
#5099=VERTEX_POINT('',#14231);
#5100=VERTEX_POINT('',#14232);
#5101=VERTEX_POINT('',#14234);
#5102=VERTEX_POINT('',#14236);
#5103=VERTEX_POINT('',#14240);
#5104=VERTEX_POINT('',#14241);
#5105=VERTEX_POINT('',#14243);
#5106=VERTEX_POINT('',#14245);
#5107=VERTEX_POINT('',#14249);
#5108=VERTEX_POINT('',#14250);
#5109=VERTEX_POINT('',#14252);
#5110=VERTEX_POINT('',#14254);
#5111=VERTEX_POINT('',#14258);
#5112=VERTEX_POINT('',#14259);
#5113=VERTEX_POINT('',#14261);
#5114=VERTEX_POINT('',#14263);
#5115=VERTEX_POINT('',#14267);
#5116=VERTEX_POINT('',#14268);
#5117=VERTEX_POINT('',#14270);
#5118=VERTEX_POINT('',#14272);
#5119=VERTEX_POINT('',#14276);
#5120=VERTEX_POINT('',#14278);
#5121=VERTEX_POINT('',#14282);
#5122=VERTEX_POINT('',#14283);
#5123=VERTEX_POINT('',#14285);
#5124=VERTEX_POINT('',#14287);
#5125=VERTEX_POINT('',#14291);
#5126=VERTEX_POINT('',#14292);
#5127=VERTEX_POINT('',#14294);
#5128=VERTEX_POINT('',#14296);
#5129=VERTEX_POINT('',#14300);
#5130=VERTEX_POINT('',#14301);
#5131=VERTEX_POINT('',#14303);
#5132=VERTEX_POINT('',#14305);
#5133=VERTEX_POINT('',#14309);
#5134=VERTEX_POINT('',#14310);
#5135=VERTEX_POINT('',#14312);
#5136=VERTEX_POINT('',#14314);
#5137=VERTEX_POINT('',#14318);
#5138=VERTEX_POINT('',#14319);
#5139=VERTEX_POINT('',#14321);
#5140=VERTEX_POINT('',#14323);
#5141=VERTEX_POINT('',#14327);
#5142=VERTEX_POINT('',#14328);
#5143=VERTEX_POINT('',#14330);
#5144=VERTEX_POINT('',#14332);
#5145=VERTEX_POINT('',#14336);
#5146=VERTEX_POINT('',#14337);
#5147=VERTEX_POINT('',#14339);
#5148=VERTEX_POINT('',#14341);
#5149=VERTEX_POINT('',#14345);
#5150=VERTEX_POINT('',#14346);
#5151=VERTEX_POINT('',#14348);
#5152=VERTEX_POINT('',#14350);
#5153=VERTEX_POINT('',#14354);
#5154=VERTEX_POINT('',#14355);
#5155=VERTEX_POINT('',#14357);
#5156=VERTEX_POINT('',#14359);
#5157=VERTEX_POINT('',#14369);
#5158=VERTEX_POINT('',#14371);
#5159=VERTEX_POINT('',#14378);
#5160=VERTEX_POINT('',#14380);
#5161=VERTEX_POINT('',#14387);
#5162=VERTEX_POINT('',#14389);
#5163=VERTEX_POINT('',#14396);
#5164=VERTEX_POINT('',#14398);
#5165=VERTEX_POINT('',#14405);
#5166=VERTEX_POINT('',#14407);
#5167=VERTEX_POINT('',#14414);
#5168=VERTEX_POINT('',#14416);
#5169=VERTEX_POINT('',#14423);
#5170=VERTEX_POINT('',#14425);
#5171=VERTEX_POINT('',#14432);
#5172=VERTEX_POINT('',#14434);
#5173=VERTEX_POINT('',#14441);
#5174=VERTEX_POINT('',#14442);
#5175=VERTEX_POINT('',#14450);
#5176=VERTEX_POINT('',#14451);
#5177=VERTEX_POINT('',#14459);
#5178=VERTEX_POINT('',#14460);
#5179=VERTEX_POINT('',#14468);
#5180=VERTEX_POINT('',#14469);
#5181=VERTEX_POINT('',#14477);
#5182=VERTEX_POINT('',#14478);
#5183=VERTEX_POINT('',#14486);
#5184=VERTEX_POINT('',#14487);
#5185=VERTEX_POINT('',#14498);
#5186=VERTEX_POINT('',#14500);
#5187=VERTEX_POINT('',#14507);
#5188=VERTEX_POINT('',#14509);
#5189=VERTEX_POINT('',#14516);
#5190=VERTEX_POINT('',#14518);
#5191=VERTEX_POINT('',#14528);
#5192=VERTEX_POINT('',#14529);
#5193=VERTEX_POINT('',#14537);
#5194=VERTEX_POINT('',#14538);
#5195=VERTEX_POINT('',#14546);
#5196=VERTEX_POINT('',#14548);
#5197=VERTEX_POINT('',#14555);
#5198=VERTEX_POINT('',#14556);
#5199=VERTEX_POINT('',#14564);
#5200=VERTEX_POINT('',#14565);
#5201=VERTEX_POINT('',#14573);
#5202=VERTEX_POINT('',#14574);
#5203=VERTEX_POINT('',#14582);
#5204=VERTEX_POINT('',#14583);
#5205=VERTEX_POINT('',#14591);
#5206=VERTEX_POINT('',#14592);
#5207=VERTEX_POINT('',#14600);
#5208=VERTEX_POINT('',#14602);
#5209=VERTEX_POINT('',#14609);
#5210=VERTEX_POINT('',#14610);
#5211=VERTEX_POINT('',#14618);
#5212=VERTEX_POINT('',#14619);
#5213=VERTEX_POINT('',#14844);
#5214=VERTEX_POINT('',#14855);
#5215=VERTEX_POINT('',#15128);
#5216=VERTEX_POINT('',#15139);
#5217=VERTEX_POINT('',#15264);
#5218=VERTEX_POINT('',#15266);
#5219=VERTEX_POINT('',#15270);
#5220=VERTEX_POINT('',#15272);
#5221=VERTEX_POINT('',#15285);
#5222=VERTEX_POINT('',#15286);
#5223=VERTEX_POINT('',#15298);
#5224=VERTEX_POINT('',#15301);
#5225=VERTEX_POINT('',#15302);
#5226=VERTEX_POINT('',#15304);
#5227=VERTEX_POINT('',#15310);
#5228=VERTEX_POINT('',#15312);
#5229=VERTEX_POINT('',#15316);
#5230=VERTEX_POINT('',#15318);
#5231=VERTEX_POINT('',#15331);
#5232=VERTEX_POINT('',#15332);
#5233=VERTEX_POINT('',#15344);
#5234=VERTEX_POINT('',#15347);
#5235=VERTEX_POINT('',#15348);
#5236=VERTEX_POINT('',#15350);
#5237=VERTEX_POINT('',#15356);
#5238=VERTEX_POINT('',#15358);
#5239=VERTEX_POINT('',#15362);
#5240=VERTEX_POINT('',#15364);
#5241=VERTEX_POINT('',#15377);
#5242=VERTEX_POINT('',#15378);
#5243=VERTEX_POINT('',#15390);
#5244=VERTEX_POINT('',#15393);
#5245=VERTEX_POINT('',#15394);
#5246=VERTEX_POINT('',#15396);
#5247=VERTEX_POINT('',#15402);
#5248=VERTEX_POINT('',#15404);
#5249=VERTEX_POINT('',#15408);
#5250=VERTEX_POINT('',#15410);
#5251=VERTEX_POINT('',#15423);
#5252=VERTEX_POINT('',#15424);
#5253=VERTEX_POINT('',#15436);
#5254=VERTEX_POINT('',#15439);
#5255=VERTEX_POINT('',#15440);
#5256=VERTEX_POINT('',#15442);
#5257=LINE('',#12620,#6100);
#5258=LINE('',#12623,#6101);
#5259=LINE('',#12625,#6102);
#5260=LINE('',#12627,#6103);
#5261=LINE('',#12629,#6104);
#5262=LINE('',#12631,#6105);
#5263=LINE('',#12633,#6106);
#5264=LINE('',#12635,#6107);
#5265=LINE('',#12637,#6108);
#5266=LINE('',#12643,#6109);
#5267=LINE('',#12649,#6110);
#5268=LINE('',#12651,#6111);
#5269=LINE('',#12653,#6112);
#5270=LINE('',#12655,#6113);
#5271=LINE('',#12657,#6114);
#5272=LINE('',#12659,#6115);
#5273=LINE('',#12661,#6116);
#5274=LINE('',#12663,#6117);
#5275=LINE('',#12665,#6118);
#5276=LINE('',#12667,#6119);
#5277=LINE('',#12669,#6120);
#5278=LINE('',#12671,#6121);
#5279=LINE('',#12673,#6122);
#5280=LINE('',#12675,#6123);
#5281=LINE('',#12679,#6124);
#5282=LINE('',#12685,#6125);
#5283=LINE('',#12687,#6126);
#5284=LINE('',#12691,#6127);
#5285=LINE('',#12697,#6128);
#5286=LINE('',#12703,#6129);
#5287=LINE('',#12709,#6130);
#5288=LINE('',#12715,#6131);
#5289=LINE('',#12721,#6132);
#5290=LINE('',#12727,#6133);
#5291=LINE('',#12733,#6134);
#5292=LINE('',#12739,#6135);
#5293=LINE('',#12745,#6136);
#5294=LINE('',#12748,#6137);
#5295=LINE('',#12751,#6138);
#5296=LINE('',#12755,#6139);
#5297=LINE('',#12756,#6140);
#5298=LINE('',#12759,#6141);
#5299=LINE('',#12761,#6142);
#5300=LINE('',#12763,#6143);
#5301=LINE('',#12772,#6144);
#5302=LINE('',#12776,#6145);
#5303=LINE('',#12778,#6146);
#5304=LINE('',#12784,#6147);
#5305=LINE('',#12790,#6148);
#5306=LINE('',#12796,#6149);
#5307=LINE('',#12802,#6150);
#5308=LINE('',#12808,#6151);
#5309=LINE('',#12814,#6152);
#5310=LINE('',#12820,#6153);
#5311=LINE('',#12826,#6154);
#5312=LINE('',#12832,#6155);
#5313=LINE('',#12838,#6156);
#5314=LINE('',#12844,#6157);
#5315=LINE('',#12850,#6158);
#5316=LINE('',#12856,#6159);
#5317=LINE('',#12858,#6160);
#5318=LINE('',#12860,#6161);
#5319=LINE('',#12861,#6162);
#5320=LINE('',#12864,#6163);
#5321=LINE('',#12866,#6164);
#5322=LINE('',#12868,#6165);
#5323=LINE('',#12871,#6166);
#5324=LINE('',#12874,#6167);
#5325=LINE('',#12876,#6168);
#5326=LINE('',#12878,#6169);
#5327=LINE('',#12883,#6170);
#5328=LINE('',#12889,#6171);
#5329=LINE('',#12895,#6172);
#5330=LINE('',#12901,#6173);
#5331=LINE('',#12907,#6174);
#5332=LINE('',#12913,#6175);
#5333=LINE('',#12919,#6176);
#5334=LINE('',#12925,#6177);
#5335=LINE('',#12931,#6178);
#5336=LINE('',#12937,#6179);
#5337=LINE('',#12943,#6180);
#5338=LINE('',#12949,#6181);
#5339=LINE('',#12955,#6182);
#5340=LINE('',#12961,#6183);
#5341=LINE('',#12967,#6184);
#5342=LINE('',#12971,#6185);
#5343=LINE('',#12973,#6186);
#5344=LINE('',#12975,#6187);
#5345=LINE('',#12981,#6188);
#5346=LINE('',#12983,#6189);
#5347=LINE('',#12985,#6190);
#5348=LINE('',#12988,#6191);
#5349=LINE('',#12991,#6192);
#5350=LINE('',#12993,#6193);
#5351=LINE('',#12995,#6194);
#5352=LINE('',#12996,#6195);
#5353=LINE('',#12999,#6196);
#5354=LINE('',#13001,#6197);
#5355=LINE('',#13003,#6198);
#5356=LINE('',#13004,#6199);
#5357=LINE('',#13007,#6200);
#5358=LINE('',#13009,#6201);
#5359=LINE('',#13011,#6202);
#5360=LINE('',#13012,#6203);
#5361=LINE('',#13015,#6204);
#5362=LINE('',#13017,#6205);
#5363=LINE('',#13019,#6206);
#5364=LINE('',#13021,#6207);
#5365=LINE('',#13024,#6208);
#5366=LINE('',#13026,#6209);
#5367=LINE('',#13028,#6210);
#5368=LINE('',#13030,#6211);
#5369=LINE('',#13032,#6212);
#5370=LINE('',#13034,#6213);
#5371=LINE('',#13036,#6214);
#5372=LINE('',#13038,#6215);
#5373=LINE('',#13040,#6216);
#5374=LINE('',#13041,#6217);
#5375=LINE('',#13043,#6218);
#5376=LINE('',#13045,#6219);
#5377=LINE('',#13046,#6220);
#5378=LINE('',#13048,#6221);
#5379=LINE('',#13050,#6222);
#5380=LINE('',#13052,#6223);
#5381=LINE('',#13058,#6224);
#5382=LINE('',#13066,#6225);
#5383=LINE('',#13072,#6226);
#5384=LINE('',#13078,#6227);
#5385=LINE('',#13084,#6228);
#5386=LINE('',#13090,#6229);
#5387=LINE('',#13096,#6230);
#5388=LINE('',#13102,#6231);
#5389=LINE('',#13108,#6232);
#5390=LINE('',#13114,#6233);
#5391=LINE('',#13120,#6234);
#5392=LINE('',#13126,#6235);
#5393=LINE('',#13132,#6236);
#5394=LINE('',#13138,#6237);
#5395=LINE('',#13144,#6238);
#5396=LINE('',#13146,#6239);
#5397=LINE('',#13148,#6240);
#5398=LINE('',#13149,#6241);
#5399=LINE('',#13152,#6242);
#5400=LINE('',#13156,#6243);
#5401=LINE('',#13159,#6244);
#5402=LINE('',#13162,#6245);
#5403=LINE('',#13164,#6246);
#5404=LINE('',#13166,#6247);
#5405=LINE('',#13167,#6248);
#5406=LINE('',#13170,#6249);
#5407=LINE('',#13172,#6250);
#5408=LINE('',#13174,#6251);
#5409=LINE('',#13175,#6252);
#5410=LINE('',#13178,#6253);
#5411=LINE('',#13180,#6254);
#5412=LINE('',#13182,#6255);
#5413=LINE('',#13221,#6256);
#5414=LINE('',#13224,#6257);
#5415=LINE('',#13226,#6258);
#5416=LINE('',#13228,#6259);
#5417=LINE('',#13230,#6260);
#5418=LINE('',#13232,#6261);
#5419=LINE('',#13233,#6262);
#5420=LINE('',#13235,#6263);
#5421=LINE('',#13237,#6264);
#5422=LINE('',#13238,#6265);
#5423=LINE('',#13239,#6266);
#5424=LINE('',#13242,#6267);
#5425=LINE('',#13244,#6268);
#5426=LINE('',#13246,#6269);
#5427=LINE('',#13248,#6270);
#5428=LINE('',#13250,#6271);
#5429=LINE('',#13252,#6272);
#5430=LINE('',#13254,#6273);
#5431=LINE('',#13256,#6274);
#5432=LINE('',#13258,#6275);
#5433=LINE('',#13260,#6276);
#5434=LINE('',#13262,#6277);
#5435=LINE('',#13264,#6278);
#5436=LINE('',#13266,#6279);
#5437=LINE('',#13268,#6280);
#5438=LINE('',#13270,#6281);
#5439=LINE('',#13272,#6282);
#5440=LINE('',#13275,#6283);
#5441=LINE('',#13277,#6284);
#5442=LINE('',#13279,#6285);
#5443=LINE('',#13280,#6286);
#5444=LINE('',#13283,#6287);
#5445=LINE('',#13285,#6288);
#5446=LINE('',#13287,#6289);
#5447=LINE('',#13288,#6290);
#5448=LINE('',#13291,#6291);
#5449=LINE('',#13293,#6292);
#5450=LINE('',#13295,#6293);
#5451=LINE('',#13296,#6294);
#5452=LINE('',#13299,#6295);
#5453=LINE('',#13301,#6296);
#5454=LINE('',#13303,#6297);
#5455=LINE('',#13313,#6298);
#5456=LINE('',#13316,#6299);
#5457=LINE('',#13318,#6300);
#5458=LINE('',#13320,#6301);
#5459=LINE('',#13321,#6302);
#5460=LINE('',#13324,#6303);
#5461=LINE('',#13326,#6304);
#5462=LINE('',#13328,#6305);
#5463=LINE('',#13330,#6306);
#5464=LINE('',#13333,#6307);
#5465=LINE('',#13335,#6308);
#5466=LINE('',#13337,#6309);
#5467=LINE('',#13339,#6310);
#5468=LINE('',#13341,#6311);
#5469=LINE('',#13343,#6312);
#5470=LINE('',#13344,#6313);
#5471=LINE('',#13345,#6314);
#5472=LINE('',#13347,#6315);
#5473=LINE('',#13349,#6316);
#5474=LINE('',#13350,#6317);
#5475=LINE('',#13351,#6318);
#5476=LINE('',#13354,#6319);
#5477=LINE('',#13356,#6320);
#5478=LINE('',#13358,#6321);
#5479=LINE('',#13359,#6322);
#5480=LINE('',#13362,#6323);
#5481=LINE('',#13364,#6324);
#5482=LINE('',#13366,#6325);
#5483=LINE('',#13367,#6326);
#5484=LINE('',#13370,#6327);
#5485=LINE('',#13372,#6328);
#5486=LINE('',#13374,#6329);
#5487=LINE('',#13376,#6330);
#5488=LINE('',#13377,#6331);
#5489=LINE('',#13378,#6332);
#5490=LINE('',#13379,#6333);
#5491=LINE('',#13381,#6334);
#5492=LINE('',#13384,#6335);
#5493=LINE('',#13386,#6336);
#5494=LINE('',#13388,#6337);
#5495=LINE('',#13389,#6338);
#5496=LINE('',#13393,#6339);
#5497=LINE('',#13394,#6340);
#5498=LINE('',#13398,#6341);
#5499=LINE('',#13399,#6342);
#5500=LINE('',#13403,#6343);
#5501=LINE('',#13404,#6344);
#5502=LINE('',#13416,#6345);
#5503=LINE('',#13420,#6346);
#5504=LINE('',#13422,#6347);
#5505=LINE('',#13429,#6348);
#5506=LINE('',#13459,#6349);
#5507=LINE('',#13461,#6350);
#5508=LINE('',#13463,#6351);
#5509=LINE('',#13465,#6352);
#5510=LINE('',#13484,#6353);
#5511=LINE('',#13486,#6354);
#5512=LINE('',#13488,#6355);
#5513=LINE('',#13490,#6356);
#5514=LINE('',#13509,#6357);
#5515=LINE('',#13512,#6358);
#5516=LINE('',#13514,#6359);
#5517=LINE('',#13516,#6360);
#5518=LINE('',#13518,#6361);
#5519=LINE('',#13520,#6362);
#5520=LINE('',#13522,#6363);
#5521=LINE('',#13523,#6364);
#5522=LINE('',#13524,#6365);
#5523=LINE('',#13526,#6366);
#5524=LINE('',#13527,#6367);
#5525=LINE('',#13528,#6368);
#5526=LINE('',#13530,#6369);
#5527=LINE('',#13532,#6370);
#5528=LINE('',#13534,#6371);
#5529=LINE('',#13535,#6372);
#5530=LINE('',#13537,#6373);
#5531=LINE('',#13540,#6374);
#5532=LINE('',#13542,#6375);
#5533=LINE('',#13544,#6376);
#5534=LINE('',#13546,#6377);
#5535=LINE('',#13548,#6378);
#5536=LINE('',#13550,#6379);
#5537=LINE('',#13551,#6380);
#5538=LINE('',#13552,#6381);
#5539=LINE('',#13554,#6382);
#5540=LINE('',#13555,#6383);
#5541=LINE('',#13556,#6384);
#5542=LINE('',#13558,#6385);
#5543=LINE('',#13560,#6386);
#5544=LINE('',#13562,#6387);
#5545=LINE('',#13563,#6388);
#5546=LINE('',#13565,#6389);
#5547=LINE('',#13567,#6390);
#5548=LINE('',#13569,#6391);
#5549=LINE('',#13570,#6392);
#5550=LINE('',#13572,#6393);
#5551=LINE('',#13574,#6394);
#5552=LINE('',#13576,#6395);
#5553=LINE('',#13579,#6396);
#5554=LINE('',#13580,#6397);
#5555=LINE('',#13582,#6398);
#5556=LINE('',#13584,#6399);
#5557=LINE('',#13586,#6400);
#5558=LINE('',#13588,#6401);
#5559=LINE('',#13589,#6402);
#5560=LINE('',#13590,#6403);
#5561=LINE('',#13591,#6404);
#5562=LINE('',#13593,#6405);
#5563=LINE('',#13595,#6406);
#5564=LINE('',#13597,#6407);
#5565=LINE('',#13599,#6408);
#5566=LINE('',#13601,#6409);
#5567=LINE('',#13603,#6410);
#5568=LINE('',#13606,#6411);
#5569=LINE('',#13607,#6412);
#5570=LINE('',#13609,#6413);
#5571=LINE('',#13611,#6414);
#5572=LINE('',#13613,#6415);
#5573=LINE('',#13615,#6416);
#5574=LINE('',#13616,#6417);
#5575=LINE('',#13617,#6418);
#5576=LINE('',#13619,#6419);
#5577=LINE('',#13621,#6420);
#5578=LINE('',#13623,#6421);
#5579=LINE('',#13625,#6422);
#5580=LINE('',#13627,#6423);
#5581=LINE('',#13629,#6424);
#5582=LINE('',#13631,#6425);
#5583=LINE('',#13633,#6426);
#5584=LINE('',#13635,#6427);
#5585=LINE('',#13638,#6428);
#5586=LINE('',#13639,#6429);
#5587=LINE('',#13641,#6430);
#5588=LINE('',#13642,#6431);
#5589=LINE('',#13643,#6432);
#5590=LINE('',#13645,#6433);
#5591=LINE('',#13647,#6434);
#5592=LINE('',#13649,#6435);
#5593=LINE('',#13651,#6436);
#5594=LINE('',#13653,#6437);
#5595=LINE('',#13655,#6438);
#5596=LINE('',#13658,#6439);
#5597=LINE('',#13659,#6440);
#5598=LINE('',#13661,#6441);
#5599=LINE('',#13663,#6442);
#5600=LINE('',#13665,#6443);
#5601=LINE('',#13667,#6444);
#5602=LINE('',#13668,#6445);
#5603=LINE('',#13669,#6446);
#5604=LINE('',#13676,#6447);
#5605=LINE('',#13677,#6448);
#5606=LINE('',#13679,#6449);
#5607=LINE('',#13681,#6450);
#5608=LINE('',#13684,#6451);
#5609=LINE('',#13685,#6452);
#5610=LINE('',#13687,#6453);
#5611=LINE('',#13689,#6454);
#5612=LINE('',#13692,#6455);
#5613=LINE('',#13693,#6456);
#5614=LINE('',#13695,#6457);
#5615=LINE('',#13697,#6458);
#5616=LINE('',#13700,#6459);
#5617=LINE('',#13703,#6460);
#5618=LINE('',#13705,#6461);
#5619=LINE('',#13707,#6462);
#5620=LINE('',#13709,#6463);
#5621=LINE('',#13712,#6464);
#5622=LINE('',#13714,#6465);
#5623=LINE('',#13716,#6466);
#5624=LINE('',#13717,#6467);
#5625=LINE('',#13719,#6468);
#5626=LINE('',#13722,#6469);
#5627=LINE('',#13724,#6470);
#5628=LINE('',#13726,#6471);
#5629=LINE('',#13727,#6472);
#5630=LINE('',#13729,#6473);
#5631=LINE('',#13731,#6474);
#5632=LINE('',#13733,#6475);
#5633=LINE('',#13735,#6476);
#5634=LINE('',#13737,#6477);
#5635=LINE('',#13739,#6478);
#5636=LINE('',#13741,#6479);
#5637=LINE('',#13742,#6480);
#5638=LINE('',#13744,#6481);
#5639=LINE('',#13746,#6482);
#5640=LINE('',#13748,#6483);
#5641=LINE('',#13750,#6484);
#5642=LINE('',#13753,#6485);
#5643=LINE('',#13755,#6486);
#5644=LINE('',#13757,#6487);
#5645=LINE('',#13758,#6488);
#5646=LINE('',#13760,#6489);
#5647=LINE('',#13762,#6490);
#5648=LINE('',#13764,#6491);
#5649=LINE('',#13766,#6492);
#5650=LINE('',#13768,#6493);
#5651=LINE('',#13770,#6494);
#5652=LINE('',#13771,#6495);
#5653=LINE('',#13772,#6496);
#5654=LINE('',#13774,#6497);
#5655=LINE('',#13776,#6498);
#5656=LINE('',#13784,#6499);
#5657=LINE('',#13786,#6500);
#5658=LINE('',#13787,#6501);
#5659=LINE('',#13789,#6502);
#5660=LINE('',#13791,#6503);
#5661=LINE('',#13793,#6504);
#5662=LINE('',#13795,#6505);
#5663=LINE('',#13797,#6506);
#5664=LINE('',#13799,#6507);
#5665=LINE('',#13801,#6508);
#5666=LINE('',#13803,#6509);
#5667=LINE('',#13805,#6510);
#5668=LINE('',#13807,#6511);
#5669=LINE('',#13810,#6512);
#5670=LINE('',#13812,#6513);
#5671=LINE('',#13813,#6514);
#5672=LINE('',#13815,#6515);
#5673=LINE('',#13817,#6516);
#5674=LINE('',#13819,#6517);
#5675=LINE('',#13821,#6518);
#5676=LINE('',#13823,#6519);
#5677=LINE('',#13828,#6520);
#5678=LINE('',#13830,#6521);
#5679=LINE('',#13832,#6522);
#5680=LINE('',#13837,#6523);
#5681=LINE('',#13838,#6524);
#5682=LINE('',#13839,#6525);
#5683=LINE('',#13866,#6526);
#5684=LINE('',#13867,#6527);
#5685=LINE('',#13868,#6528);
#5686=LINE('',#13869,#6529);
#5687=LINE('',#13870,#6530);
#5688=LINE('',#13872,#6531);
#5689=LINE('',#13875,#6532);
#5690=LINE('',#13877,#6533);
#5691=LINE('',#13879,#6534);
#5692=LINE('',#13880,#6535);
#5693=LINE('',#13882,#6536);
#5694=LINE('',#13883,#6537);
#5695=LINE('',#13885,#6538);
#5696=LINE('',#13887,#6539);
#5697=LINE('',#13889,#6540);
#5698=LINE('',#13891,#6541);
#5699=LINE('',#13893,#6542);
#5700=LINE('',#13895,#6543);
#5701=LINE('',#13897,#6544);
#5702=LINE('',#13899,#6545);
#5703=LINE('',#13900,#6546);
#5704=LINE('',#13901,#6547);
#5705=LINE('',#13903,#6548);
#5706=LINE('',#13905,#6549);
#5707=LINE('',#13917,#6550);
#5708=LINE('',#13918,#6551);
#5709=LINE('',#13920,#6552);
#5710=LINE('',#13921,#6553);
#5711=LINE('',#13925,#6554);
#5712=LINE('',#13927,#6555);
#5713=LINE('',#13928,#6556);
#5714=LINE('',#13930,#6557);
#5715=LINE('',#13932,#6558);
#5716=LINE('',#13934,#6559);
#5717=LINE('',#13936,#6560);
#5718=LINE('',#13938,#6561);
#5719=LINE('',#13940,#6562);
#5720=LINE('',#13942,#6563);
#5721=LINE('',#13944,#6564);
#5722=LINE('',#13946,#6565);
#5723=LINE('',#13951,#6566);
#5724=LINE('',#13954,#6567);
#5725=LINE('',#13956,#6568);
#5726=LINE('',#13958,#6569);
#5727=LINE('',#13960,#6570);
#5728=LINE('',#13962,#6571);
#5729=LINE('',#13964,#6572);
#5730=LINE('',#13966,#6573);
#5731=LINE('',#13968,#6574);
#5732=LINE('',#13971,#6575);
#5733=LINE('',#13972,#6576);
#5734=LINE('',#13974,#6577);
#5735=LINE('',#13976,#6578);
#5736=LINE('',#13978,#6579);
#5737=LINE('',#13980,#6580);
#5738=LINE('',#13982,#6581);
#5739=LINE('',#13984,#6582);
#5740=LINE('',#13986,#6583);
#5741=LINE('',#13988,#6584);
#5742=LINE('',#13990,#6585);
#5743=LINE('',#13992,#6586);
#5744=LINE('',#13995,#6587);
#5745=LINE('',#13996,#6588);
#5746=LINE('',#13998,#6589);
#5747=LINE('',#14000,#6590);
#5748=LINE('',#14002,#6591);
#5749=LINE('',#14010,#6592);
#5750=LINE('',#14011,#6593);
#5751=LINE('',#14013,#6594);
#5752=LINE('',#14014,#6595);
#5753=LINE('',#14027,#6596);
#5754=LINE('',#14029,#6597);
#5755=LINE('',#14032,#6598);
#5756=LINE('',#14035,#6599);
#5757=LINE('',#14037,#6600);
#5758=LINE('',#14039,#6601);
#5759=LINE('',#14041,#6602);
#5760=LINE('',#14044,#6603);
#5761=LINE('',#14045,#6604);
#5762=LINE('',#14047,#6605);
#5763=LINE('',#14050,#6606);
#5764=LINE('',#14051,#6607);
#5765=LINE('',#14053,#6608);
#5766=LINE('',#14056,#6609);
#5767=LINE('',#14058,#6610);
#5768=LINE('',#14060,#6611);
#5769=LINE('',#14062,#6612);
#5770=LINE('',#14065,#6613);
#5771=LINE('',#14067,#6614);
#5772=LINE('',#14069,#6615);
#5773=LINE('',#14071,#6616);
#5774=LINE('',#14074,#6617);
#5775=LINE('',#14076,#6618);
#5776=LINE('',#14078,#6619);
#5777=LINE('',#14080,#6620);
#5778=LINE('',#14083,#6621);
#5779=LINE('',#14085,#6622);
#5780=LINE('',#14087,#6623);
#5781=LINE('',#14089,#6624);
#5782=LINE('',#14092,#6625);
#5783=LINE('',#14094,#6626);
#5784=LINE('',#14096,#6627);
#5785=LINE('',#14098,#6628);
#5786=LINE('',#14101,#6629);
#5787=LINE('',#14102,#6630);
#5788=LINE('',#14104,#6631);
#5789=LINE('',#14106,#6632);
#5790=LINE('',#14108,#6633);
#5791=LINE('',#14110,#6634);
#5792=LINE('',#14113,#6635);
#5793=LINE('',#14115,#6636);
#5794=LINE('',#14117,#6637);
#5795=LINE('',#14119,#6638);
#5796=LINE('',#14122,#6639);
#5797=LINE('',#14124,#6640);
#5798=LINE('',#14126,#6641);
#5799=LINE('',#14128,#6642);
#5800=LINE('',#14131,#6643);
#5801=LINE('',#14133,#6644);
#5802=LINE('',#14135,#6645);
#5803=LINE('',#14137,#6646);
#5804=LINE('',#14140,#6647);
#5805=LINE('',#14142,#6648);
#5806=LINE('',#14144,#6649);
#5807=LINE('',#14146,#6650);
#5808=LINE('',#14149,#6651);
#5809=LINE('',#14151,#6652);
#5810=LINE('',#14153,#6653);
#5811=LINE('',#14155,#6654);
#5812=LINE('',#14158,#6655);
#5813=LINE('',#14160,#6656);
#5814=LINE('',#14162,#6657);
#5815=LINE('',#14164,#6658);
#5816=LINE('',#14167,#6659);
#5817=LINE('',#14169,#6660);
#5818=LINE('',#14171,#6661);
#5819=LINE('',#14173,#6662);
#5820=LINE('',#14176,#6663);
#5821=LINE('',#14178,#6664);
#5822=LINE('',#14180,#6665);
#5823=LINE('',#14182,#6666);
#5824=LINE('',#14185,#6667);
#5825=LINE('',#14187,#6668);
#5826=LINE('',#14189,#6669);
#5827=LINE('',#14191,#6670);
#5828=LINE('',#14194,#6671);
#5829=LINE('',#14196,#6672);
#5830=LINE('',#14198,#6673);
#5831=LINE('',#14200,#6674);
#5832=LINE('',#14203,#6675);
#5833=LINE('',#14205,#6676);
#5834=LINE('',#14207,#6677);
#5835=LINE('',#14209,#6678);
#5836=LINE('',#14212,#6679);
#5837=LINE('',#14214,#6680);
#5838=LINE('',#14216,#6681);
#5839=LINE('',#14218,#6682);
#5840=LINE('',#14221,#6683);
#5841=LINE('',#14223,#6684);
#5842=LINE('',#14225,#6685);
#5843=LINE('',#14227,#6686);
#5844=LINE('',#14228,#6687);
#5845=LINE('',#14230,#6688);
#5846=LINE('',#14233,#6689);
#5847=LINE('',#14235,#6690);
#5848=LINE('',#14237,#6691);
#5849=LINE('',#14239,#6692);
#5850=LINE('',#14242,#6693);
#5851=LINE('',#14244,#6694);
#5852=LINE('',#14246,#6695);
#5853=LINE('',#14248,#6696);
#5854=LINE('',#14251,#6697);
#5855=LINE('',#14253,#6698);
#5856=LINE('',#14255,#6699);
#5857=LINE('',#14257,#6700);
#5858=LINE('',#14260,#6701);
#5859=LINE('',#14262,#6702);
#5860=LINE('',#14264,#6703);
#5861=LINE('',#14266,#6704);
#5862=LINE('',#14269,#6705);
#5863=LINE('',#14271,#6706);
#5864=LINE('',#14273,#6707);
#5865=LINE('',#14275,#6708);
#5866=LINE('',#14277,#6709);
#5867=LINE('',#14279,#6710);
#5868=LINE('',#14281,#6711);
#5869=LINE('',#14284,#6712);
#5870=LINE('',#14286,#6713);
#5871=LINE('',#14288,#6714);
#5872=LINE('',#14290,#6715);
#5873=LINE('',#14293,#6716);
#5874=LINE('',#14295,#6717);
#5875=LINE('',#14297,#6718);
#5876=LINE('',#14299,#6719);
#5877=LINE('',#14302,#6720);
#5878=LINE('',#14304,#6721);
#5879=LINE('',#14306,#6722);
#5880=LINE('',#14308,#6723);
#5881=LINE('',#14311,#6724);
#5882=LINE('',#14313,#6725);
#5883=LINE('',#14315,#6726);
#5884=LINE('',#14317,#6727);
#5885=LINE('',#14320,#6728);
#5886=LINE('',#14322,#6729);
#5887=LINE('',#14324,#6730);
#5888=LINE('',#14326,#6731);
#5889=LINE('',#14329,#6732);
#5890=LINE('',#14331,#6733);
#5891=LINE('',#14333,#6734);
#5892=LINE('',#14335,#6735);
#5893=LINE('',#14338,#6736);
#5894=LINE('',#14340,#6737);
#5895=LINE('',#14342,#6738);
#5896=LINE('',#14344,#6739);
#5897=LINE('',#14347,#6740);
#5898=LINE('',#14349,#6741);
#5899=LINE('',#14351,#6742);
#5900=LINE('',#14353,#6743);
#5901=LINE('',#14356,#6744);
#5902=LINE('',#14358,#6745);
#5903=LINE('',#14360,#6746);
#5904=LINE('',#14370,#6747);
#5905=LINE('',#14379,#6748);
#5906=LINE('',#14388,#6749);
#5907=LINE('',#14397,#6750);
#5908=LINE('',#14406,#6751);
#5909=LINE('',#14415,#6752);
#5910=LINE('',#14424,#6753);
#5911=LINE('',#14433,#6754);
#5912=LINE('',#14440,#6755);
#5913=LINE('',#14449,#6756);
#5914=LINE('',#14458,#6757);
#5915=LINE('',#14467,#6758);
#5916=LINE('',#14476,#6759);
#5917=LINE('',#14485,#6760);
#5918=LINE('',#14499,#6761);
#5919=LINE('',#14508,#6762);
#5920=LINE('',#14517,#6763);
#5921=LINE('',#14527,#6764);
#5922=LINE('',#14536,#6765);
#5923=LINE('',#14547,#6766);
#5924=LINE('',#14554,#6767);
#5925=LINE('',#14563,#6768);
#5926=LINE('',#14572,#6769);
#5927=LINE('',#14581,#6770);
#5928=LINE('',#14590,#6771);
#5929=LINE('',#14601,#6772);
#5930=LINE('',#14608,#6773);
#5931=LINE('',#14617,#6774);
#5932=LINE('',#14626,#6775);
#5933=LINE('',#14627,#6776);
#5934=LINE('',#14639,#6777);
#5935=LINE('',#14641,#6778);
#5936=LINE('',#14644,#6779);
#5937=LINE('',#14645,#6780);
#5938=LINE('',#14657,#6781);
#5939=LINE('',#14659,#6782);
#5940=LINE('',#14662,#6783);
#5941=LINE('',#14663,#6784);
#5942=LINE('',#14675,#6785);
#5943=LINE('',#14677,#6786);
#5944=LINE('',#14680,#6787);
#5945=LINE('',#14681,#6788);
#5946=LINE('',#14693,#6789);
#5947=LINE('',#14695,#6790);
#5948=LINE('',#14698,#6791);
#5949=LINE('',#14699,#6792);
#5950=LINE('',#14711,#6793);
#5951=LINE('',#14713,#6794);
#5952=LINE('',#14716,#6795);
#5953=LINE('',#14717,#6796);
#5954=LINE('',#14729,#6797);
#5955=LINE('',#14731,#6798);
#5956=LINE('',#14734,#6799);
#5957=LINE('',#14735,#6800);
#5958=LINE('',#14747,#6801);
#5959=LINE('',#14749,#6802);
#5960=LINE('',#14752,#6803);
#5961=LINE('',#14753,#6804);
#5962=LINE('',#14765,#6805);
#5963=LINE('',#14767,#6806);
#5964=LINE('',#14770,#6807);
#5965=LINE('',#14771,#6808);
#5966=LINE('',#14783,#6809);
#5967=LINE('',#14785,#6810);
#5968=LINE('',#14788,#6811);
#5969=LINE('',#14789,#6812);
#5970=LINE('',#14801,#6813);
#5971=LINE('',#14803,#6814);
#5972=LINE('',#14806,#6815);
#5973=LINE('',#14807,#6816);
#5974=LINE('',#14819,#6817);
#5975=LINE('',#14821,#6818);
#5976=LINE('',#14824,#6819);
#5977=LINE('',#14825,#6820);
#5978=LINE('',#14837,#6821);
#5979=LINE('',#14839,#6822);
#5980=LINE('',#14842,#6823);
#5981=LINE('',#14843,#6824);
#5982=LINE('',#14869,#6825);
#5983=LINE('',#14871,#6826);
#5984=LINE('',#14874,#6827);
#5985=LINE('',#14875,#6828);
#5986=LINE('',#14887,#6829);
#5987=LINE('',#14889,#6830);
#5988=LINE('',#14892,#6831);
#5989=LINE('',#14893,#6832);
#5990=LINE('',#14905,#6833);
#5991=LINE('',#14907,#6834);
#5992=LINE('',#14910,#6835);
#5993=LINE('',#14911,#6836);
#5994=LINE('',#14923,#6837);
#5995=LINE('',#14925,#6838);
#5996=LINE('',#14928,#6839);
#5997=LINE('',#14929,#6840);
#5998=LINE('',#14941,#6841);
#5999=LINE('',#14943,#6842);
#6000=LINE('',#14946,#6843);
#6001=LINE('',#14947,#6844);
#6002=LINE('',#14959,#6845);
#6003=LINE('',#14961,#6846);
#6004=LINE('',#14964,#6847);
#6005=LINE('',#14965,#6848);
#6006=LINE('',#14977,#6849);
#6007=LINE('',#14979,#6850);
#6008=LINE('',#14982,#6851);
#6009=LINE('',#14983,#6852);
#6010=LINE('',#14995,#6853);
#6011=LINE('',#14997,#6854);
#6012=LINE('',#15000,#6855);
#6013=LINE('',#15001,#6856);
#6014=LINE('',#15013,#6857);
#6015=LINE('',#15015,#6858);
#6016=LINE('',#15018,#6859);
#6017=LINE('',#15019,#6860);
#6018=LINE('',#15031,#6861);
#6019=LINE('',#15033,#6862);
#6020=LINE('',#15036,#6863);
#6021=LINE('',#15037,#6864);
#6022=LINE('',#15049,#6865);
#6023=LINE('',#15051,#6866);
#6024=LINE('',#15054,#6867);
#6025=LINE('',#15055,#6868);
#6026=LINE('',#15067,#6869);
#6027=LINE('',#15069,#6870);
#6028=LINE('',#15072,#6871);
#6029=LINE('',#15073,#6872);
#6030=LINE('',#15085,#6873);
#6031=LINE('',#15087,#6874);
#6032=LINE('',#15090,#6875);
#6033=LINE('',#15091,#6876);
#6034=LINE('',#15103,#6877);
#6035=LINE('',#15105,#6878);
#6036=LINE('',#15108,#6879);
#6037=LINE('',#15109,#6880);
#6038=LINE('',#15121,#6881);
#6039=LINE('',#15123,#6882);
#6040=LINE('',#15126,#6883);
#6041=LINE('',#15127,#6884);
#6042=LINE('',#15153,#6885);
#6043=LINE('',#15155,#6886);
#6044=LINE('',#15158,#6887);
#6045=LINE('',#15159,#6888);
#6046=LINE('',#15161,#6889);
#6047=LINE('',#15163,#6890);
#6048=LINE('',#15166,#6891);
#6049=LINE('',#15167,#6892);
#6050=LINE('',#15169,#6893);
#6051=LINE('',#15171,#6894);
#6052=LINE('',#15174,#6895);
#6053=LINE('',#15175,#6896);
#6054=LINE('',#15177,#6897);
#6055=LINE('',#15184,#6898);
#6056=LINE('',#15186,#6899);
#6057=LINE('',#15188,#6900);
#6058=LINE('',#15191,#6901);
#6059=LINE('',#15192,#6902);
#6060=LINE('',#15194,#6903);
#6061=LINE('',#15196,#6904);
#6062=LINE('',#15199,#6905);
#6063=LINE('',#15200,#6906);
#6064=LINE('',#15202,#6907);
#6065=LINE('',#15209,#6908);
#6066=LINE('',#15211,#6909);
#6067=LINE('',#15213,#6910);
#6068=LINE('',#15216,#6911);
#6069=LINE('',#15217,#6912);
#6070=LINE('',#15219,#6913);
#6071=LINE('',#15221,#6914);
#6072=LINE('',#15224,#6915);
#6073=LINE('',#15226,#6916);
#6074=LINE('',#15229,#6917);
#6075=LINE('',#15231,#6918);
#6076=LINE('',#15265,#6919);
#6077=LINE('',#15267,#6920);
#6078=LINE('',#15269,#6921);
#6079=LINE('',#15271,#6922);
#6080=LINE('',#15303,#6923);
#6081=LINE('',#15305,#6924);
#6082=LINE('',#15311,#6925);
#6083=LINE('',#15313,#6926);
#6084=LINE('',#15315,#6927);
#6085=LINE('',#15317,#6928);
#6086=LINE('',#15349,#6929);
#6087=LINE('',#15351,#6930);
#6088=LINE('',#15357,#6931);
#6089=LINE('',#15359,#6932);
#6090=LINE('',#15361,#6933);
#6091=LINE('',#15363,#6934);
#6092=LINE('',#15395,#6935);
#6093=LINE('',#15397,#6936);
#6094=LINE('',#15401,#6937);
#6095=LINE('',#15403,#6938);
#6096=LINE('',#15409,#6939);
#6097=LINE('',#15411,#6940);
#6098=LINE('',#15441,#6941);
#6099=LINE('',#15443,#6942);
#6100=VECTOR('',#10015,1.);
#6101=VECTOR('',#10016,1.);
#6102=VECTOR('',#10017,1.);
#6103=VECTOR('',#10018,1.);
#6104=VECTOR('',#10019,1.);
#6105=VECTOR('',#10020,1.);
#6106=VECTOR('',#10021,1.);
#6107=VECTOR('',#10022,1.);
#6108=VECTOR('',#10023,1.);
#6109=VECTOR('',#10028,1.);
#6110=VECTOR('',#10033,1.);
#6111=VECTOR('',#10034,1.);
#6112=VECTOR('',#10035,1.);
#6113=VECTOR('',#10036,1.);
#6114=VECTOR('',#10037,1.);
#6115=VECTOR('',#10038,1.);
#6116=VECTOR('',#10039,1.);
#6117=VECTOR('',#10040,1.);
#6118=VECTOR('',#10041,1.);
#6119=VECTOR('',#10042,1.);
#6120=VECTOR('',#10043,1.);
#6121=VECTOR('',#10044,1.);
#6122=VECTOR('',#10045,1.);
#6123=VECTOR('',#10046,1.);
#6124=VECTOR('',#10049,1.);
#6125=VECTOR('',#10054,1.);
#6126=VECTOR('',#10055,1.);
#6127=VECTOR('',#10058,1.);
#6128=VECTOR('',#10063,1.);
#6129=VECTOR('',#10068,1.);
#6130=VECTOR('',#10073,1.);
#6131=VECTOR('',#10078,1.);
#6132=VECTOR('',#10083,1.);
#6133=VECTOR('',#10088,1.);
#6134=VECTOR('',#10093,1.);
#6135=VECTOR('',#10098,1.);
#6136=VECTOR('',#10103,1.);
#6137=VECTOR('',#10106,1.);
#6138=VECTOR('',#10107,1.);
#6139=VECTOR('',#10110,1.);
#6140=VECTOR('',#10111,1.);
#6141=VECTOR('',#10112,1.);
#6142=VECTOR('',#10113,1.);
#6143=VECTOR('',#10114,1.);
#6144=VECTOR('',#10123,1.);
#6145=VECTOR('',#10126,1.);
#6146=VECTOR('',#10127,1.);
#6147=VECTOR('',#10132,1.);
#6148=VECTOR('',#10137,1.);
#6149=VECTOR('',#10142,1.);
#6150=VECTOR('',#10147,1.);
#6151=VECTOR('',#10152,1.);
#6152=VECTOR('',#10157,1.);
#6153=VECTOR('',#10162,1.);
#6154=VECTOR('',#10167,1.);
#6155=VECTOR('',#10172,1.);
#6156=VECTOR('',#10177,1.);
#6157=VECTOR('',#10182,1.);
#6158=VECTOR('',#10187,1.);
#6159=VECTOR('',#10192,1.);
#6160=VECTOR('',#10193,1.);
#6161=VECTOR('',#10194,1.);
#6162=VECTOR('',#10195,1.);
#6163=VECTOR('',#10196,1.);
#6164=VECTOR('',#10197,1.);
#6165=VECTOR('',#10198,1.);
#6166=VECTOR('',#10201,1.);
#6167=VECTOR('',#10202,1.);
#6168=VECTOR('',#10203,1.);
#6169=VECTOR('',#10204,1.);
#6170=VECTOR('',#10209,1.);
#6171=VECTOR('',#10214,1.);
#6172=VECTOR('',#10219,1.);
#6173=VECTOR('',#10224,1.);
#6174=VECTOR('',#10229,1.);
#6175=VECTOR('',#10234,1.);
#6176=VECTOR('',#10239,1.);
#6177=VECTOR('',#10244,1.);
#6178=VECTOR('',#10249,1.);
#6179=VECTOR('',#10254,1.);
#6180=VECTOR('',#10259,1.);
#6181=VECTOR('',#10264,1.);
#6182=VECTOR('',#10269,1.);
#6183=VECTOR('',#10274,1.);
#6184=VECTOR('',#10279,1.);
#6185=VECTOR('',#10282,1.);
#6186=VECTOR('',#10283,1.);
#6187=VECTOR('',#10284,1.);
#6188=VECTOR('',#10289,1.);
#6189=VECTOR('',#10290,1.);
#6190=VECTOR('',#10291,1.);
#6191=VECTOR('',#10294,1.);
#6192=VECTOR('',#10295,1.);
#6193=VECTOR('',#10296,1.);
#6194=VECTOR('',#10297,1.);
#6195=VECTOR('',#10298,1.);
#6196=VECTOR('',#10299,1.);
#6197=VECTOR('',#10300,1.);
#6198=VECTOR('',#10301,1.);
#6199=VECTOR('',#10302,1.);
#6200=VECTOR('',#10303,1.);
#6201=VECTOR('',#10304,1.);
#6202=VECTOR('',#10305,1.);
#6203=VECTOR('',#10306,1.);
#6204=VECTOR('',#10307,1.);
#6205=VECTOR('',#10308,1.);
#6206=VECTOR('',#10309,1.);
#6207=VECTOR('',#10312,1.);
#6208=VECTOR('',#10313,1.);
#6209=VECTOR('',#10314,1.);
#6210=VECTOR('',#10315,1.);
#6211=VECTOR('',#10316,1.);
#6212=VECTOR('',#10317,1.);
#6213=VECTOR('',#10318,1.);
#6214=VECTOR('',#10319,1.);
#6215=VECTOR('',#10320,1.);
#6216=VECTOR('',#10321,1.);
#6217=VECTOR('',#10322,1.);
#6218=VECTOR('',#10323,1.);
#6219=VECTOR('',#10324,1.);
#6220=VECTOR('',#10325,1.);
#6221=VECTOR('',#10326,1.);
#6222=VECTOR('',#10327,1.);
#6223=VECTOR('',#10328,1.);
#6224=VECTOR('',#10333,1.);
#6225=VECTOR('',#10340,1.);
#6226=VECTOR('',#10345,1.);
#6227=VECTOR('',#10350,1.);
#6228=VECTOR('',#10355,1.);
#6229=VECTOR('',#10360,1.);
#6230=VECTOR('',#10365,1.);
#6231=VECTOR('',#10370,1.);
#6232=VECTOR('',#10375,1.);
#6233=VECTOR('',#10380,1.);
#6234=VECTOR('',#10385,1.);
#6235=VECTOR('',#10390,1.);
#6236=VECTOR('',#10395,1.);
#6237=VECTOR('',#10400,1.);
#6238=VECTOR('',#10405,1.);
#6239=VECTOR('',#10406,1.);
#6240=VECTOR('',#10407,1.);
#6241=VECTOR('',#10408,1.);
#6242=VECTOR('',#10409,1.);
#6243=VECTOR('',#10412,1.);
#6244=VECTOR('',#10415,1.);
#6245=VECTOR('',#10416,1.);
#6246=VECTOR('',#10417,1.);
#6247=VECTOR('',#10418,1.);
#6248=VECTOR('',#10419,1.);
#6249=VECTOR('',#10420,1.);
#6250=VECTOR('',#10421,1.);
#6251=VECTOR('',#10422,1.);
#6252=VECTOR('',#10423,1.);
#6253=VECTOR('',#10424,1.);
#6254=VECTOR('',#10425,1.);
#6255=VECTOR('',#10426,1.);
#6256=VECTOR('',#10475,1.);
#6257=VECTOR('',#10476,1.);
#6258=VECTOR('',#10477,1.);
#6259=VECTOR('',#10478,1.);
#6260=VECTOR('',#10479,1.);
#6261=VECTOR('',#10480,1.);
#6262=VECTOR('',#10481,1.);
#6263=VECTOR('',#10482,1.);
#6264=VECTOR('',#10483,1.);
#6265=VECTOR('',#10484,1.);
#6266=VECTOR('',#10485,1.);
#6267=VECTOR('',#10486,1.);
#6268=VECTOR('',#10487,1.);
#6269=VECTOR('',#10488,1.);
#6270=VECTOR('',#10489,1.);
#6271=VECTOR('',#10490,1.);
#6272=VECTOR('',#10491,1.);
#6273=VECTOR('',#10492,1.);
#6274=VECTOR('',#10493,1.);
#6275=VECTOR('',#10494,1.);
#6276=VECTOR('',#10495,1.);
#6277=VECTOR('',#10496,1.);
#6278=VECTOR('',#10497,1.);
#6279=VECTOR('',#10498,1.);
#6280=VECTOR('',#10499,1.);
#6281=VECTOR('',#10500,1.);
#6282=VECTOR('',#10503,1.);
#6283=VECTOR('',#10504,1.);
#6284=VECTOR('',#10505,1.);
#6285=VECTOR('',#10506,1.);
#6286=VECTOR('',#10507,1.);
#6287=VECTOR('',#10508,1.);
#6288=VECTOR('',#10509,1.);
#6289=VECTOR('',#10510,1.);
#6290=VECTOR('',#10511,1.);
#6291=VECTOR('',#10512,1.);
#6292=VECTOR('',#10513,1.);
#6293=VECTOR('',#10514,1.);
#6294=VECTOR('',#10515,1.);
#6295=VECTOR('',#10516,1.);
#6296=VECTOR('',#10517,1.);
#6297=VECTOR('',#10518,1.);
#6298=VECTOR('',#10529,1.);
#6299=VECTOR('',#10530,1.);
#6300=VECTOR('',#10531,1.);
#6301=VECTOR('',#10532,1.);
#6302=VECTOR('',#10533,1.);
#6303=VECTOR('',#10534,1.);
#6304=VECTOR('',#10535,1.);
#6305=VECTOR('',#10536,1.);
#6306=VECTOR('',#10539,1.);
#6307=VECTOR('',#10540,1.);
#6308=VECTOR('',#10541,1.);
#6309=VECTOR('',#10542,1.);
#6310=VECTOR('',#10545,1.);
#6311=VECTOR('',#10546,1.);
#6312=VECTOR('',#10547,1.);
#6313=VECTOR('',#10548,1.);
#6314=VECTOR('',#10549,1.);
#6315=VECTOR('',#10550,1.);
#6316=VECTOR('',#10551,1.);
#6317=VECTOR('',#10552,1.);
#6318=VECTOR('',#10553,1.);
#6319=VECTOR('',#10554,1.);
#6320=VECTOR('',#10555,1.);
#6321=VECTOR('',#10556,1.);
#6322=VECTOR('',#10557,1.);
#6323=VECTOR('',#10558,1.);
#6324=VECTOR('',#10559,1.);
#6325=VECTOR('',#10560,1.);
#6326=VECTOR('',#10561,1.);
#6327=VECTOR('',#10562,1.);
#6328=VECTOR('',#10563,1.);
#6329=VECTOR('',#10564,1.);
#6330=VECTOR('',#10567,1.);
#6331=VECTOR('',#10568,1.);
#6332=VECTOR('',#10569,1.);
#6333=VECTOR('',#10570,1.);
#6334=VECTOR('',#10573,1.);
#6335=VECTOR('',#10574,1.);
#6336=VECTOR('',#10575,1.);
#6337=VECTOR('',#10576,1.);
#6338=VECTOR('',#10577,1.);
#6339=VECTOR('',#10580,1.);
#6340=VECTOR('',#10581,1.);
#6341=VECTOR('',#10584,1.);
#6342=VECTOR('',#10585,1.);
#6343=VECTOR('',#10588,1.);
#6344=VECTOR('',#10589,1.);
#6345=VECTOR('',#10602,1.);
#6346=VECTOR('',#10605,1.);
#6347=VECTOR('',#10608,1.);
#6348=VECTOR('',#10617,1.);
#6349=VECTOR('',#10658,1.);
#6350=VECTOR('',#10659,1.);
#6351=VECTOR('',#10662,1.);
#6352=VECTOR('',#10663,1.);
#6353=VECTOR('',#10690,1.);
#6354=VECTOR('',#10691,1.);
#6355=VECTOR('',#10694,1.);
#6356=VECTOR('',#10695,1.);
#6357=VECTOR('',#10722,1.);
#6358=VECTOR('',#10723,1.);
#6359=VECTOR('',#10724,1.);
#6360=VECTOR('',#10725,1.);
#6361=VECTOR('',#10728,1.);
#6362=VECTOR('',#10729,1.);
#6363=VECTOR('',#10730,1.);
#6364=VECTOR('',#10731,1.);
#6365=VECTOR('',#10732,1.);
#6366=VECTOR('',#10735,1.);
#6367=VECTOR('',#10736,1.);
#6368=VECTOR('',#10737,1.);
#6369=VECTOR('',#10738,1.);
#6370=VECTOR('',#10739,1.);
#6371=VECTOR('',#10742,1.);
#6372=VECTOR('',#10743,1.);
#6373=VECTOR('',#10746,1.);
#6374=VECTOR('',#10747,1.);
#6375=VECTOR('',#10748,1.);
#6376=VECTOR('',#10749,1.);
#6377=VECTOR('',#10752,1.);
#6378=VECTOR('',#10753,1.);
#6379=VECTOR('',#10754,1.);
#6380=VECTOR('',#10755,1.);
#6381=VECTOR('',#10756,1.);
#6382=VECTOR('',#10759,1.);
#6383=VECTOR('',#10760,1.);
#6384=VECTOR('',#10761,1.);
#6385=VECTOR('',#10762,1.);
#6386=VECTOR('',#10763,1.);
#6387=VECTOR('',#10766,1.);
#6388=VECTOR('',#10767,1.);
#6389=VECTOR('',#10770,1.);
#6390=VECTOR('',#10771,1.);
#6391=VECTOR('',#10772,1.);
#6392=VECTOR('',#10773,1.);
#6393=VECTOR('',#10774,1.);
#6394=VECTOR('',#10775,1.);
#6395=VECTOR('',#10778,1.);
#6396=VECTOR('',#10779,1.);
#6397=VECTOR('',#10780,1.);
#6398=VECTOR('',#10783,1.);
#6399=VECTOR('',#10784,1.);
#6400=VECTOR('',#10785,1.);
#6401=VECTOR('',#10788,1.);
#6402=VECTOR('',#10789,1.);
#6403=VECTOR('',#10790,1.);
#6404=VECTOR('',#10791,1.);
#6405=VECTOR('',#10794,1.);
#6406=VECTOR('',#10795,1.);
#6407=VECTOR('',#10796,1.);
#6408=VECTOR('',#10797,1.);
#6409=VECTOR('',#10798,1.);
#6410=VECTOR('',#10801,1.);
#6411=VECTOR('',#10802,1.);
#6412=VECTOR('',#10803,1.);
#6413=VECTOR('',#10806,1.);
#6414=VECTOR('',#10807,1.);
#6415=VECTOR('',#10808,1.);
#6416=VECTOR('',#10811,1.);
#6417=VECTOR('',#10812,1.);
#6418=VECTOR('',#10813,1.);
#6419=VECTOR('',#10816,1.);
#6420=VECTOR('',#10817,1.);
#6421=VECTOR('',#10818,1.);
#6422=VECTOR('',#10819,1.);
#6423=VECTOR('',#10820,1.);
#6424=VECTOR('',#10823,1.);
#6425=VECTOR('',#10824,1.);
#6426=VECTOR('',#10825,1.);
#6427=VECTOR('',#10828,1.);
#6428=VECTOR('',#10829,1.);
#6429=VECTOR('',#10830,1.);
#6430=VECTOR('',#10833,1.);
#6431=VECTOR('',#10834,1.);
#6432=VECTOR('',#10835,1.);
#6433=VECTOR('',#10838,1.);
#6434=VECTOR('',#10839,1.);
#6435=VECTOR('',#10840,1.);
#6436=VECTOR('',#10841,1.);
#6437=VECTOR('',#10842,1.);
#6438=VECTOR('',#10845,1.);
#6439=VECTOR('',#10846,1.);
#6440=VECTOR('',#10847,1.);
#6441=VECTOR('',#10850,1.);
#6442=VECTOR('',#10851,1.);
#6443=VECTOR('',#10852,1.);
#6444=VECTOR('',#10855,1.);
#6445=VECTOR('',#10856,1.);
#6446=VECTOR('',#10857,1.);
#6447=VECTOR('',#10866,1.);
#6448=VECTOR('',#10867,1.);
#6449=VECTOR('',#10870,1.);
#6450=VECTOR('',#10873,1.);
#6451=VECTOR('',#10878,1.);
#6452=VECTOR('',#10879,1.);
#6453=VECTOR('',#10882,1.);
#6454=VECTOR('',#10885,1.);
#6455=VECTOR('',#10890,1.);
#6456=VECTOR('',#10891,1.);
#6457=VECTOR('',#10894,1.);
#6458=VECTOR('',#10897,1.);
#6459=VECTOR('',#10902,1.);
#6460=VECTOR('',#10903,1.);
#6461=VECTOR('',#10904,1.);
#6462=VECTOR('',#10905,1.);
#6463=VECTOR('',#10908,1.);
#6464=VECTOR('',#10909,1.);
#6465=VECTOR('',#10910,1.);
#6466=VECTOR('',#10911,1.);
#6467=VECTOR('',#10912,1.);
#6468=VECTOR('',#10915,1.);
#6469=VECTOR('',#10916,1.);
#6470=VECTOR('',#10917,1.);
#6471=VECTOR('',#10918,1.);
#6472=VECTOR('',#10919,1.);
#6473=VECTOR('',#10922,1.);
#6474=VECTOR('',#10923,1.);
#6475=VECTOR('',#10924,1.);
#6476=VECTOR('',#10927,1.);
#6477=VECTOR('',#10928,1.);
#6478=VECTOR('',#10929,1.);
#6479=VECTOR('',#10930,1.);
#6480=VECTOR('',#10931,1.);
#6481=VECTOR('',#10934,1.);
#6482=VECTOR('',#10935,1.);
#6483=VECTOR('',#10936,1.);
#6484=VECTOR('',#10939,1.);
#6485=VECTOR('',#10940,1.);
#6486=VECTOR('',#10941,1.);
#6487=VECTOR('',#10942,1.);
#6488=VECTOR('',#10943,1.);
#6489=VECTOR('',#10946,1.);
#6490=VECTOR('',#10947,1.);
#6491=VECTOR('',#10948,1.);
#6492=VECTOR('',#10951,1.);
#6493=VECTOR('',#10952,1.);
#6494=VECTOR('',#10953,1.);
#6495=VECTOR('',#10954,1.);
#6496=VECTOR('',#10955,1.);
#6497=VECTOR('',#10958,1.);
#6498=VECTOR('',#10959,1.);
#6499=VECTOR('',#10970,1.);
#6500=VECTOR('',#10973,1.);
#6501=VECTOR('',#10974,1.);
#6502=VECTOR('',#10977,1.);
#6503=VECTOR('',#10978,1.);
#6504=VECTOR('',#10979,1.);
#6505=VECTOR('',#10980,1.);
#6506=VECTOR('',#10983,1.);
#6507=VECTOR('',#10984,1.);
#6508=VECTOR('',#10985,1.);
#6509=VECTOR('',#10988,1.);
#6510=VECTOR('',#10989,1.);
#6511=VECTOR('',#10992,1.);
#6512=VECTOR('',#10993,1.);
#6513=VECTOR('',#10994,1.);
#6514=VECTOR('',#10995,1.);
#6515=VECTOR('',#10998,1.);
#6516=VECTOR('',#10999,1.);
#6517=VECTOR('',#11002,1.);
#6518=VECTOR('',#11003,1.);
#6519=VECTOR('',#11004,1.);
#6520=VECTOR('',#11011,1.);
#6521=VECTOR('',#11012,1.);
#6522=VECTOR('',#11013,1.);
#6523=VECTOR('',#11020,1.);
#6524=VECTOR('',#11021,1.);
#6525=VECTOR('',#11022,1.);
#6526=VECTOR('',#11059,1.);
#6527=VECTOR('',#11060,1.);
#6528=VECTOR('',#11061,1.);
#6529=VECTOR('',#11062,1.);
#6530=VECTOR('',#11063,1.);
#6531=VECTOR('',#11066,1.);
#6532=VECTOR('',#11067,1.);
#6533=VECTOR('',#11068,1.);
#6534=VECTOR('',#11069,1.);
#6535=VECTOR('',#11070,1.);
#6536=VECTOR('',#11073,1.);
#6537=VECTOR('',#11074,1.);
#6538=VECTOR('',#11075,1.);
#6539=VECTOR('',#11076,1.);
#6540=VECTOR('',#11077,1.);
#6541=VECTOR('',#11078,1.);
#6542=VECTOR('',#11081,1.);
#6543=VECTOR('',#11082,1.);
#6544=VECTOR('',#11083,1.);
#6545=VECTOR('',#11086,1.);
#6546=VECTOR('',#11087,1.);
#6547=VECTOR('',#11088,1.);
#6548=VECTOR('',#11089,1.);
#6549=VECTOR('',#11090,1.);
#6550=VECTOR('',#11109,1.);
#6551=VECTOR('',#11110,1.);
#6552=VECTOR('',#11113,1.);
#6553=VECTOR('',#11114,1.);
#6554=VECTOR('',#11121,1.);
#6555=VECTOR('',#11124,1.);
#6556=VECTOR('',#11125,1.);
#6557=VECTOR('',#11128,1.);
#6558=VECTOR('',#11131,1.);
#6559=VECTOR('',#11134,1.);
#6560=VECTOR('',#11137,1.);
#6561=VECTOR('',#11140,1.);
#6562=VECTOR('',#11143,1.);
#6563=VECTOR('',#11146,1.);
#6564=VECTOR('',#11149,1.);
#6565=VECTOR('',#11152,1.);
#6566=VECTOR('',#11159,1.);
#6567=VECTOR('',#11160,1.);
#6568=VECTOR('',#11161,1.);
#6569=VECTOR('',#11162,1.);
#6570=VECTOR('',#11163,1.);
#6571=VECTOR('',#11164,1.);
#6572=VECTOR('',#11165,1.);
#6573=VECTOR('',#11166,1.);
#6574=VECTOR('',#11169,1.);
#6575=VECTOR('',#11170,1.);
#6576=VECTOR('',#11171,1.);
#6577=VECTOR('',#11174,1.);
#6578=VECTOR('',#11175,1.);
#6579=VECTOR('',#11176,1.);
#6580=VECTOR('',#11179,1.);
#6581=VECTOR('',#11180,1.);
#6582=VECTOR('',#11181,1.);
#6583=VECTOR('',#11184,1.);
#6584=VECTOR('',#11185,1.);
#6585=VECTOR('',#11186,1.);
#6586=VECTOR('',#11189,1.);
#6587=VECTOR('',#11190,1.);
#6588=VECTOR('',#11191,1.);
#6589=VECTOR('',#11194,1.);
#6590=VECTOR('',#11195,1.);
#6591=VECTOR('',#11196,1.);
#6592=VECTOR('',#11207,1.);
#6593=VECTOR('',#11208,1.);
#6594=VECTOR('',#11211,1.);
#6595=VECTOR('',#11212,1.);
#6596=VECTOR('',#11237,1.);
#6597=VECTOR('',#11240,1.);
#6598=VECTOR('',#11245,1.);
#6599=VECTOR('',#11246,1.);
#6600=VECTOR('',#11247,1.);
#6601=VECTOR('',#11248,1.);
#6602=VECTOR('',#11251,1.);
#6603=VECTOR('',#11252,1.);
#6604=VECTOR('',#11253,1.);
#6605=VECTOR('',#11256,1.);
#6606=VECTOR('',#11257,1.);
#6607=VECTOR('',#11258,1.);
#6608=VECTOR('',#11261,1.);
#6609=VECTOR('',#11262,1.);
#6610=VECTOR('',#11263,1.);
#6611=VECTOR('',#11264,1.);
#6612=VECTOR('',#11267,1.);
#6613=VECTOR('',#11268,1.);
#6614=VECTOR('',#11269,1.);
#6615=VECTOR('',#11270,1.);
#6616=VECTOR('',#11273,1.);
#6617=VECTOR('',#11274,1.);
#6618=VECTOR('',#11275,1.);
#6619=VECTOR('',#11276,1.);
#6620=VECTOR('',#11279,1.);
#6621=VECTOR('',#11280,1.);
#6622=VECTOR('',#11281,1.);
#6623=VECTOR('',#11282,1.);
#6624=VECTOR('',#11285,1.);
#6625=VECTOR('',#11286,1.);
#6626=VECTOR('',#11287,1.);
#6627=VECTOR('',#11288,1.);
#6628=VECTOR('',#11291,1.);
#6629=VECTOR('',#11292,1.);
#6630=VECTOR('',#11293,1.);
#6631=VECTOR('',#11296,1.);
#6632=VECTOR('',#11297,1.);
#6633=VECTOR('',#11298,1.);
#6634=VECTOR('',#11301,1.);
#6635=VECTOR('',#11302,1.);
#6636=VECTOR('',#11303,1.);
#6637=VECTOR('',#11304,1.);
#6638=VECTOR('',#11307,1.);
#6639=VECTOR('',#11308,1.);
#6640=VECTOR('',#11309,1.);
#6641=VECTOR('',#11310,1.);
#6642=VECTOR('',#11313,1.);
#6643=VECTOR('',#11314,1.);
#6644=VECTOR('',#11315,1.);
#6645=VECTOR('',#11316,1.);
#6646=VECTOR('',#11319,1.);
#6647=VECTOR('',#11320,1.);
#6648=VECTOR('',#11321,1.);
#6649=VECTOR('',#11322,1.);
#6650=VECTOR('',#11325,1.);
#6651=VECTOR('',#11326,1.);
#6652=VECTOR('',#11327,1.);
#6653=VECTOR('',#11328,1.);
#6654=VECTOR('',#11331,1.);
#6655=VECTOR('',#11332,1.);
#6656=VECTOR('',#11333,1.);
#6657=VECTOR('',#11334,1.);
#6658=VECTOR('',#11337,1.);
#6659=VECTOR('',#11338,1.);
#6660=VECTOR('',#11339,1.);
#6661=VECTOR('',#11340,1.);
#6662=VECTOR('',#11343,1.);
#6663=VECTOR('',#11344,1.);
#6664=VECTOR('',#11345,1.);
#6665=VECTOR('',#11346,1.);
#6666=VECTOR('',#11349,1.);
#6667=VECTOR('',#11350,1.);
#6668=VECTOR('',#11351,1.);
#6669=VECTOR('',#11352,1.);
#6670=VECTOR('',#11355,1.);
#6671=VECTOR('',#11356,1.);
#6672=VECTOR('',#11357,1.);
#6673=VECTOR('',#11358,1.);
#6674=VECTOR('',#11361,1.);
#6675=VECTOR('',#11362,1.);
#6676=VECTOR('',#11363,1.);
#6677=VECTOR('',#11364,1.);
#6678=VECTOR('',#11367,1.);
#6679=VECTOR('',#11368,1.);
#6680=VECTOR('',#11369,1.);
#6681=VECTOR('',#11370,1.);
#6682=VECTOR('',#11373,1.);
#6683=VECTOR('',#11374,1.);
#6684=VECTOR('',#11375,1.);
#6685=VECTOR('',#11376,1.);
#6686=VECTOR('',#11379,1.);
#6687=VECTOR('',#11380,1.);
#6688=VECTOR('',#11383,1.);
#6689=VECTOR('',#11384,1.);
#6690=VECTOR('',#11385,1.);
#6691=VECTOR('',#11386,1.);
#6692=VECTOR('',#11389,1.);
#6693=VECTOR('',#11390,1.);
#6694=VECTOR('',#11391,1.);
#6695=VECTOR('',#11392,1.);
#6696=VECTOR('',#11395,1.);
#6697=VECTOR('',#11396,1.);
#6698=VECTOR('',#11397,1.);
#6699=VECTOR('',#11398,1.);
#6700=VECTOR('',#11401,1.);
#6701=VECTOR('',#11402,1.);
#6702=VECTOR('',#11403,1.);
#6703=VECTOR('',#11404,1.);
#6704=VECTOR('',#11407,1.);
#6705=VECTOR('',#11408,1.);
#6706=VECTOR('',#11409,1.);
#6707=VECTOR('',#11410,1.);
#6708=VECTOR('',#11413,1.);
#6709=VECTOR('',#11414,1.);
#6710=VECTOR('',#11415,1.);
#6711=VECTOR('',#11418,1.);
#6712=VECTOR('',#11419,1.);
#6713=VECTOR('',#11420,1.);
#6714=VECTOR('',#11421,1.);
#6715=VECTOR('',#11424,1.);
#6716=VECTOR('',#11425,1.);
#6717=VECTOR('',#11426,1.);
#6718=VECTOR('',#11427,1.);
#6719=VECTOR('',#11430,1.);
#6720=VECTOR('',#11431,1.);
#6721=VECTOR('',#11432,1.);
#6722=VECTOR('',#11433,1.);
#6723=VECTOR('',#11436,1.);
#6724=VECTOR('',#11437,1.);
#6725=VECTOR('',#11438,1.);
#6726=VECTOR('',#11439,1.);
#6727=VECTOR('',#11442,1.);
#6728=VECTOR('',#11443,1.);
#6729=VECTOR('',#11444,1.);
#6730=VECTOR('',#11445,1.);
#6731=VECTOR('',#11448,1.);
#6732=VECTOR('',#11449,1.);
#6733=VECTOR('',#11450,1.);
#6734=VECTOR('',#11451,1.);
#6735=VECTOR('',#11454,1.);
#6736=VECTOR('',#11455,1.);
#6737=VECTOR('',#11456,1.);
#6738=VECTOR('',#11457,1.);
#6739=VECTOR('',#11460,1.);
#6740=VECTOR('',#11461,1.);
#6741=VECTOR('',#11462,1.);
#6742=VECTOR('',#11463,1.);
#6743=VECTOR('',#11466,1.);
#6744=VECTOR('',#11467,1.);
#6745=VECTOR('',#11468,1.);
#6746=VECTOR('',#11469,1.);
#6747=VECTOR('',#11486,1.);
#6748=VECTOR('',#11499,1.);
#6749=VECTOR('',#11512,1.);
#6750=VECTOR('',#11525,1.);
#6751=VECTOR('',#11538,1.);
#6752=VECTOR('',#11551,1.);
#6753=VECTOR('',#11564,1.);
#6754=VECTOR('',#11577,1.);
#6755=VECTOR('',#11588,1.);
#6756=VECTOR('',#11601,1.);
#6757=VECTOR('',#11614,1.);
#6758=VECTOR('',#11627,1.);
#6759=VECTOR('',#11640,1.);
#6760=VECTOR('',#11653,1.);
#6761=VECTOR('',#11674,1.);
#6762=VECTOR('',#11687,1.);
#6763=VECTOR('',#11700,1.);
#6764=VECTOR('',#11717,1.);
#6765=VECTOR('',#11730,1.);
#6766=VECTOR('',#11745,1.);
#6767=VECTOR('',#11756,1.);
#6768=VECTOR('',#11769,1.);
#6769=VECTOR('',#11782,1.);
#6770=VECTOR('',#11795,1.);
#6771=VECTOR('',#11808,1.);
#6772=VECTOR('',#11823,1.);
#6773=VECTOR('',#11834,1.);
#6774=VECTOR('',#11847,1.);
#6775=VECTOR('',#11860,1.);
#6776=VECTOR('',#11861,1.);
#6777=VECTOR('',#11868,1.);
#6778=VECTOR('',#11871,1.);
#6779=VECTOR('',#11876,1.);
#6780=VECTOR('',#11877,1.);
#6781=VECTOR('',#11884,1.);
#6782=VECTOR('',#11887,1.);
#6783=VECTOR('',#11892,1.);
#6784=VECTOR('',#11893,1.);
#6785=VECTOR('',#11900,1.);
#6786=VECTOR('',#11903,1.);
#6787=VECTOR('',#11908,1.);
#6788=VECTOR('',#11909,1.);
#6789=VECTOR('',#11916,1.);
#6790=VECTOR('',#11919,1.);
#6791=VECTOR('',#11924,1.);
#6792=VECTOR('',#11925,1.);
#6793=VECTOR('',#11932,1.);
#6794=VECTOR('',#11935,1.);
#6795=VECTOR('',#11940,1.);
#6796=VECTOR('',#11941,1.);
#6797=VECTOR('',#11948,1.);
#6798=VECTOR('',#11951,1.);
#6799=VECTOR('',#11956,1.);
#6800=VECTOR('',#11957,1.);
#6801=VECTOR('',#11964,1.);
#6802=VECTOR('',#11967,1.);
#6803=VECTOR('',#11972,1.);
#6804=VECTOR('',#11973,1.);
#6805=VECTOR('',#11980,1.);
#6806=VECTOR('',#11983,1.);
#6807=VECTOR('',#11988,1.);
#6808=VECTOR('',#11989,1.);
#6809=VECTOR('',#11996,1.);
#6810=VECTOR('',#11999,1.);
#6811=VECTOR('',#12004,1.);
#6812=VECTOR('',#12005,1.);
#6813=VECTOR('',#12012,1.);
#6814=VECTOR('',#12015,1.);
#6815=VECTOR('',#12020,1.);
#6816=VECTOR('',#12021,1.);
#6817=VECTOR('',#12028,1.);
#6818=VECTOR('',#12031,1.);
#6819=VECTOR('',#12036,1.);
#6820=VECTOR('',#12037,1.);
#6821=VECTOR('',#12044,1.);
#6822=VECTOR('',#12047,1.);
#6823=VECTOR('',#12052,1.);
#6824=VECTOR('',#12053,1.);
#6825=VECTOR('',#12062,1.);
#6826=VECTOR('',#12065,1.);
#6827=VECTOR('',#12070,1.);
#6828=VECTOR('',#12071,1.);
#6829=VECTOR('',#12078,1.);
#6830=VECTOR('',#12081,1.);
#6831=VECTOR('',#12086,1.);
#6832=VECTOR('',#12087,1.);
#6833=VECTOR('',#12094,1.);
#6834=VECTOR('',#12097,1.);
#6835=VECTOR('',#12102,1.);
#6836=VECTOR('',#12103,1.);
#6837=VECTOR('',#12110,1.);
#6838=VECTOR('',#12113,1.);
#6839=VECTOR('',#12118,1.);
#6840=VECTOR('',#12119,1.);
#6841=VECTOR('',#12126,1.);
#6842=VECTOR('',#12129,1.);
#6843=VECTOR('',#12134,1.);
#6844=VECTOR('',#12135,1.);
#6845=VECTOR('',#12142,1.);
#6846=VECTOR('',#12145,1.);
#6847=VECTOR('',#12150,1.);
#6848=VECTOR('',#12151,1.);
#6849=VECTOR('',#12158,1.);
#6850=VECTOR('',#12161,1.);
#6851=VECTOR('',#12166,1.);
#6852=VECTOR('',#12167,1.);
#6853=VECTOR('',#12174,1.);
#6854=VECTOR('',#12177,1.);
#6855=VECTOR('',#12182,1.);
#6856=VECTOR('',#12183,1.);
#6857=VECTOR('',#12190,1.);
#6858=VECTOR('',#12193,1.);
#6859=VECTOR('',#12198,1.);
#6860=VECTOR('',#12199,1.);
#6861=VECTOR('',#12206,1.);
#6862=VECTOR('',#12209,1.);
#6863=VECTOR('',#12214,1.);
#6864=VECTOR('',#12215,1.);
#6865=VECTOR('',#12222,1.);
#6866=VECTOR('',#12225,1.);
#6867=VECTOR('',#12230,1.);
#6868=VECTOR('',#12231,1.);
#6869=VECTOR('',#12238,1.);
#6870=VECTOR('',#12241,1.);
#6871=VECTOR('',#12246,1.);
#6872=VECTOR('',#12247,1.);
#6873=VECTOR('',#12254,1.);
#6874=VECTOR('',#12257,1.);
#6875=VECTOR('',#12262,1.);
#6876=VECTOR('',#12263,1.);
#6877=VECTOR('',#12270,1.);
#6878=VECTOR('',#12273,1.);
#6879=VECTOR('',#12278,1.);
#6880=VECTOR('',#12279,1.);
#6881=VECTOR('',#12286,1.);
#6882=VECTOR('',#12289,1.);
#6883=VECTOR('',#12294,1.);
#6884=VECTOR('',#12295,1.);
#6885=VECTOR('',#12304,1.);
#6886=VECTOR('',#12307,1.);
#6887=VECTOR('',#12312,1.);
#6888=VECTOR('',#12313,1.);
#6889=VECTOR('',#12316,1.);
#6890=VECTOR('',#12319,1.);
#6891=VECTOR('',#12324,1.);
#6892=VECTOR('',#12325,1.);
#6893=VECTOR('',#12328,1.);
#6894=VECTOR('',#12331,1.);
#6895=VECTOR('',#12336,1.);
#6896=VECTOR('',#12337,1.);
#6897=VECTOR('',#12340,1.);
#6898=VECTOR('',#12345,1.);
#6899=VECTOR('',#12348,1.);
#6900=VECTOR('',#12351,1.);
#6901=VECTOR('',#12356,1.);
#6902=VECTOR('',#12357,1.);
#6903=VECTOR('',#12360,1.);
#6904=VECTOR('',#12363,1.);
#6905=VECTOR('',#12368,1.);
#6906=VECTOR('',#12369,1.);
#6907=VECTOR('',#12372,1.);
#6908=VECTOR('',#12377,1.);
#6909=VECTOR('',#12380,1.);
#6910=VECTOR('',#12383,1.);
#6911=VECTOR('',#12388,1.);
#6912=VECTOR('',#12389,1.);
#6913=VECTOR('',#12392,1.);
#6914=VECTOR('',#12395,1.);
#6915=VECTOR('',#12400,1.);
#6916=VECTOR('',#12403,1.);
#6917=VECTOR('',#12408,1.);
#6918=VECTOR('',#12411,1.);
#6919=VECTOR('',#12476,1.);
#6920=VECTOR('',#12477,1.);
#6921=VECTOR('',#12480,1.);
#6922=VECTOR('',#12481,1.);
#6923=VECTOR('',#12492,1.);
#6924=VECTOR('',#12493,1.);
#6925=VECTOR('',#12502,1.);
#6926=VECTOR('',#12503,1.);
#6927=VECTOR('',#12506,1.);
#6928=VECTOR('',#12507,1.);
#6929=VECTOR('',#12518,1.);
#6930=VECTOR('',#12519,1.);
#6931=VECTOR('',#12528,1.);
#6932=VECTOR('',#12529,1.);
#6933=VECTOR('',#12532,1.);
#6934=VECTOR('',#12533,1.);
#6935=VECTOR('',#12544,1.);
#6936=VECTOR('',#12545,1.);
#6937=VECTOR('',#12552,1.);
#6938=VECTOR('',#12553,1.);
#6939=VECTOR('',#12560,1.);
#6940=VECTOR('',#12561,1.);
#6941=VECTOR('',#12570,1.);
#6942=VECTOR('',#12571,1.);
#6943=EDGE_LOOP('',(#672,#673,#674,#675,#676,#677,#678,#679,#680,#681,#682,#683,#684,#685,#686,#687,#688,#689,#690,#691,#692,#693,#694,#695,#696,#697,#698,#699));
#6944=EDGE_LOOP('',(#700,#701,#702,#703,#704,#705));
#6945=EDGE_LOOP('',(#706,#707,#708,#709,#710,#711));
#6946=EDGE_LOOP('',(#712,#713,#714,#715,#716,#717));
#6947=EDGE_LOOP('',(#718,#719,#720,#721,#722,#723));
#6948=EDGE_LOOP('',(#724,#725,#726,#727,#728,#729));
#6949=EDGE_LOOP('',(#730,#731,#732,#733,#734,#735));
#6950=EDGE_LOOP('',(#736,#737,#738,#739));
#6951=EDGE_LOOP('',(#740,#741,#742,#743));
#6952=EDGE_LOOP('',(#744));
#6953=EDGE_LOOP('',(#745));
#6954=EDGE_LOOP('',(#746,#747,#748,#749,#750,#751));
#6955=EDGE_LOOP('',(#752,#753,#754,#755,#756,#757));
#6956=EDGE_LOOP('',(#758,#759,#760,#761,#762,#763));
#6957=EDGE_LOOP('',(#764,#765,#766,#767,#768,#769));
#6958=EDGE_LOOP('',(#770,#771,#772,#773,#774,#775));
#6959=EDGE_LOOP('',(#776,#777,#778,#779,#780,#781));
#6960=EDGE_LOOP('',(#782,#783,#784,#785,#786,#787));
#6961=EDGE_LOOP('',(#788,#789,#790,#791));
#6962=EDGE_LOOP('',(#792,#793,#794,#795));
#6963=EDGE_LOOP('',(#796));
#6964=EDGE_LOOP('',(#797,#798,#799,#800));
#6965=EDGE_LOOP('',(#801,#802,#803,#804,#805,#806));
#6966=EDGE_LOOP('',(#807,#808,#809,#810,#811,#812));
#6967=EDGE_LOOP('',(#813,#814,#815,#816,#817,#818));
#6968=EDGE_LOOP('',(#819,#820,#821,#822,#823,#824));
#6969=EDGE_LOOP('',(#825,#826,#827,#828,#829,#830));
#6970=EDGE_LOOP('',(#831,#832,#833,#834,#835,#836));
#6971=EDGE_LOOP('',(#837,#838,#839,#840,#841,#842));
#6972=EDGE_LOOP('',(#843,#844,#845,#846,#847,#848,#849));
#6973=EDGE_LOOP('',(#850,#851,#852,#853));
#6974=EDGE_LOOP('',(#854));
#6975=EDGE_LOOP('',(#855,#856,#857,#858));
#6976=EDGE_LOOP('',(#859,#860,#861,#862));
#6977=EDGE_LOOP('',(#863,#864,#865,#866));
#6978=EDGE_LOOP('',(#867,#868,#869,#870));
#6979=EDGE_LOOP('',(#871,#872,#873,#874,#875,#876,#877,#878,#879,#880,#881,#882,#883,#884,#885,#886,#887,#888,#889,#890,#891,#892,#893,#894));
#6980=EDGE_LOOP('',(#895,#896,#897,#898,#899,#900));
#6981=EDGE_LOOP('',(#901,#902,#903,#904,#905,#906));
#6982=EDGE_LOOP('',(#907,#908,#909,#910,#911,#912));
#6983=EDGE_LOOP('',(#913,#914,#915,#916,#917,#918));
#6984=EDGE_LOOP('',(#919,#920,#921,#922,#923,#924));
#6985=EDGE_LOOP('',(#925,#926,#927,#928,#929,#930));
#6986=EDGE_LOOP('',(#931,#932,#933,#934,#935,#936,#937));
#6987=EDGE_LOOP('',(#938,#939,#940,#941));
#6988=EDGE_LOOP('',(#942));
#6989=EDGE_LOOP('',(#943,#944,#945,#946));
#6990=EDGE_LOOP('',(#947,#948,#949,#950));
#6991=EDGE_LOOP('',(#951,#952,#953,#954));
#6992=EDGE_LOOP('',(#955));
#6993=EDGE_LOOP('',(#956));
#6994=EDGE_LOOP('',(#957));
#6995=EDGE_LOOP('',(#958));
#6996=EDGE_LOOP('',(#959));
#6997=EDGE_LOOP('',(#960));
#6998=EDGE_LOOP('',(#961));
#6999=EDGE_LOOP('',(#962));
#7000=EDGE_LOOP('',(#963));
#7001=EDGE_LOOP('',(#964));
#7002=EDGE_LOOP('',(#965));
#7003=EDGE_LOOP('',(#966));
#7004=EDGE_LOOP('',(#967));
#7005=EDGE_LOOP('',(#968));
#7006=EDGE_LOOP('',(#969));
#7007=EDGE_LOOP('',(#970));
#7008=EDGE_LOOP('',(#971));
#7009=EDGE_LOOP('',(#972));
#7010=EDGE_LOOP('',(#973,#974,#975,#976,#977,#978,#979,#980,#981,#982,#983,#984));
#7011=EDGE_LOOP('',(#985,#986,#987,#988,#989,#990,#991,#992,#993,#994,#995,#996,#997,#998,#999,#1000));
#7012=EDGE_LOOP('',(#1001,#1002,#1003,#1004));
#7013=EDGE_LOOP('',(#1005,#1006,#1007,#1008));
#7014=EDGE_LOOP('',(#1009,#1010,#1011,#1012));
#7015=EDGE_LOOP('',(#1013,#1014,#1015,#1016));
#7016=EDGE_LOOP('',(#1017));
#7017=EDGE_LOOP('',(#1018));
#7018=EDGE_LOOP('',(#1019));
#7019=EDGE_LOOP('',(#1020));
#7020=EDGE_LOOP('',(#1021,#1022,#1023,#1024));
#7021=EDGE_LOOP('',(#1025,#1026,#1027,#1028));
#7022=EDGE_LOOP('',(#1029,#1030,#1031,#1032));
#7023=EDGE_LOOP('',(#1033,#1034,#1035,#1036,#1037,#1038,#1039,#1040,#1041,#1042,#1043,#1044));
#7024=EDGE_LOOP('',(#1045,#1046,#1047,#1048));
#7025=EDGE_LOOP('',(#1049,#1050,#1051,#1052));
#7026=EDGE_LOOP('',(#1053,#1054,#1055,#1056));
#7027=EDGE_LOOP('',(#1057,#1058,#1059,#1060));
#7028=EDGE_LOOP('',(#1061,#1062,#1063,#1064,#1065,#1066,#1067,#1068));
#7029=EDGE_LOOP('',(#1069,#1070,#1071,#1072,#1073,#1074,#1075,#1076,#1077,#1078,#1079,#1080,#1081,#1082,#1083,#1084,#1085,#1086,#1087,#1088,#1089));
#7030=EDGE_LOOP('',(#1090));
#7031=EDGE_LOOP('',(#1091));
#7032=EDGE_LOOP('',(#1092));
#7033=EDGE_LOOP('',(#1093));
#7034=EDGE_LOOP('',(#1094));
#7035=EDGE_LOOP('',(#1095,#1096,#1097,#1098));
#7036=EDGE_LOOP('',(#1099,#1100,#1101,#1102));
#7037=EDGE_LOOP('',(#1103));
#7038=EDGE_LOOP('',(#1104));
#7039=EDGE_LOOP('',(#1105,#1106,#1107,#1108));
#7040=EDGE_LOOP('',(#1109));
#7041=EDGE_LOOP('',(#1110,#1111,#1112,#1113,#1114));
#7042=EDGE_LOOP('',(#1115));
#7043=EDGE_LOOP('',(#1116));
#7044=EDGE_LOOP('',(#1117));
#7045=EDGE_LOOP('',(#1118));
#7046=EDGE_LOOP('',(#1119));
#7047=EDGE_LOOP('',(#1120));
#7048=EDGE_LOOP('',(#1121));
#7049=EDGE_LOOP('',(#1122));
#7050=EDGE_LOOP('',(#1123));
#7051=EDGE_LOOP('',(#1124));
#7052=EDGE_LOOP('',(#1125));
#7053=EDGE_LOOP('',(#1126));
#7054=EDGE_LOOP('',(#1127));
#7055=EDGE_LOOP('',(#1128));
#7056=EDGE_LOOP('',(#1129));
#7057=EDGE_LOOP('',(#1130));
#7058=EDGE_LOOP('',(#1131));
#7059=EDGE_LOOP('',(#1132));
#7060=EDGE_LOOP('',(#1133,#1134,#1135,#1136));
#7061=EDGE_LOOP('',(#1137,#1138,#1139,#1140));
#7062=EDGE_LOOP('',(#1141,#1142,#1143,#1144));
#7063=EDGE_LOOP('',(#1145));
#7064=EDGE_LOOP('',(#1146));
#7065=EDGE_LOOP('',(#1147,#1148,#1149,#1150));
#7066=EDGE_LOOP('',(#1151));
#7067=EDGE_LOOP('',(#1152));
#7068=EDGE_LOOP('',(#1153));
#7069=EDGE_LOOP('',(#1154));
#7070=EDGE_LOOP('',(#1155));
#7071=EDGE_LOOP('',(#1156));
#7072=EDGE_LOOP('',(#1157));
#7073=EDGE_LOOP('',(#1158,#1159,#1160,#1161));
#7074=EDGE_LOOP('',(#1162,#1163,#1164,#1165));
#7075=EDGE_LOOP('',(#1166,#1167,#1168,#1169));
#7076=EDGE_LOOP('',(#1170));
#7077=EDGE_LOOP('',(#1171));
#7078=EDGE_LOOP('',(#1172,#1173,#1174,#1175));
#7079=EDGE_LOOP('',(#1176));
#7080=EDGE_LOOP('',(#1177));
#7081=EDGE_LOOP('',(#1178));
#7082=EDGE_LOOP('',(#1179));
#7083=EDGE_LOOP('',(#1180));
#7084=EDGE_LOOP('',(#1181));
#7085=EDGE_LOOP('',(#1182));
#7086=EDGE_LOOP('',(#1183,#1184,#1185,#1186));
#7087=EDGE_LOOP('',(#1187,#1188,#1189,#1190,#1191,#1192,#1193,#1194));
#7088=EDGE_LOOP('',(#1195,#1196,#1197,#1198,#1199,#1200,#1201,#1202));
#7089=EDGE_LOOP('',(#1203,#1204,#1205,#1206));
#7090=EDGE_LOOP('',(#1207,#1208,#1209,#1210));
#7091=EDGE_LOOP('',(#1211,#1212,#1213,#1214,#1215,#1216,#1217,#1218));
#7092=EDGE_LOOP('',(#1219,#1220,#1221,#1222,#1223,#1224,#1225,#1226));
#7093=EDGE_LOOP('',(#1227,#1228,#1229,#1230));
#7094=EDGE_LOOP('',(#1231,#1232,#1233,#1234,#1235,#1236,#1237,#1238));
#7095=EDGE_LOOP('',(#1239,#1240,#1241,#1242));
#7096=EDGE_LOOP('',(#1243,#1244,#1245,#1246));
#7097=EDGE_LOOP('',(#1247,#1248,#1249,#1250,#1251,#1252,#1253,#1254));
#7098=EDGE_LOOP('',(#1255,#1256,#1257,#1258,#1259,#1260));
#7099=EDGE_LOOP('',(#1261,#1262,#1263,#1264));
#7100=EDGE_LOOP('',(#1265,#1266,#1267,#1268));
#7101=EDGE_LOOP('',(#1269,#1270,#1271,#1272,#1273,#1274));
#7102=EDGE_LOOP('',(#1275,#1276,#1277,#1278,#1279,#1280));
#7103=EDGE_LOOP('',(#1281,#1282,#1283,#1284));
#7104=EDGE_LOOP('',(#1285,#1286,#1287,#1288));
#7105=EDGE_LOOP('',(#1289,#1290,#1291,#1292,#1293,#1294));
#7106=EDGE_LOOP('',(#1295,#1296,#1297,#1298,#1299,#1300));
#7107=EDGE_LOOP('',(#1301,#1302,#1303,#1304));
#7108=EDGE_LOOP('',(#1305,#1306,#1307,#1308));
#7109=EDGE_LOOP('',(#1309,#1310,#1311,#1312,#1313,#1314));
#7110=EDGE_LOOP('',(#1315));
#7111=EDGE_LOOP('',(#1316));
#7112=EDGE_LOOP('',(#1317,#1318,#1319,#1320));
#7113=EDGE_LOOP('',(#1321,#1322,#1323,#1324));
#7114=EDGE_LOOP('',(#1325,#1326,#1327,#1328));
#7115=EDGE_LOOP('',(#1329,#1330,#1331,#1332));
#7116=EDGE_LOOP('',(#1333,#1334,#1335,#1336));
#7117=EDGE_LOOP('',(#1337,#1338,#1339,#1340));
#7118=EDGE_LOOP('',(#1341,#1342,#1343,#1344));
#7119=EDGE_LOOP('',(#1345,#1346,#1347,#1348));
#7120=EDGE_LOOP('',(#1349,#1350,#1351,#1352));
#7121=EDGE_LOOP('',(#1353,#1354,#1355,#1356));
#7122=EDGE_LOOP('',(#1357,#1358,#1359,#1360));
#7123=EDGE_LOOP('',(#1361,#1362,#1363,#1364));
#7124=EDGE_LOOP('',(#1365,#1366,#1367,#1368));
#7125=EDGE_LOOP('',(#1369,#1370,#1371,#1372,#1373,#1374));
#7126=EDGE_LOOP('',(#1375,#1376,#1377,#1378,#1379,#1380));
#7127=EDGE_LOOP('',(#1381,#1382,#1383,#1384));
#7128=EDGE_LOOP('',(#1385,#1386,#1387,#1388,#1389,#1390,#1391,#1392));
#7129=EDGE_LOOP('',(#1393,#1394,#1395,#1396));
#7130=EDGE_LOOP('',(#1397,#1398,#1399,#1400,#1401,#1402));
#7131=EDGE_LOOP('',(#1403,#1404,#1405,#1406));
#7132=EDGE_LOOP('',(#1407,#1408,#1409,#1410,#1411,#1412,#1413,#1414));
#7133=EDGE_LOOP('',(#1415,#1416,#1417,#1418));
#7134=EDGE_LOOP('',(#1419));
#7135=EDGE_LOOP('',(#1420));
#7136=EDGE_LOOP('',(#1421));
#7137=EDGE_LOOP('',(#1422));
#7138=EDGE_LOOP('',(#1423,#1424,#1425,#1426));
#7139=EDGE_LOOP('',(#1427));
#7140=EDGE_LOOP('',(#1428));
#7141=EDGE_LOOP('',(#1429,#1430,#1431,#1432,#1433,#1434,#1435,#1436));
#7142=EDGE_LOOP('',(#1437,#1438,#1439,#1440,#1441));
#7143=EDGE_LOOP('',(#1442,#1443,#1444,#1445,#1446));
#7144=EDGE_LOOP('',(#1447,#1448,#1449,#1450));
#7145=EDGE_LOOP('',(#1451,#1452,#1453,#1454,#1455,#1456));
#7146=EDGE_LOOP('',(#1457,#1458,#1459,#1460));
#7147=EDGE_LOOP('',(#1461,#1462,#1463,#1464,#1465));
#7148=EDGE_LOOP('',(#1466));
#7149=EDGE_LOOP('',(#1467));
#7150=EDGE_LOOP('',(#1468,#1469,#1470,#1471,#1472));
#7151=EDGE_LOOP('',(#1473));
#7152=EDGE_LOOP('',(#1474));
#7153=EDGE_LOOP('',(#1475,#1476,#1477,#1478,#1479,#1480,#1481,#1482));
#7154=EDGE_LOOP('',(#1483));
#7155=EDGE_LOOP('',(#1484));
#7156=EDGE_LOOP('',(#1485,#1486,#1487,#1488,#1489,#1490,#1491,#1492));
#7157=EDGE_LOOP('',(#1493));
#7158=EDGE_LOOP('',(#1494));
#7159=EDGE_LOOP('',(#1495));
#7160=EDGE_LOOP('',(#1496));
#7161=EDGE_LOOP('',(#1497));
#7162=EDGE_LOOP('',(#1498));
#7163=EDGE_LOOP('',(#1499));
#7164=EDGE_LOOP('',(#1500));
#7165=EDGE_LOOP('',(#1501));
#7166=EDGE_LOOP('',(#1502));
#7167=EDGE_LOOP('',(#1503));
#7168=EDGE_LOOP('',(#1504));
#7169=EDGE_LOOP('',(#1505));
#7170=EDGE_LOOP('',(#1506));
#7171=EDGE_LOOP('',(#1507));
#7172=EDGE_LOOP('',(#1508));
#7173=EDGE_LOOP('',(#1509,#1510,#1511,#1512,#1513,#1514,#1515,#1516,#1517,#1518,#1519,#1520));
#7174=EDGE_LOOP('',(#1521,#1522,#1523,#1524,#1525,#1526));
#7175=EDGE_LOOP('',(#1527,#1528,#1529,#1530,#1531,#1532,#1533,#1534));
#7176=EDGE_LOOP('',(#1535,#1536,#1537,#1538));
#7177=EDGE_LOOP('',(#1539,#1540,#1541,#1542,#1543,#1544,#1545,#1546));
#7178=EDGE_LOOP('',(#1547,#1548,#1549,#1550));
#7179=EDGE_LOOP('',(#1551));
#7180=EDGE_LOOP('',(#1552));
#7181=EDGE_LOOP('',(#1553));
#7182=EDGE_LOOP('',(#1554));
#7183=EDGE_LOOP('',(#1555,#1556,#1557,#1558));
#7184=EDGE_LOOP('',(#1559,#1560,#1561,#1562));
#7185=EDGE_LOOP('',(#1563));
#7186=EDGE_LOOP('',(#1564));
#7187=EDGE_LOOP('',(#1565,#1566,#1567,#1568));
#7188=EDGE_LOOP('',(#1569,#1570,#1571,#1572));
#7189=EDGE_LOOP('',(#1573,#1574,#1575,#1576,#1577,#1578));
#7190=EDGE_LOOP('',(#1579,#1580,#1581,#1582,#1583,#1584));
#7191=EDGE_LOOP('',(#1585,#1586,#1587,#1588));
#7192=EDGE_LOOP('',(#1589,#1590,#1591));
#7193=EDGE_LOOP('',(#1592,#1593,#1594,#1595));
#7194=EDGE_LOOP('',(#1596,#1597,#1598,#1599));
#7195=EDGE_LOOP('',(#1600,#1601,#1602,#1603));
#7196=EDGE_LOOP('',(#1604,#1605,#1606,#1607));
#7197=EDGE_LOOP('',(#1608,#1609,#1610));
#7198=EDGE_LOOP('',(#1611,#1612,#1613));
#7199=EDGE_LOOP('',(#1614,#1615,#1616,#1617));
#7200=EDGE_LOOP('',(#1618,#1619,#1620,#1621));
#7201=EDGE_LOOP('',(#1622,#1623,#1624));
#7202=EDGE_LOOP('',(#1625,#1626,#1627,#1628));
#7203=EDGE_LOOP('',(#1629));
#7204=EDGE_LOOP('',(#1630,#1631,#1632,#1633,#1634,#1635,#1636,#1637));
#7205=EDGE_LOOP('',(#1638,#1639,#1640,#1641));
#7206=EDGE_LOOP('',(#1642,#1643,#1644,#1645));
#7207=EDGE_LOOP('',(#1646,#1647,#1648,#1649));
#7208=EDGE_LOOP('',(#1650,#1651,#1652,#1653));
#7209=EDGE_LOOP('',(#1654,#1655,#1656,#1657));
#7210=EDGE_LOOP('',(#1658,#1659,#1660,#1661));
#7211=EDGE_LOOP('',(#1662));
#7212=EDGE_LOOP('',(#1663));
#7213=EDGE_LOOP('',(#1664));
#7214=EDGE_LOOP('',(#1665));
#7215=EDGE_LOOP('',(#1666,#1667,#1668,#1669,#1670,#1671,#1672,#1673));
#7216=EDGE_LOOP('',(#1674,#1675,#1676,#1677,#1678,#1679,#1680,#1681));
#7217=EDGE_LOOP('',(#1682,#1683,#1684,#1685));
#7218=EDGE_LOOP('',(#1686,#1687,#1688,#1689));
#7219=EDGE_LOOP('',(#1690,#1691,#1692,#1693));
#7220=EDGE_LOOP('',(#1694));
#7221=EDGE_LOOP('',(#1695));
#7222=EDGE_LOOP('',(#1696));
#7223=EDGE_LOOP('',(#1697));
#7224=EDGE_LOOP('',(#1698));
#7225=EDGE_LOOP('',(#1699));
#7226=EDGE_LOOP('',(#1700));
#7227=EDGE_LOOP('',(#1701));
#7228=EDGE_LOOP('',(#1702,#1703,#1704,#1705));
#7229=EDGE_LOOP('',(#1706,#1707,#1708,#1709));
#7230=EDGE_LOOP('',(#1710,#1711,#1712,#1713));
#7231=EDGE_LOOP('',(#1714,#1715,#1716,#1717));
#7232=EDGE_LOOP('',(#1718,#1719,#1720,#1721));
#7233=EDGE_LOOP('',(#1722,#1723,#1724,#1725));
#7234=EDGE_LOOP('',(#1726,#1727,#1728,#1729));
#7235=EDGE_LOOP('',(#1730,#1731,#1732,#1733));
#7236=EDGE_LOOP('',(#1734,#1735,#1736,#1737));
#7237=EDGE_LOOP('',(#1738,#1739,#1740,#1741));
#7238=EDGE_LOOP('',(#1742,#1743,#1744,#1745));
#7239=EDGE_LOOP('',(#1746,#1747,#1748,#1749));
#7240=EDGE_LOOP('',(#1750,#1751,#1752,#1753));
#7241=EDGE_LOOP('',(#1754,#1755,#1756,#1757));
#7242=EDGE_LOOP('',(#1758,#1759,#1760,#1761));
#7243=EDGE_LOOP('',(#1762,#1763,#1764,#1765));
#7244=EDGE_LOOP('',(#1766,#1767,#1768,#1769));
#7245=EDGE_LOOP('',(#1770,#1771,#1772,#1773));
#7246=EDGE_LOOP('',(#1774,#1775,#1776,#1777));
#7247=EDGE_LOOP('',(#1778,#1779,#1780,#1781));
#7248=EDGE_LOOP('',(#1782,#1783,#1784,#1785));
#7249=EDGE_LOOP('',(#1786,#1787,#1788,#1789));
#7250=EDGE_LOOP('',(#1790,#1791,#1792,#1793));
#7251=EDGE_LOOP('',(#1794,#1795,#1796,#1797));
#7252=EDGE_LOOP('',(#1798,#1799,#1800,#1801));
#7253=EDGE_LOOP('',(#1802,#1803,#1804,#1805));
#7254=EDGE_LOOP('',(#1806,#1807,#1808,#1809));
#7255=EDGE_LOOP('',(#1810,#1811,#1812,#1813));
#7256=EDGE_LOOP('',(#1814,#1815,#1816,#1817));
#7257=EDGE_LOOP('',(#1818,#1819,#1820,#1821));
#7258=EDGE_LOOP('',(#1822,#1823,#1824,#1825));
#7259=EDGE_LOOP('',(#1826,#1827,#1828,#1829));
#7260=EDGE_LOOP('',(#1830,#1831,#1832,#1833));
#7261=EDGE_LOOP('',(#1834,#1835,#1836,#1837));
#7262=EDGE_LOOP('',(#1838,#1839,#1840,#1841));
#7263=EDGE_LOOP('',(#1842,#1843,#1844,#1845));
#7264=EDGE_LOOP('',(#1846,#1847,#1848,#1849));
#7265=EDGE_LOOP('',(#1850,#1851,#1852,#1853));
#7266=EDGE_LOOP('',(#1854,#1855,#1856,#1857));
#7267=EDGE_LOOP('',(#1858,#1859,#1860,#1861));
#7268=EDGE_LOOP('',(#1862,#1863,#1864,#1865));
#7269=EDGE_LOOP('',(#1866,#1867,#1868,#1869));
#7270=EDGE_LOOP('',(#1870,#1871,#1872,#1873));
#7271=EDGE_LOOP('',(#1874,#1875,#1876,#1877));
#7272=EDGE_LOOP('',(#1878,#1879,#1880,#1881));
#7273=EDGE_LOOP('',(#1882,#1883,#1884,#1885));
#7274=EDGE_LOOP('',(#1886,#1887,#1888,#1889));
#7275=EDGE_LOOP('',(#1890,#1891,#1892,#1893));
#7276=EDGE_LOOP('',(#1894,#1895,#1896,#1897));
#7277=EDGE_LOOP('',(#1898,#1899,#1900,#1901));
#7278=EDGE_LOOP('',(#1902,#1903,#1904,#1905));
#7279=EDGE_LOOP('',(#1906,#1907,#1908,#1909));
#7280=EDGE_LOOP('',(#1910,#1911,#1912,#1913));
#7281=EDGE_LOOP('',(#1914,#1915,#1916,#1917));
#7282=EDGE_LOOP('',(#1918,#1919,#1920,#1921));
#7283=EDGE_LOOP('',(#1922,#1923,#1924,#1925));
#7284=EDGE_LOOP('',(#1926,#1927,#1928,#1929));
#7285=EDGE_LOOP('',(#1930,#1931,#1932,#1933));
#7286=EDGE_LOOP('',(#1934,#1935,#1936,#1937));
#7287=EDGE_LOOP('',(#1938,#1939,#1940,#1941));
#7288=EDGE_LOOP('',(#1942,#1943,#1944,#1945));
#7289=EDGE_LOOP('',(#1946,#1947,#1948,#1949));
#7290=EDGE_LOOP('',(#1950,#1951,#1952,#1953));
#7291=EDGE_LOOP('',(#1954,#1955,#1956,#1957));
#7292=EDGE_LOOP('',(#1958,#1959,#1960,#1961));
#7293=EDGE_LOOP('',(#1962,#1963,#1964,#1965));
#7294=EDGE_LOOP('',(#1966,#1967,#1968,#1969));
#7295=EDGE_LOOP('',(#1970,#1971,#1972,#1973));
#7296=EDGE_LOOP('',(#1974,#1975,#1976,#1977));
#7297=EDGE_LOOP('',(#1978,#1979,#1980,#1981));
#7298=EDGE_LOOP('',(#1982,#1983,#1984,#1985));
#7299=EDGE_LOOP('',(#1986,#1987,#1988,#1989));
#7300=EDGE_LOOP('',(#1990,#1991,#1992,#1993));
#7301=EDGE_LOOP('',(#1994,#1995,#1996,#1997));
#7302=EDGE_LOOP('',(#1998,#1999,#2000,#2001));
#7303=EDGE_LOOP('',(#2002,#2003,#2004,#2005));
#7304=EDGE_LOOP('',(#2006,#2007,#2008,#2009));
#7305=EDGE_LOOP('',(#2010,#2011,#2012,#2013));
#7306=EDGE_LOOP('',(#2014,#2015,#2016,#2017));
#7307=EDGE_LOOP('',(#2018,#2019,#2020,#2021));
#7308=EDGE_LOOP('',(#2022,#2023,#2024,#2025));
#7309=EDGE_LOOP('',(#2026,#2027,#2028,#2029));
#7310=EDGE_LOOP('',(#2030,#2031,#2032,#2033));
#7311=EDGE_LOOP('',(#2034,#2035,#2036,#2037));
#7312=EDGE_LOOP('',(#2038,#2039,#2040,#2041));
#7313=EDGE_LOOP('',(#2042,#2043,#2044,#2045));
#7314=EDGE_LOOP('',(#2046,#2047,#2048,#2049));
#7315=EDGE_LOOP('',(#2050,#2051,#2052,#2053));
#7316=EDGE_LOOP('',(#2054,#2055,#2056,#2057));
#7317=EDGE_LOOP('',(#2058,#2059,#2060,#2061));
#7318=EDGE_LOOP('',(#2062,#2063,#2064,#2065));
#7319=EDGE_LOOP('',(#2066,#2067,#2068,#2069));
#7320=EDGE_LOOP('',(#2070,#2071,#2072,#2073));
#7321=EDGE_LOOP('',(#2074,#2075,#2076,#2077));
#7322=EDGE_LOOP('',(#2078,#2079,#2080,#2081));
#7323=EDGE_LOOP('',(#2082,#2083,#2084,#2085));
#7324=EDGE_LOOP('',(#2086,#2087,#2088,#2089));
#7325=EDGE_LOOP('',(#2090,#2091,#2092,#2093));
#7326=EDGE_LOOP('',(#2094,#2095,#2096,#2097));
#7327=EDGE_LOOP('',(#2098,#2099,#2100,#2101));
#7328=EDGE_LOOP('',(#2102,#2103,#2104,#2105));
#7329=EDGE_LOOP('',(#2106,#2107,#2108,#2109));
#7330=EDGE_LOOP('',(#2110,#2111,#2112,#2113));
#7331=EDGE_LOOP('',(#2114,#2115,#2116,#2117));
#7332=EDGE_LOOP('',(#2118,#2119,#2120,#2121));
#7333=EDGE_LOOP('',(#2122,#2123,#2124,#2125));
#7334=EDGE_LOOP('',(#2126,#2127,#2128,#2129));
#7335=EDGE_LOOP('',(#2130,#2131,#2132,#2133));
#7336=EDGE_LOOP('',(#2134,#2135,#2136,#2137));
#7337=EDGE_LOOP('',(#2138,#2139,#2140,#2141));
#7338=EDGE_LOOP('',(#2142,#2143,#2144,#2145));
#7339=EDGE_LOOP('',(#2146,#2147,#2148,#2149));
#7340=EDGE_LOOP('',(#2150,#2151,#2152,#2153));
#7341=EDGE_LOOP('',(#2154,#2155,#2156,#2157));
#7342=EDGE_LOOP('',(#2158,#2159,#2160,#2161));
#7343=EDGE_LOOP('',(#2162,#2163,#2164,#2165));
#7344=EDGE_LOOP('',(#2166,#2167,#2168,#2169));
#7345=EDGE_LOOP('',(#2170,#2171,#2172,#2173));
#7346=EDGE_LOOP('',(#2174,#2175,#2176,#2177));
#7347=EDGE_LOOP('',(#2178,#2179,#2180,#2181));
#7348=EDGE_LOOP('',(#2182,#2183,#2184,#2185));
#7349=EDGE_LOOP('',(#2186,#2187,#2188,#2189));
#7350=EDGE_LOOP('',(#2190,#2191,#2192,#2193));
#7351=EDGE_LOOP('',(#2194,#2195,#2196,#2197));
#7352=EDGE_LOOP('',(#2198,#2199,#2200,#2201));
#7353=EDGE_LOOP('',(#2202,#2203,#2204,#2205));
#7354=EDGE_LOOP('',(#2206,#2207,#2208,#2209));
#7355=EDGE_LOOP('',(#2210,#2211,#2212,#2213));
#7356=EDGE_LOOP('',(#2214,#2215,#2216,#2217));
#7357=EDGE_LOOP('',(#2218,#2219,#2220,#2221));
#7358=EDGE_LOOP('',(#2222,#2223,#2224,#2225));
#7359=EDGE_LOOP('',(#2226,#2227,#2228,#2229));
#7360=EDGE_LOOP('',(#2230,#2231,#2232,#2233));
#7361=EDGE_LOOP('',(#2234,#2235,#2236,#2237));
#7362=EDGE_LOOP('',(#2238,#2239,#2240,#2241));
#7363=EDGE_LOOP('',(#2242,#2243,#2244,#2245));
#7364=EDGE_LOOP('',(#2246,#2247,#2248,#2249));
#7365=EDGE_LOOP('',(#2250,#2251,#2252,#2253));
#7366=EDGE_LOOP('',(#2254,#2255,#2256,#2257));
#7367=EDGE_LOOP('',(#2258,#2259,#2260,#2261));
#7368=EDGE_LOOP('',(#2262,#2263,#2264,#2265));
#7369=EDGE_LOOP('',(#2266,#2267,#2268,#2269));
#7370=EDGE_LOOP('',(#2270,#2271,#2272,#2273));
#7371=EDGE_LOOP('',(#2274,#2275,#2276,#2277));
#7372=EDGE_LOOP('',(#2278,#2279,#2280,#2281));
#7373=EDGE_LOOP('',(#2282,#2283,#2284,#2285));
#7374=EDGE_LOOP('',(#2286,#2287,#2288,#2289));
#7375=EDGE_LOOP('',(#2290,#2291,#2292,#2293));
#7376=EDGE_LOOP('',(#2294,#2295,#2296,#2297));
#7377=EDGE_LOOP('',(#2298,#2299,#2300,#2301));
#7378=EDGE_LOOP('',(#2302,#2303,#2304,#2305));
#7379=EDGE_LOOP('',(#2306,#2307,#2308,#2309));
#7380=EDGE_LOOP('',(#2310,#2311,#2312,#2313));
#7381=EDGE_LOOP('',(#2314,#2315,#2316,#2317));
#7382=EDGE_LOOP('',(#2318,#2319,#2320,#2321));
#7383=EDGE_LOOP('',(#2322,#2323,#2324,#2325));
#7384=EDGE_LOOP('',(#2326,#2327,#2328,#2329));
#7385=EDGE_LOOP('',(#2330,#2331,#2332,#2333));
#7386=EDGE_LOOP('',(#2334,#2335,#2336,#2337));
#7387=EDGE_LOOP('',(#2338,#2339,#2340,#2341));
#7388=EDGE_LOOP('',(#2342,#2343,#2344,#2345));
#7389=EDGE_LOOP('',(#2346,#2347,#2348,#2349));
#7390=EDGE_LOOP('',(#2350,#2351,#2352,#2353));
#7391=EDGE_LOOP('',(#2354,#2355,#2356,#2357));
#7392=EDGE_LOOP('',(#2358,#2359,#2360,#2361));
#7393=EDGE_LOOP('',(#2362,#2363,#2364,#2365));
#7394=EDGE_LOOP('',(#2366,#2367,#2368,#2369));
#7395=EDGE_LOOP('',(#2370,#2371,#2372,#2373));
#7396=EDGE_LOOP('',(#2374,#2375,#2376,#2377));
#7397=EDGE_LOOP('',(#2378,#2379,#2380,#2381));
#7398=EDGE_LOOP('',(#2382,#2383,#2384,#2385));
#7399=EDGE_LOOP('',(#2386,#2387,#2388,#2389));
#7400=EDGE_LOOP('',(#2390,#2391,#2392,#2393));
#7401=EDGE_LOOP('',(#2394,#2395,#2396,#2397));
#7402=EDGE_LOOP('',(#2398,#2399,#2400,#2401));
#7403=EDGE_LOOP('',(#2402,#2403,#2404,#2405));
#7404=EDGE_LOOP('',(#2406,#2407,#2408,#2409));
#7405=EDGE_LOOP('',(#2410,#2411,#2412,#2413));
#7406=EDGE_LOOP('',(#2414,#2415,#2416,#2417,#2418));
#7407=EDGE_LOOP('',(#2419,#2420,#2421,#2422,#2423,#2424));
#7408=EDGE_LOOP('',(#2425,#2426,#2427,#2428));
#7409=EDGE_LOOP('',(#2429,#2430,#2431,#2432));
#7410=EDGE_LOOP('',(#2433,#2434,#2435,#2436));
#7411=EDGE_LOOP('',(#2437,#2438,#2439,#2440));
#7412=EDGE_LOOP('',(#2441,#2442,#2443,#2444));
#7413=EDGE_LOOP('',(#2445,#2446,#2447,#2448));
#7414=EDGE_LOOP('',(#2449,#2450,#2451,#2452));
#7415=EDGE_LOOP('',(#2453,#2454,#2455,#2456));
#7416=EDGE_LOOP('',(#2457,#2458,#2459,#2460));
#7417=EDGE_LOOP('',(#2461,#2462,#2463,#2464));
#7418=EDGE_LOOP('',(#2465,#2466,#2467,#2468));
#7419=EDGE_LOOP('',(#2469,#2470,#2471,#2472));
#7420=EDGE_LOOP('',(#2473,#2474,#2475,#2476));
#7421=EDGE_LOOP('',(#2477,#2478,#2479,#2480));
#7422=EDGE_LOOP('',(#2481,#2482,#2483,#2484));
#7423=EDGE_LOOP('',(#2485,#2486,#2487,#2488));
#7424=EDGE_LOOP('',(#2489,#2490,#2491,#2492));
#7425=EDGE_LOOP('',(#2493,#2494,#2495,#2496));
#7426=EDGE_LOOP('',(#2497,#2498,#2499,#2500));
#7427=EDGE_LOOP('',(#2501,#2502,#2503,#2504));
#7428=EDGE_LOOP('',(#2505,#2506,#2507,#2508));
#7429=EDGE_LOOP('',(#2509,#2510,#2511,#2512));
#7430=EDGE_LOOP('',(#2513,#2514,#2515,#2516));
#7431=EDGE_LOOP('',(#2517,#2518,#2519,#2520));
#7432=EDGE_LOOP('',(#2521,#2522,#2523,#2524));
#7433=EDGE_LOOP('',(#2525,#2526,#2527,#2528));
#7434=EDGE_LOOP('',(#2529,#2530,#2531,#2532));
#7435=EDGE_LOOP('',(#2533,#2534,#2535,#2536));
#7436=EDGE_LOOP('',(#2537,#2538,#2539,#2540));
#7437=EDGE_LOOP('',(#2541,#2542,#2543,#2544));
#7438=EDGE_LOOP('',(#2545,#2546,#2547,#2548));
#7439=EDGE_LOOP('',(#2549,#2550,#2551,#2552));
#7440=EDGE_LOOP('',(#2553,#2554,#2555,#2556));
#7441=EDGE_LOOP('',(#2557,#2558,#2559,#2560));
#7442=EDGE_LOOP('',(#2561,#2562,#2563,#2564));
#7443=EDGE_LOOP('',(#2565,#2566,#2567,#2568));
#7444=EDGE_LOOP('',(#2569,#2570,#2571,#2572));
#7445=EDGE_LOOP('',(#2573,#2574,#2575,#2576));
#7446=EDGE_LOOP('',(#2577,#2578,#2579,#2580));
#7447=EDGE_LOOP('',(#2581,#2582,#2583,#2584));
#7448=EDGE_LOOP('',(#2585,#2586,#2587,#2588));
#7449=EDGE_LOOP('',(#2589,#2590,#2591,#2592));
#7450=EDGE_LOOP('',(#2593,#2594,#2595,#2596));
#7451=EDGE_LOOP('',(#2597,#2598,#2599,#2600));
#7452=EDGE_LOOP('',(#2601,#2602,#2603,#2604));
#7453=EDGE_LOOP('',(#2605,#2606,#2607,#2608));
#7454=EDGE_LOOP('',(#2609,#2610,#2611,#2612));
#7455=EDGE_LOOP('',(#2613,#2614,#2615,#2616));
#7456=EDGE_LOOP('',(#2617,#2618,#2619,#2620));
#7457=EDGE_LOOP('',(#2621,#2622,#2623,#2624));
#7458=EDGE_LOOP('',(#2625,#2626,#2627,#2628));
#7459=EDGE_LOOP('',(#2629,#2630,#2631,#2632));
#7460=EDGE_LOOP('',(#2633,#2634,#2635,#2636));
#7461=EDGE_LOOP('',(#2637,#2638,#2639,#2640));
#7462=EDGE_LOOP('',(#2641,#2642,#2643,#2644));
#7463=EDGE_LOOP('',(#2645,#2646,#2647,#2648));
#7464=EDGE_LOOP('',(#2649,#2650,#2651,#2652));
#7465=EDGE_LOOP('',(#2653,#2654,#2655,#2656));
#7466=EDGE_LOOP('',(#2657,#2658,#2659,#2660));
#7467=EDGE_LOOP('',(#2661,#2662,#2663,#2664));
#7468=EDGE_LOOP('',(#2665,#2666,#2667,#2668));
#7469=EDGE_LOOP('',(#2669,#2670,#2671,#2672));
#7470=EDGE_LOOP('',(#2673,#2674,#2675,#2676));
#7471=EDGE_LOOP('',(#2677,#2678,#2679,#2680));
#7472=EDGE_LOOP('',(#2681,#2682,#2683,#2684));
#7473=EDGE_LOOP('',(#2685,#2686,#2687,#2688));
#7474=EDGE_LOOP('',(#2689,#2690,#2691,#2692));
#7475=EDGE_LOOP('',(#2693,#2694,#2695,#2696));
#7476=EDGE_LOOP('',(#2697,#2698,#2699,#2700));
#7477=EDGE_LOOP('',(#2701,#2702,#2703,#2704));
#7478=EDGE_LOOP('',(#2705,#2706,#2707,#2708));
#7479=EDGE_LOOP('',(#2709,#2710,#2711,#2712));
#7480=EDGE_LOOP('',(#2713,#2714,#2715,#2716));
#7481=EDGE_LOOP('',(#2717,#2718,#2719,#2720));
#7482=EDGE_LOOP('',(#2721,#2722,#2723,#2724));
#7483=EDGE_LOOP('',(#2725,#2726,#2727,#2728));
#7484=EDGE_LOOP('',(#2729,#2730,#2731,#2732));
#7485=EDGE_LOOP('',(#2733,#2734,#2735,#2736));
#7486=EDGE_LOOP('',(#2737,#2738,#2739,#2740));
#7487=EDGE_LOOP('',(#2741,#2742,#2743,#2744));
#7488=EDGE_LOOP('',(#2745,#2746,#2747,#2748));
#7489=EDGE_LOOP('',(#2749,#2750,#2751,#2752));
#7490=EDGE_LOOP('',(#2753,#2754,#2755,#2756));
#7491=EDGE_LOOP('',(#2757,#2758,#2759,#2760));
#7492=EDGE_LOOP('',(#2761,#2762,#2763,#2764));
#7493=EDGE_LOOP('',(#2765,#2766,#2767,#2768));
#7494=EDGE_LOOP('',(#2769,#2770,#2771,#2772));
#7495=EDGE_LOOP('',(#2773,#2774,#2775,#2776));
#7496=EDGE_LOOP('',(#2777,#2778,#2779,#2780,#2781));
#7497=EDGE_LOOP('',(#2782,#2783,#2784,#2785,#2786,#2787));
#7498=EDGE_LOOP('',(#2788,#2789,#2790,#2791));
#7499=EDGE_LOOP('',(#2792,#2793,#2794,#2795));
#7500=EDGE_LOOP('',(#2796,#2797,#2798,#2799));
#7501=EDGE_LOOP('',(#2800,#2801,#2802,#2803));
#7502=EDGE_LOOP('',(#2804,#2805,#2806,#2807));
#7503=EDGE_LOOP('',(#2808,#2809,#2810,#2811));
#7504=EDGE_LOOP('',(#2812,#2813,#2814,#2815));
#7505=EDGE_LOOP('',(#2816,#2817,#2818,#2819));
#7506=EDGE_LOOP('',(#2820,#2821,#2822,#2823));
#7507=EDGE_LOOP('',(#2824,#2825,#2826,#2827));
#7508=EDGE_LOOP('',(#2828,#2829,#2830,#2831));
#7509=EDGE_LOOP('',(#2832,#2833,#2834,#2835));
#7510=EDGE_LOOP('',(#2836,#2837,#2838,#2839));
#7511=EDGE_LOOP('',(#2840,#2841,#2842,#2843));
#7512=EDGE_LOOP('',(#2844,#2845,#2846,#2847));
#7513=EDGE_LOOP('',(#2848,#2849,#2850,#2851));
#7514=EDGE_LOOP('',(#2852,#2853,#2854,#2855));
#7515=EDGE_LOOP('',(#2856,#2857,#2858,#2859));
#7516=EDGE_LOOP('',(#2860,#2861,#2862,#2863));
#7517=EDGE_LOOP('',(#2864,#2865,#2866,#2867));
#7518=EDGE_LOOP('',(#2868,#2869,#2870,#2871));
#7519=EDGE_LOOP('',(#2872,#2873,#2874,#2875));
#7520=EDGE_LOOP('',(#2876,#2877,#2878,#2879));
#7521=EDGE_LOOP('',(#2880,#2881,#2882,#2883));
#7522=EDGE_LOOP('',(#2884,#2885,#2886,#2887));
#7523=EDGE_LOOP('',(#2888,#2889,#2890,#2891));
#7524=EDGE_LOOP('',(#2892,#2893,#2894,#2895));
#7525=EDGE_LOOP('',(#2896,#2897,#2898,#2899));
#7526=EDGE_LOOP('',(#2900,#2901,#2902,#2903));
#7527=EDGE_LOOP('',(#2904,#2905,#2906,#2907));
#7528=EDGE_LOOP('',(#2908,#2909,#2910,#2911));
#7529=EDGE_LOOP('',(#2912,#2913,#2914,#2915));
#7530=EDGE_LOOP('',(#2916,#2917,#2918,#2919));
#7531=EDGE_LOOP('',(#2920,#2921,#2922,#2923));
#7532=EDGE_LOOP('',(#2924,#2925,#2926,#2927));
#7533=EDGE_LOOP('',(#2928,#2929,#2930,#2931));
#7534=EDGE_LOOP('',(#2932,#2933,#2934,#2935));
#7535=EDGE_LOOP('',(#2936,#2937,#2938,#2939));
#7536=EDGE_LOOP('',(#2940,#2941,#2942,#2943));
#7537=EDGE_LOOP('',(#2944,#2945,#2946,#2947));
#7538=EDGE_LOOP('',(#2948));
#7539=EDGE_LOOP('',(#2949));
#7540=EDGE_LOOP('',(#2950));
#7541=EDGE_LOOP('',(#2951));
#7542=EDGE_LOOP('',(#2952,#2953,#2954,#2955));
#7543=EDGE_LOOP('',(#2956,#2957,#2958,#2959));
#7544=EDGE_LOOP('',(#2960,#2961,#2962,#2963));
#7545=EDGE_LOOP('',(#2964,#2965,#2966,#2967));
#7546=EDGE_LOOP('',(#2968,#2969,#2970,#2971));
#7547=EDGE_LOOP('',(#2972,#2973,#2974,#2975));
#7548=EDGE_LOOP('',(#2976));
#7549=EDGE_LOOP('',(#2977));
#7550=EDGE_LOOP('',(#2978,#2979,#2980,#2981));
#7551=EDGE_LOOP('',(#2982,#2983,#2984,#2985));
#7552=EDGE_LOOP('',(#2986,#2987,#2988,#2989));
#7553=EDGE_LOOP('',(#2990,#2991,#2992,#2993));
#7554=EDGE_LOOP('',(#2994,#2995,#2996,#2997));
#7555=EDGE_LOOP('',(#2998,#2999,#3000,#3001));
#7556=EDGE_LOOP('',(#3002,#3003,#3004,#3005));
#7557=EDGE_LOOP('',(#3006,#3007,#3008,#3009));
#7558=EDGE_LOOP('',(#3010,#3011,#3012,#3013));
#7559=EDGE_LOOP('',(#3014,#3015,#3016,#3017));
#7560=EDGE_LOOP('',(#3018,#3019,#3020,#3021));
#7561=EDGE_LOOP('',(#3022,#3023,#3024,#3025));
#7562=EDGE_LOOP('',(#3026));
#7563=EDGE_LOOP('',(#3027));
#7564=EDGE_LOOP('',(#3028));
#7565=EDGE_LOOP('',(#3029));
#7566=EDGE_LOOP('',(#3030));
#7567=EDGE_LOOP('',(#3031));
#7568=EDGE_LOOP('',(#3032));
#7569=EDGE_LOOP('',(#3033));
#7570=EDGE_LOOP('',(#3034,#3035,#3036,#3037));
#7571=EDGE_LOOP('',(#3038,#3039,#3040,#3041,#3042));
#7572=EDGE_LOOP('',(#3043,#3044));
#7573=EDGE_LOOP('',(#3045));
#7574=EDGE_LOOP('',(#3046,#3047,#3048));
#7575=EDGE_LOOP('',(#3049));
#7576=EDGE_LOOP('',(#3050,#3051,#3052,#3053,#3054));
#7577=EDGE_LOOP('',(#3055,#3056,#3057,#3058));
#7578=EDGE_LOOP('',(#3059,#3060,#3061,#3062));
#7579=EDGE_LOOP('',(#3063,#3064));
#7580=EDGE_LOOP('',(#3065));
#7581=EDGE_LOOP('',(#3066,#3067,#3068));
#7582=EDGE_LOOP('',(#3069));
#7583=EDGE_LOOP('',(#3070,#3071,#3072,#3073,#3074));
#7584=EDGE_LOOP('',(#3075,#3076,#3077,#3078));
#7585=EDGE_LOOP('',(#3079,#3080,#3081,#3082));
#7586=EDGE_LOOP('',(#3083,#3084));
#7587=EDGE_LOOP('',(#3085));
#7588=EDGE_LOOP('',(#3086,#3087,#3088));
#7589=EDGE_LOOP('',(#3089));
#7590=EDGE_LOOP('',(#3090,#3091,#3092,#3093,#3094));
#7591=EDGE_LOOP('',(#3095,#3096,#3097,#3098,#3099));
#7592=EDGE_LOOP('',(#3100,#3101,#3102,#3103));
#7593=EDGE_LOOP('',(#3104,#3105));
#7594=EDGE_LOOP('',(#3106));
#7595=EDGE_LOOP('',(#3107,#3108,#3109));
#7596=EDGE_LOOP('',(#3110,#3111,#3112,#3113,#3114));
#7597=EDGE_LOOP('',(#3115));
#7598=EDGE_LOOP('',(#3116,#3117,#3118,#3119,#3120,#3121));
#7599=EDGE_LOOP('',(#3122,#3123,#3124,#3125,#3126,#3127));
#7600=EDGE_LOOP('',(#3128,#3129,#3130,#3131,#3132,#3133));
#7601=EDGE_LOOP('',(#3134,#3135,#3136,#3137,#3138,#3139));
#7602=EDGE_LOOP('',(#3140,#3141,#3142,#3143,#3144,#3145,#3146,#3147,#3148));
#7603=EDGE_LOOP('',(#3149,#3150,#3151,#3152,#3153,#3154,#3155));
#7604=EDGE_LOOP('',(#3156,#3157,#3158,#3159,#3160,#3161,#3162));
#7605=EDGE_LOOP('',(#3163,#3164,#3165,#3166,#3167,#3168,#3169));
#7606=EDGE_LOOP('',(#3170,#3171,#3172,#3173,#3174,#3175,#3176));
#7607=EDGE_LOOP('',(#3177,#3178,#3179,#3180,#3181,#3182,#3183));
#7608=EDGE_LOOP('',(#3184,#3185,#3186,#3187,#3188,#3189,#3190,#3191,#3192));
#7609=EDGE_LOOP('',(#3193,#3194,#3195,#3196,#3197,#3198,#3199));
#7610=EDGE_LOOP('',(#3200));
#7611=EDGE_LOOP('',(#3201));
#7612=FACE_BOUND('',#6943,.T.);
#7613=FACE_BOUND('',#6944,.T.);
#7614=FACE_BOUND('',#6945,.T.);
#7615=FACE_BOUND('',#6946,.T.);
#7616=FACE_BOUND('',#6947,.T.);
#7617=FACE_BOUND('',#6948,.T.);
#7618=FACE_BOUND('',#6949,.T.);
#7619=FACE_BOUND('',#6950,.T.);
#7620=FACE_BOUND('',#6951,.T.);
#7621=FACE_BOUND('',#6952,.T.);
#7622=FACE_BOUND('',#6953,.T.);
#7623=FACE_BOUND('',#6954,.T.);
#7624=FACE_BOUND('',#6955,.T.);
#7625=FACE_BOUND('',#6956,.T.);
#7626=FACE_BOUND('',#6957,.T.);
#7627=FACE_BOUND('',#6958,.T.);
#7628=FACE_BOUND('',#6959,.T.);
#7629=FACE_BOUND('',#6960,.T.);
#7630=FACE_BOUND('',#6961,.T.);
#7631=FACE_BOUND('',#6962,.T.);
#7632=FACE_BOUND('',#6963,.T.);
#7633=FACE_BOUND('',#6964,.T.);
#7634=FACE_BOUND('',#6965,.T.);
#7635=FACE_BOUND('',#6966,.T.);
#7636=FACE_BOUND('',#6967,.T.);
#7637=FACE_BOUND('',#6968,.T.);
#7638=FACE_BOUND('',#6969,.T.);
#7639=FACE_BOUND('',#6970,.T.);
#7640=FACE_BOUND('',#6971,.T.);
#7641=FACE_BOUND('',#6972,.T.);
#7642=FACE_BOUND('',#6973,.T.);
#7643=FACE_BOUND('',#6974,.T.);
#7644=FACE_BOUND('',#6975,.T.);
#7645=FACE_BOUND('',#6976,.T.);
#7646=FACE_BOUND('',#6977,.T.);
#7647=FACE_BOUND('',#6978,.T.);
#7648=FACE_BOUND('',#6979,.T.);
#7649=FACE_BOUND('',#6980,.T.);
#7650=FACE_BOUND('',#6981,.T.);
#7651=FACE_BOUND('',#6982,.T.);
#7652=FACE_BOUND('',#6983,.T.);
#7653=FACE_BOUND('',#6984,.T.);
#7654=FACE_BOUND('',#6985,.T.);
#7655=FACE_BOUND('',#6986,.T.);
#7656=FACE_BOUND('',#6987,.T.);
#7657=FACE_BOUND('',#6988,.T.);
#7658=FACE_BOUND('',#6989,.T.);
#7659=FACE_BOUND('',#6990,.T.);
#7660=FACE_BOUND('',#6991,.T.);
#7661=FACE_BOUND('',#6992,.T.);
#7662=FACE_BOUND('',#6993,.T.);
#7663=FACE_BOUND('',#6994,.T.);
#7664=FACE_BOUND('',#6995,.T.);
#7665=FACE_BOUND('',#6996,.T.);
#7666=FACE_BOUND('',#6997,.T.);
#7667=FACE_BOUND('',#6998,.T.);
#7668=FACE_BOUND('',#6999,.T.);
#7669=FACE_BOUND('',#7000,.T.);
#7670=FACE_BOUND('',#7001,.T.);
#7671=FACE_BOUND('',#7002,.T.);
#7672=FACE_BOUND('',#7003,.T.);
#7673=FACE_BOUND('',#7004,.T.);
#7674=FACE_BOUND('',#7005,.T.);
#7675=FACE_BOUND('',#7006,.T.);
#7676=FACE_BOUND('',#7007,.T.);
#7677=FACE_BOUND('',#7008,.T.);
#7678=FACE_BOUND('',#7009,.T.);
#7679=FACE_BOUND('',#7010,.T.);
#7680=FACE_BOUND('',#7011,.T.);
#7681=FACE_BOUND('',#7012,.T.);
#7682=FACE_BOUND('',#7013,.T.);
#7683=FACE_BOUND('',#7014,.T.);
#7684=FACE_BOUND('',#7015,.T.);
#7685=FACE_BOUND('',#7016,.T.);
#7686=FACE_BOUND('',#7017,.T.);
#7687=FACE_BOUND('',#7018,.T.);
#7688=FACE_BOUND('',#7019,.T.);
#7689=FACE_BOUND('',#7020,.T.);
#7690=FACE_BOUND('',#7021,.T.);
#7691=FACE_BOUND('',#7022,.T.);
#7692=FACE_BOUND('',#7023,.T.);
#7693=FACE_BOUND('',#7024,.T.);
#7694=FACE_BOUND('',#7025,.T.);
#7695=FACE_BOUND('',#7026,.T.);
#7696=FACE_BOUND('',#7027,.T.);
#7697=FACE_BOUND('',#7028,.T.);
#7698=FACE_BOUND('',#7029,.T.);
#7699=FACE_BOUND('',#7030,.T.);
#7700=FACE_BOUND('',#7031,.T.);
#7701=FACE_BOUND('',#7032,.T.);
#7702=FACE_BOUND('',#7033,.T.);
#7703=FACE_BOUND('',#7034,.T.);
#7704=FACE_BOUND('',#7035,.T.);
#7705=FACE_BOUND('',#7036,.T.);
#7706=FACE_BOUND('',#7037,.T.);
#7707=FACE_BOUND('',#7038,.T.);
#7708=FACE_BOUND('',#7039,.T.);
#7709=FACE_BOUND('',#7040,.T.);
#7710=FACE_BOUND('',#7041,.T.);
#7711=FACE_BOUND('',#7042,.T.);
#7712=FACE_BOUND('',#7043,.T.);
#7713=FACE_BOUND('',#7044,.T.);
#7714=FACE_BOUND('',#7045,.T.);
#7715=FACE_BOUND('',#7046,.T.);
#7716=FACE_BOUND('',#7047,.T.);
#7717=FACE_BOUND('',#7048,.T.);
#7718=FACE_BOUND('',#7049,.T.);
#7719=FACE_BOUND('',#7050,.T.);
#7720=FACE_BOUND('',#7051,.T.);
#7721=FACE_BOUND('',#7052,.T.);
#7722=FACE_BOUND('',#7053,.T.);
#7723=FACE_BOUND('',#7054,.T.);
#7724=FACE_BOUND('',#7055,.T.);
#7725=FACE_BOUND('',#7056,.T.);
#7726=FACE_BOUND('',#7057,.T.);
#7727=FACE_BOUND('',#7058,.T.);
#7728=FACE_BOUND('',#7059,.T.);
#7729=FACE_BOUND('',#7060,.T.);
#7730=FACE_BOUND('',#7061,.T.);
#7731=FACE_BOUND('',#7062,.T.);
#7732=FACE_BOUND('',#7063,.T.);
#7733=FACE_BOUND('',#7064,.T.);
#7734=FACE_BOUND('',#7065,.T.);
#7735=FACE_BOUND('',#7066,.T.);
#7736=FACE_BOUND('',#7067,.T.);
#7737=FACE_BOUND('',#7068,.T.);
#7738=FACE_BOUND('',#7069,.T.);
#7739=FACE_BOUND('',#7070,.T.);
#7740=FACE_BOUND('',#7071,.T.);
#7741=FACE_BOUND('',#7072,.T.);
#7742=FACE_BOUND('',#7073,.T.);
#7743=FACE_BOUND('',#7074,.T.);
#7744=FACE_BOUND('',#7075,.T.);
#7745=FACE_BOUND('',#7076,.T.);
#7746=FACE_BOUND('',#7077,.T.);
#7747=FACE_BOUND('',#7078,.T.);
#7748=FACE_BOUND('',#7079,.T.);
#7749=FACE_BOUND('',#7080,.T.);
#7750=FACE_BOUND('',#7081,.T.);
#7751=FACE_BOUND('',#7082,.T.);
#7752=FACE_BOUND('',#7083,.T.);
#7753=FACE_BOUND('',#7084,.T.);
#7754=FACE_BOUND('',#7085,.T.);
#7755=FACE_BOUND('',#7086,.T.);
#7756=FACE_BOUND('',#7087,.T.);
#7757=FACE_BOUND('',#7088,.T.);
#7758=FACE_BOUND('',#7089,.T.);
#7759=FACE_BOUND('',#7090,.T.);
#7760=FACE_BOUND('',#7091,.T.);
#7761=FACE_BOUND('',#7092,.T.);
#7762=FACE_BOUND('',#7093,.T.);
#7763=FACE_BOUND('',#7094,.T.);
#7764=FACE_BOUND('',#7095,.T.);
#7765=FACE_BOUND('',#7096,.T.);
#7766=FACE_BOUND('',#7097,.T.);
#7767=FACE_BOUND('',#7098,.T.);
#7768=FACE_BOUND('',#7099,.T.);
#7769=FACE_BOUND('',#7100,.T.);
#7770=FACE_BOUND('',#7101,.T.);
#7771=FACE_BOUND('',#7102,.T.);
#7772=FACE_BOUND('',#7103,.T.);
#7773=FACE_BOUND('',#7104,.T.);
#7774=FACE_BOUND('',#7105,.T.);
#7775=FACE_BOUND('',#7106,.T.);
#7776=FACE_BOUND('',#7107,.T.);
#7777=FACE_BOUND('',#7108,.T.);
#7778=FACE_BOUND('',#7109,.T.);
#7779=FACE_BOUND('',#7110,.T.);
#7780=FACE_BOUND('',#7111,.T.);
#7781=FACE_BOUND('',#7112,.T.);
#7782=FACE_BOUND('',#7113,.T.);
#7783=FACE_BOUND('',#7114,.T.);
#7784=FACE_BOUND('',#7115,.T.);
#7785=FACE_BOUND('',#7116,.T.);
#7786=FACE_BOUND('',#7117,.T.);
#7787=FACE_BOUND('',#7118,.T.);
#7788=FACE_BOUND('',#7119,.T.);
#7789=FACE_BOUND('',#7120,.T.);
#7790=FACE_BOUND('',#7121,.T.);
#7791=FACE_BOUND('',#7122,.T.);
#7792=FACE_BOUND('',#7123,.T.);
#7793=FACE_BOUND('',#7124,.T.);
#7794=FACE_BOUND('',#7125,.T.);
#7795=FACE_BOUND('',#7126,.T.);
#7796=FACE_BOUND('',#7127,.T.);
#7797=FACE_BOUND('',#7128,.T.);
#7798=FACE_BOUND('',#7129,.T.);
#7799=FACE_BOUND('',#7130,.T.);
#7800=FACE_BOUND('',#7131,.T.);
#7801=FACE_BOUND('',#7132,.T.);
#7802=FACE_BOUND('',#7133,.T.);
#7803=FACE_BOUND('',#7134,.T.);
#7804=FACE_BOUND('',#7135,.T.);
#7805=FACE_BOUND('',#7136,.T.);
#7806=FACE_BOUND('',#7137,.T.);
#7807=FACE_BOUND('',#7138,.T.);
#7808=FACE_BOUND('',#7139,.T.);
#7809=FACE_BOUND('',#7140,.T.);
#7810=FACE_BOUND('',#7141,.T.);
#7811=FACE_BOUND('',#7142,.T.);
#7812=FACE_BOUND('',#7143,.T.);
#7813=FACE_BOUND('',#7144,.T.);
#7814=FACE_BOUND('',#7145,.T.);
#7815=FACE_BOUND('',#7146,.T.);
#7816=FACE_BOUND('',#7147,.T.);
#7817=FACE_BOUND('',#7148,.T.);
#7818=FACE_BOUND('',#7149,.T.);
#7819=FACE_BOUND('',#7150,.T.);
#7820=FACE_BOUND('',#7151,.T.);
#7821=FACE_BOUND('',#7152,.T.);
#7822=FACE_BOUND('',#7153,.T.);
#7823=FACE_BOUND('',#7154,.T.);
#7824=FACE_BOUND('',#7155,.T.);
#7825=FACE_BOUND('',#7156,.T.);
#7826=FACE_BOUND('',#7157,.T.);
#7827=FACE_BOUND('',#7158,.T.);
#7828=FACE_BOUND('',#7159,.T.);
#7829=FACE_BOUND('',#7160,.T.);
#7830=FACE_BOUND('',#7161,.T.);
#7831=FACE_BOUND('',#7162,.T.);
#7832=FACE_BOUND('',#7163,.T.);
#7833=FACE_BOUND('',#7164,.T.);
#7834=FACE_BOUND('',#7165,.T.);
#7835=FACE_BOUND('',#7166,.T.);
#7836=FACE_BOUND('',#7167,.T.);
#7837=FACE_BOUND('',#7168,.T.);
#7838=FACE_BOUND('',#7169,.T.);
#7839=FACE_BOUND('',#7170,.T.);
#7840=FACE_BOUND('',#7171,.T.);
#7841=FACE_BOUND('',#7172,.T.);
#7842=FACE_BOUND('',#7173,.T.);
#7843=FACE_BOUND('',#7174,.T.);
#7844=FACE_BOUND('',#7175,.T.);
#7845=FACE_BOUND('',#7176,.T.);
#7846=FACE_BOUND('',#7177,.T.);
#7847=FACE_BOUND('',#7178,.T.);
#7848=FACE_BOUND('',#7179,.T.);
#7849=FACE_BOUND('',#7180,.T.);
#7850=FACE_BOUND('',#7181,.T.);
#7851=FACE_BOUND('',#7182,.T.);
#7852=FACE_BOUND('',#7183,.T.);
#7853=FACE_BOUND('',#7184,.T.);
#7854=FACE_BOUND('',#7185,.T.);
#7855=FACE_BOUND('',#7186,.T.);
#7856=FACE_BOUND('',#7187,.T.);
#7857=FACE_BOUND('',#7188,.T.);
#7858=FACE_BOUND('',#7189,.T.);
#7859=FACE_BOUND('',#7190,.T.);
#7860=FACE_BOUND('',#7191,.T.);
#7861=FACE_BOUND('',#7192,.T.);
#7862=FACE_BOUND('',#7193,.T.);
#7863=FACE_BOUND('',#7194,.T.);
#7864=FACE_BOUND('',#7195,.T.);
#7865=FACE_BOUND('',#7196,.T.);
#7866=FACE_BOUND('',#7197,.T.);
#7867=FACE_BOUND('',#7198,.T.);
#7868=FACE_BOUND('',#7199,.T.);
#7869=FACE_BOUND('',#7200,.T.);
#7870=FACE_BOUND('',#7201,.T.);
#7871=FACE_BOUND('',#7202,.T.);
#7872=FACE_BOUND('',#7203,.T.);
#7873=FACE_BOUND('',#7204,.T.);
#7874=FACE_BOUND('',#7205,.T.);
#7875=FACE_BOUND('',#7206,.T.);
#7876=FACE_BOUND('',#7207,.T.);
#7877=FACE_BOUND('',#7208,.T.);
#7878=FACE_BOUND('',#7209,.T.);
#7879=FACE_BOUND('',#7210,.T.);
#7880=FACE_BOUND('',#7211,.T.);
#7881=FACE_BOUND('',#7212,.T.);
#7882=FACE_BOUND('',#7213,.T.);
#7883=FACE_BOUND('',#7214,.T.);
#7884=FACE_BOUND('',#7215,.T.);
#7885=FACE_BOUND('',#7216,.T.);
#7886=FACE_BOUND('',#7217,.T.);
#7887=FACE_BOUND('',#7218,.T.);
#7888=FACE_BOUND('',#7219,.T.);
#7889=FACE_BOUND('',#7220,.T.);
#7890=FACE_BOUND('',#7221,.T.);
#7891=FACE_BOUND('',#7222,.T.);
#7892=FACE_BOUND('',#7223,.T.);
#7893=FACE_BOUND('',#7224,.T.);
#7894=FACE_BOUND('',#7225,.T.);
#7895=FACE_BOUND('',#7226,.T.);
#7896=FACE_BOUND('',#7227,.T.);
#7897=FACE_BOUND('',#7228,.T.);
#7898=FACE_BOUND('',#7229,.T.);
#7899=FACE_BOUND('',#7230,.T.);
#7900=FACE_BOUND('',#7231,.T.);
#7901=FACE_BOUND('',#7232,.T.);
#7902=FACE_BOUND('',#7233,.T.);
#7903=FACE_BOUND('',#7234,.T.);
#7904=FACE_BOUND('',#7235,.T.);
#7905=FACE_BOUND('',#7236,.T.);
#7906=FACE_BOUND('',#7237,.T.);
#7907=FACE_BOUND('',#7238,.T.);
#7908=FACE_BOUND('',#7239,.T.);
#7909=FACE_BOUND('',#7240,.T.);
#7910=FACE_BOUND('',#7241,.T.);
#7911=FACE_BOUND('',#7242,.T.);
#7912=FACE_BOUND('',#7243,.T.);
#7913=FACE_BOUND('',#7244,.T.);
#7914=FACE_BOUND('',#7245,.T.);
#7915=FACE_BOUND('',#7246,.T.);
#7916=FACE_BOUND('',#7247,.T.);
#7917=FACE_BOUND('',#7248,.T.);
#7918=FACE_BOUND('',#7249,.T.);
#7919=FACE_BOUND('',#7250,.T.);
#7920=FACE_BOUND('',#7251,.T.);
#7921=FACE_BOUND('',#7252,.T.);
#7922=FACE_BOUND('',#7253,.T.);
#7923=FACE_BOUND('',#7254,.T.);
#7924=FACE_BOUND('',#7255,.T.);
#7925=FACE_BOUND('',#7256,.T.);
#7926=FACE_BOUND('',#7257,.T.);
#7927=FACE_BOUND('',#7258,.T.);
#7928=FACE_BOUND('',#7259,.T.);
#7929=FACE_BOUND('',#7260,.T.);
#7930=FACE_BOUND('',#7261,.T.);
#7931=FACE_BOUND('',#7262,.T.);
#7932=FACE_BOUND('',#7263,.T.);
#7933=FACE_BOUND('',#7264,.T.);
#7934=FACE_BOUND('',#7265,.T.);
#7935=FACE_BOUND('',#7266,.T.);
#7936=FACE_BOUND('',#7267,.T.);
#7937=FACE_BOUND('',#7268,.T.);
#7938=FACE_BOUND('',#7269,.T.);
#7939=FACE_BOUND('',#7270,.T.);
#7940=FACE_BOUND('',#7271,.T.);
#7941=FACE_BOUND('',#7272,.T.);
#7942=FACE_BOUND('',#7273,.T.);
#7943=FACE_BOUND('',#7274,.T.);
#7944=FACE_BOUND('',#7275,.T.);
#7945=FACE_BOUND('',#7276,.T.);
#7946=FACE_BOUND('',#7277,.T.);
#7947=FACE_BOUND('',#7278,.T.);
#7948=FACE_BOUND('',#7279,.T.);
#7949=FACE_BOUND('',#7280,.T.);
#7950=FACE_BOUND('',#7281,.T.);
#7951=FACE_BOUND('',#7282,.T.);
#7952=FACE_BOUND('',#7283,.T.);
#7953=FACE_BOUND('',#7284,.T.);
#7954=FACE_BOUND('',#7285,.T.);
#7955=FACE_BOUND('',#7286,.T.);
#7956=FACE_BOUND('',#7287,.T.);
#7957=FACE_BOUND('',#7288,.T.);
#7958=FACE_BOUND('',#7289,.T.);
#7959=FACE_BOUND('',#7290,.T.);
#7960=FACE_BOUND('',#7291,.T.);
#7961=FACE_BOUND('',#7292,.T.);
#7962=FACE_BOUND('',#7293,.T.);
#7963=FACE_BOUND('',#7294,.T.);
#7964=FACE_BOUND('',#7295,.T.);
#7965=FACE_BOUND('',#7296,.T.);
#7966=FACE_BOUND('',#7297,.T.);
#7967=FACE_BOUND('',#7298,.T.);
#7968=FACE_BOUND('',#7299,.T.);
#7969=FACE_BOUND('',#7300,.T.);
#7970=FACE_BOUND('',#7301,.T.);
#7971=FACE_BOUND('',#7302,.T.);
#7972=FACE_BOUND('',#7303,.T.);
#7973=FACE_BOUND('',#7304,.T.);
#7974=FACE_BOUND('',#7305,.T.);
#7975=FACE_BOUND('',#7306,.T.);
#7976=FACE_BOUND('',#7307,.T.);
#7977=FACE_BOUND('',#7308,.T.);
#7978=FACE_BOUND('',#7309,.T.);
#7979=FACE_BOUND('',#7310,.T.);
#7980=FACE_BOUND('',#7311,.T.);
#7981=FACE_BOUND('',#7312,.T.);
#7982=FACE_BOUND('',#7313,.T.);
#7983=FACE_BOUND('',#7314,.T.);
#7984=FACE_BOUND('',#7315,.T.);
#7985=FACE_BOUND('',#7316,.T.);
#7986=FACE_BOUND('',#7317,.T.);
#7987=FACE_BOUND('',#7318,.T.);
#7988=FACE_BOUND('',#7319,.T.);
#7989=FACE_BOUND('',#7320,.T.);
#7990=FACE_BOUND('',#7321,.T.);
#7991=FACE_BOUND('',#7322,.T.);
#7992=FACE_BOUND('',#7323,.T.);
#7993=FACE_BOUND('',#7324,.T.);
#7994=FACE_BOUND('',#7325,.T.);
#7995=FACE_BOUND('',#7326,.T.);
#7996=FACE_BOUND('',#7327,.T.);
#7997=FACE_BOUND('',#7328,.T.);
#7998=FACE_BOUND('',#7329,.T.);
#7999=FACE_BOUND('',#7330,.T.);
#8000=FACE_BOUND('',#7331,.T.);
#8001=FACE_BOUND('',#7332,.T.);
#8002=FACE_BOUND('',#7333,.T.);
#8003=FACE_BOUND('',#7334,.T.);
#8004=FACE_BOUND('',#7335,.T.);
#8005=FACE_BOUND('',#7336,.T.);
#8006=FACE_BOUND('',#7337,.T.);
#8007=FACE_BOUND('',#7338,.T.);
#8008=FACE_BOUND('',#7339,.T.);
#8009=FACE_BOUND('',#7340,.T.);
#8010=FACE_BOUND('',#7341,.T.);
#8011=FACE_BOUND('',#7342,.T.);
#8012=FACE_BOUND('',#7343,.T.);
#8013=FACE_BOUND('',#7344,.T.);
#8014=FACE_BOUND('',#7345,.T.);
#8015=FACE_BOUND('',#7346,.T.);
#8016=FACE_BOUND('',#7347,.T.);
#8017=FACE_BOUND('',#7348,.T.);
#8018=FACE_BOUND('',#7349,.T.);
#8019=FACE_BOUND('',#7350,.T.);
#8020=FACE_BOUND('',#7351,.T.);
#8021=FACE_BOUND('',#7352,.T.);
#8022=FACE_BOUND('',#7353,.T.);
#8023=FACE_BOUND('',#7354,.T.);
#8024=FACE_BOUND('',#7355,.T.);
#8025=FACE_BOUND('',#7356,.T.);
#8026=FACE_BOUND('',#7357,.T.);
#8027=FACE_BOUND('',#7358,.T.);
#8028=FACE_BOUND('',#7359,.T.);
#8029=FACE_BOUND('',#7360,.T.);
#8030=FACE_BOUND('',#7361,.T.);
#8031=FACE_BOUND('',#7362,.T.);
#8032=FACE_BOUND('',#7363,.T.);
#8033=FACE_BOUND('',#7364,.T.);
#8034=FACE_BOUND('',#7365,.T.);
#8035=FACE_BOUND('',#7366,.T.);
#8036=FACE_BOUND('',#7367,.T.);
#8037=FACE_BOUND('',#7368,.T.);
#8038=FACE_BOUND('',#7369,.T.);
#8039=FACE_BOUND('',#7370,.T.);
#8040=FACE_BOUND('',#7371,.T.);
#8041=FACE_BOUND('',#7372,.T.);
#8042=FACE_BOUND('',#7373,.T.);
#8043=FACE_BOUND('',#7374,.T.);
#8044=FACE_BOUND('',#7375,.T.);
#8045=FACE_BOUND('',#7376,.T.);
#8046=FACE_BOUND('',#7377,.T.);
#8047=FACE_BOUND('',#7378,.T.);
#8048=FACE_BOUND('',#7379,.T.);
#8049=FACE_BOUND('',#7380,.T.);
#8050=FACE_BOUND('',#7381,.T.);
#8051=FACE_BOUND('',#7382,.T.);
#8052=FACE_BOUND('',#7383,.T.);
#8053=FACE_BOUND('',#7384,.T.);
#8054=FACE_BOUND('',#7385,.T.);
#8055=FACE_BOUND('',#7386,.T.);
#8056=FACE_BOUND('',#7387,.T.);
#8057=FACE_BOUND('',#7388,.T.);
#8058=FACE_BOUND('',#7389,.T.);
#8059=FACE_BOUND('',#7390,.T.);
#8060=FACE_BOUND('',#7391,.T.);
#8061=FACE_BOUND('',#7392,.T.);
#8062=FACE_BOUND('',#7393,.T.);
#8063=FACE_BOUND('',#7394,.T.);
#8064=FACE_BOUND('',#7395,.T.);
#8065=FACE_BOUND('',#7396,.T.);
#8066=FACE_BOUND('',#7397,.T.);
#8067=FACE_BOUND('',#7398,.T.);
#8068=FACE_BOUND('',#7399,.T.);
#8069=FACE_BOUND('',#7400,.T.);
#8070=FACE_BOUND('',#7401,.T.);
#8071=FACE_BOUND('',#7402,.T.);
#8072=FACE_BOUND('',#7403,.T.);
#8073=FACE_BOUND('',#7404,.T.);
#8074=FACE_BOUND('',#7405,.T.);
#8075=FACE_BOUND('',#7406,.T.);
#8076=FACE_BOUND('',#7407,.T.);
#8077=FACE_BOUND('',#7408,.T.);
#8078=FACE_BOUND('',#7409,.T.);
#8079=FACE_BOUND('',#7410,.T.);
#8080=FACE_BOUND('',#7411,.T.);
#8081=FACE_BOUND('',#7412,.T.);
#8082=FACE_BOUND('',#7413,.T.);
#8083=FACE_BOUND('',#7414,.T.);
#8084=FACE_BOUND('',#7415,.T.);
#8085=FACE_BOUND('',#7416,.T.);
#8086=FACE_BOUND('',#7417,.T.);
#8087=FACE_BOUND('',#7418,.T.);
#8088=FACE_BOUND('',#7419,.T.);
#8089=FACE_BOUND('',#7420,.T.);
#8090=FACE_BOUND('',#7421,.T.);
#8091=FACE_BOUND('',#7422,.T.);
#8092=FACE_BOUND('',#7423,.T.);
#8093=FACE_BOUND('',#7424,.T.);
#8094=FACE_BOUND('',#7425,.T.);
#8095=FACE_BOUND('',#7426,.T.);
#8096=FACE_BOUND('',#7427,.T.);
#8097=FACE_BOUND('',#7428,.T.);
#8098=FACE_BOUND('',#7429,.T.);
#8099=FACE_BOUND('',#7430,.T.);
#8100=FACE_BOUND('',#7431,.T.);
#8101=FACE_BOUND('',#7432,.T.);
#8102=FACE_BOUND('',#7433,.T.);
#8103=FACE_BOUND('',#7434,.T.);
#8104=FACE_BOUND('',#7435,.T.);
#8105=FACE_BOUND('',#7436,.T.);
#8106=FACE_BOUND('',#7437,.T.);
#8107=FACE_BOUND('',#7438,.T.);
#8108=FACE_BOUND('',#7439,.T.);
#8109=FACE_BOUND('',#7440,.T.);
#8110=FACE_BOUND('',#7441,.T.);
#8111=FACE_BOUND('',#7442,.T.);
#8112=FACE_BOUND('',#7443,.T.);
#8113=FACE_BOUND('',#7444,.T.);
#8114=FACE_BOUND('',#7445,.T.);
#8115=FACE_BOUND('',#7446,.T.);
#8116=FACE_BOUND('',#7447,.T.);
#8117=FACE_BOUND('',#7448,.T.);
#8118=FACE_BOUND('',#7449,.T.);
#8119=FACE_BOUND('',#7450,.T.);
#8120=FACE_BOUND('',#7451,.T.);
#8121=FACE_BOUND('',#7452,.T.);
#8122=FACE_BOUND('',#7453,.T.);
#8123=FACE_BOUND('',#7454,.T.);
#8124=FACE_BOUND('',#7455,.T.);
#8125=FACE_BOUND('',#7456,.T.);
#8126=FACE_BOUND('',#7457,.T.);
#8127=FACE_BOUND('',#7458,.T.);
#8128=FACE_BOUND('',#7459,.T.);
#8129=FACE_BOUND('',#7460,.T.);
#8130=FACE_BOUND('',#7461,.T.);
#8131=FACE_BOUND('',#7462,.T.);
#8132=FACE_BOUND('',#7463,.T.);
#8133=FACE_BOUND('',#7464,.T.);
#8134=FACE_BOUND('',#7465,.T.);
#8135=FACE_BOUND('',#7466,.T.);
#8136=FACE_BOUND('',#7467,.T.);
#8137=FACE_BOUND('',#7468,.T.);
#8138=FACE_BOUND('',#7469,.T.);
#8139=FACE_BOUND('',#7470,.T.);
#8140=FACE_BOUND('',#7471,.T.);
#8141=FACE_BOUND('',#7472,.T.);
#8142=FACE_BOUND('',#7473,.T.);
#8143=FACE_BOUND('',#7474,.T.);
#8144=FACE_BOUND('',#7475,.T.);
#8145=FACE_BOUND('',#7476,.T.);
#8146=FACE_BOUND('',#7477,.T.);
#8147=FACE_BOUND('',#7478,.T.);
#8148=FACE_BOUND('',#7479,.T.);
#8149=FACE_BOUND('',#7480,.T.);
#8150=FACE_BOUND('',#7481,.T.);
#8151=FACE_BOUND('',#7482,.T.);
#8152=FACE_BOUND('',#7483,.T.);
#8153=FACE_BOUND('',#7484,.T.);
#8154=FACE_BOUND('',#7485,.T.);
#8155=FACE_BOUND('',#7486,.T.);
#8156=FACE_BOUND('',#7487,.T.);
#8157=FACE_BOUND('',#7488,.T.);
#8158=FACE_BOUND('',#7489,.T.);
#8159=FACE_BOUND('',#7490,.T.);
#8160=FACE_BOUND('',#7491,.T.);
#8161=FACE_BOUND('',#7492,.T.);
#8162=FACE_BOUND('',#7493,.T.);
#8163=FACE_BOUND('',#7494,.T.);
#8164=FACE_BOUND('',#7495,.T.);
#8165=FACE_BOUND('',#7496,.T.);
#8166=FACE_BOUND('',#7497,.T.);
#8167=FACE_BOUND('',#7498,.T.);
#8168=FACE_BOUND('',#7499,.T.);
#8169=FACE_BOUND('',#7500,.T.);
#8170=FACE_BOUND('',#7501,.T.);
#8171=FACE_BOUND('',#7502,.T.);
#8172=FACE_BOUND('',#7503,.T.);
#8173=FACE_BOUND('',#7504,.T.);
#8174=FACE_BOUND('',#7505,.T.);
#8175=FACE_BOUND('',#7506,.T.);
#8176=FACE_BOUND('',#7507,.T.);
#8177=FACE_BOUND('',#7508,.T.);
#8178=FACE_BOUND('',#7509,.T.);
#8179=FACE_BOUND('',#7510,.T.);
#8180=FACE_BOUND('',#7511,.T.);
#8181=FACE_BOUND('',#7512,.T.);
#8182=FACE_BOUND('',#7513,.T.);
#8183=FACE_BOUND('',#7514,.T.);
#8184=FACE_BOUND('',#7515,.T.);
#8185=FACE_BOUND('',#7516,.T.);
#8186=FACE_BOUND('',#7517,.T.);
#8187=FACE_BOUND('',#7518,.T.);
#8188=FACE_BOUND('',#7519,.T.);
#8189=FACE_BOUND('',#7520,.T.);
#8190=FACE_BOUND('',#7521,.T.);
#8191=FACE_BOUND('',#7522,.T.);
#8192=FACE_BOUND('',#7523,.T.);
#8193=FACE_BOUND('',#7524,.T.);
#8194=FACE_BOUND('',#7525,.T.);
#8195=FACE_BOUND('',#7526,.T.);
#8196=FACE_BOUND('',#7527,.T.);
#8197=FACE_BOUND('',#7528,.T.);
#8198=FACE_BOUND('',#7529,.T.);
#8199=FACE_BOUND('',#7530,.T.);
#8200=FACE_BOUND('',#7531,.T.);
#8201=FACE_BOUND('',#7532,.T.);
#8202=FACE_BOUND('',#7533,.T.);
#8203=FACE_BOUND('',#7534,.T.);
#8204=FACE_BOUND('',#7535,.T.);
#8205=FACE_BOUND('',#7536,.T.);
#8206=FACE_BOUND('',#7537,.T.);
#8207=FACE_BOUND('',#7538,.T.);
#8208=FACE_BOUND('',#7539,.T.);
#8209=FACE_BOUND('',#7540,.T.);
#8210=FACE_BOUND('',#7541,.T.);
#8211=FACE_BOUND('',#7542,.T.);
#8212=FACE_BOUND('',#7543,.T.);
#8213=FACE_BOUND('',#7544,.T.);
#8214=FACE_BOUND('',#7545,.T.);
#8215=FACE_BOUND('',#7546,.T.);
#8216=FACE_BOUND('',#7547,.T.);
#8217=FACE_BOUND('',#7548,.T.);
#8218=FACE_BOUND('',#7549,.T.);
#8219=FACE_BOUND('',#7550,.T.);
#8220=FACE_BOUND('',#7551,.T.);
#8221=FACE_BOUND('',#7552,.T.);
#8222=FACE_BOUND('',#7553,.T.);
#8223=FACE_BOUND('',#7554,.T.);
#8224=FACE_BOUND('',#7555,.T.);
#8225=FACE_BOUND('',#7556,.T.);
#8226=FACE_BOUND('',#7557,.T.);
#8227=FACE_BOUND('',#7558,.T.);
#8228=FACE_BOUND('',#7559,.T.);
#8229=FACE_BOUND('',#7560,.T.);
#8230=FACE_BOUND('',#7561,.T.);
#8231=FACE_BOUND('',#7562,.T.);
#8232=FACE_BOUND('',#7563,.T.);
#8233=FACE_BOUND('',#7564,.T.);
#8234=FACE_BOUND('',#7565,.T.);
#8235=FACE_BOUND('',#7566,.T.);
#8236=FACE_BOUND('',#7567,.T.);
#8237=FACE_BOUND('',#7568,.T.);
#8238=FACE_BOUND('',#7569,.T.);
#8239=FACE_BOUND('',#7570,.T.);
#8240=FACE_BOUND('',#7571,.T.);
#8241=FACE_BOUND('',#7572,.T.);
#8242=FACE_BOUND('',#7573,.T.);
#8243=FACE_BOUND('',#7574,.T.);
#8244=FACE_BOUND('',#7575,.T.);
#8245=FACE_BOUND('',#7576,.T.);
#8246=FACE_BOUND('',#7577,.T.);
#8247=FACE_BOUND('',#7578,.T.);
#8248=FACE_BOUND('',#7579,.T.);
#8249=FACE_BOUND('',#7580,.T.);
#8250=FACE_BOUND('',#7581,.T.);
#8251=FACE_BOUND('',#7582,.T.);
#8252=FACE_BOUND('',#7583,.T.);
#8253=FACE_BOUND('',#7584,.T.);
#8254=FACE_BOUND('',#7585,.T.);
#8255=FACE_BOUND('',#7586,.T.);
#8256=FACE_BOUND('',#7587,.T.);
#8257=FACE_BOUND('',#7588,.T.);
#8258=FACE_BOUND('',#7589,.T.);
#8259=FACE_BOUND('',#7590,.T.);
#8260=FACE_BOUND('',#7591,.T.);
#8261=FACE_BOUND('',#7592,.T.);
#8262=FACE_BOUND('',#7593,.T.);
#8263=FACE_BOUND('',#7594,.T.);
#8264=FACE_BOUND('',#7595,.T.);
#8265=FACE_BOUND('',#7596,.T.);
#8266=FACE_BOUND('',#7597,.T.);
#8267=FACE_BOUND('',#7598,.T.);
#8268=FACE_BOUND('',#7599,.T.);
#8269=FACE_BOUND('',#7600,.T.);
#8270=FACE_BOUND('',#7601,.T.);
#8271=FACE_BOUND('',#7602,.T.);
#8272=FACE_BOUND('',#7603,.T.);
#8273=FACE_BOUND('',#7604,.T.);
#8274=FACE_BOUND('',#7605,.T.);
#8275=FACE_BOUND('',#7606,.T.);
#8276=FACE_BOUND('',#7607,.T.);
#8277=FACE_BOUND('',#7608,.T.);
#8278=FACE_BOUND('',#7609,.T.);
#8279=FACE_BOUND('',#7610,.T.);
#8280=FACE_BOUND('',#7611,.T.);
#8281=PLANE('',#9130);
#8282=PLANE('',#9160);
#8283=PLANE('',#9191);
#8284=PLANE('',#9225);
#8285=PLANE('',#9274);
#8286=PLANE('',#9276);
#8287=PLANE('',#9278);
#8288=PLANE('',#9280);
#8289=PLANE('',#9282);
#8290=PLANE('',#9283);
#8291=PLANE('',#9284);
#8292=PLANE('',#9289);
#8293=PLANE('',#9290);
#8294=PLANE('',#9291);
#8295=PLANE('',#9292);
#8296=PLANE('',#9303);
#8297=PLANE('',#9307);
#8298=PLANE('',#9308);
#8299=PLANE('',#9314);
#8300=PLANE('',#9320);
#8301=PLANE('',#9326);
#8302=PLANE('',#9327);
#8303=PLANE('',#9328);
#8304=PLANE('',#9334);
#8305=PLANE('',#9340);
#8306=PLANE('',#9341);
#8307=PLANE('',#9342);
#8308=PLANE('',#9348);
#8309=PLANE('',#9354);
#8310=PLANE('',#9355);
#8311=PLANE('',#9356);
#8312=PLANE('',#9357);
#8313=PLANE('',#9358);
#8314=PLANE('',#9359);
#8315=PLANE('',#9360);
#8316=PLANE('',#9361);
#8317=PLANE('',#9362);
#8318=PLANE('',#9363);
#8319=PLANE('',#9364);
#8320=PLANE('',#9365);
#8321=PLANE('',#9366);
#8322=PLANE('',#9367);
#8323=PLANE('',#9368);
#8324=PLANE('',#9369);
#8325=PLANE('',#9370);
#8326=PLANE('',#9371);
#8327=PLANE('',#9372);
#8328=PLANE('',#9373);
#8329=PLANE('',#9374);
#8330=PLANE('',#9375);
#8331=PLANE('',#9376);
#8332=PLANE('',#9377);
#8333=PLANE('',#9378);
#8334=PLANE('',#9382);
#8335=PLANE('',#9383);
#8336=PLANE('',#9384);
#8337=PLANE('',#9385);
#8338=PLANE('',#9386);
#8339=PLANE('',#9387);
#8340=PLANE('',#9388);
#8341=PLANE('',#9389);
#8342=PLANE('',#9390);
#8343=PLANE('',#9391);
#8344=PLANE('',#9392);
#8345=PLANE('',#9393);
#8346=PLANE('',#9394);
#8347=PLANE('',#9395);
#8348=PLANE('',#9396);
#8349=PLANE('',#9397);
#8350=PLANE('',#9398);
#8351=PLANE('',#9399);
#8352=PLANE('',#9400);
#8353=PLANE('',#9401);
#8354=PLANE('',#9402);
#8355=PLANE('',#9403);
#8356=PLANE('',#9408);
#8357=PLANE('',#9409);
#8358=PLANE('',#9410);
#8359=PLANE('',#9411);
#8360=PLANE('',#9412);
#8361=PLANE('',#9413);
#8362=PLANE('',#9414);
#8363=PLANE('',#9415);
#8364=PLANE('',#9418);
#8365=PLANE('',#9421);
#8366=PLANE('',#9422);
#8367=PLANE('',#9426);
#8368=PLANE('',#9430);
#8369=PLANE('',#9434);
#8370=PLANE('',#9438);
#8371=PLANE('',#9439);
#8372=PLANE('',#9440);
#8373=PLANE('',#9441);
#8374=PLANE('',#9442);
#8375=PLANE('',#9443);
#8376=PLANE('',#9444);
#8377=PLANE('',#9449);
#8378=PLANE('',#9450);
#8379=PLANE('',#9452);
#8380=PLANE('',#9453);
#8381=PLANE('',#9454);
#8382=PLANE('',#9455);
#8383=PLANE('',#9456);
#8384=PLANE('',#9457);
#8385=PLANE('',#9458);
#8386=PLANE('',#9459);
#8387=PLANE('',#9460);
#8388=PLANE('',#9461);
#8389=PLANE('',#9462);
#8390=PLANE('',#9463);
#8391=PLANE('',#9464);
#8392=PLANE('',#9465);
#8393=PLANE('',#9466);
#8394=PLANE('',#9467);
#8395=PLANE('',#9468);
#8396=PLANE('',#9470);
#8397=PLANE('',#9471);
#8398=PLANE('',#9472);
#8399=PLANE('',#9473);
#8400=PLANE('',#9474);
#8401=PLANE('',#9475);
#8402=PLANE('',#9479);
#8403=PLANE('',#9480);
#8404=PLANE('',#9481);
#8405=PLANE('',#9482);
#8406=PLANE('',#9483);
#8407=PLANE('',#9484);
#8408=PLANE('',#9489);
#8409=PLANE('',#9490);
#8410=PLANE('',#9491);
#8411=PLANE('',#9492);
#8412=PLANE('',#9493);
#8413=PLANE('',#9494);
#8414=PLANE('',#9495);
#8415=PLANE('',#9496);
#8416=PLANE('',#9497);
#8417=PLANE('',#9498);
#8418=PLANE('',#9499);
#8419=PLANE('',#9500);
#8420=PLANE('',#9501);
#8421=PLANE('',#9502);
#8422=PLANE('',#9503);
#8423=PLANE('',#9504);
#8424=PLANE('',#9505);
#8425=PLANE('',#9506);
#8426=PLANE('',#9507);
#8427=PLANE('',#9508);
#8428=PLANE('',#9509);
#8429=PLANE('',#9510);
#8430=PLANE('',#9511);
#8431=PLANE('',#9512);
#8432=PLANE('',#9513);
#8433=PLANE('',#9514);
#8434=PLANE('',#9515);
#8435=PLANE('',#9516);
#8436=PLANE('',#9517);
#8437=PLANE('',#9518);
#8438=PLANE('',#9519);
#8439=PLANE('',#9520);
#8440=PLANE('',#9521);
#8441=PLANE('',#9522);
#8442=PLANE('',#9523);
#8443=PLANE('',#9524);
#8444=PLANE('',#9525);
#8445=PLANE('',#9526);
#8446=PLANE('',#9527);
#8447=PLANE('',#9528);
#8448=PLANE('',#9529);
#8449=PLANE('',#9530);
#8450=PLANE('',#9531);
#8451=PLANE('',#9532);
#8452=PLANE('',#9533);
#8453=PLANE('',#9534);
#8454=PLANE('',#9715);
#8455=PLANE('',#9717);
#8456=PLANE('',#9720);
#8457=PLANE('',#9721);
#8458=PLANE('',#9723);
#8459=PLANE('',#9726);
#8460=PLANE('',#9727);
#8461=PLANE('',#9732);
#8462=PLANE('',#9733);
#8463=PLANE('',#9738);
#8464=PLANE('',#9739);
#8465=PLANE('',#9744);
#8466=PLANE('',#9745);
#8467=PLANE('',#9750);
#8468=PLANE('',#9751);
#8469=PLANE('',#9756);
#8470=PLANE('',#9757);
#8471=PLANE('',#9762);
#8472=PLANE('',#9763);
#8473=PLANE('',#9768);
#8474=PLANE('',#9769);
#8475=PLANE('',#9774);
#8476=PLANE('',#9775);
#8477=PLANE('',#9780);
#8478=PLANE('',#9781);
#8479=PLANE('',#9786);
#8480=PLANE('',#9787);
#8481=PLANE('',#9793);
#8482=PLANE('',#9794);
#8483=PLANE('',#9799);
#8484=PLANE('',#9800);
#8485=PLANE('',#9805);
#8486=PLANE('',#9806);
#8487=PLANE('',#9811);
#8488=PLANE('',#9812);
#8489=PLANE('',#9817);
#8490=PLANE('',#9818);
#8491=PLANE('',#9823);
#8492=PLANE('',#9824);
#8493=PLANE('',#9829);
#8494=PLANE('',#9830);
#8495=PLANE('',#9835);
#8496=PLANE('',#9836);
#8497=PLANE('',#9841);
#8498=PLANE('',#9842);
#8499=PLANE('',#9847);
#8500=PLANE('',#9848);
#8501=PLANE('',#9853);
#8502=PLANE('',#9854);
#8503=PLANE('',#9859);
#8504=PLANE('',#9860);
#8505=PLANE('',#9865);
#8506=PLANE('',#9866);
#8507=PLANE('',#9871);
#8508=PLANE('',#9872);
#8509=PLANE('',#9877);
#8510=PLANE('',#9878);
#8511=PLANE('',#9884);
#8512=PLANE('',#9885);
#8513=PLANE('',#9887);
#8514=PLANE('',#9888);
#8515=PLANE('',#9889);
#8516=PLANE('',#9891);
#8517=PLANE('',#9892);
#8518=PLANE('',#9893);
#8519=PLANE('',#9894);
#8520=PLANE('',#9896);
#8521=PLANE('',#9899);
#8522=PLANE('',#9900);
#8523=PLANE('',#9901);
#8524=PLANE('',#9903);
#8525=PLANE('',#9904);
#8526=PLANE('',#9905);
#8527=PLANE('',#9907);
#8528=PLANE('',#9910);
#8529=PLANE('',#9911);
#8530=PLANE('',#9912);
#8531=PLANE('',#9914);
#8532=PLANE('',#9915);
#8533=PLANE('',#9916);
#8534=PLANE('',#9917);
#8535=PLANE('',#9918);
#8536=PLANE('',#9919);
#8537=PLANE('',#9920);
#8538=PLANE('',#9923);
#8539=PLANE('',#9924);
#8540=PLANE('',#9925);
#8541=PLANE('',#9926);
#8542=PLANE('',#9927);
#8543=PLANE('',#9928);
#8544=PLANE('',#9930);
#8545=PLANE('',#9931);
#8546=PLANE('',#9932);
#8547=PLANE('',#9933);
#8548=PLANE('',#9934);
#8549=PLANE('',#9935);
#8550=PLANE('',#9936);
#8551=PLANE('',#9937);
#8552=PLANE('',#9938);
#8553=PLANE('',#9939);
#8554=PLANE('',#9940);
#8555=PLANE('',#9941);
#8556=PLANE('',#9942);
#8557=PLANE('',#9943);
#8558=PLANE('',#9944);
#8559=PLANE('',#9945);
#8560=PLANE('',#9946);
#8561=PLANE('',#9947);
#8562=PLANE('',#9948);
#8563=PLANE('',#9949);
#8564=PLANE('',#9950);
#8565=PLANE('',#9952);
#8566=PLANE('',#9956);
#8567=PLANE('',#9958);
#8568=PLANE('',#9960);
#8569=PLANE('',#9962);
#8570=PLANE('',#9966);
#8571=PLANE('',#9968);
#8572=PLANE('',#9970);
#8573=PLANE('',#9972);
#8574=PLANE('',#9976);
#8575=PLANE('',#9978);
#8576=PLANE('',#9980);
#8577=PLANE('',#9982);
#8578=PLANE('',#9986);
#8579=PLANE('',#9988);
#8580=ADVANCED_FACE('',(#7612,#7613,#7614,#7615,#7616,#7617,#7618,#7619,#7620,#7621),#8281,.T.);
#8581=ADVANCED_FACE('',(#7622,#7623,#7624,#7625,#7626,#7627,#7628,#7629,#7630,#7631,#7632,#7633),#8282,.T.);
#8582=ADVANCED_FACE('',(#7634,#7635,#7636,#7637,#7638,#7639,#7640,#7641,#7642,#7643,#7644,#7645,#7646,#7647),#8283,.T.);
#8583=ADVANCED_FACE('',(#7648,#7649,#7650,#7651,#7652,#7653,#7654,#7655,#7656,#7657,#7658,#7659,#7660),#8284,.T.);
#8584=ADVANCED_FACE('',(#7661,#7662),#230,.F.);
#8585=ADVANCED_FACE('',(#7663,#7664),#231,.F.);
#8586=ADVANCED_FACE('',(#7665,#7666),#232,.F.);
#8587=ADVANCED_FACE('',(#7667,#7668),#233,.F.);
#8588=ADVANCED_FACE('',(#7669,#7670),#234,.F.);
#8589=ADVANCED_FACE('',(#7671,#7672),#8285,.F.);
#8590=ADVANCED_FACE('',(#7673,#7674),#8286,.F.);
#8591=ADVANCED_FACE('',(#7675,#7676),#8287,.F.);
#8592=ADVANCED_FACE('',(#7677,#7678),#8288,.F.);
#8593=ADVANCED_FACE('',(#7679,#7680),#8289,.F.);
#8594=ADVANCED_FACE('',(#7681,#7682,#7683,#7684),#8290,.F.);
#8595=ADVANCED_FACE('',(#7685,#7686,#7687,#7688,#7689,#7690),#8291,.F.);
#8596=ADVANCED_FACE('',(#7691),#8292,.F.);
#8597=ADVANCED_FACE('',(#7692,#7693,#7694,#7695),#8293,.F.);
#8598=ADVANCED_FACE('',(#7696,#7697),#8294,.T.);
#8599=ADVANCED_FACE('',(#7698,#7699,#7700,#7701,#7702,#7703),#8295,.T.);
#8600=ADVANCED_FACE('',(#7704),#235,.T.);
#8601=ADVANCED_FACE('',(#7705),#8296,.T.);
#8602=ADVANCED_FACE('',(#7706,#7707),#236,.F.);
#8603=ADVANCED_FACE('',(#7708),#8297,.T.);
#8604=ADVANCED_FACE('',(#7709,#7710),#8298,.T.);
#8605=ADVANCED_FACE('',(#7711,#7712),#237,.F.);
#8606=ADVANCED_FACE('',(#7713,#7714),#238,.T.);
#8607=ADVANCED_FACE('',(#7715,#7716),#8299,.T.);
#8608=ADVANCED_FACE('',(#7717,#7718),#239,.F.);
#8609=ADVANCED_FACE('',(#7719,#7720),#240,.T.);
#8610=ADVANCED_FACE('',(#7721,#7722),#8300,.T.);
#8611=ADVANCED_FACE('',(#7723,#7724),#241,.F.);
#8612=ADVANCED_FACE('',(#7725,#7726),#242,.T.);
#8613=ADVANCED_FACE('',(#7727,#7728),#8301,.T.);
#8614=ADVANCED_FACE('',(#7729),#8302,.T.);
#8615=ADVANCED_FACE('',(#7730),#8303,.T.);
#8616=ADVANCED_FACE('',(#7731),#243,.T.);
#8617=ADVANCED_FACE('',(#7732,#7733),#244,.F.);
#8618=ADVANCED_FACE('',(#7734,#7735),#8304,.T.);
#8619=ADVANCED_FACE('',(#7736,#7737),#245,.F.);
#8620=ADVANCED_FACE('',(#7738,#7739),#246,.T.);
#8621=ADVANCED_FACE('',(#7740,#7741),#8305,.T.);
#8622=ADVANCED_FACE('',(#7742),#8306,.T.);
#8623=ADVANCED_FACE('',(#7743),#8307,.T.);
#8624=ADVANCED_FACE('',(#7744),#247,.T.);
#8625=ADVANCED_FACE('',(#7745,#7746),#248,.F.);
#8626=ADVANCED_FACE('',(#7747,#7748),#8308,.T.);
#8627=ADVANCED_FACE('',(#7749,#7750),#249,.F.);
#8628=ADVANCED_FACE('',(#7751,#7752),#250,.T.);
#8629=ADVANCED_FACE('',(#7753,#7754),#8309,.T.);
#8630=ADVANCED_FACE('',(#7755),#8310,.T.);
#8631=ADVANCED_FACE('',(#7756),#8311,.F.);
#8632=ADVANCED_FACE('',(#7757),#8312,.T.);
#8633=ADVANCED_FACE('',(#7758),#8313,.F.);
#8634=ADVANCED_FACE('',(#7759),#8314,.T.);
#8635=ADVANCED_FACE('',(#7760),#8315,.F.);
#8636=ADVANCED_FACE('',(#7761),#8316,.T.);
#8637=ADVANCED_FACE('',(#7762),#8317,.F.);
#8638=ADVANCED_FACE('',(#7763),#8318,.T.);
#8639=ADVANCED_FACE('',(#7764),#8319,.F.);
#8640=ADVANCED_FACE('',(#7765),#8320,.T.);
#8641=ADVANCED_FACE('',(#7766),#8321,.F.);
#8642=ADVANCED_FACE('',(#7767),#8322,.F.);
#8643=ADVANCED_FACE('',(#7768),#8323,.T.);
#8644=ADVANCED_FACE('',(#7769),#8324,.F.);
#8645=ADVANCED_FACE('',(#7770),#8325,.T.);
#8646=ADVANCED_FACE('',(#7771),#8326,.F.);
#8647=ADVANCED_FACE('',(#7772),#8327,.F.);
#8648=ADVANCED_FACE('',(#7773),#8328,.T.);
#8649=ADVANCED_FACE('',(#7774),#8329,.T.);
#8650=ADVANCED_FACE('',(#7775),#8330,.F.);
#8651=ADVANCED_FACE('',(#7776),#8331,.T.);
#8652=ADVANCED_FACE('',(#7777),#8332,.F.);
#8653=ADVANCED_FACE('',(#7778),#8333,.T.);
#8654=ADVANCED_FACE('',(#7779,#7780),#251,.F.);
#8655=ADVANCED_FACE('',(#7781),#8334,.F.);
#8656=ADVANCED_FACE('',(#7782),#8335,.F.);
#8657=ADVANCED_FACE('',(#7783),#8336,.T.);
#8658=ADVANCED_FACE('',(#7784),#8337,.T.);
#8659=ADVANCED_FACE('',(#7785),#8338,.T.);
#8660=ADVANCED_FACE('',(#7786),#8339,.T.);
#8661=ADVANCED_FACE('',(#7787),#8340,.F.);
#8662=ADVANCED_FACE('',(#7788),#8341,.F.);
#8663=ADVANCED_FACE('',(#7789),#8342,.T.);
#8664=ADVANCED_FACE('',(#7790),#8343,.F.);
#8665=ADVANCED_FACE('',(#7791),#8344,.T.);
#8666=ADVANCED_FACE('',(#7792),#8345,.F.);
#8667=ADVANCED_FACE('',(#7793),#8346,.T.);
#8668=ADVANCED_FACE('',(#7794),#8347,.F.);
#8669=ADVANCED_FACE('',(#7795),#8348,.T.);
#8670=ADVANCED_FACE('',(#7796),#8349,.F.);
#8671=ADVANCED_FACE('',(#7797),#8350,.T.);
#8672=ADVANCED_FACE('',(#7798),#8351,.T.);
#8673=ADVANCED_FACE('',(#7799),#8352,.T.);
#8674=ADVANCED_FACE('',(#7800),#8353,.F.);
#8675=ADVANCED_FACE('',(#7801),#8354,.T.);
#8676=ADVANCED_FACE('',(#7802),#8355,.T.);
#8677=ADVANCED_FACE('',(#7803,#7804),#252,.F.);
#8678=ADVANCED_FACE('',(#7805,#7806),#253,.F.);
#8679=ADVANCED_FACE('',(#7807),#8356,.F.);
#8680=ADVANCED_FACE('',(#7808,#7809,#7810),#8357,.F.);
#8681=ADVANCED_FACE('',(#7811),#8358,.T.);
#8682=ADVANCED_FACE('',(#7812),#8359,.T.);
#8683=ADVANCED_FACE('',(#7813),#8360,.T.);
#8684=ADVANCED_FACE('',(#7814),#8361,.F.);
#8685=ADVANCED_FACE('',(#7815),#8362,.F.);
#8686=ADVANCED_FACE('',(#7816),#8363,.T.);
#8687=ADVANCED_FACE('',(#7817,#7818),#254,.F.);
#8688=ADVANCED_FACE('',(#7819),#8364,.F.);
#8689=ADVANCED_FACE('',(#7820,#7821),#255,.F.);
#8690=ADVANCED_FACE('',(#7822,#7823,#7824),#8365,.F.);
#8691=ADVANCED_FACE('',(#7825),#8366,.F.);
#8692=ADVANCED_FACE('',(#7826,#7827),#256,.F.);
#8693=ADVANCED_FACE('',(#7828,#7829),#8367,.T.);
#8694=ADVANCED_FACE('',(#7830,#7831),#257,.F.);
#8695=ADVANCED_FACE('',(#7832,#7833),#8368,.T.);
#8696=ADVANCED_FACE('',(#7834,#7835),#258,.F.);
#8697=ADVANCED_FACE('',(#7836,#7837),#8369,.T.);
#8698=ADVANCED_FACE('',(#7838,#7839),#259,.F.);
#8699=ADVANCED_FACE('',(#7840,#7841),#8370,.T.);
#8700=ADVANCED_FACE('',(#7842),#8371,.F.);
#8701=ADVANCED_FACE('',(#7843),#8372,.T.);
#8702=ADVANCED_FACE('',(#7844),#8373,.F.);
#8703=ADVANCED_FACE('',(#7845),#8374,.F.);
#8704=ADVANCED_FACE('',(#7846),#8375,.T.);
#8705=ADVANCED_FACE('',(#7847),#8376,.T.);
#8706=ADVANCED_FACE('',(#7848,#7849),#260,.F.);
#8707=ADVANCED_FACE('',(#7850,#7851),#100,.F.);
#8708=ADVANCED_FACE('',(#7852),#8377,.F.);
#8709=ADVANCED_FACE('',(#7853),#8378,.T.);
#8710=ADVANCED_FACE('',(#7854,#7855),#101,.F.);
#8711=ADVANCED_FACE('',(#7856),#8379,.F.);
#8712=ADVANCED_FACE('',(#7857),#8380,.T.);
#8713=ADVANCED_FACE('',(#7858),#8381,.T.);
#8714=ADVANCED_FACE('',(#7859),#8382,.F.);
#8715=ADVANCED_FACE('',(#7860),#8383,.T.);
#8716=ADVANCED_FACE('',(#7861),#8384,.T.);
#8717=ADVANCED_FACE('',(#7862),#8385,.F.);
#8718=ADVANCED_FACE('',(#7863),#8386,.T.);
#8719=ADVANCED_FACE('',(#7864),#8387,.F.);
#8720=ADVANCED_FACE('',(#7865),#8388,.F.);
#8721=ADVANCED_FACE('',(#7866),#8389,.T.);
#8722=ADVANCED_FACE('',(#7867),#8390,.T.);
#8723=ADVANCED_FACE('',(#7868),#8391,.T.);
#8724=ADVANCED_FACE('',(#7869),#8392,.F.);
#8725=ADVANCED_FACE('',(#7870),#8393,.T.);
#8726=ADVANCED_FACE('',(#7871),#8394,.T.);
#8727=ADVANCED_FACE('',(#7872,#7873),#8395,.F.);
#8728=ADVANCED_FACE('',(#7874),#8396,.T.);
#8729=ADVANCED_FACE('',(#7875),#8397,.F.);
#8730=ADVANCED_FACE('',(#7876),#8398,.F.);
#8731=ADVANCED_FACE('',(#7877),#8399,.F.);
#8732=ADVANCED_FACE('',(#7878),#8400,.T.);
#8733=ADVANCED_FACE('',(#7879),#8401,.F.);
#8734=ADVANCED_FACE('',(#7880,#7881),#261,.F.);
#8735=ADVANCED_FACE('',(#7882,#7883),#8402,.T.);
#8736=ADVANCED_FACE('',(#7884),#8403,.T.);
#8737=ADVANCED_FACE('',(#7885),#8404,.F.);
#8738=ADVANCED_FACE('',(#7886),#8405,.T.);
#8739=ADVANCED_FACE('',(#7887),#8406,.F.);
#8740=ADVANCED_FACE('',(#7888),#8407,.F.);
#8741=ADVANCED_FACE('',(#7889,#7890),#102,.F.);
#8742=ADVANCED_FACE('',(#7891,#7892),#103,.F.);
#8743=ADVANCED_FACE('',(#7893,#7894),#104,.F.);
#8744=ADVANCED_FACE('',(#7895,#7896),#105,.F.);
#8745=ADVANCED_FACE('',(#7897),#8408,.T.);
#8746=ADVANCED_FACE('',(#7898),#8409,.F.);
#8747=ADVANCED_FACE('',(#7899),#8410,.T.);
#8748=ADVANCED_FACE('',(#7900),#8411,.F.);
#8749=ADVANCED_FACE('',(#7901),#8412,.T.);
#8750=ADVANCED_FACE('',(#7902),#8413,.T.);
#8751=ADVANCED_FACE('',(#7903),#8414,.F.);
#8752=ADVANCED_FACE('',(#7904),#8415,.F.);
#8753=ADVANCED_FACE('',(#7905),#8416,.T.);
#8754=ADVANCED_FACE('',(#7906),#8417,.T.);
#8755=ADVANCED_FACE('',(#7907),#8418,.T.);
#8756=ADVANCED_FACE('',(#7908),#8419,.F.);
#8757=ADVANCED_FACE('',(#7909),#8420,.T.);
#8758=ADVANCED_FACE('',(#7910),#8421,.F.);
#8759=ADVANCED_FACE('',(#7911),#8422,.F.);
#8760=ADVANCED_FACE('',(#7912),#8423,.F.);
#8761=ADVANCED_FACE('',(#7913),#8424,.T.);
#8762=ADVANCED_FACE('',(#7914),#8425,.T.);
#8763=ADVANCED_FACE('',(#7915),#8426,.F.);
#8764=ADVANCED_FACE('',(#7916),#8427,.T.);
#8765=ADVANCED_FACE('',(#7917),#8428,.F.);
#8766=ADVANCED_FACE('',(#7918),#8429,.T.);
#8767=ADVANCED_FACE('',(#7919),#8430,.F.);
#8768=ADVANCED_FACE('',(#7920),#8431,.T.);
#8769=ADVANCED_FACE('',(#7921),#8432,.T.);
#8770=ADVANCED_FACE('',(#7922),#8433,.F.);
#8771=ADVANCED_FACE('',(#7923),#8434,.F.);
#8772=ADVANCED_FACE('',(#7924),#8435,.T.);
#8773=ADVANCED_FACE('',(#7925),#8436,.T.);
#8774=ADVANCED_FACE('',(#7926),#8437,.T.);
#8775=ADVANCED_FACE('',(#7927),#8438,.T.);
#8776=ADVANCED_FACE('',(#7928),#8439,.T.);
#8777=ADVANCED_FACE('',(#7929),#8440,.F.);
#8778=ADVANCED_FACE('',(#7930),#8441,.F.);
#8779=ADVANCED_FACE('',(#7931),#8442,.T.);
#8780=ADVANCED_FACE('',(#7932),#8443,.F.);
#8781=ADVANCED_FACE('',(#7933),#8444,.F.);
#8782=ADVANCED_FACE('',(#7934),#8445,.T.);
#8783=ADVANCED_FACE('',(#7935),#8446,.F.);
#8784=ADVANCED_FACE('',(#7936),#8447,.T.);
#8785=ADVANCED_FACE('',(#7937),#8448,.T.);
#8786=ADVANCED_FACE('',(#7938),#8449,.F.);
#8787=ADVANCED_FACE('',(#7939),#8450,.T.);
#8788=ADVANCED_FACE('',(#7940),#8451,.F.);
#8789=ADVANCED_FACE('',(#7941),#8452,.T.);
#8790=ADVANCED_FACE('',(#7942),#8453,.F.);
#8791=ADVANCED_FACE('',(#7943),#262,.F.);
#8792=ADVANCED_FACE('',(#7944),#263,.F.);
#8793=ADVANCED_FACE('',(#7945),#264,.F.);
#8794=ADVANCED_FACE('',(#7946),#265,.F.);
#8795=ADVANCED_FACE('',(#7947),#266,.F.);
#8796=ADVANCED_FACE('',(#7948),#267,.F.);
#8797=ADVANCED_FACE('',(#7949),#268,.F.);
#8798=ADVANCED_FACE('',(#7950),#269,.F.);
#8799=ADVANCED_FACE('',(#7951),#270,.F.);
#8800=ADVANCED_FACE('',(#7952),#271,.F.);
#8801=ADVANCED_FACE('',(#7953),#272,.F.);
#8802=ADVANCED_FACE('',(#7954),#273,.F.);
#8803=ADVANCED_FACE('',(#7955),#274,.F.);
#8804=ADVANCED_FACE('',(#7956),#275,.F.);
#8805=ADVANCED_FACE('',(#7957),#276,.F.);
#8806=ADVANCED_FACE('',(#7958),#277,.F.);
#8807=ADVANCED_FACE('',(#7959),#278,.F.);
#8808=ADVANCED_FACE('',(#7960),#279,.F.);
#8809=ADVANCED_FACE('',(#7961),#280,.F.);
#8810=ADVANCED_FACE('',(#7962),#281,.F.);
#8811=ADVANCED_FACE('',(#7963),#282,.F.);
#8812=ADVANCED_FACE('',(#7964),#283,.F.);
#8813=ADVANCED_FACE('',(#7965),#284,.F.);
#8814=ADVANCED_FACE('',(#7966),#285,.F.);
#8815=ADVANCED_FACE('',(#7967),#286,.F.);
#8816=ADVANCED_FACE('',(#7968),#287,.F.);
#8817=ADVANCED_FACE('',(#7969),#288,.F.);
#8818=ADVANCED_FACE('',(#7970),#289,.F.);
#8819=ADVANCED_FACE('',(#7971),#290,.F.);
#8820=ADVANCED_FACE('',(#7972),#291,.F.);
#8821=ADVANCED_FACE('',(#7973),#292,.F.);
#8822=ADVANCED_FACE('',(#7974),#293,.F.);
#8823=ADVANCED_FACE('',(#7975),#294,.F.);
#8824=ADVANCED_FACE('',(#7976),#295,.F.);
#8825=ADVANCED_FACE('',(#7977),#296,.F.);
#8826=ADVANCED_FACE('',(#7978),#297,.F.);
#8827=ADVANCED_FACE('',(#7979),#298,.F.);
#8828=ADVANCED_FACE('',(#7980),#299,.F.);
#8829=ADVANCED_FACE('',(#7981),#300,.F.);
#8830=ADVANCED_FACE('',(#7982),#301,.F.);
#8831=ADVANCED_FACE('',(#7983),#302,.F.);
#8832=ADVANCED_FACE('',(#7984),#303,.F.);
#8833=ADVANCED_FACE('',(#7985),#304,.F.);
#8834=ADVANCED_FACE('',(#7986),#305,.F.);
#8835=ADVANCED_FACE('',(#7987),#306,.F.);
#8836=ADVANCED_FACE('',(#7988),#307,.F.);
#8837=ADVANCED_FACE('',(#7989),#308,.F.);
#8838=ADVANCED_FACE('',(#7990),#309,.F.);
#8839=ADVANCED_FACE('',(#7991),#310,.F.);
#8840=ADVANCED_FACE('',(#7992),#311,.F.);
#8841=ADVANCED_FACE('',(#7993),#312,.F.);
#8842=ADVANCED_FACE('',(#7994),#313,.F.);
#8843=ADVANCED_FACE('',(#7995),#314,.F.);
#8844=ADVANCED_FACE('',(#7996),#315,.F.);
#8845=ADVANCED_FACE('',(#7997),#316,.F.);
#8846=ADVANCED_FACE('',(#7998),#317,.F.);
#8847=ADVANCED_FACE('',(#7999),#318,.F.);
#8848=ADVANCED_FACE('',(#8000),#319,.F.);
#8849=ADVANCED_FACE('',(#8001),#320,.F.);
#8850=ADVANCED_FACE('',(#8002),#321,.F.);
#8851=ADVANCED_FACE('',(#8003),#8454,.T.);
#8852=ADVANCED_FACE('',(#8004),#106,.F.);
#8853=ADVANCED_FACE('',(#8005),#8455,.T.);
#8854=ADVANCED_FACE('',(#8006),#107,.F.);
#8855=ADVANCED_FACE('',(#8007),#108,.F.);
#8856=ADVANCED_FACE('',(#8008),#8456,.F.);
#8857=ADVANCED_FACE('',(#8009),#8457,.T.);
#8858=ADVANCED_FACE('',(#8010),#109,.F.);
#8859=ADVANCED_FACE('',(#8011),#8458,.T.);
#8860=ADVANCED_FACE('',(#8012),#110,.F.);
#8861=ADVANCED_FACE('',(#8013),#111,.F.);
#8862=ADVANCED_FACE('',(#8014),#8459,.F.);
#8863=ADVANCED_FACE('',(#8015),#8460,.T.);
#8864=ADVANCED_FACE('',(#8016),#112,.F.);
#8865=ADVANCED_FACE('',(#8017),#113,.F.);
#8866=ADVANCED_FACE('',(#8018),#114,.F.);
#8867=ADVANCED_FACE('',(#8019),#115,.F.);
#8868=ADVANCED_FACE('',(#8020),#8461,.F.);
#8869=ADVANCED_FACE('',(#8021),#8462,.T.);
#8870=ADVANCED_FACE('',(#8022),#116,.F.);
#8871=ADVANCED_FACE('',(#8023),#117,.F.);
#8872=ADVANCED_FACE('',(#8024),#118,.F.);
#8873=ADVANCED_FACE('',(#8025),#119,.F.);
#8874=ADVANCED_FACE('',(#8026),#8463,.F.);
#8875=ADVANCED_FACE('',(#8027),#8464,.T.);
#8876=ADVANCED_FACE('',(#8028),#120,.F.);
#8877=ADVANCED_FACE('',(#8029),#121,.F.);
#8878=ADVANCED_FACE('',(#8030),#122,.F.);
#8879=ADVANCED_FACE('',(#8031),#123,.F.);
#8880=ADVANCED_FACE('',(#8032),#8465,.F.);
#8881=ADVANCED_FACE('',(#8033),#8466,.T.);
#8882=ADVANCED_FACE('',(#8034),#124,.F.);
#8883=ADVANCED_FACE('',(#8035),#125,.F.);
#8884=ADVANCED_FACE('',(#8036),#126,.F.);
#8885=ADVANCED_FACE('',(#8037),#127,.F.);
#8886=ADVANCED_FACE('',(#8038),#8467,.F.);
#8887=ADVANCED_FACE('',(#8039),#8468,.T.);
#8888=ADVANCED_FACE('',(#8040),#128,.F.);
#8889=ADVANCED_FACE('',(#8041),#129,.F.);
#8890=ADVANCED_FACE('',(#8042),#130,.F.);
#8891=ADVANCED_FACE('',(#8043),#131,.F.);
#8892=ADVANCED_FACE('',(#8044),#8469,.F.);
#8893=ADVANCED_FACE('',(#8045),#8470,.T.);
#8894=ADVANCED_FACE('',(#8046),#132,.F.);
#8895=ADVANCED_FACE('',(#8047),#133,.F.);
#8896=ADVANCED_FACE('',(#8048),#134,.F.);
#8897=ADVANCED_FACE('',(#8049),#135,.F.);
#8898=ADVANCED_FACE('',(#8050),#8471,.F.);
#8899=ADVANCED_FACE('',(#8051),#8472,.T.);
#8900=ADVANCED_FACE('',(#8052),#136,.F.);
#8901=ADVANCED_FACE('',(#8053),#137,.F.);
#8902=ADVANCED_FACE('',(#8054),#138,.F.);
#8903=ADVANCED_FACE('',(#8055),#139,.F.);
#8904=ADVANCED_FACE('',(#8056),#8473,.F.);
#8905=ADVANCED_FACE('',(#8057),#8474,.T.);
#8906=ADVANCED_FACE('',(#8058),#140,.F.);
#8907=ADVANCED_FACE('',(#8059),#141,.F.);
#8908=ADVANCED_FACE('',(#8060),#142,.F.);
#8909=ADVANCED_FACE('',(#8061),#143,.F.);
#8910=ADVANCED_FACE('',(#8062),#8475,.F.);
#8911=ADVANCED_FACE('',(#8063),#8476,.T.);
#8912=ADVANCED_FACE('',(#8064),#144,.F.);
#8913=ADVANCED_FACE('',(#8065),#145,.F.);
#8914=ADVANCED_FACE('',(#8066),#146,.F.);
#8915=ADVANCED_FACE('',(#8067),#147,.F.);
#8916=ADVANCED_FACE('',(#8068),#8477,.F.);
#8917=ADVANCED_FACE('',(#8069),#8478,.T.);
#8918=ADVANCED_FACE('',(#8070),#148,.F.);
#8919=ADVANCED_FACE('',(#8071),#149,.F.);
#8920=ADVANCED_FACE('',(#8072),#150,.F.);
#8921=ADVANCED_FACE('',(#8073),#151,.F.);
#8922=ADVANCED_FACE('',(#8074),#8479,.F.);
#8923=ADVANCED_FACE('',(#8075),#8480,.F.);
#8924=ADVANCED_FACE('',(#8076),#152,.F.);
#8925=ADVANCED_FACE('',(#8077),#153,.F.);
#8926=ADVANCED_FACE('',(#8078),#154,.F.);
#8927=ADVANCED_FACE('',(#8079),#155,.F.);
#8928=ADVANCED_FACE('',(#8080),#8481,.T.);
#8929=ADVANCED_FACE('',(#8081),#8482,.F.);
#8930=ADVANCED_FACE('',(#8082),#156,.F.);
#8931=ADVANCED_FACE('',(#8083),#157,.F.);
#8932=ADVANCED_FACE('',(#8084),#158,.F.);
#8933=ADVANCED_FACE('',(#8085),#159,.F.);
#8934=ADVANCED_FACE('',(#8086),#8483,.T.);
#8935=ADVANCED_FACE('',(#8087),#8484,.T.);
#8936=ADVANCED_FACE('',(#8088),#160,.F.);
#8937=ADVANCED_FACE('',(#8089),#161,.F.);
#8938=ADVANCED_FACE('',(#8090),#162,.F.);
#8939=ADVANCED_FACE('',(#8091),#163,.F.);
#8940=ADVANCED_FACE('',(#8092),#8485,.F.);
#8941=ADVANCED_FACE('',(#8093),#8486,.T.);
#8942=ADVANCED_FACE('',(#8094),#164,.F.);
#8943=ADVANCED_FACE('',(#8095),#165,.F.);
#8944=ADVANCED_FACE('',(#8096),#166,.F.);
#8945=ADVANCED_FACE('',(#8097),#167,.F.);
#8946=ADVANCED_FACE('',(#8098),#8487,.F.);
#8947=ADVANCED_FACE('',(#8099),#8488,.T.);
#8948=ADVANCED_FACE('',(#8100),#168,.F.);
#8949=ADVANCED_FACE('',(#8101),#169,.F.);
#8950=ADVANCED_FACE('',(#8102),#170,.F.);
#8951=ADVANCED_FACE('',(#8103),#171,.F.);
#8952=ADVANCED_FACE('',(#8104),#8489,.F.);
#8953=ADVANCED_FACE('',(#8105),#8490,.T.);
#8954=ADVANCED_FACE('',(#8106),#172,.F.);
#8955=ADVANCED_FACE('',(#8107),#173,.F.);
#8956=ADVANCED_FACE('',(#8108),#174,.F.);
#8957=ADVANCED_FACE('',(#8109),#175,.F.);
#8958=ADVANCED_FACE('',(#8110),#8491,.F.);
#8959=ADVANCED_FACE('',(#8111),#8492,.T.);
#8960=ADVANCED_FACE('',(#8112),#176,.F.);
#8961=ADVANCED_FACE('',(#8113),#177,.F.);
#8962=ADVANCED_FACE('',(#8114),#178,.F.);
#8963=ADVANCED_FACE('',(#8115),#179,.F.);
#8964=ADVANCED_FACE('',(#8116),#8493,.F.);
#8965=ADVANCED_FACE('',(#8117),#8494,.T.);
#8966=ADVANCED_FACE('',(#8118),#180,.F.);
#8967=ADVANCED_FACE('',(#8119),#181,.F.);
#8968=ADVANCED_FACE('',(#8120),#182,.F.);
#8969=ADVANCED_FACE('',(#8121),#183,.F.);
#8970=ADVANCED_FACE('',(#8122),#8495,.F.);
#8971=ADVANCED_FACE('',(#8123),#8496,.T.);
#8972=ADVANCED_FACE('',(#8124),#184,.F.);
#8973=ADVANCED_FACE('',(#8125),#185,.F.);
#8974=ADVANCED_FACE('',(#8126),#186,.F.);
#8975=ADVANCED_FACE('',(#8127),#187,.F.);
#8976=ADVANCED_FACE('',(#8128),#8497,.F.);
#8977=ADVANCED_FACE('',(#8129),#8498,.T.);
#8978=ADVANCED_FACE('',(#8130),#188,.F.);
#8979=ADVANCED_FACE('',(#8131),#189,.F.);
#8980=ADVANCED_FACE('',(#8132),#190,.F.);
#8981=ADVANCED_FACE('',(#8133),#191,.F.);
#8982=ADVANCED_FACE('',(#8134),#8499,.F.);
#8983=ADVANCED_FACE('',(#8135),#8500,.T.);
#8984=ADVANCED_FACE('',(#8136),#192,.F.);
#8985=ADVANCED_FACE('',(#8137),#193,.F.);
#8986=ADVANCED_FACE('',(#8138),#194,.F.);
#8987=ADVANCED_FACE('',(#8139),#195,.F.);
#8988=ADVANCED_FACE('',(#8140),#8501,.F.);
#8989=ADVANCED_FACE('',(#8141),#8502,.T.);
#8990=ADVANCED_FACE('',(#8142),#196,.F.);
#8991=ADVANCED_FACE('',(#8143),#197,.F.);
#8992=ADVANCED_FACE('',(#8144),#198,.F.);
#8993=ADVANCED_FACE('',(#8145),#199,.F.);
#8994=ADVANCED_FACE('',(#8146),#8503,.F.);
#8995=ADVANCED_FACE('',(#8147),#8504,.T.);
#8996=ADVANCED_FACE('',(#8148),#200,.F.);
#8997=ADVANCED_FACE('',(#8149),#201,.F.);
#8998=ADVANCED_FACE('',(#8150),#202,.F.);
#8999=ADVANCED_FACE('',(#8151),#203,.F.);
#9000=ADVANCED_FACE('',(#8152),#8505,.F.);
#9001=ADVANCED_FACE('',(#8153),#8506,.T.);
#9002=ADVANCED_FACE('',(#8154),#204,.F.);
#9003=ADVANCED_FACE('',(#8155),#205,.F.);
#9004=ADVANCED_FACE('',(#8156),#206,.F.);
#9005=ADVANCED_FACE('',(#8157),#207,.F.);
#9006=ADVANCED_FACE('',(#8158),#8507,.F.);
#9007=ADVANCED_FACE('',(#8159),#8508,.F.);
#9008=ADVANCED_FACE('',(#8160),#208,.F.);
#9009=ADVANCED_FACE('',(#8161),#209,.F.);
#9010=ADVANCED_FACE('',(#8162),#210,.F.);
#9011=ADVANCED_FACE('',(#8163),#211,.F.);
#9012=ADVANCED_FACE('',(#8164),#8509,.T.);
#9013=ADVANCED_FACE('',(#8165),#8510,.F.);
#9014=ADVANCED_FACE('',(#8166),#212,.F.);
#9015=ADVANCED_FACE('',(#8167),#213,.F.);
#9016=ADVANCED_FACE('',(#8168),#214,.F.);
#9017=ADVANCED_FACE('',(#8169),#215,.F.);
#9018=ADVANCED_FACE('',(#8170),#8511,.T.);
#9019=ADVANCED_FACE('',(#8171),#8512,.F.);
#9020=ADVANCED_FACE('',(#8172),#216,.F.);
#9021=ADVANCED_FACE('',(#8173),#8513,.F.);
#9022=ADVANCED_FACE('',(#8174),#8514,.F.);
#9023=ADVANCED_FACE('',(#8175),#8515,.F.);
#9024=ADVANCED_FACE('',(#8176),#217,.F.);
#9025=ADVANCED_FACE('',(#8177),#8516,.F.);
#9026=ADVANCED_FACE('',(#8178),#8517,.F.);
#9027=ADVANCED_FACE('',(#8179),#8518,.T.);
#9028=ADVANCED_FACE('',(#8180),#8519,.T.);
#9029=ADVANCED_FACE('',(#8181),#218,.F.);
#9030=ADVANCED_FACE('',(#8182),#8520,.F.);
#9031=ADVANCED_FACE('',(#8183),#219,.F.);
#9032=ADVANCED_FACE('',(#8184),#220,.F.);
#9033=ADVANCED_FACE('',(#8185),#8521,.F.);
#9034=ADVANCED_FACE('',(#8186),#8522,.F.);
#9035=ADVANCED_FACE('',(#8187),#8523,.F.);
#9036=ADVANCED_FACE('',(#8188),#221,.F.);
#9037=ADVANCED_FACE('',(#8189),#8524,.T.);
#9038=ADVANCED_FACE('',(#8190),#8525,.T.);
#9039=ADVANCED_FACE('',(#8191),#8526,.T.);
#9040=ADVANCED_FACE('',(#8192),#222,.F.);
#9041=ADVANCED_FACE('',(#8193),#8527,.F.);
#9042=ADVANCED_FACE('',(#8194),#223,.F.);
#9043=ADVANCED_FACE('',(#8195),#224,.F.);
#9044=ADVANCED_FACE('',(#8196),#8528,.F.);
#9045=ADVANCED_FACE('',(#8197),#8529,.F.);
#9046=ADVANCED_FACE('',(#8198),#8530,.F.);
#9047=ADVANCED_FACE('',(#8199),#225,.F.);
#9048=ADVANCED_FACE('',(#8200),#8531,.T.);
#9049=ADVANCED_FACE('',(#8201),#8532,.T.);
#9050=ADVANCED_FACE('',(#8202),#8533,.T.);
#9051=ADVANCED_FACE('',(#8203),#8534,.F.);
#9052=ADVANCED_FACE('',(#8204),#8535,.F.);
#9053=ADVANCED_FACE('',(#8205),#8536,.F.);
#9054=ADVANCED_FACE('',(#8206),#8537,.T.);
#9055=ADVANCED_FACE('',(#8207,#8208),#226,.F.);
#9056=ADVANCED_FACE('',(#8209,#8210),#227,.F.);
#9057=ADVANCED_FACE('',(#8211),#8538,.T.);
#9058=ADVANCED_FACE('',(#8212),#8539,.F.);
#9059=ADVANCED_FACE('',(#8213),#8540,.T.);
#9060=ADVANCED_FACE('',(#8214),#8541,.F.);
#9061=ADVANCED_FACE('',(#8215),#8542,.F.);
#9062=ADVANCED_FACE('',(#8216),#8543,.T.);
#9063=ADVANCED_FACE('',(#8217,#8218),#228,.F.);
#9064=ADVANCED_FACE('',(#8219),#8544,.T.);
#9065=ADVANCED_FACE('',(#8220),#8545,.F.);
#9066=ADVANCED_FACE('',(#8221),#8546,.T.);
#9067=ADVANCED_FACE('',(#8222),#8547,.F.);
#9068=ADVANCED_FACE('',(#8223),#8548,.F.);
#9069=ADVANCED_FACE('',(#8224),#8549,.T.);
#9070=ADVANCED_FACE('',(#8225),#8550,.T.);
#9071=ADVANCED_FACE('',(#8226),#8551,.F.);
#9072=ADVANCED_FACE('',(#8227),#8552,.T.);
#9073=ADVANCED_FACE('',(#8228),#8553,.F.);
#9074=ADVANCED_FACE('',(#8229),#8554,.F.);
#9075=ADVANCED_FACE('',(#8230),#8555,.T.);
#9076=ADVANCED_FACE('',(#8231),#8556,.T.);
#9077=ADVANCED_FACE('',(#8232),#8557,.T.);
#9078=ADVANCED_FACE('',(#8233),#8558,.T.);
#9079=ADVANCED_FACE('',(#8234),#8559,.T.);
#9080=ADVANCED_FACE('',(#8235),#8560,.T.);
#9081=ADVANCED_FACE('',(#8236),#8561,.T.);
#9082=ADVANCED_FACE('',(#8237),#8562,.T.);
#9083=ADVANCED_FACE('',(#8238),#8563,.T.);
#9084=ADVANCED_FACE('',(#8239),#8564,.T.);
#9085=ADVANCED_FACE('',(#8240),#8565,.F.);
#9086=ADVANCED_FACE('',(#8241,#8242),#322,.F.);
#9087=ADVANCED_FACE('',(#8243),#8566,.F.);
#9088=ADVANCED_FACE('',(#8244,#8245),#8567,.T.);
#9089=ADVANCED_FACE('',(#8246),#8568,.T.);
#9090=ADVANCED_FACE('',(#8247),#8569,.F.);
#9091=ADVANCED_FACE('',(#8248,#8249),#323,.F.);
#9092=ADVANCED_FACE('',(#8250),#8570,.F.);
#9093=ADVANCED_FACE('',(#8251,#8252),#8571,.T.);
#9094=ADVANCED_FACE('',(#8253),#8572,.T.);
#9095=ADVANCED_FACE('',(#8254),#8573,.F.);
#9096=ADVANCED_FACE('',(#8255,#8256),#324,.F.);
#9097=ADVANCED_FACE('',(#8257),#8574,.F.);
#9098=ADVANCED_FACE('',(#8258,#8259),#8575,.T.);
#9099=ADVANCED_FACE('',(#8260),#8576,.F.);
#9100=ADVANCED_FACE('',(#8261),#8577,.T.);
#9101=ADVANCED_FACE('',(#8262,#8263),#325,.F.);
#9102=ADVANCED_FACE('',(#8264),#8578,.F.);
#9103=ADVANCED_FACE('',(#8265,#8266),#8579,.T.);
#9104=ADVANCED_FACE('',(#8267),#326,.T.);
#9105=ADVANCED_FACE('',(#8268),#327,.T.);
#9106=ADVANCED_FACE('',(#8269),#328,.T.);
#9107=ADVANCED_FACE('',(#8270),#329,.T.);
#9108=ADVANCED_FACE('',(#8271),#330,.F.);
#9109=ADVANCED_FACE('',(#8272),#331,.F.);
#9110=ADVANCED_FACE('',(#8273),#332,.F.);
#9111=ADVANCED_FACE('',(#8274),#333,.F.);
#9112=ADVANCED_FACE('',(#8275),#334,.F.);
#9113=ADVANCED_FACE('',(#8276),#335,.F.);
#9114=ADVANCED_FACE('',(#8277),#336,.F.);
#9115=ADVANCED_FACE('',(#8278),#337,.F.);
#9116=ADVANCED_FACE('',(#8279,#8280),#229,.F.);
#9117=CLOSED_SHELL('',(#8580,#8581,#8582,#8583,#8584,#8585,#8586,#8587,#8588,#8589,#8590,#8591,#8592,#8593,#8594,#8595,#8596,#8597,#8598,#8599,#8600,#8601,#8602,#8603,#8604,#8605,#8606,#8607,#8608,#8609,#8610,#8611,#8612,#8613,#8614,#8615,#8616,#8617,#8618,#8619,#8620,#8621,#8622,#8623,#8624,#8625,#8626,#8627,#8628,#8629,#8630,#8631,#8632,#8633,#8634,#8635,#8636,#8637,#8638,#8639,#8640,#8641,#8642,#8643,#8644,#8645,#8646,#8647,#8648,#8649,#8650,#8651,#8652,#8653,#8654,#8655,#8656,#8657,#8658,#8659,#8660,#8661,#8662,#8663,#8664,#8665,#8666,#8667,#8668,#8669,#8670,#8671,#8672,#8673,#8674,#8675,#8676,#8677,#8678,#8679,#8680,#8681,#8682,#8683,#8684,#8685,#8686,#8687,#8688,#8689,#8690,#8691,#8692,#8693,#8694,#8695,#8696,#8697,#8698,#8699,#8700,#8701,#8702,#8703,#8704,#8705,#8706,#8707,#8708,#8709,#8710,#8711,#8712,#8713,#8714,#8715,#8716,#8717,#8718,#8719,#8720,#8721,#8722,#8723,#8724,#8725,#8726,#8727,#8728,#8729,#8730,#8731,#8732,#8733,#8734,#8735,#8736,#8737,#8738,#8739,#8740,#8741,#8742,#8743,#8744,#8745,#8746,#8747,#8748,#8749,#8750,#8751,#8752,#8753,#8754,#8755,#8756,#8757,#8758,#8759,#8760,#8761,#8762,#8763,#8764,#8765,#8766,#8767,#8768,#8769,#8770,#8771,#8772,#8773,#8774,#8775,#8776,#8777,#8778,#8779,#8780,#8781,#8782,#8783,#8784,#8785,#8786,#8787,#8788,#8789,#8790,#8791,#8792,#8793,#8794,#8795,#8796,#8797,#8798,#8799,#8800,#8801,#8802,#8803,#8804,#8805,#8806,#8807,#8808,#8809,#8810,#8811,#8812,#8813,#8814,#8815,#8816,#8817,#8818,#8819,#8820,#8821,#8822,#8823,#8824,#8825,#8826,#8827,#8828,#8829,#8830,#8831,#8832,#8833,#8834,#8835,#8836,#8837,#8838,#8839,#8840,#8841,#8842,#8843,#8844,#8845,#8846,#8847,#8848,#8849,#8850,#8851,#8852,#8853,#8854,#8855,#8856,#8857,#8858,#8859,#8860,#8861,#8862,#8863,#8864,#8865,#8866,#8867,#8868,#8869,#8870,#8871,#8872,#8873,#8874,#8875,#8876,#8877,#8878,#8879,#8880,#8881,#8882,#8883,#8884,#8885,#8886,#8887,#8888,#8889,#8890,#8891,#8892,#8893,#8894,#8895,#8896,#8897,#8898,#8899,#8900,#8901,#8902,#8903,#8904,#8905,#8906,#8907,#8908,#8909,#8910,#8911,#8912,#8913,#8914,#8915,#8916,#8917,#8918,#8919,#8920,#8921,#8922,#8923,#8924,#8925,#8926,#8927,#8928,#8929,#8930,#8931,#8932,#8933,#8934,#8935,#8936,#8937,#8938,#8939,#8940,#8941,#8942,#8943,#8944,#8945,#8946,#8947,#8948,#8949,#8950,#8951,#8952,#8953,#8954,#8955,#8956,#8957,#8958,#8959,#8960,#8961,#8962,#8963,#8964,#8965,#8966,#8967,#8968,#8969,#8970,#8971,#8972,#8973,#8974,#8975,#8976,#8977,#8978,#8979,#8980,#8981,#8982,#8983,#8984,#8985,#8986,#8987,#8988,#8989,#8990,#8991,#8992,#8993,#8994,#8995,#8996,#8997,#8998,#8999,#9000,#9001,#9002,#9003,#9004,#9005,#9006,#9007,#9008,#9009,#9010,#9011,#9012,#9013,#9014,#9015,#9016,#9017,#9018,#9019,#9020,#9021,#9022,#9023,#9024,#9025,#9026,#9027,#9028,#9029,#9030,#9031,#9032,#9033,#9034,#9035,#9036,#9037,#9038,#9039,#9040,#9041,#9042,#9043,#9044,#9045,#9046,#9047,#9048,#9049,#9050,#9051,#9052,#9053,#9054,#9055,#9056,#9057,#9058,#9059,#9060,#9061,#9062,#9063,#9064,#9065,#9066,#9067,#9068,#9069,#9070,#9071,#9072,#9073,#9074,#9075,#9076,#9077,#9078,#9079,#9080,#9081,#9082,#9083,#9084,#9085,#9086,#9087,#9088,#9089,#9090,#9091,#9092,#9093,#9094,#9095,#9096,#9097,#9098,#9099,#9100,#9101,#9102,#9103,#9104,#9105,#9106,#9107,#9108,#9109,#9110,#9111,#9112,#9113,#9114,#9115,#9116));
#9118=STYLED_ITEM('',(#9119),#9126);
#9119=PRESENTATION_STYLE_ASSIGNMENT((#9120));
#9120=SURFACE_STYLE_USAGE(.BOTH.,#9121);
#9121=SURFACE_SIDE_STYLE('',(#9122));
#9122=SURFACE_STYLE_FILL_AREA(#9123);
#9123=FILL_AREA_STYLE('',(#9124));
#9124=FILL_AREA_STYLE_COLOUR('',#9125);
#9125=COLOUR_RGB('',0.615686274509804,0.811764705882353,0.929411764705882);
#9126=MANIFOLD_SOLID_BREP('Main Body',#9117);
#9127=SHAPE_DEFINITION_REPRESENTATION(#15505,#9128);
#9128=SHAPE_REPRESENTATION('Main Body',(#9129),#15500);
#9129=AXIS2_PLACEMENT_3D('',#12618,#10011,#10012);
#9130=AXIS2_PLACEMENT_3D('',#12619,#10013,#10014);
#9131=AXIS2_PLACEMENT_3D('',#12639,#10024,#10025);
#9132=AXIS2_PLACEMENT_3D('',#12641,#10026,#10027);
#9133=AXIS2_PLACEMENT_3D('',#12645,#10029,#10030);
#9134=AXIS2_PLACEMENT_3D('',#12647,#10031,#10032);
#9135=AXIS2_PLACEMENT_3D('',#12676,#10047,#10048);
#9136=AXIS2_PLACEMENT_3D('',#12681,#10050,#10051);
#9137=AXIS2_PLACEMENT_3D('',#12683,#10052,#10053);
#9138=AXIS2_PLACEMENT_3D('',#12688,#10056,#10057);
#9139=AXIS2_PLACEMENT_3D('',#12693,#10059,#10060);
#9140=AXIS2_PLACEMENT_3D('',#12695,#10061,#10062);
#9141=AXIS2_PLACEMENT_3D('',#12699,#10064,#10065);
#9142=AXIS2_PLACEMENT_3D('',#12700,#10066,#10067);
#9143=AXIS2_PLACEMENT_3D('',#12705,#10069,#10070);
#9144=AXIS2_PLACEMENT_3D('',#12707,#10071,#10072);
#9145=AXIS2_PLACEMENT_3D('',#12711,#10074,#10075);
#9146=AXIS2_PLACEMENT_3D('',#12712,#10076,#10077);
#9147=AXIS2_PLACEMENT_3D('',#12717,#10079,#10080);
#9148=AXIS2_PLACEMENT_3D('',#12719,#10081,#10082);
#9149=AXIS2_PLACEMENT_3D('',#12723,#10084,#10085);
#9150=AXIS2_PLACEMENT_3D('',#12724,#10086,#10087);
#9151=AXIS2_PLACEMENT_3D('',#12729,#10089,#10090);
#9152=AXIS2_PLACEMENT_3D('',#12731,#10091,#10092);
#9153=AXIS2_PLACEMENT_3D('',#12735,#10094,#10095);
#9154=AXIS2_PLACEMENT_3D('',#12736,#10096,#10097);
#9155=AXIS2_PLACEMENT_3D('',#12741,#10099,#10100);
#9156=AXIS2_PLACEMENT_3D('',#12743,#10101,#10102);
#9157=AXIS2_PLACEMENT_3D('',#12747,#10104,#10105);
#9158=AXIS2_PLACEMENT_3D('',#12753,#10108,#10109);
#9159=AXIS2_PLACEMENT_3D('',#12764,#10115,#10116);
#9160=AXIS2_PLACEMENT_3D('',#12766,#10117,#10118);
#9161=AXIS2_PLACEMENT_3D('',#12767,#10119,#10120);
#9162=AXIS2_PLACEMENT_3D('',#12769,#10121,#10122);
#9163=AXIS2_PLACEMENT_3D('',#12774,#10124,#10125);
#9164=AXIS2_PLACEMENT_3D('',#12780,#10128,#10129);
#9165=AXIS2_PLACEMENT_3D('',#12781,#10130,#10131);
#9166=AXIS2_PLACEMENT_3D('',#12786,#10133,#10134);
#9167=AXIS2_PLACEMENT_3D('',#12788,#10135,#10136);
#9168=AXIS2_PLACEMENT_3D('',#12792,#10138,#10139);
#9169=AXIS2_PLACEMENT_3D('',#12793,#10140,#10141);
#9170=AXIS2_PLACEMENT_3D('',#12798,#10143,#10144);
#9171=AXIS2_PLACEMENT_3D('',#12800,#10145,#10146);
#9172=AXIS2_PLACEMENT_3D('',#12804,#10148,#10149);
#9173=AXIS2_PLACEMENT_3D('',#12805,#10150,#10151);
#9174=AXIS2_PLACEMENT_3D('',#12810,#10153,#10154);
#9175=AXIS2_PLACEMENT_3D('',#12812,#10155,#10156);
#9176=AXIS2_PLACEMENT_3D('',#12816,#10158,#10159);
#9177=AXIS2_PLACEMENT_3D('',#12817,#10160,#10161);
#9178=AXIS2_PLACEMENT_3D('',#12822,#10163,#10164);
#9179=AXIS2_PLACEMENT_3D('',#12824,#10165,#10166);
#9180=AXIS2_PLACEMENT_3D('',#12828,#10168,#10169);
#9181=AXIS2_PLACEMENT_3D('',#12829,#10170,#10171);
#9182=AXIS2_PLACEMENT_3D('',#12834,#10173,#10174);
#9183=AXIS2_PLACEMENT_3D('',#12836,#10175,#10176);
#9184=AXIS2_PLACEMENT_3D('',#12840,#10178,#10179);
#9185=AXIS2_PLACEMENT_3D('',#12841,#10180,#10181);
#9186=AXIS2_PLACEMENT_3D('',#12846,#10183,#10184);
#9187=AXIS2_PLACEMENT_3D('',#12848,#10185,#10186);
#9188=AXIS2_PLACEMENT_3D('',#12852,#10188,#10189);
#9189=AXIS2_PLACEMENT_3D('',#12853,#10190,#10191);
#9190=AXIS2_PLACEMENT_3D('',#12869,#10199,#10200);
#9191=AXIS2_PLACEMENT_3D('',#12879,#10205,#10206);
#9192=AXIS2_PLACEMENT_3D('',#12880,#10207,#10208);
#9193=AXIS2_PLACEMENT_3D('',#12885,#10210,#10211);
#9194=AXIS2_PLACEMENT_3D('',#12887,#10212,#10213);
#9195=AXIS2_PLACEMENT_3D('',#12891,#10215,#10216);
#9196=AXIS2_PLACEMENT_3D('',#12892,#10217,#10218);
#9197=AXIS2_PLACEMENT_3D('',#12897,#10220,#10221);
#9198=AXIS2_PLACEMENT_3D('',#12899,#10222,#10223);
#9199=AXIS2_PLACEMENT_3D('',#12903,#10225,#10226);
#9200=AXIS2_PLACEMENT_3D('',#12904,#10227,#10228);
#9201=AXIS2_PLACEMENT_3D('',#12909,#10230,#10231);
#9202=AXIS2_PLACEMENT_3D('',#12911,#10232,#10233);
#9203=AXIS2_PLACEMENT_3D('',#12915,#10235,#10236);
#9204=AXIS2_PLACEMENT_3D('',#12916,#10237,#10238);
#9205=AXIS2_PLACEMENT_3D('',#12921,#10240,#10241);
#9206=AXIS2_PLACEMENT_3D('',#12923,#10242,#10243);
#9207=AXIS2_PLACEMENT_3D('',#12927,#10245,#10246);
#9208=AXIS2_PLACEMENT_3D('',#12928,#10247,#10248);
#9209=AXIS2_PLACEMENT_3D('',#12933,#10250,#10251);
#9210=AXIS2_PLACEMENT_3D('',#12935,#10252,#10253);
#9211=AXIS2_PLACEMENT_3D('',#12939,#10255,#10256);
#9212=AXIS2_PLACEMENT_3D('',#12940,#10257,#10258);
#9213=AXIS2_PLACEMENT_3D('',#12945,#10260,#10261);
#9214=AXIS2_PLACEMENT_3D('',#12947,#10262,#10263);
#9215=AXIS2_PLACEMENT_3D('',#12951,#10265,#10266);
#9216=AXIS2_PLACEMENT_3D('',#12952,#10267,#10268);
#9217=AXIS2_PLACEMENT_3D('',#12957,#10270,#10271);
#9218=AXIS2_PLACEMENT_3D('',#12959,#10272,#10273);
#9219=AXIS2_PLACEMENT_3D('',#12963,#10275,#10276);
#9220=AXIS2_PLACEMENT_3D('',#12964,#10277,#10278);
#9221=AXIS2_PLACEMENT_3D('',#12969,#10280,#10281);
#9222=AXIS2_PLACEMENT_3D('',#12977,#10285,#10286);
#9223=AXIS2_PLACEMENT_3D('',#12978,#10287,#10288);
#9224=AXIS2_PLACEMENT_3D('',#12986,#10292,#10293);
#9225=AXIS2_PLACEMENT_3D('',#13020,#10310,#10311);
#9226=AXIS2_PLACEMENT_3D('',#13054,#10329,#10330);
#9227=AXIS2_PLACEMENT_3D('',#13056,#10331,#10332);
#9228=AXIS2_PLACEMENT_3D('',#13060,#10334,#10335);
#9229=AXIS2_PLACEMENT_3D('',#13062,#10336,#10337);
#9230=AXIS2_PLACEMENT_3D('',#13063,#10338,#10339);
#9231=AXIS2_PLACEMENT_3D('',#13068,#10341,#10342);
#9232=AXIS2_PLACEMENT_3D('',#13070,#10343,#10344);
#9233=AXIS2_PLACEMENT_3D('',#13074,#10346,#10347);
#9234=AXIS2_PLACEMENT_3D('',#13075,#10348,#10349);
#9235=AXIS2_PLACEMENT_3D('',#13080,#10351,#10352);
#9236=AXIS2_PLACEMENT_3D('',#13082,#10353,#10354);
#9237=AXIS2_PLACEMENT_3D('',#13086,#10356,#10357);
#9238=AXIS2_PLACEMENT_3D('',#13087,#10358,#10359);
#9239=AXIS2_PLACEMENT_3D('',#13092,#10361,#10362);
#9240=AXIS2_PLACEMENT_3D('',#13094,#10363,#10364);
#9241=AXIS2_PLACEMENT_3D('',#13098,#10366,#10367);
#9242=AXIS2_PLACEMENT_3D('',#13099,#10368,#10369);
#9243=AXIS2_PLACEMENT_3D('',#13104,#10371,#10372);
#9244=AXIS2_PLACEMENT_3D('',#13106,#10373,#10374);
#9245=AXIS2_PLACEMENT_3D('',#13110,#10376,#10377);
#9246=AXIS2_PLACEMENT_3D('',#13111,#10378,#10379);
#9247=AXIS2_PLACEMENT_3D('',#13116,#10381,#10382);
#9248=AXIS2_PLACEMENT_3D('',#13118,#10383,#10384);
#9249=AXIS2_PLACEMENT_3D('',#13122,#10386,#10387);
#9250=AXIS2_PLACEMENT_3D('',#13123,#10388,#10389);
#9251=AXIS2_PLACEMENT_3D('',#13128,#10391,#10392);
#9252=AXIS2_PLACEMENT_3D('',#13130,#10393,#10394);
#9253=AXIS2_PLACEMENT_3D('',#13134,#10396,#10397);
#9254=AXIS2_PLACEMENT_3D('',#13135,#10398,#10399);
#9255=AXIS2_PLACEMENT_3D('',#13140,#10401,#10402);
#9256=AXIS2_PLACEMENT_3D('',#13142,#10403,#10404);
#9257=AXIS2_PLACEMENT_3D('',#13154,#10410,#10411);
#9258=AXIS2_PLACEMENT_3D('',#13157,#10413,#10414);
#9259=AXIS2_PLACEMENT_3D('',#13183,#10427,#10428);
#9260=AXIS2_PLACEMENT_3D('',#13184,#10429,#10430);
#9261=AXIS2_PLACEMENT_3D('',#13186,#10431,#10432);
#9262=AXIS2_PLACEMENT_3D('',#13188,#10433,#10434);
#9263=AXIS2_PLACEMENT_3D('',#13189,#10435,#10436);
#9264=AXIS2_PLACEMENT_3D('',#13191,#10437,#10438);
#9265=AXIS2_PLACEMENT_3D('',#13193,#10439,#10440);
#9266=AXIS2_PLACEMENT_3D('',#13194,#10441,#10442);
#9267=AXIS2_PLACEMENT_3D('',#13196,#10443,#10444);
#9268=AXIS2_PLACEMENT_3D('',#13198,#10445,#10446);
#9269=AXIS2_PLACEMENT_3D('',#13199,#10447,#10448);
#9270=AXIS2_PLACEMENT_3D('',#13201,#10449,#10450);
#9271=AXIS2_PLACEMENT_3D('',#13203,#10451,#10452);
#9272=AXIS2_PLACEMENT_3D('',#13204,#10453,#10454);
#9273=AXIS2_PLACEMENT_3D('',#13206,#10455,#10456);
#9274=AXIS2_PLACEMENT_3D('',#13208,#10457,#10458);
#9275=AXIS2_PLACEMENT_3D('',#13209,#10459,#10460);
#9276=AXIS2_PLACEMENT_3D('',#13211,#10461,#10462);
#9277=AXIS2_PLACEMENT_3D('',#13212,#10463,#10464);
#9278=AXIS2_PLACEMENT_3D('',#13214,#10465,#10466);
#9279=AXIS2_PLACEMENT_3D('',#13215,#10467,#10468);
#9280=AXIS2_PLACEMENT_3D('',#13217,#10469,#10470);
#9281=AXIS2_PLACEMENT_3D('',#13218,#10471,#10472);
#9282=AXIS2_PLACEMENT_3D('',#13220,#10473,#10474);
#9283=AXIS2_PLACEMENT_3D('',#13271,#10501,#10502);
#9284=AXIS2_PLACEMENT_3D('',#13304,#10519,#10520);
#9285=AXIS2_PLACEMENT_3D('',#13305,#10521,#10522);
#9286=AXIS2_PLACEMENT_3D('',#13307,#10523,#10524);
#9287=AXIS2_PLACEMENT_3D('',#13309,#10525,#10526);
#9288=AXIS2_PLACEMENT_3D('',#13311,#10527,#10528);
#9289=AXIS2_PLACEMENT_3D('',#13329,#10537,#10538);
#9290=AXIS2_PLACEMENT_3D('',#13338,#10543,#10544);
#9291=AXIS2_PLACEMENT_3D('',#13375,#10565,#10566);
#9292=AXIS2_PLACEMENT_3D('',#13380,#10571,#10572);
#9293=AXIS2_PLACEMENT_3D('',#13391,#10578,#10579);
#9294=AXIS2_PLACEMENT_3D('',#13396,#10582,#10583);
#9295=AXIS2_PLACEMENT_3D('',#13401,#10586,#10587);
#9296=AXIS2_PLACEMENT_3D('',#13405,#10590,#10591);
#9297=AXIS2_PLACEMENT_3D('',#13407,#10592,#10593);
#9298=AXIS2_PLACEMENT_3D('',#13409,#10594,#10595);
#9299=AXIS2_PLACEMENT_3D('',#13411,#10596,#10597);
#9300=AXIS2_PLACEMENT_3D('',#13413,#10598,#10599);
#9301=AXIS2_PLACEMENT_3D('',#13415,#10600,#10601);
#9302=AXIS2_PLACEMENT_3D('',#13418,#10603,#10604);
#9303=AXIS2_PLACEMENT_3D('',#13421,#10606,#10607);
#9304=AXIS2_PLACEMENT_3D('',#13423,#10609,#10610);
#9305=AXIS2_PLACEMENT_3D('',#13424,#10611,#10612);
#9306=AXIS2_PLACEMENT_3D('',#13426,#10613,#10614);
#9307=AXIS2_PLACEMENT_3D('',#13428,#10615,#10616);
#9308=AXIS2_PLACEMENT_3D('',#13430,#10618,#10619);
#9309=AXIS2_PLACEMENT_3D('',#13431,#10620,#10621);
#9310=AXIS2_PLACEMENT_3D('',#13432,#10622,#10623);
#9311=AXIS2_PLACEMENT_3D('',#13434,#10624,#10625);
#9312=AXIS2_PLACEMENT_3D('',#13436,#10626,#10627);
#9313=AXIS2_PLACEMENT_3D('',#13437,#10628,#10629);
#9314=AXIS2_PLACEMENT_3D('',#13439,#10630,#10631);
#9315=AXIS2_PLACEMENT_3D('',#13440,#10632,#10633);
#9316=AXIS2_PLACEMENT_3D('',#13441,#10634,#10635);
#9317=AXIS2_PLACEMENT_3D('',#13443,#10636,#10637);
#9318=AXIS2_PLACEMENT_3D('',#13445,#10638,#10639);
#9319=AXIS2_PLACEMENT_3D('',#13446,#10640,#10641);
#9320=AXIS2_PLACEMENT_3D('',#13448,#10642,#10643);
#9321=AXIS2_PLACEMENT_3D('',#13449,#10644,#10645);
#9322=AXIS2_PLACEMENT_3D('',#13450,#10646,#10647);
#9323=AXIS2_PLACEMENT_3D('',#13452,#10648,#10649);
#9324=AXIS2_PLACEMENT_3D('',#13454,#10650,#10651);
#9325=AXIS2_PLACEMENT_3D('',#13455,#10652,#10653);
#9326=AXIS2_PLACEMENT_3D('',#13457,#10654,#10655);
#9327=AXIS2_PLACEMENT_3D('',#13458,#10656,#10657);
#9328=AXIS2_PLACEMENT_3D('',#13462,#10660,#10661);
#9329=AXIS2_PLACEMENT_3D('',#13466,#10664,#10665);
#9330=AXIS2_PLACEMENT_3D('',#13467,#10666,#10667);
#9331=AXIS2_PLACEMENT_3D('',#13468,#10668,#10669);
#9332=AXIS2_PLACEMENT_3D('',#13469,#10670,#10671);
#9333=AXIS2_PLACEMENT_3D('',#13471,#10672,#10673);
#9334=AXIS2_PLACEMENT_3D('',#13473,#10674,#10675);
#9335=AXIS2_PLACEMENT_3D('',#13474,#10676,#10677);
#9336=AXIS2_PLACEMENT_3D('',#13475,#10678,#10679);
#9337=AXIS2_PLACEMENT_3D('',#13477,#10680,#10681);
#9338=AXIS2_PLACEMENT_3D('',#13479,#10682,#10683);
#9339=AXIS2_PLACEMENT_3D('',#13480,#10684,#10685);
#9340=AXIS2_PLACEMENT_3D('',#13482,#10686,#10687);
#9341=AXIS2_PLACEMENT_3D('',#13483,#10688,#10689);
#9342=AXIS2_PLACEMENT_3D('',#13487,#10692,#10693);
#9343=AXIS2_PLACEMENT_3D('',#13491,#10696,#10697);
#9344=AXIS2_PLACEMENT_3D('',#13492,#10698,#10699);
#9345=AXIS2_PLACEMENT_3D('',#13493,#10700,#10701);
#9346=AXIS2_PLACEMENT_3D('',#13494,#10702,#10703);
#9347=AXIS2_PLACEMENT_3D('',#13496,#10704,#10705);
#9348=AXIS2_PLACEMENT_3D('',#13498,#10706,#10707);
#9349=AXIS2_PLACEMENT_3D('',#13499,#10708,#10709);
#9350=AXIS2_PLACEMENT_3D('',#13500,#10710,#10711);
#9351=AXIS2_PLACEMENT_3D('',#13502,#10712,#10713);
#9352=AXIS2_PLACEMENT_3D('',#13504,#10714,#10715);
#9353=AXIS2_PLACEMENT_3D('',#13505,#10716,#10717);
#9354=AXIS2_PLACEMENT_3D('',#13507,#10718,#10719);
#9355=AXIS2_PLACEMENT_3D('',#13508,#10720,#10721);
#9356=AXIS2_PLACEMENT_3D('',#13517,#10726,#10727);
#9357=AXIS2_PLACEMENT_3D('',#13525,#10733,#10734);
#9358=AXIS2_PLACEMENT_3D('',#13533,#10740,#10741);
#9359=AXIS2_PLACEMENT_3D('',#13536,#10744,#10745);
#9360=AXIS2_PLACEMENT_3D('',#13545,#10750,#10751);
#9361=AXIS2_PLACEMENT_3D('',#13553,#10757,#10758);
#9362=AXIS2_PLACEMENT_3D('',#13561,#10764,#10765);
#9363=AXIS2_PLACEMENT_3D('',#13564,#10768,#10769);
#9364=AXIS2_PLACEMENT_3D('',#13575,#10776,#10777);
#9365=AXIS2_PLACEMENT_3D('',#13581,#10781,#10782);
#9366=AXIS2_PLACEMENT_3D('',#13587,#10786,#10787);
#9367=AXIS2_PLACEMENT_3D('',#13592,#10792,#10793);
#9368=AXIS2_PLACEMENT_3D('',#13602,#10799,#10800);
#9369=AXIS2_PLACEMENT_3D('',#13608,#10804,#10805);
#9370=AXIS2_PLACEMENT_3D('',#13614,#10809,#10810);
#9371=AXIS2_PLACEMENT_3D('',#13618,#10814,#10815);
#9372=AXIS2_PLACEMENT_3D('',#13628,#10821,#10822);
#9373=AXIS2_PLACEMENT_3D('',#13634,#10826,#10827);
#9374=AXIS2_PLACEMENT_3D('',#13640,#10831,#10832);
#9375=AXIS2_PLACEMENT_3D('',#13644,#10836,#10837);
#9376=AXIS2_PLACEMENT_3D('',#13654,#10843,#10844);
#9377=AXIS2_PLACEMENT_3D('',#13660,#10848,#10849);
#9378=AXIS2_PLACEMENT_3D('',#13666,#10853,#10854);
#9379=AXIS2_PLACEMENT_3D('',#13670,#10858,#10859);
#9380=AXIS2_PLACEMENT_3D('',#13671,#10860,#10861);
#9381=AXIS2_PLACEMENT_3D('',#13673,#10862,#10863);
#9382=AXIS2_PLACEMENT_3D('',#13675,#10864,#10865);
#9383=AXIS2_PLACEMENT_3D('',#13678,#10868,#10869);
#9384=AXIS2_PLACEMENT_3D('',#13680,#10871,#10872);
#9385=AXIS2_PLACEMENT_3D('',#13682,#10874,#10875);
#9386=AXIS2_PLACEMENT_3D('',#13683,#10876,#10877);
#9387=AXIS2_PLACEMENT_3D('',#13686,#10880,#10881);
#9388=AXIS2_PLACEMENT_3D('',#13688,#10883,#10884);
#9389=AXIS2_PLACEMENT_3D('',#13690,#10886,#10887);
#9390=AXIS2_PLACEMENT_3D('',#13691,#10888,#10889);
#9391=AXIS2_PLACEMENT_3D('',#13694,#10892,#10893);
#9392=AXIS2_PLACEMENT_3D('',#13696,#10895,#10896);
#9393=AXIS2_PLACEMENT_3D('',#13698,#10898,#10899);
#9394=AXIS2_PLACEMENT_3D('',#13699,#10900,#10901);
#9395=AXIS2_PLACEMENT_3D('',#13708,#10906,#10907);
#9396=AXIS2_PLACEMENT_3D('',#13718,#10913,#10914);
#9397=AXIS2_PLACEMENT_3D('',#13728,#10920,#10921);
#9398=AXIS2_PLACEMENT_3D('',#13734,#10925,#10926);
#9399=AXIS2_PLACEMENT_3D('',#13743,#10932,#10933);
#9400=AXIS2_PLACEMENT_3D('',#13749,#10937,#10938);
#9401=AXIS2_PLACEMENT_3D('',#13759,#10944,#10945);
#9402=AXIS2_PLACEMENT_3D('',#13765,#10949,#10950);
#9403=AXIS2_PLACEMENT_3D('',#13773,#10956,#10957);
#9404=AXIS2_PLACEMENT_3D('',#13777,#10960,#10961);
#9405=AXIS2_PLACEMENT_3D('',#13778,#10962,#10963);
#9406=AXIS2_PLACEMENT_3D('',#13780,#10964,#10965);
#9407=AXIS2_PLACEMENT_3D('',#13781,#10966,#10967);
#9408=AXIS2_PLACEMENT_3D('',#13783,#10968,#10969);
#9409=AXIS2_PLACEMENT_3D('',#13785,#10971,#10972);
#9410=AXIS2_PLACEMENT_3D('',#13788,#10975,#10976);
#9411=AXIS2_PLACEMENT_3D('',#13796,#10981,#10982);
#9412=AXIS2_PLACEMENT_3D('',#13802,#10986,#10987);
#9413=AXIS2_PLACEMENT_3D('',#13806,#10990,#10991);
#9414=AXIS2_PLACEMENT_3D('',#13814,#10996,#10997);
#9415=AXIS2_PLACEMENT_3D('',#13818,#11000,#11001);
#9416=AXIS2_PLACEMENT_3D('',#13824,#11005,#11006);
#9417=AXIS2_PLACEMENT_3D('',#13825,#11007,#11008);
#9418=AXIS2_PLACEMENT_3D('',#13827,#11009,#11010);
#9419=AXIS2_PLACEMENT_3D('',#13833,#11014,#11015);
#9420=AXIS2_PLACEMENT_3D('',#13834,#11016,#11017);
#9421=AXIS2_PLACEMENT_3D('',#13836,#11018,#11019);
#9422=AXIS2_PLACEMENT_3D('',#13840,#11023,#11024);
#9423=AXIS2_PLACEMENT_3D('',#13841,#11025,#11026);
#9424=AXIS2_PLACEMENT_3D('',#13842,#11027,#11028);
#9425=AXIS2_PLACEMENT_3D('',#13844,#11029,#11030);
#9426=AXIS2_PLACEMENT_3D('',#13846,#11031,#11032);
#9427=AXIS2_PLACEMENT_3D('',#13847,#11033,#11034);
#9428=AXIS2_PLACEMENT_3D('',#13848,#11035,#11036);
#9429=AXIS2_PLACEMENT_3D('',#13850,#11037,#11038);
#9430=AXIS2_PLACEMENT_3D('',#13852,#11039,#11040);
#9431=AXIS2_PLACEMENT_3D('',#13853,#11041,#11042);
#9432=AXIS2_PLACEMENT_3D('',#13854,#11043,#11044);
#9433=AXIS2_PLACEMENT_3D('',#13856,#11045,#11046);
#9434=AXIS2_PLACEMENT_3D('',#13858,#11047,#11048);
#9435=AXIS2_PLACEMENT_3D('',#13859,#11049,#11050);
#9436=AXIS2_PLACEMENT_3D('',#13860,#11051,#11052);
#9437=AXIS2_PLACEMENT_3D('',#13862,#11053,#11054);
#9438=AXIS2_PLACEMENT_3D('',#13864,#11055,#11056);
#9439=AXIS2_PLACEMENT_3D('',#13865,#11057,#11058);
#9440=AXIS2_PLACEMENT_3D('',#13871,#11064,#11065);
#9441=AXIS2_PLACEMENT_3D('',#13881,#11071,#11072);
#9442=AXIS2_PLACEMENT_3D('',#13892,#11079,#11080);
#9443=AXIS2_PLACEMENT_3D('',#13898,#11084,#11085);
#9444=AXIS2_PLACEMENT_3D('',#13906,#11091,#11092);
#9445=AXIS2_PLACEMENT_3D('',#13907,#11093,#11094);
#9446=AXIS2_PLACEMENT_3D('',#13908,#11095,#11096);
#9447=AXIS2_PLACEMENT_3D('',#13910,#11097,#11098);
#9448=AXIS2_PLACEMENT_3D('',#13912,#11099,#11100);
#9449=AXIS2_PLACEMENT_3D('',#13913,#11101,#11102);
#9450=AXIS2_PLACEMENT_3D('',#13914,#11103,#11104);
#9451=AXIS2_PLACEMENT_3D('',#13915,#11105,#11106);
#9452=AXIS2_PLACEMENT_3D('',#13916,#11107,#11108);
#9453=AXIS2_PLACEMENT_3D('',#13919,#11111,#11112);
#9454=AXIS2_PLACEMENT_3D('',#13922,#11115,#11116);
#9455=AXIS2_PLACEMENT_3D('',#13923,#11117,#11118);
#9456=AXIS2_PLACEMENT_3D('',#13924,#11119,#11120);
#9457=AXIS2_PLACEMENT_3D('',#13926,#11122,#11123);
#9458=AXIS2_PLACEMENT_3D('',#13929,#11126,#11127);
#9459=AXIS2_PLACEMENT_3D('',#13931,#11129,#11130);
#9460=AXIS2_PLACEMENT_3D('',#13933,#11132,#11133);
#9461=AXIS2_PLACEMENT_3D('',#13935,#11135,#11136);
#9462=AXIS2_PLACEMENT_3D('',#13937,#11138,#11139);
#9463=AXIS2_PLACEMENT_3D('',#13939,#11141,#11142);
#9464=AXIS2_PLACEMENT_3D('',#13941,#11144,#11145);
#9465=AXIS2_PLACEMENT_3D('',#13943,#11147,#11148);
#9466=AXIS2_PLACEMENT_3D('',#13945,#11150,#11151);
#9467=AXIS2_PLACEMENT_3D('',#13947,#11153,#11154);
#9468=AXIS2_PLACEMENT_3D('',#13948,#11155,#11156);
#9469=AXIS2_PLACEMENT_3D('',#13949,#11157,#11158);
#9470=AXIS2_PLACEMENT_3D('',#13967,#11167,#11168);
#9471=AXIS2_PLACEMENT_3D('',#13973,#11172,#11173);
#9472=AXIS2_PLACEMENT_3D('',#13979,#11177,#11178);
#9473=AXIS2_PLACEMENT_3D('',#13985,#11182,#11183);
#9474=AXIS2_PLACEMENT_3D('',#13991,#11187,#11188);
#9475=AXIS2_PLACEMENT_3D('',#13997,#11192,#11193);
#9476=AXIS2_PLACEMENT_3D('',#14003,#11197,#11198);
#9477=AXIS2_PLACEMENT_3D('',#14004,#11199,#11200);
#9478=AXIS2_PLACEMENT_3D('',#14006,#11201,#11202);
#9479=AXIS2_PLACEMENT_3D('',#14008,#11203,#11204);
#9480=AXIS2_PLACEMENT_3D('',#14009,#11205,#11206);
#9481=AXIS2_PLACEMENT_3D('',#14012,#11209,#11210);
#9482=AXIS2_PLACEMENT_3D('',#14015,#11213,#11214);
#9483=AXIS2_PLACEMENT_3D('',#14016,#11215,#11216);
#9484=AXIS2_PLACEMENT_3D('',#14017,#11217,#11218);
#9485=AXIS2_PLACEMENT_3D('',#14018,#11219,#11220);
#9486=AXIS2_PLACEMENT_3D('',#14019,#11221,#11222);
#9487=AXIS2_PLACEMENT_3D('',#14020,#11223,#11224);
#9488=AXIS2_PLACEMENT_3D('',#14021,#11225,#11226);
#9489=AXIS2_PLACEMENT_3D('',#14022,#11227,#11228);
#9490=AXIS2_PLACEMENT_3D('',#14023,#11229,#11230);
#9491=AXIS2_PLACEMENT_3D('',#14024,#11231,#11232);
#9492=AXIS2_PLACEMENT_3D('',#14025,#11233,#11234);
#9493=AXIS2_PLACEMENT_3D('',#14026,#11235,#11236);
#9494=AXIS2_PLACEMENT_3D('',#14028,#11238,#11239);
#9495=AXIS2_PLACEMENT_3D('',#14030,#11241,#11242);
#9496=AXIS2_PLACEMENT_3D('',#14031,#11243,#11244);
#9497=AXIS2_PLACEMENT_3D('',#14040,#11249,#11250);
#9498=AXIS2_PLACEMENT_3D('',#14046,#11254,#11255);
#9499=AXIS2_PLACEMENT_3D('',#14052,#11259,#11260);
#9500=AXIS2_PLACEMENT_3D('',#14061,#11265,#11266);
#9501=AXIS2_PLACEMENT_3D('',#14070,#11271,#11272);
#9502=AXIS2_PLACEMENT_3D('',#14079,#11277,#11278);
#9503=AXIS2_PLACEMENT_3D('',#14088,#11283,#11284);
#9504=AXIS2_PLACEMENT_3D('',#14097,#11289,#11290);
#9505=AXIS2_PLACEMENT_3D('',#14103,#11294,#11295);
#9506=AXIS2_PLACEMENT_3D('',#14109,#11299,#11300);
#9507=AXIS2_PLACEMENT_3D('',#14118,#11305,#11306);
#9508=AXIS2_PLACEMENT_3D('',#14127,#11311,#11312);
#9509=AXIS2_PLACEMENT_3D('',#14136,#11317,#11318);
#9510=AXIS2_PLACEMENT_3D('',#14145,#11323,#11324);
#9511=AXIS2_PLACEMENT_3D('',#14154,#11329,#11330);
#9512=AXIS2_PLACEMENT_3D('',#14163,#11335,#11336);
#9513=AXIS2_PLACEMENT_3D('',#14172,#11341,#11342);
#9514=AXIS2_PLACEMENT_3D('',#14181,#11347,#11348);
#9515=AXIS2_PLACEMENT_3D('',#14190,#11353,#11354);
#9516=AXIS2_PLACEMENT_3D('',#14199,#11359,#11360);
#9517=AXIS2_PLACEMENT_3D('',#14208,#11365,#11366);
#9518=AXIS2_PLACEMENT_3D('',#14217,#11371,#11372);
#9519=AXIS2_PLACEMENT_3D('',#14226,#11377,#11378);
#9520=AXIS2_PLACEMENT_3D('',#14229,#11381,#11382);
#9521=AXIS2_PLACEMENT_3D('',#14238,#11387,#11388);
#9522=AXIS2_PLACEMENT_3D('',#14247,#11393,#11394);
#9523=AXIS2_PLACEMENT_3D('',#14256,#11399,#11400);
#9524=AXIS2_PLACEMENT_3D('',#14265,#11405,#11406);
#9525=AXIS2_PLACEMENT_3D('',#14274,#11411,#11412);
#9526=AXIS2_PLACEMENT_3D('',#14280,#11416,#11417);
#9527=AXIS2_PLACEMENT_3D('',#14289,#11422,#11423);
#9528=AXIS2_PLACEMENT_3D('',#14298,#11428,#11429);
#9529=AXIS2_PLACEMENT_3D('',#14307,#11434,#11435);
#9530=AXIS2_PLACEMENT_3D('',#14316,#11440,#11441);
#9531=AXIS2_PLACEMENT_3D('',#14325,#11446,#11447);
#9532=AXIS2_PLACEMENT_3D('',#14334,#11452,#11453);
#9533=AXIS2_PLACEMENT_3D('',#14343,#11458,#11459);
#9534=AXIS2_PLACEMENT_3D('',#14352,#11464,#11465);
#9535=AXIS2_PLACEMENT_3D('',#14361,#11470,#11471);
#9536=AXIS2_PLACEMENT_3D('',#14362,#11472,#11473);
#9537=AXIS2_PLACEMENT_3D('',#14363,#11474,#11475);
#9538=AXIS2_PLACEMENT_3D('',#14364,#11476,#11477);
#9539=AXIS2_PLACEMENT_3D('',#14365,#11478,#11479);
#9540=AXIS2_PLACEMENT_3D('',#14366,#11480,#11481);
#9541=AXIS2_PLACEMENT_3D('',#14367,#11482,#11483);
#9542=AXIS2_PLACEMENT_3D('',#14368,#11484,#11485);
#9543=AXIS2_PLACEMENT_3D('',#14372,#11487,#11488);
#9544=AXIS2_PLACEMENT_3D('',#14373,#11489,#11490);
#9545=AXIS2_PLACEMENT_3D('',#14374,#11491,#11492);
#9546=AXIS2_PLACEMENT_3D('',#14375,#11493,#11494);
#9547=AXIS2_PLACEMENT_3D('',#14376,#11495,#11496);
#9548=AXIS2_PLACEMENT_3D('',#14377,#11497,#11498);
#9549=AXIS2_PLACEMENT_3D('',#14381,#11500,#11501);
#9550=AXIS2_PLACEMENT_3D('',#14382,#11502,#11503);
#9551=AXIS2_PLACEMENT_3D('',#14383,#11504,#11505);
#9552=AXIS2_PLACEMENT_3D('',#14384,#11506,#11507);
#9553=AXIS2_PLACEMENT_3D('',#14385,#11508,#11509);
#9554=AXIS2_PLACEMENT_3D('',#14386,#11510,#11511);
#9555=AXIS2_PLACEMENT_3D('',#14390,#11513,#11514);
#9556=AXIS2_PLACEMENT_3D('',#14391,#11515,#11516);
#9557=AXIS2_PLACEMENT_3D('',#14392,#11517,#11518);
#9558=AXIS2_PLACEMENT_3D('',#14393,#11519,#11520);
#9559=AXIS2_PLACEMENT_3D('',#14394,#11521,#11522);
#9560=AXIS2_PLACEMENT_3D('',#14395,#11523,#11524);
#9561=AXIS2_PLACEMENT_3D('',#14399,#11526,#11527);
#9562=AXIS2_PLACEMENT_3D('',#14400,#11528,#11529);
#9563=AXIS2_PLACEMENT_3D('',#14401,#11530,#11531);
#9564=AXIS2_PLACEMENT_3D('',#14402,#11532,#11533);
#9565=AXIS2_PLACEMENT_3D('',#14403,#11534,#11535);
#9566=AXIS2_PLACEMENT_3D('',#14404,#11536,#11537);
#9567=AXIS2_PLACEMENT_3D('',#14408,#11539,#11540);
#9568=AXIS2_PLACEMENT_3D('',#14409,#11541,#11542);
#9569=AXIS2_PLACEMENT_3D('',#14410,#11543,#11544);
#9570=AXIS2_PLACEMENT_3D('',#14411,#11545,#11546);
#9571=AXIS2_PLACEMENT_3D('',#14412,#11547,#11548);
#9572=AXIS2_PLACEMENT_3D('',#14413,#11549,#11550);
#9573=AXIS2_PLACEMENT_3D('',#14417,#11552,#11553);
#9574=AXIS2_PLACEMENT_3D('',#14418,#11554,#11555);
#9575=AXIS2_PLACEMENT_3D('',#14419,#11556,#11557);
#9576=AXIS2_PLACEMENT_3D('',#14420,#11558,#11559);
#9577=AXIS2_PLACEMENT_3D('',#14421,#11560,#11561);
#9578=AXIS2_PLACEMENT_3D('',#14422,#11562,#11563);
#9579=AXIS2_PLACEMENT_3D('',#14426,#11565,#11566);
#9580=AXIS2_PLACEMENT_3D('',#14427,#11567,#11568);
#9581=AXIS2_PLACEMENT_3D('',#14428,#11569,#11570);
#9582=AXIS2_PLACEMENT_3D('',#14429,#11571,#11572);
#9583=AXIS2_PLACEMENT_3D('',#14430,#11573,#11574);
#9584=AXIS2_PLACEMENT_3D('',#14431,#11575,#11576);
#9585=AXIS2_PLACEMENT_3D('',#14435,#11578,#11579);
#9586=AXIS2_PLACEMENT_3D('',#14436,#11580,#11581);
#9587=AXIS2_PLACEMENT_3D('',#14437,#11582,#11583);
#9588=AXIS2_PLACEMENT_3D('',#14438,#11584,#11585);
#9589=AXIS2_PLACEMENT_3D('',#14439,#11586,#11587);
#9590=AXIS2_PLACEMENT_3D('',#14443,#11589,#11590);
#9591=AXIS2_PLACEMENT_3D('',#14444,#11591,#11592);
#9592=AXIS2_PLACEMENT_3D('',#14445,#11593,#11594);
#9593=AXIS2_PLACEMENT_3D('',#14446,#11595,#11596);
#9594=AXIS2_PLACEMENT_3D('',#14447,#11597,#11598);
#9595=AXIS2_PLACEMENT_3D('',#14448,#11599,#11600);
#9596=AXIS2_PLACEMENT_3D('',#14452,#11602,#11603);
#9597=AXIS2_PLACEMENT_3D('',#14453,#11604,#11605);
#9598=AXIS2_PLACEMENT_3D('',#14454,#11606,#11607);
#9599=AXIS2_PLACEMENT_3D('',#14455,#11608,#11609);
#9600=AXIS2_PLACEMENT_3D('',#14456,#11610,#11611);
#9601=AXIS2_PLACEMENT_3D('',#14457,#11612,#11613);
#9602=AXIS2_PLACEMENT_3D('',#14461,#11615,#11616);
#9603=AXIS2_PLACEMENT_3D('',#14462,#11617,#11618);
#9604=AXIS2_PLACEMENT_3D('',#14463,#11619,#11620);
#9605=AXIS2_PLACEMENT_3D('',#14464,#11621,#11622);
#9606=AXIS2_PLACEMENT_3D('',#14465,#11623,#11624);
#9607=AXIS2_PLACEMENT_3D('',#14466,#11625,#11626);
#9608=AXIS2_PLACEMENT_3D('',#14470,#11628,#11629);
#9609=AXIS2_PLACEMENT_3D('',#14471,#11630,#11631);
#9610=AXIS2_PLACEMENT_3D('',#14472,#11632,#11633);
#9611=AXIS2_PLACEMENT_3D('',#14473,#11634,#11635);
#9612=AXIS2_PLACEMENT_3D('',#14474,#11636,#11637);
#9613=AXIS2_PLACEMENT_3D('',#14475,#11638,#11639);
#9614=AXIS2_PLACEMENT_3D('',#14479,#11641,#11642);
#9615=AXIS2_PLACEMENT_3D('',#14480,#11643,#11644);
#9616=AXIS2_PLACEMENT_3D('',#14481,#11645,#11646);
#9617=AXIS2_PLACEMENT_3D('',#14482,#11647,#11648);
#9618=AXIS2_PLACEMENT_3D('',#14483,#11649,#11650);
#9619=AXIS2_PLACEMENT_3D('',#14484,#11651,#11652);
#9620=AXIS2_PLACEMENT_3D('',#14488,#11654,#11655);
#9621=AXIS2_PLACEMENT_3D('',#14489,#11656,#11657);
#9622=AXIS2_PLACEMENT_3D('',#14490,#11658,#11659);
#9623=AXIS2_PLACEMENT_3D('',#14491,#11660,#11661);
#9624=AXIS2_PLACEMENT_3D('',#14492,#11662,#11663);
#9625=AXIS2_PLACEMENT_3D('',#14493,#11664,#11665);
#9626=AXIS2_PLACEMENT_3D('',#14494,#11666,#11667);
#9627=AXIS2_PLACEMENT_3D('',#14495,#11668,#11669);
#9628=AXIS2_PLACEMENT_3D('',#14496,#11670,#11671);
#9629=AXIS2_PLACEMENT_3D('',#14497,#11672,#11673);
#9630=AXIS2_PLACEMENT_3D('',#14501,#11675,#11676);
#9631=AXIS2_PLACEMENT_3D('',#14502,#11677,#11678);
#9632=AXIS2_PLACEMENT_3D('',#14503,#11679,#11680);
#9633=AXIS2_PLACEMENT_3D('',#14504,#11681,#11682);
#9634=AXIS2_PLACEMENT_3D('',#14505,#11683,#11684);
#9635=AXIS2_PLACEMENT_3D('',#14506,#11685,#11686);
#9636=AXIS2_PLACEMENT_3D('',#14510,#11688,#11689);
#9637=AXIS2_PLACEMENT_3D('',#14511,#11690,#11691);
#9638=AXIS2_PLACEMENT_3D('',#14512,#11692,#11693);
#9639=AXIS2_PLACEMENT_3D('',#14513,#11694,#11695);
#9640=AXIS2_PLACEMENT_3D('',#14514,#11696,#11697);
#9641=AXIS2_PLACEMENT_3D('',#14515,#11698,#11699);
#9642=AXIS2_PLACEMENT_3D('',#14519,#11701,#11702);
#9643=AXIS2_PLACEMENT_3D('',#14520,#11703,#11704);
#9644=AXIS2_PLACEMENT_3D('',#14521,#11705,#11706);
#9645=AXIS2_PLACEMENT_3D('',#14522,#11707,#11708);
#9646=AXIS2_PLACEMENT_3D('',#14523,#11709,#11710);
#9647=AXIS2_PLACEMENT_3D('',#14524,#11711,#11712);
#9648=AXIS2_PLACEMENT_3D('',#14525,#11713,#11714);
#9649=AXIS2_PLACEMENT_3D('',#14526,#11715,#11716);
#9650=AXIS2_PLACEMENT_3D('',#14530,#11718,#11719);
#9651=AXIS2_PLACEMENT_3D('',#14531,#11720,#11721);
#9652=AXIS2_PLACEMENT_3D('',#14532,#11722,#11723);
#9653=AXIS2_PLACEMENT_3D('',#14533,#11724,#11725);
#9654=AXIS2_PLACEMENT_3D('',#14534,#11726,#11727);
#9655=AXIS2_PLACEMENT_3D('',#14535,#11728,#11729);
#9656=AXIS2_PLACEMENT_3D('',#14539,#11731,#11732);
#9657=AXIS2_PLACEMENT_3D('',#14540,#11733,#11734);
#9658=AXIS2_PLACEMENT_3D('',#14541,#11735,#11736);
#9659=AXIS2_PLACEMENT_3D('',#14542,#11737,#11738);
#9660=AXIS2_PLACEMENT_3D('',#14543,#11739,#11740);
#9661=AXIS2_PLACEMENT_3D('',#14544,#11741,#11742);
#9662=AXIS2_PLACEMENT_3D('',#14545,#11743,#11744);
#9663=AXIS2_PLACEMENT_3D('',#14549,#11746,#11747);
#9664=AXIS2_PLACEMENT_3D('',#14550,#11748,#11749);
#9665=AXIS2_PLACEMENT_3D('',#14551,#11750,#11751);
#9666=AXIS2_PLACEMENT_3D('',#14552,#11752,#11753);
#9667=AXIS2_PLACEMENT_3D('',#14553,#11754,#11755);
#9668=AXIS2_PLACEMENT_3D('',#14557,#11757,#11758);
#9669=AXIS2_PLACEMENT_3D('',#14558,#11759,#11760);
#9670=AXIS2_PLACEMENT_3D('',#14559,#11761,#11762);
#9671=AXIS2_PLACEMENT_3D('',#14560,#11763,#11764);
#9672=AXIS2_PLACEMENT_3D('',#14561,#11765,#11766);
#9673=AXIS2_PLACEMENT_3D('',#14562,#11767,#11768);
#9674=AXIS2_PLACEMENT_3D('',#14566,#11770,#11771);
#9675=AXIS2_PLACEMENT_3D('',#14567,#11772,#11773);
#9676=AXIS2_PLACEMENT_3D('',#14568,#11774,#11775);
#9677=AXIS2_PLACEMENT_3D('',#14569,#11776,#11777);
#9678=AXIS2_PLACEMENT_3D('',#14570,#11778,#11779);
#9679=AXIS2_PLACEMENT_3D('',#14571,#11780,#11781);
#9680=AXIS2_PLACEMENT_3D('',#14575,#11783,#11784);
#9681=AXIS2_PLACEMENT_3D('',#14576,#11785,#11786);
#9682=AXIS2_PLACEMENT_3D('',#14577,#11787,#11788);
#9683=AXIS2_PLACEMENT_3D('',#14578,#11789,#11790);
#9684=AXIS2_PLACEMENT_3D('',#14579,#11791,#11792);
#9685=AXIS2_PLACEMENT_3D('',#14580,#11793,#11794);
#9686=AXIS2_PLACEMENT_3D('',#14584,#11796,#11797);
#9687=AXIS2_PLACEMENT_3D('',#14585,#11798,#11799);
#9688=AXIS2_PLACEMENT_3D('',#14586,#11800,#11801);
#9689=AXIS2_PLACEMENT_3D('',#14587,#11802,#11803);
#9690=AXIS2_PLACEMENT_3D('',#14588,#11804,#11805);
#9691=AXIS2_PLACEMENT_3D('',#14589,#11806,#11807);
#9692=AXIS2_PLACEMENT_3D('',#14593,#11809,#11810);
#9693=AXIS2_PLACEMENT_3D('',#14594,#11811,#11812);
#9694=AXIS2_PLACEMENT_3D('',#14595,#11813,#11814);
#9695=AXIS2_PLACEMENT_3D('',#14596,#11815,#11816);
#9696=AXIS2_PLACEMENT_3D('',#14597,#11817,#11818);
#9697=AXIS2_PLACEMENT_3D('',#14598,#11819,#11820);
#9698=AXIS2_PLACEMENT_3D('',#14599,#11821,#11822);
#9699=AXIS2_PLACEMENT_3D('',#14603,#11824,#11825);
#9700=AXIS2_PLACEMENT_3D('',#14604,#11826,#11827);
#9701=AXIS2_PLACEMENT_3D('',#14605,#11828,#11829);
#9702=AXIS2_PLACEMENT_3D('',#14606,#11830,#11831);
#9703=AXIS2_PLACEMENT_3D('',#14607,#11832,#11833);
#9704=AXIS2_PLACEMENT_3D('',#14611,#11835,#11836);
#9705=AXIS2_PLACEMENT_3D('',#14612,#11837,#11838);
#9706=AXIS2_PLACEMENT_3D('',#14613,#11839,#11840);
#9707=AXIS2_PLACEMENT_3D('',#14614,#11841,#11842);
#9708=AXIS2_PLACEMENT_3D('',#14615,#11843,#11844);
#9709=AXIS2_PLACEMENT_3D('',#14616,#11845,#11846);
#9710=AXIS2_PLACEMENT_3D('',#14620,#11848,#11849);
#9711=AXIS2_PLACEMENT_3D('',#14621,#11850,#11851);
#9712=AXIS2_PLACEMENT_3D('',#14622,#11852,#11853);
#9713=AXIS2_PLACEMENT_3D('',#14623,#11854,#11855);
#9714=AXIS2_PLACEMENT_3D('',#14624,#11856,#11857);
#9715=AXIS2_PLACEMENT_3D('',#14625,#11858,#11859);
#9716=AXIS2_PLACEMENT_3D('',#14628,#11862,#11863);
#9717=AXIS2_PLACEMENT_3D('',#14633,#11864,#11865);
#9718=AXIS2_PLACEMENT_3D('',#14638,#11866,#11867);
#9719=AXIS2_PLACEMENT_3D('',#14640,#11869,#11870);
#9720=AXIS2_PLACEMENT_3D('',#14642,#11872,#11873);
#9721=AXIS2_PLACEMENT_3D('',#14643,#11874,#11875);
#9722=AXIS2_PLACEMENT_3D('',#14646,#11878,#11879);
#9723=AXIS2_PLACEMENT_3D('',#14651,#11880,#11881);
#9724=AXIS2_PLACEMENT_3D('',#14656,#11882,#11883);
#9725=AXIS2_PLACEMENT_3D('',#14658,#11885,#11886);
#9726=AXIS2_PLACEMENT_3D('',#14660,#11888,#11889);
#9727=AXIS2_PLACEMENT_3D('',#14661,#11890,#11891);
#9728=AXIS2_PLACEMENT_3D('',#14664,#11894,#11895);
#9729=AXIS2_PLACEMENT_3D('',#14669,#11896,#11897);
#9730=AXIS2_PLACEMENT_3D('',#14674,#11898,#11899);
#9731=AXIS2_PLACEMENT_3D('',#14676,#11901,#11902);
#9732=AXIS2_PLACEMENT_3D('',#14678,#11904,#11905);
#9733=AXIS2_PLACEMENT_3D('',#14679,#11906,#11907);
#9734=AXIS2_PLACEMENT_3D('',#14682,#11910,#11911);
#9735=AXIS2_PLACEMENT_3D('',#14687,#11912,#11913);
#9736=AXIS2_PLACEMENT_3D('',#14692,#11914,#11915);
#9737=AXIS2_PLACEMENT_3D('',#14694,#11917,#11918);
#9738=AXIS2_PLACEMENT_3D('',#14696,#11920,#11921);
#9739=AXIS2_PLACEMENT_3D('',#14697,#11922,#11923);
#9740=AXIS2_PLACEMENT_3D('',#14700,#11926,#11927);
#9741=AXIS2_PLACEMENT_3D('',#14705,#11928,#11929);
#9742=AXIS2_PLACEMENT_3D('',#14710,#11930,#11931);
#9743=AXIS2_PLACEMENT_3D('',#14712,#11933,#11934);
#9744=AXIS2_PLACEMENT_3D('',#14714,#11936,#11937);
#9745=AXIS2_PLACEMENT_3D('',#14715,#11938,#11939);
#9746=AXIS2_PLACEMENT_3D('',#14718,#11942,#11943);
#9747=AXIS2_PLACEMENT_3D('',#14723,#11944,#11945);
#9748=AXIS2_PLACEMENT_3D('',#14728,#11946,#11947);
#9749=AXIS2_PLACEMENT_3D('',#14730,#11949,#11950);
#9750=AXIS2_PLACEMENT_3D('',#14732,#11952,#11953);
#9751=AXIS2_PLACEMENT_3D('',#14733,#11954,#11955);
#9752=AXIS2_PLACEMENT_3D('',#14736,#11958,#11959);
#9753=AXIS2_PLACEMENT_3D('',#14741,#11960,#11961);
#9754=AXIS2_PLACEMENT_3D('',#14746,#11962,#11963);
#9755=AXIS2_PLACEMENT_3D('',#14748,#11965,#11966);
#9756=AXIS2_PLACEMENT_3D('',#14750,#11968,#11969);
#9757=AXIS2_PLACEMENT_3D('',#14751,#11970,#11971);
#9758=AXIS2_PLACEMENT_3D('',#14754,#11974,#11975);
#9759=AXIS2_PLACEMENT_3D('',#14759,#11976,#11977);
#9760=AXIS2_PLACEMENT_3D('',#14764,#11978,#11979);
#9761=AXIS2_PLACEMENT_3D('',#14766,#11981,#11982);
#9762=AXIS2_PLACEMENT_3D('',#14768,#11984,#11985);
#9763=AXIS2_PLACEMENT_3D('',#14769,#11986,#11987);
#9764=AXIS2_PLACEMENT_3D('',#14772,#11990,#11991);
#9765=AXIS2_PLACEMENT_3D('',#14777,#11992,#11993);
#9766=AXIS2_PLACEMENT_3D('',#14782,#11994,#11995);
#9767=AXIS2_PLACEMENT_3D('',#14784,#11997,#11998);
#9768=AXIS2_PLACEMENT_3D('',#14786,#12000,#12001);
#9769=AXIS2_PLACEMENT_3D('',#14787,#12002,#12003);
#9770=AXIS2_PLACEMENT_3D('',#14790,#12006,#12007);
#9771=AXIS2_PLACEMENT_3D('',#14795,#12008,#12009);
#9772=AXIS2_PLACEMENT_3D('',#14800,#12010,#12011);
#9773=AXIS2_PLACEMENT_3D('',#14802,#12013,#12014);
#9774=AXIS2_PLACEMENT_3D('',#14804,#12016,#12017);
#9775=AXIS2_PLACEMENT_3D('',#14805,#12018,#12019);
#9776=AXIS2_PLACEMENT_3D('',#14808,#12022,#12023);
#9777=AXIS2_PLACEMENT_3D('',#14813,#12024,#12025);
#9778=AXIS2_PLACEMENT_3D('',#14818,#12026,#12027);
#9779=AXIS2_PLACEMENT_3D('',#14820,#12029,#12030);
#9780=AXIS2_PLACEMENT_3D('',#14822,#12032,#12033);
#9781=AXIS2_PLACEMENT_3D('',#14823,#12034,#12035);
#9782=AXIS2_PLACEMENT_3D('',#14826,#12038,#12039);
#9783=AXIS2_PLACEMENT_3D('',#14831,#12040,#12041);
#9784=AXIS2_PLACEMENT_3D('',#14836,#12042,#12043);
#9785=AXIS2_PLACEMENT_3D('',#14838,#12045,#12046);
#9786=AXIS2_PLACEMENT_3D('',#14840,#12048,#12049);
#9787=AXIS2_PLACEMENT_3D('',#14841,#12050,#12051);
#9788=AXIS2_PLACEMENT_3D('',#14845,#12054,#12055);
#9789=AXIS2_PLACEMENT_3D('',#14846,#12056,#12057);
#9790=AXIS2_PLACEMENT_3D('',#14863,#12058,#12059);
#9791=AXIS2_PLACEMENT_3D('',#14868,#12060,#12061);
#9792=AXIS2_PLACEMENT_3D('',#14870,#12063,#12064);
#9793=AXIS2_PLACEMENT_3D('',#14872,#12066,#12067);
#9794=AXIS2_PLACEMENT_3D('',#14873,#12068,#12069);
#9795=AXIS2_PLACEMENT_3D('',#14876,#12072,#12073);
#9796=AXIS2_PLACEMENT_3D('',#14881,#12074,#12075);
#9797=AXIS2_PLACEMENT_3D('',#14886,#12076,#12077);
#9798=AXIS2_PLACEMENT_3D('',#14888,#12079,#12080);
#9799=AXIS2_PLACEMENT_3D('',#14890,#12082,#12083);
#9800=AXIS2_PLACEMENT_3D('',#14891,#12084,#12085);
#9801=AXIS2_PLACEMENT_3D('',#14894,#12088,#12089);
#9802=AXIS2_PLACEMENT_3D('',#14899,#12090,#12091);
#9803=AXIS2_PLACEMENT_3D('',#14904,#12092,#12093);
#9804=AXIS2_PLACEMENT_3D('',#14906,#12095,#12096);
#9805=AXIS2_PLACEMENT_3D('',#14908,#12098,#12099);
#9806=AXIS2_PLACEMENT_3D('',#14909,#12100,#12101);
#9807=AXIS2_PLACEMENT_3D('',#14912,#12104,#12105);
#9808=AXIS2_PLACEMENT_3D('',#14917,#12106,#12107);
#9809=AXIS2_PLACEMENT_3D('',#14922,#12108,#12109);
#9810=AXIS2_PLACEMENT_3D('',#14924,#12111,#12112);
#9811=AXIS2_PLACEMENT_3D('',#14926,#12114,#12115);
#9812=AXIS2_PLACEMENT_3D('',#14927,#12116,#12117);
#9813=AXIS2_PLACEMENT_3D('',#14930,#12120,#12121);
#9814=AXIS2_PLACEMENT_3D('',#14935,#12122,#12123);
#9815=AXIS2_PLACEMENT_3D('',#14940,#12124,#12125);
#9816=AXIS2_PLACEMENT_3D('',#14942,#12127,#12128);
#9817=AXIS2_PLACEMENT_3D('',#14944,#12130,#12131);
#9818=AXIS2_PLACEMENT_3D('',#14945,#12132,#12133);
#9819=AXIS2_PLACEMENT_3D('',#14948,#12136,#12137);
#9820=AXIS2_PLACEMENT_3D('',#14953,#12138,#12139);
#9821=AXIS2_PLACEMENT_3D('',#14958,#12140,#12141);
#9822=AXIS2_PLACEMENT_3D('',#14960,#12143,#12144);
#9823=AXIS2_PLACEMENT_3D('',#14962,#12146,#12147);
#9824=AXIS2_PLACEMENT_3D('',#14963,#12148,#12149);
#9825=AXIS2_PLACEMENT_3D('',#14966,#12152,#12153);
#9826=AXIS2_PLACEMENT_3D('',#14971,#12154,#12155);
#9827=AXIS2_PLACEMENT_3D('',#14976,#12156,#12157);
#9828=AXIS2_PLACEMENT_3D('',#14978,#12159,#12160);
#9829=AXIS2_PLACEMENT_3D('',#14980,#12162,#12163);
#9830=AXIS2_PLACEMENT_3D('',#14981,#12164,#12165);
#9831=AXIS2_PLACEMENT_3D('',#14984,#12168,#12169);
#9832=AXIS2_PLACEMENT_3D('',#14989,#12170,#12171);
#9833=AXIS2_PLACEMENT_3D('',#14994,#12172,#12173);
#9834=AXIS2_PLACEMENT_3D('',#14996,#12175,#12176);
#9835=AXIS2_PLACEMENT_3D('',#14998,#12178,#12179);
#9836=AXIS2_PLACEMENT_3D('',#14999,#12180,#12181);
#9837=AXIS2_PLACEMENT_3D('',#15002,#12184,#12185);
#9838=AXIS2_PLACEMENT_3D('',#15007,#12186,#12187);
#9839=AXIS2_PLACEMENT_3D('',#15012,#12188,#12189);
#9840=AXIS2_PLACEMENT_3D('',#15014,#12191,#12192);
#9841=AXIS2_PLACEMENT_3D('',#15016,#12194,#12195);
#9842=AXIS2_PLACEMENT_3D('',#15017,#12196,#12197);
#9843=AXIS2_PLACEMENT_3D('',#15020,#12200,#12201);
#9844=AXIS2_PLACEMENT_3D('',#15025,#12202,#12203);
#9845=AXIS2_PLACEMENT_3D('',#15030,#12204,#12205);
#9846=AXIS2_PLACEMENT_3D('',#15032,#12207,#12208);
#9847=AXIS2_PLACEMENT_3D('',#15034,#12210,#12211);
#9848=AXIS2_PLACEMENT_3D('',#15035,#12212,#12213);
#9849=AXIS2_PLACEMENT_3D('',#15038,#12216,#12217);
#9850=AXIS2_PLACEMENT_3D('',#15043,#12218,#12219);
#9851=AXIS2_PLACEMENT_3D('',#15048,#12220,#12221);
#9852=AXIS2_PLACEMENT_3D('',#15050,#12223,#12224);
#9853=AXIS2_PLACEMENT_3D('',#15052,#12226,#12227);
#9854=AXIS2_PLACEMENT_3D('',#15053,#12228,#12229);
#9855=AXIS2_PLACEMENT_3D('',#15056,#12232,#12233);
#9856=AXIS2_PLACEMENT_3D('',#15061,#12234,#12235);
#9857=AXIS2_PLACEMENT_3D('',#15066,#12236,#12237);
#9858=AXIS2_PLACEMENT_3D('',#15068,#12239,#12240);
#9859=AXIS2_PLACEMENT_3D('',#15070,#12242,#12243);
#9860=AXIS2_PLACEMENT_3D('',#15071,#12244,#12245);
#9861=AXIS2_PLACEMENT_3D('',#15074,#12248,#12249);
#9862=AXIS2_PLACEMENT_3D('',#15079,#12250,#12251);
#9863=AXIS2_PLACEMENT_3D('',#15084,#12252,#12253);
#9864=AXIS2_PLACEMENT_3D('',#15086,#12255,#12256);
#9865=AXIS2_PLACEMENT_3D('',#15088,#12258,#12259);
#9866=AXIS2_PLACEMENT_3D('',#15089,#12260,#12261);
#9867=AXIS2_PLACEMENT_3D('',#15092,#12264,#12265);
#9868=AXIS2_PLACEMENT_3D('',#15097,#12266,#12267);
#9869=AXIS2_PLACEMENT_3D('',#15102,#12268,#12269);
#9870=AXIS2_PLACEMENT_3D('',#15104,#12271,#12272);
#9871=AXIS2_PLACEMENT_3D('',#15106,#12274,#12275);
#9872=AXIS2_PLACEMENT_3D('',#15107,#12276,#12277);
#9873=AXIS2_PLACEMENT_3D('',#15110,#12280,#12281);
#9874=AXIS2_PLACEMENT_3D('',#15115,#12282,#12283);
#9875=AXIS2_PLACEMENT_3D('',#15120,#12284,#12285);
#9876=AXIS2_PLACEMENT_3D('',#15122,#12287,#12288);
#9877=AXIS2_PLACEMENT_3D('',#15124,#12290,#12291);
#9878=AXIS2_PLACEMENT_3D('',#15125,#12292,#12293);
#9879=AXIS2_PLACEMENT_3D('',#15129,#12296,#12297);
#9880=AXIS2_PLACEMENT_3D('',#15130,#12298,#12299);
#9881=AXIS2_PLACEMENT_3D('',#15147,#12300,#12301);
#9882=AXIS2_PLACEMENT_3D('',#15152,#12302,#12303);
#9883=AXIS2_PLACEMENT_3D('',#15154,#12305,#12306);
#9884=AXIS2_PLACEMENT_3D('',#15156,#12308,#12309);
#9885=AXIS2_PLACEMENT_3D('',#15157,#12310,#12311);
#9886=AXIS2_PLACEMENT_3D('',#15160,#12314,#12315);
#9887=AXIS2_PLACEMENT_3D('',#15162,#12317,#12318);
#9888=AXIS2_PLACEMENT_3D('',#15164,#12320,#12321);
#9889=AXIS2_PLACEMENT_3D('',#15165,#12322,#12323);
#9890=AXIS2_PLACEMENT_3D('',#15168,#12326,#12327);
#9891=AXIS2_PLACEMENT_3D('',#15170,#12329,#12330);
#9892=AXIS2_PLACEMENT_3D('',#15172,#12332,#12333);
#9893=AXIS2_PLACEMENT_3D('',#15173,#12334,#12335);
#9894=AXIS2_PLACEMENT_3D('',#15176,#12338,#12339);
#9895=AXIS2_PLACEMENT_3D('',#15178,#12341,#12342);
#9896=AXIS2_PLACEMENT_3D('',#15183,#12343,#12344);
#9897=AXIS2_PLACEMENT_3D('',#15185,#12346,#12347);
#9898=AXIS2_PLACEMENT_3D('',#15187,#12349,#12350);
#9899=AXIS2_PLACEMENT_3D('',#15189,#12352,#12353);
#9900=AXIS2_PLACEMENT_3D('',#15190,#12354,#12355);
#9901=AXIS2_PLACEMENT_3D('',#15193,#12358,#12359);
#9902=AXIS2_PLACEMENT_3D('',#15195,#12361,#12362);
#9903=AXIS2_PLACEMENT_3D('',#15197,#12364,#12365);
#9904=AXIS2_PLACEMENT_3D('',#15198,#12366,#12367);
#9905=AXIS2_PLACEMENT_3D('',#15201,#12370,#12371);
#9906=AXIS2_PLACEMENT_3D('',#15203,#12373,#12374);
#9907=AXIS2_PLACEMENT_3D('',#15208,#12375,#12376);
#9908=AXIS2_PLACEMENT_3D('',#15210,#12378,#12379);
#9909=AXIS2_PLACEMENT_3D('',#15212,#12381,#12382);
#9910=AXIS2_PLACEMENT_3D('',#15214,#12384,#12385);
#9911=AXIS2_PLACEMENT_3D('',#15215,#12386,#12387);
#9912=AXIS2_PLACEMENT_3D('',#15218,#12390,#12391);
#9913=AXIS2_PLACEMENT_3D('',#15220,#12393,#12394);
#9914=AXIS2_PLACEMENT_3D('',#15222,#12396,#12397);
#9915=AXIS2_PLACEMENT_3D('',#15223,#12398,#12399);
#9916=AXIS2_PLACEMENT_3D('',#15225,#12401,#12402);
#9917=AXIS2_PLACEMENT_3D('',#15227,#12404,#12405);
#9918=AXIS2_PLACEMENT_3D('',#15228,#12406,#12407);
#9919=AXIS2_PLACEMENT_3D('',#15230,#12409,#12410);
#9920=AXIS2_PLACEMENT_3D('',#15232,#12412,#12413);
#9921=AXIS2_PLACEMENT_3D('',#15233,#12414,#12415);
#9922=AXIS2_PLACEMENT_3D('',#15234,#12416,#12417);
#9923=AXIS2_PLACEMENT_3D('',#15235,#12418,#12419);
#9924=AXIS2_PLACEMENT_3D('',#15236,#12420,#12421);
#9925=AXIS2_PLACEMENT_3D('',#15237,#12422,#12423);
#9926=AXIS2_PLACEMENT_3D('',#15238,#12424,#12425);
#9927=AXIS2_PLACEMENT_3D('',#15239,#12426,#12427);
#9928=AXIS2_PLACEMENT_3D('',#15240,#12428,#12429);
#9929=AXIS2_PLACEMENT_3D('',#15241,#12430,#12431);
#9930=AXIS2_PLACEMENT_3D('',#15242,#12432,#12433);
#9931=AXIS2_PLACEMENT_3D('',#15243,#12434,#12435);
#9932=AXIS2_PLACEMENT_3D('',#15244,#12436,#12437);
#9933=AXIS2_PLACEMENT_3D('',#15245,#12438,#12439);
#9934=AXIS2_PLACEMENT_3D('',#15246,#12440,#12441);
#9935=AXIS2_PLACEMENT_3D('',#15247,#12442,#12443);
#9936=AXIS2_PLACEMENT_3D('',#15248,#12444,#12445);
#9937=AXIS2_PLACEMENT_3D('',#15249,#12446,#12447);
#9938=AXIS2_PLACEMENT_3D('',#15250,#12448,#12449);
#9939=AXIS2_PLACEMENT_3D('',#15251,#12450,#12451);
#9940=AXIS2_PLACEMENT_3D('',#15252,#12452,#12453);
#9941=AXIS2_PLACEMENT_3D('',#15253,#12454,#12455);
#9942=AXIS2_PLACEMENT_3D('',#15254,#12456,#12457);
#9943=AXIS2_PLACEMENT_3D('',#15255,#12458,#12459);
#9944=AXIS2_PLACEMENT_3D('',#15256,#12460,#12461);
#9945=AXIS2_PLACEMENT_3D('',#15257,#12462,#12463);
#9946=AXIS2_PLACEMENT_3D('',#15258,#12464,#12465);
#9947=AXIS2_PLACEMENT_3D('',#15259,#12466,#12467);
#9948=AXIS2_PLACEMENT_3D('',#15260,#12468,#12469);
#9949=AXIS2_PLACEMENT_3D('',#15261,#12470,#12471);
#9950=AXIS2_PLACEMENT_3D('',#15262,#12472,#12473);
#9951=AXIS2_PLACEMENT_3D('',#15263,#12474,#12475);
#9952=AXIS2_PLACEMENT_3D('',#15268,#12478,#12479);
#9953=AXIS2_PLACEMENT_3D('',#15273,#12482,#12483);
#9954=AXIS2_PLACEMENT_3D('',#15274,#12484,#12485);
#9955=AXIS2_PLACEMENT_3D('',#15297,#12486,#12487);
#9956=AXIS2_PLACEMENT_3D('',#15299,#12488,#12489);
#9957=AXIS2_PLACEMENT_3D('',#15300,#12490,#12491);
#9958=AXIS2_PLACEMENT_3D('',#15306,#12494,#12495);
#9959=AXIS2_PLACEMENT_3D('',#15307,#12496,#12497);
#9960=AXIS2_PLACEMENT_3D('',#15308,#12498,#12499);
#9961=AXIS2_PLACEMENT_3D('',#15309,#12500,#12501);
#9962=AXIS2_PLACEMENT_3D('',#15314,#12504,#12505);
#9963=AXIS2_PLACEMENT_3D('',#15319,#12508,#12509);
#9964=AXIS2_PLACEMENT_3D('',#15320,#12510,#12511);
#9965=AXIS2_PLACEMENT_3D('',#15343,#12512,#12513);
#9966=AXIS2_PLACEMENT_3D('',#15345,#12514,#12515);
#9967=AXIS2_PLACEMENT_3D('',#15346,#12516,#12517);
#9968=AXIS2_PLACEMENT_3D('',#15352,#12520,#12521);
#9969=AXIS2_PLACEMENT_3D('',#15353,#12522,#12523);
#9970=AXIS2_PLACEMENT_3D('',#15354,#12524,#12525);
#9971=AXIS2_PLACEMENT_3D('',#15355,#12526,#12527);
#9972=AXIS2_PLACEMENT_3D('',#15360,#12530,#12531);
#9973=AXIS2_PLACEMENT_3D('',#15365,#12534,#12535);
#9974=AXIS2_PLACEMENT_3D('',#15366,#12536,#12537);
#9975=AXIS2_PLACEMENT_3D('',#15389,#12538,#12539);
#9976=AXIS2_PLACEMENT_3D('',#15391,#12540,#12541);
#9977=AXIS2_PLACEMENT_3D('',#15392,#12542,#12543);
#9978=AXIS2_PLACEMENT_3D('',#15398,#12546,#12547);
#9979=AXIS2_PLACEMENT_3D('',#15399,#12548,#12549);
#9980=AXIS2_PLACEMENT_3D('',#15400,#12550,#12551);
#9981=AXIS2_PLACEMENT_3D('',#15405,#12554,#12555);
#9982=AXIS2_PLACEMENT_3D('',#15406,#12556,#12557);
#9983=AXIS2_PLACEMENT_3D('',#15407,#12558,#12559);
#9984=AXIS2_PLACEMENT_3D('',#15412,#12562,#12563);
#9985=AXIS2_PLACEMENT_3D('',#15435,#12564,#12565);
#9986=AXIS2_PLACEMENT_3D('',#15437,#12566,#12567);
#9987=AXIS2_PLACEMENT_3D('',#15438,#12568,#12569);
#9988=AXIS2_PLACEMENT_3D('',#15444,#12572,#12573);
#9989=AXIS2_PLACEMENT_3D('',#15445,#12574,#12575);
#9990=AXIS2_PLACEMENT_3D('',#15446,#12576,#12577);
#9991=AXIS2_PLACEMENT_3D('',#15455,#12578,#12579);
#9992=AXIS2_PLACEMENT_3D('',#15464,#12580,#12581);
#9993=AXIS2_PLACEMENT_3D('',#15473,#12582,#12583);
#9994=AXIS2_PLACEMENT_3D('',#15482,#12584,#12585);
#9995=AXIS2_PLACEMENT_3D('',#15483,#12586,#12587);
#9996=AXIS2_PLACEMENT_3D('',#15484,#12588,#12589);
#9997=AXIS2_PLACEMENT_3D('',#15485,#12590,#12591);
#9998=AXIS2_PLACEMENT_3D('',#15486,#12592,#12593);
#9999=AXIS2_PLACEMENT_3D('',#15487,#12594,#12595);
#10000=AXIS2_PLACEMENT_3D('',#15488,#12596,#12597);
#10001=AXIS2_PLACEMENT_3D('',#15489,#12598,#12599);
#10002=AXIS2_PLACEMENT_3D('',#15490,#12600,#12601);
#10003=AXIS2_PLACEMENT_3D('',#15491,#12602,#12603);
#10004=AXIS2_PLACEMENT_3D('',#15492,#12604,#12605);
#10005=AXIS2_PLACEMENT_3D('',#15493,#12606,#12607);
#10006=AXIS2_PLACEMENT_3D('',#15494,#12608,#12609);
#10007=AXIS2_PLACEMENT_3D('',#15495,#12610,#12611);
#10008=AXIS2_PLACEMENT_3D('',#15496,#12612,#12613);
#10009=AXIS2_PLACEMENT_3D('',#15497,#12614,#12615);
#10010=AXIS2_PLACEMENT_3D('',#15498,#12616,#12617);
#10011=DIRECTION('',(0.,0.,1.));
#10012=DIRECTION('',(1.,0.,0.));
#10013=DIRECTION('',(1.,0.,0.));
#10014=DIRECTION('',(0.,0.,-1.));
#10015=DIRECTION('',(0.,0.,-1.));
#10016=DIRECTION('',(0.,-1.,0.));
#10017=DIRECTION('',(0.,0.,1.));
#10018=DIRECTION('',(0.,-1.,0.));
#10019=DIRECTION('',(0.,0.,-1.));
#10020=DIRECTION('',(0.,-1.,0.));
#10021=DIRECTION('',(0.,0.,-1.));
#10022=DIRECTION('',(0.,-1.,0.));
#10023=DIRECTION('',(0.,0.,1.));
#10024=DIRECTION('',(1.,0.,0.));
#10025=DIRECTION('',(0.,0.,-1.));
#10026=DIRECTION('',(1.,0.,0.));
#10027=DIRECTION('',(0.,0.,-1.));
#10028=DIRECTION('',(0.,0.25881904510252,-0.965925826289068));
#10029=DIRECTION('',(1.,0.,0.));
#10030=DIRECTION('',(0.,0.,-1.));
#10031=DIRECTION('',(1.,0.,0.));
#10032=DIRECTION('',(0.,0.,-1.));
#10033=DIRECTION('',(0.,-0.25881904510252,0.965925826289068));
#10034=DIRECTION('',(0.,-1.,0.));
#10035=DIRECTION('',(0.,0.,-1.));
#10036=DIRECTION('',(0.,-1.,0.));
#10037=DIRECTION('',(0.,0.,-1.));
#10038=DIRECTION('',(0.,-1.,0.));
#10039=DIRECTION('',(0.,0.,1.));
#10040=DIRECTION('',(0.,1.,0.));
#10041=DIRECTION('',(0.,0.,-1.));
#10042=DIRECTION('',(0.,-1.,0.));
#10043=DIRECTION('',(0.,0.,-1.));
#10044=DIRECTION('',(0.,-1.,0.));
#10045=DIRECTION('',(0.,0.,-1.));
#10046=DIRECTION('',(0.,-1.,0.));
#10047=DIRECTION('',(1.,0.,0.));
#10048=DIRECTION('',(0.,0.,-1.));
#10049=DIRECTION('',(0.,-0.25881904510252,0.965925826289068));
#10050=DIRECTION('',(1.,0.,0.));
#10051=DIRECTION('',(0.,0.,-1.));
#10052=DIRECTION('',(1.,0.,0.));
#10053=DIRECTION('',(0.,0.,-1.));
#10054=DIRECTION('',(0.,0.25881904510252,-0.965925826289068));
#10055=DIRECTION('',(0.,-3.54716800730662E-16,-1.));
#10056=DIRECTION('',(1.,0.,0.));
#10057=DIRECTION('',(0.,0.,-1.));
#10058=DIRECTION('',(0.,-0.25881904510252,0.965925826289068));
#10059=DIRECTION('',(1.,0.,0.));
#10060=DIRECTION('',(0.,0.,-1.));
#10061=DIRECTION('',(1.,0.,0.));
#10062=DIRECTION('',(0.,0.,-1.));
#10063=DIRECTION('',(0.,0.258819045102521,-0.965925826289068));
#10064=DIRECTION('',(1.,0.,0.));
#10065=DIRECTION('',(0.,0.,-1.));
#10066=DIRECTION('',(1.,0.,0.));
#10067=DIRECTION('',(0.,0.,-1.));
#10068=DIRECTION('',(0.,-0.25881904510252,0.965925826289068));
#10069=DIRECTION('',(1.,0.,0.));
#10070=DIRECTION('',(0.,0.,-1.));
#10071=DIRECTION('',(1.,0.,0.));
#10072=DIRECTION('',(0.,0.,-1.));
#10073=DIRECTION('',(0.,0.25881904510252,-0.965925826289068));
#10074=DIRECTION('',(1.,0.,0.));
#10075=DIRECTION('',(0.,0.,-1.));
#10076=DIRECTION('',(1.,0.,0.));
#10077=DIRECTION('',(0.,0.,-1.));
#10078=DIRECTION('',(0.,-0.25881904510252,0.965925826289068));
#10079=DIRECTION('',(1.,0.,0.));
#10080=DIRECTION('',(0.,0.,-1.));
#10081=DIRECTION('',(1.,0.,0.));
#10082=DIRECTION('',(0.,0.,-1.));
#10083=DIRECTION('',(0.,0.25881904510252,-0.965925826289068));
#10084=DIRECTION('',(1.,0.,0.));
#10085=DIRECTION('',(0.,0.,-1.));
#10086=DIRECTION('',(1.,0.,0.));
#10087=DIRECTION('',(0.,0.,-1.));
#10088=DIRECTION('',(0.,-0.25881904510252,0.965925826289069));
#10089=DIRECTION('',(1.,0.,0.));
#10090=DIRECTION('',(0.,0.,-1.));
#10091=DIRECTION('',(1.,0.,0.));
#10092=DIRECTION('',(0.,0.,-1.));
#10093=DIRECTION('',(0.,0.258819045102521,-0.965925826289068));
#10094=DIRECTION('',(1.,0.,0.));
#10095=DIRECTION('',(0.,0.,-1.));
#10096=DIRECTION('',(1.,0.,0.));
#10097=DIRECTION('',(0.,0.,-1.));
#10098=DIRECTION('',(0.,-0.25881904510252,0.965925826289068));
#10099=DIRECTION('',(1.,0.,0.));
#10100=DIRECTION('',(0.,0.,-1.));
#10101=DIRECTION('',(1.,0.,0.));
#10102=DIRECTION('',(0.,0.,-1.));
#10103=DIRECTION('',(0.,0.258819045102521,-0.965925826289068));
#10104=DIRECTION('',(1.,0.,0.));
#10105=DIRECTION('',(0.,0.,-1.));
#10106=DIRECTION('',(0.,0.,1.));
#10107=DIRECTION('',(0.,0.25881904510252,-0.965925826289069));
#10108=DIRECTION('',(1.,0.,0.));
#10109=DIRECTION('',(0.,0.,-1.));
#10110=DIRECTION('',(0.,-1.,0.));
#10111=DIRECTION('',(0.,0.,1.));
#10112=DIRECTION('',(0.,-1.,0.));
#10113=DIRECTION('',(0.,0.,1.));
#10114=DIRECTION('',(0.,1.,0.));
#10115=DIRECTION('',(1.,0.,0.));
#10116=DIRECTION('',(0.,0.,-1.));
#10117=DIRECTION('',(-1.,1.48584451903795E-16,0.));
#10118=DIRECTION('',(-1.48584451903795E-16,-1.,0.));
#10119=DIRECTION('',(-1.,1.48584451903795E-16,0.));
#10120=DIRECTION('',(-1.48584451903795E-16,-1.,0.));
#10121=DIRECTION('',(-1.,1.48584451903795E-16,0.));
#10122=DIRECTION('',(-1.48584451903795E-16,-1.,0.));
#10123=DIRECTION('',(3.84564859588215E-17,0.25881904510252,-0.965925826289068));
#10124=DIRECTION('',(-1.,1.48584451903795E-16,0.));
#10125=DIRECTION('',(-1.48584451903795E-16,-1.,0.));
#10126=DIRECTION('',(5.2705401417633E-32,3.54716800730662E-16,1.));
#10127=DIRECTION('',(-3.84564859588215E-17,-0.25881904510252,0.965925826289068));
#10128=DIRECTION('',(-1.,1.48584451903795E-16,0.));
#10129=DIRECTION('',(-1.48584451903795E-16,-1.,0.));
#10130=DIRECTION('',(-1.,1.48584451903795E-16,0.));
#10131=DIRECTION('',(-1.48584451903795E-16,-1.,0.));
#10132=DIRECTION('',(3.84564859588215E-17,0.25881904510252,-0.965925826289068));
#10133=DIRECTION('',(-1.,1.48584451903795E-16,0.));
#10134=DIRECTION('',(-1.48584451903795E-16,-1.,0.));
#10135=DIRECTION('',(-1.,1.48584451903795E-16,0.));
#10136=DIRECTION('',(-1.48584451903795E-16,-1.,0.));
#10137=DIRECTION('',(-3.84564859588216E-17,-0.258819045102521,0.965925826289068));
#10138=DIRECTION('',(-1.,1.48584451903795E-16,0.));
#10139=DIRECTION('',(-1.48584451903795E-16,-1.,0.));
#10140=DIRECTION('',(-1.,1.48584451903795E-16,0.));
#10141=DIRECTION('',(-1.48584451903795E-16,-1.,0.));
#10142=DIRECTION('',(3.84564859588215E-17,0.25881904510252,-0.965925826289068));
#10143=DIRECTION('',(-1.,1.48584451903795E-16,0.));
#10144=DIRECTION('',(-1.48584451903795E-16,-1.,0.));
#10145=DIRECTION('',(-1.,1.48584451903795E-16,0.));
#10146=DIRECTION('',(-1.48584451903795E-16,-1.,0.));
#10147=DIRECTION('',(-3.84564859588215E-17,-0.25881904510252,0.965925826289068));
#10148=DIRECTION('',(-1.,1.48584451903795E-16,0.));
#10149=DIRECTION('',(-1.48584451903795E-16,-1.,0.));
#10150=DIRECTION('',(-1.,1.48584451903795E-16,0.));
#10151=DIRECTION('',(-1.48584451903795E-16,-1.,0.));
#10152=DIRECTION('',(3.84564859588215E-17,0.25881904510252,-0.965925826289068));
#10153=DIRECTION('',(-1.,1.48584451903795E-16,0.));
#10154=DIRECTION('',(-1.48584451903795E-16,-1.,0.));
#10155=DIRECTION('',(-1.,1.48584451903795E-16,0.));
#10156=DIRECTION('',(-1.48584451903795E-16,-1.,0.));
#10157=DIRECTION('',(-3.84564859588215E-17,-0.25881904510252,0.965925826289068));
#10158=DIRECTION('',(-1.,1.48584451903795E-16,0.));
#10159=DIRECTION('',(-1.48584451903795E-16,-1.,0.));
#10160=DIRECTION('',(-1.,1.48584451903795E-16,0.));
#10161=DIRECTION('',(-1.48584451903795E-16,-1.,0.));
#10162=DIRECTION('',(3.84564859588215E-17,0.25881904510252,-0.965925826289069));
#10163=DIRECTION('',(-1.,1.48584451903795E-16,0.));
#10164=DIRECTION('',(-1.48584451903795E-16,-1.,0.));
#10165=DIRECTION('',(-1.,1.48584451903795E-16,0.));
#10166=DIRECTION('',(-1.48584451903795E-16,-1.,0.));
#10167=DIRECTION('',(-3.84564859588216E-17,-0.258819045102521,0.965925826289068));
#10168=DIRECTION('',(-1.,1.48584451903795E-16,0.));
#10169=DIRECTION('',(-1.48584451903795E-16,-1.,0.));
#10170=DIRECTION('',(-1.,1.48584451903795E-16,0.));
#10171=DIRECTION('',(-1.48584451903795E-16,-1.,0.));
#10172=DIRECTION('',(3.84564859588215E-17,0.25881904510252,-0.965925826289068));
#10173=DIRECTION('',(-1.,1.48584451903795E-16,0.));
#10174=DIRECTION('',(-1.48584451903795E-16,-1.,0.));
#10175=DIRECTION('',(-1.,1.48584451903795E-16,0.));
#10176=DIRECTION('',(-1.48584451903795E-16,-1.,0.));
#10177=DIRECTION('',(-3.84564859588216E-17,-0.258819045102521,0.965925826289068));
#10178=DIRECTION('',(-1.,1.48584451903795E-16,0.));
#10179=DIRECTION('',(-1.48584451903795E-16,-1.,0.));
#10180=DIRECTION('',(-1.,1.48584451903795E-16,0.));
#10181=DIRECTION('',(-1.48584451903795E-16,-1.,0.));
#10182=DIRECTION('',(-3.84564859588215E-17,-0.25881904510252,0.965925826289068));
#10183=DIRECTION('',(-1.,1.48584451903795E-16,0.));
#10184=DIRECTION('',(-1.48584451903795E-16,-1.,0.));
#10185=DIRECTION('',(-1.,1.48584451903795E-16,0.));
#10186=DIRECTION('',(-1.48584451903795E-16,-1.,0.));
#10187=DIRECTION('',(3.84564859588215E-17,0.25881904510252,-0.965925826289068));
#10188=DIRECTION('',(-1.,1.48584451903795E-16,0.));
#10189=DIRECTION('',(-1.48584451903795E-16,-1.,0.));
#10190=DIRECTION('',(-1.,1.48584451903795E-16,0.));
#10191=DIRECTION('',(-1.48584451903795E-16,-1.,0.));
#10192=DIRECTION('',(-3.84564859588215E-17,-0.25881904510252,0.965925826289069));
#10193=DIRECTION('',(0.,0.,-1.));
#10194=DIRECTION('',(1.48584451903795E-16,1.,0.));
#10195=DIRECTION('',(0.,0.,-1.));
#10196=DIRECTION('',(1.48584451903795E-16,1.,0.));
#10197=DIRECTION('',(0.,0.,1.));
#10198=DIRECTION('',(-1.48584451903795E-16,-1.,0.));
#10199=DIRECTION('',(-1.,1.48584451903795E-16,0.));
#10200=DIRECTION('',(-1.48584451903795E-16,-1.,0.));
#10201=DIRECTION('',(-1.48584451903795E-16,-1.,0.));
#10202=DIRECTION('',(0.,0.,-1.));
#10203=DIRECTION('',(-1.48584451903795E-16,-1.,0.));
#10204=DIRECTION('',(0.,0.,1.));
#10205=DIRECTION('',(0.,-1.,0.));
#10206=DIRECTION('',(0.,0.,-1.));
#10207=DIRECTION('',(0.,-1.,0.));
#10208=DIRECTION('',(0.,0.,-1.));
#10209=DIRECTION('',(-0.25881904510252,0.,-0.965925826289068));
#10210=DIRECTION('',(0.,-1.,0.));
#10211=DIRECTION('',(0.,0.,-1.));
#10212=DIRECTION('',(0.,-1.,0.));
#10213=DIRECTION('',(0.,0.,-1.));
#10214=DIRECTION('',(0.25881904510252,0.,0.965925826289068));
#10215=DIRECTION('',(0.,-1.,0.));
#10216=DIRECTION('',(0.,0.,-1.));
#10217=DIRECTION('',(0.,-1.,0.));
#10218=DIRECTION('',(0.,0.,-1.));
#10219=DIRECTION('',(-0.25881904510252,0.,-0.965925826289068));
#10220=DIRECTION('',(0.,-1.,0.));
#10221=DIRECTION('',(0.,0.,-1.));
#10222=DIRECTION('',(0.,-1.,0.));
#10223=DIRECTION('',(0.,0.,-1.));
#10224=DIRECTION('',(0.25881904510252,0.,0.965925826289068));
#10225=DIRECTION('',(0.,-1.,0.));
#10226=DIRECTION('',(0.,0.,-1.));
#10227=DIRECTION('',(0.,-1.,0.));
#10228=DIRECTION('',(0.,0.,-1.));
#10229=DIRECTION('',(-0.25881904510252,0.,-0.965925826289068));
#10230=DIRECTION('',(0.,-1.,0.));
#10231=DIRECTION('',(0.,0.,-1.));
#10232=DIRECTION('',(0.,-1.,0.));
#10233=DIRECTION('',(0.,0.,-1.));
#10234=DIRECTION('',(0.25881904510252,0.,0.965925826289068));
#10235=DIRECTION('',(0.,-1.,0.));
#10236=DIRECTION('',(0.,0.,-1.));
#10237=DIRECTION('',(0.,-1.,0.));
#10238=DIRECTION('',(0.,0.,-1.));
#10239=DIRECTION('',(-0.25881904510252,0.,-0.965925826289068));
#10240=DIRECTION('',(0.,-1.,0.));
#10241=DIRECTION('',(0.,0.,-1.));
#10242=DIRECTION('',(0.,-1.,0.));
#10243=DIRECTION('',(0.,0.,-1.));
#10244=DIRECTION('',(0.25881904510252,0.,0.965925826289068));
#10245=DIRECTION('',(0.,-1.,0.));
#10246=DIRECTION('',(0.,0.,-1.));
#10247=DIRECTION('',(0.,-1.,0.));
#10248=DIRECTION('',(0.,0.,-1.));
#10249=DIRECTION('',(-0.25881904510252,0.,-0.965925826289068));
#10250=DIRECTION('',(0.,-1.,0.));
#10251=DIRECTION('',(0.,0.,-1.));
#10252=DIRECTION('',(0.,-1.,0.));
#10253=DIRECTION('',(0.,0.,-1.));
#10254=DIRECTION('',(0.25881904510252,0.,0.965925826289068));
#10255=DIRECTION('',(0.,-1.,0.));
#10256=DIRECTION('',(0.,0.,-1.));
#10257=DIRECTION('',(0.,-1.,0.));
#10258=DIRECTION('',(0.,0.,-1.));
#10259=DIRECTION('',(-0.25881904510252,0.,-0.965925826289068));
#10260=DIRECTION('',(0.,-1.,0.));
#10261=DIRECTION('',(0.,0.,-1.));
#10262=DIRECTION('',(0.,-1.,0.));
#10263=DIRECTION('',(0.,0.,-1.));
#10264=DIRECTION('',(0.25881904510252,0.,0.965925826289068));
#10265=DIRECTION('',(0.,-1.,0.));
#10266=DIRECTION('',(0.,0.,-1.));
#10267=DIRECTION('',(0.,-1.,0.));
#10268=DIRECTION('',(0.,0.,-1.));
#10269=DIRECTION('',(0.25881904510252,0.,0.965925826289069));
#10270=DIRECTION('',(0.,-1.,0.));
#10271=DIRECTION('',(0.,0.,-1.));
#10272=DIRECTION('',(0.,-1.,0.));
#10273=DIRECTION('',(0.,0.,-1.));
#10274=DIRECTION('',(-0.25881904510252,0.,-0.965925826289069));
#10275=DIRECTION('',(0.,-1.,0.));
#10276=DIRECTION('',(0.,0.,-1.));
#10277=DIRECTION('',(0.,-1.,0.));
#10278=DIRECTION('',(0.,0.,-1.));
#10279=DIRECTION('',(-0.25881904510252,0.,-0.965925826289069));
#10280=DIRECTION('',(0.,-1.,0.));
#10281=DIRECTION('',(0.,0.,-1.));
#10282=DIRECTION('',(-1.,0.,0.));
#10283=DIRECTION('',(0.,0.,1.));
#10284=DIRECTION('',(0.25881904510252,0.,0.965925826289068));
#10285=DIRECTION('',(0.,-1.,0.));
#10286=DIRECTION('',(0.,0.,-1.));
#10287=DIRECTION('',(0.,-1.,0.));
#10288=DIRECTION('',(0.,0.,-1.));
#10289=DIRECTION('',(0.258819045102521,0.,0.965925826289068));
#10290=DIRECTION('',(7.33975648240126E-16,0.,-1.));
#10291=DIRECTION('',(-1.,0.,0.));
#10292=DIRECTION('',(0.,-1.,0.));
#10293=DIRECTION('',(0.,0.,-1.));
#10294=DIRECTION('',(1.,0.,0.));
#10295=DIRECTION('',(0.,0.,-1.));
#10296=DIRECTION('',(1.,0.,0.));
#10297=DIRECTION('',(0.,0.,1.));
#10298=DIRECTION('',(-1.,0.,0.));
#10299=DIRECTION('',(0.,0.,1.));
#10300=DIRECTION('',(1.,0.,0.));
#10301=DIRECTION('',(5.28879108529514E-17,0.,-1.));
#10302=DIRECTION('',(0.,0.,1.));
#10303=DIRECTION('',(1.,0.,0.));
#10304=DIRECTION('',(0.,0.,-1.));
#10305=DIRECTION('',(-1.,0.,0.));
#10306=DIRECTION('',(-1.,0.,-1.87740635928226E-16));
#10307=DIRECTION('',(0.,0.,1.));
#10308=DIRECTION('',(1.,0.,1.87740635928226E-16));
#10309=DIRECTION('',(0.,0.,-1.));
#10310=DIRECTION('',(0.,1.,0.));
#10311=DIRECTION('',(0.,0.,1.));
#10312=DIRECTION('',(0.25881904510252,0.,0.965925826289069));
#10313=DIRECTION('',(1.,0.,0.));
#10314=DIRECTION('',(0.,0.,-1.));
#10315=DIRECTION('',(1.,0.,0.));
#10316=DIRECTION('',(0.,0.,-1.));
#10317=DIRECTION('',(1.,0.,0.));
#10318=DIRECTION('',(0.,0.,-1.));
#10319=DIRECTION('',(1.,0.,0.));
#10320=DIRECTION('',(0.,0.,-1.));
#10321=DIRECTION('',(1.,0.,0.));
#10322=DIRECTION('',(1.,0.,0.));
#10323=DIRECTION('',(0.,0.,1.));
#10324=DIRECTION('',(1.,0.,0.));
#10325=DIRECTION('',(1.,0.,0.));
#10326=DIRECTION('',(0.,0.,-1.));
#10327=DIRECTION('',(1.,0.,0.));
#10328=DIRECTION('',(0.,0.,1.));
#10329=DIRECTION('',(0.,1.,0.));
#10330=DIRECTION('',(0.,0.,1.));
#10331=DIRECTION('',(0.,1.,0.));
#10332=DIRECTION('',(0.,0.,1.));
#10333=DIRECTION('',(-0.25881904510252,0.,-0.965925826289069));
#10334=DIRECTION('',(0.,1.,0.));
#10335=DIRECTION('',(0.,0.,1.));
#10336=DIRECTION('',(0.,1.,0.));
#10337=DIRECTION('',(0.,0.,1.));
#10338=DIRECTION('',(0.,1.,0.));
#10339=DIRECTION('',(0.,0.,1.));
#10340=DIRECTION('',(0.25881904510252,0.,0.965925826289068));
#10341=DIRECTION('',(0.,1.,0.));
#10342=DIRECTION('',(0.,0.,1.));
#10343=DIRECTION('',(0.,1.,0.));
#10344=DIRECTION('',(0.,0.,1.));
#10345=DIRECTION('',(-0.25881904510252,0.,-0.965925826289068));
#10346=DIRECTION('',(0.,1.,0.));
#10347=DIRECTION('',(0.,0.,1.));
#10348=DIRECTION('',(0.,1.,0.));
#10349=DIRECTION('',(0.,0.,1.));
#10350=DIRECTION('',(0.25881904510252,0.,0.965925826289068));
#10351=DIRECTION('',(0.,1.,0.));
#10352=DIRECTION('',(0.,0.,1.));
#10353=DIRECTION('',(0.,1.,0.));
#10354=DIRECTION('',(0.,0.,1.));
#10355=DIRECTION('',(-0.25881904510252,0.,-0.965925826289068));
#10356=DIRECTION('',(0.,1.,0.));
#10357=DIRECTION('',(0.,0.,1.));
#10358=DIRECTION('',(0.,1.,0.));
#10359=DIRECTION('',(0.,0.,1.));
#10360=DIRECTION('',(0.25881904510252,0.,0.965925826289068));
#10361=DIRECTION('',(0.,1.,0.));
#10362=DIRECTION('',(0.,0.,1.));
#10363=DIRECTION('',(0.,1.,0.));
#10364=DIRECTION('',(0.,0.,1.));
#10365=DIRECTION('',(-0.25881904510252,0.,-0.965925826289068));
#10366=DIRECTION('',(0.,1.,0.));
#10367=DIRECTION('',(0.,0.,1.));
#10368=DIRECTION('',(0.,1.,0.));
#10369=DIRECTION('',(0.,0.,1.));
#10370=DIRECTION('',(0.25881904510252,0.,0.965925826289068));
#10371=DIRECTION('',(0.,1.,0.));
#10372=DIRECTION('',(0.,0.,1.));
#10373=DIRECTION('',(0.,1.,0.));
#10374=DIRECTION('',(0.,0.,1.));
#10375=DIRECTION('',(-0.25881904510252,0.,-0.965925826289068));
#10376=DIRECTION('',(0.,1.,0.));
#10377=DIRECTION('',(0.,0.,1.));
#10378=DIRECTION('',(0.,1.,0.));
#10379=DIRECTION('',(0.,0.,1.));
#10380=DIRECTION('',(0.25881904510252,0.,0.965925826289068));
#10381=DIRECTION('',(0.,1.,0.));
#10382=DIRECTION('',(0.,0.,1.));
#10383=DIRECTION('',(0.,1.,0.));
#10384=DIRECTION('',(0.,0.,1.));
#10385=DIRECTION('',(-0.25881904510252,0.,-0.965925826289068));
#10386=DIRECTION('',(0.,1.,0.));
#10387=DIRECTION('',(0.,0.,1.));
#10388=DIRECTION('',(0.,1.,0.));
#10389=DIRECTION('',(0.,0.,1.));
#10390=DIRECTION('',(0.25881904510252,0.,0.965925826289068));
#10391=DIRECTION('',(0.,1.,0.));
#10392=DIRECTION('',(0.,0.,1.));
#10393=DIRECTION('',(0.,1.,0.));
#10394=DIRECTION('',(0.,0.,1.));
#10395=DIRECTION('',(-0.25881904510252,0.,-0.965925826289068));
#10396=DIRECTION('',(0.,1.,0.));
#10397=DIRECTION('',(0.,0.,1.));
#10398=DIRECTION('',(0.,1.,0.));
#10399=DIRECTION('',(0.,0.,1.));
#10400=DIRECTION('',(0.25881904510252,0.,0.965925826289069));
#10401=DIRECTION('',(0.,1.,0.));
#10402=DIRECTION('',(0.,0.,1.));
#10403=DIRECTION('',(0.,1.,0.));
#10404=DIRECTION('',(0.,0.,1.));
#10405=DIRECTION('',(-0.25881904510252,0.,-0.965925826289068));
#10406=DIRECTION('',(0.,0.,-1.));
#10407=DIRECTION('',(1.,0.,0.));
#10408=DIRECTION('',(-7.33975648240126E-16,0.,1.));
#10409=DIRECTION('',(-0.258819045102521,0.,-0.965925826289068));
#10410=DIRECTION('',(0.,1.,0.));
#10411=DIRECTION('',(0.,0.,1.));
#10412=DIRECTION('',(1.,0.,0.));
#10413=DIRECTION('',(0.,1.,0.));
#10414=DIRECTION('',(0.,0.,1.));
#10415=DIRECTION('',(0.,0.,-1.));
#10416=DIRECTION('',(1.,0.,0.));
#10417=DIRECTION('',(-5.28879108529514E-17,0.,1.));
#10418=DIRECTION('',(1.,0.,0.));
#10419=DIRECTION('',(-1.,0.,-1.87740635928226E-16));
#10420=DIRECTION('',(0.,0.,-1.));
#10421=DIRECTION('',(-1.,0.,-1.87740635928226E-16));
#10422=DIRECTION('',(0.,0.,1.));
#10423=DIRECTION('',(0.,0.,-1.));
#10424=DIRECTION('',(1.,0.,0.));
#10425=DIRECTION('',(0.,0.,1.));
#10426=DIRECTION('',(1.,0.,0.));
#10427=DIRECTION('',(-1.,1.48584451903795E-16,0.));
#10428=DIRECTION('',(-1.48584451903795E-16,-1.,0.));
#10429=DIRECTION('',(-1.,0.,0.));
#10430=DIRECTION('',(0.,0.,1.));
#10431=DIRECTION('',(-1.,1.48584451903795E-16,0.));
#10432=DIRECTION('',(-1.48584451903795E-16,-1.,0.));
#10433=DIRECTION('',(0.,1.,0.));
#10434=DIRECTION('',(0.,0.,1.));
#10435=DIRECTION('',(0.,1.,0.));
#10436=DIRECTION('',(0.,0.,1.));
#10437=DIRECTION('',(0.,1.,0.));
#10438=DIRECTION('',(0.,0.,1.));
#10439=DIRECTION('',(0.,1.,0.));
#10440=DIRECTION('',(0.,0.,1.));
#10441=DIRECTION('',(0.,1.,0.));
#10442=DIRECTION('',(0.,0.,1.));
#10443=DIRECTION('',(0.,1.,0.));
#10444=DIRECTION('',(0.,0.,1.));
#10445=DIRECTION('',(0.,1.,0.));
#10446=DIRECTION('',(0.,0.,1.));
#10447=DIRECTION('',(0.,1.,0.));
#10448=DIRECTION('',(0.,0.,1.));
#10449=DIRECTION('',(0.,1.,0.));
#10450=DIRECTION('',(0.,0.,1.));
#10451=DIRECTION('',(0.,1.,0.));
#10452=DIRECTION('',(0.,0.,1.));
#10453=DIRECTION('',(0.,1.,0.));
#10454=DIRECTION('',(0.,0.,1.));
#10455=DIRECTION('',(0.,1.,0.));
#10456=DIRECTION('',(0.,0.,1.));
#10457=DIRECTION('',(0.,1.,0.));
#10458=DIRECTION('',(0.,0.,1.));
#10459=DIRECTION('',(0.,1.,0.));
#10460=DIRECTION('',(0.,0.,1.));
#10461=DIRECTION('',(0.,1.,0.));
#10462=DIRECTION('',(0.,0.,1.));
#10463=DIRECTION('',(0.,1.,0.));
#10464=DIRECTION('',(0.,0.,1.));
#10465=DIRECTION('',(0.,1.,0.));
#10466=DIRECTION('',(0.,0.,1.));
#10467=DIRECTION('',(0.,1.,0.));
#10468=DIRECTION('',(0.,0.,1.));
#10469=DIRECTION('',(0.,1.,0.));
#10470=DIRECTION('',(0.,0.,1.));
#10471=DIRECTION('',(0.,1.,0.));
#10472=DIRECTION('',(0.,0.,1.));
#10473=DIRECTION('',(0.,1.,0.));
#10474=DIRECTION('',(0.,0.,1.));
#10475=DIRECTION('',(0.,0.,-1.));
#10476=DIRECTION('',(1.,0.,0.));
#10477=DIRECTION('',(0.,0.,1.));
#10478=DIRECTION('',(1.,0.,0.));
#10479=DIRECTION('',(0.,0.,-1.));
#10480=DIRECTION('',(1.,0.,0.));
#10481=DIRECTION('',(1.,0.,0.));
#10482=DIRECTION('',(0.,0.,1.));
#10483=DIRECTION('',(1.,0.,0.));
#10484=DIRECTION('',(1.,0.,0.));
#10485=DIRECTION('',(3.66168543741806E-16,0.,1.));
#10486=DIRECTION('',(1.,0.,-5.9818050895752E-16));
#10487=DIRECTION('',(0.,0.,1.));
#10488=DIRECTION('',(1.,0.,0.));
#10489=DIRECTION('',(0.,0.,-1.));
#10490=DIRECTION('',(-1.,0.,0.));
#10491=DIRECTION('',(0.,0.,-1.));
#10492=DIRECTION('',(1.,0.,0.));
#10493=DIRECTION('',(0.,0.,1.));
#10494=DIRECTION('',(1.,0.,-5.9818050895752E-16));
#10495=DIRECTION('',(-3.66168543741807E-16,0.,-1.));
#10496=DIRECTION('',(-1.,0.,3.41817433690011E-16));
#10497=DIRECTION('',(0.,0.,-1.));
#10498=DIRECTION('',(1.,0.,-9.969675149292E-17));
#10499=DIRECTION('',(0.,0.,-1.));
#10500=DIRECTION('',(-1.,0.,3.41817433690013E-16));
#10501=DIRECTION('',(-1.,-5.9433780761518E-16,0.));
#10502=DIRECTION('',(5.9433780761518E-16,-1.,0.));
#10503=DIRECTION('',(5.9433780761518E-16,-1.,0.));
#10504=DIRECTION('',(0.,0.,-1.));
#10505=DIRECTION('',(-5.9433780761518E-16,1.,0.));
#10506=DIRECTION('',(0.,0.,1.));
#10507=DIRECTION('',(-5.9433780761518E-16,1.,2.10269512239613E-16));
#10508=DIRECTION('',(0.,0.,-1.));
#10509=DIRECTION('',(-5.9433780761518E-16,1.,1.05134756119806E-16));
#10510=DIRECTION('',(0.,0.,1.));
#10511=DIRECTION('',(-6.4438234220665E-32,1.0842021724855E-16,-1.));
#10512=DIRECTION('',(-5.9433780761518E-16,1.,3.44647048207312E-16));
#10513=DIRECTION('',(6.4438234220665E-32,-1.0842021724855E-16,1.));
#10514=DIRECTION('',(-5.9433780761518E-16,1.,2.29764698804875E-16));
#10515=DIRECTION('',(0.,0.,-1.));
#10516=DIRECTION('',(-5.9433780761518E-16,1.,2.87205873506094E-16));
#10517=DIRECTION('',(6.4438234220665E-32,-1.0842021724855E-16,1.));
#10518=DIRECTION('',(-5.9433780761518E-16,1.,2.29764698804875E-16));
#10519=DIRECTION('',(0.,-1.,0.));
#10520=DIRECTION('',(0.,0.,-1.));
#10521=DIRECTION('',(0.,-1.,0.));
#10522=DIRECTION('',(0.,0.,-1.));
#10523=DIRECTION('',(0.,-1.,0.));
#10524=DIRECTION('',(0.,0.,-1.));
#10525=DIRECTION('',(0.,-1.,0.));
#10526=DIRECTION('',(0.,0.,-1.));
#10527=DIRECTION('',(0.,-1.,0.));
#10528=DIRECTION('',(0.,0.,-1.));
#10529=DIRECTION('',(3.66168543741807E-16,0.,1.));
#10530=DIRECTION('',(1.,0.,-5.9818050895752E-16));
#10531=DIRECTION('',(-3.66168543741806E-16,0.,-1.));
#10532=DIRECTION('',(1.,0.,0.));
#10533=DIRECTION('',(-1.,0.,0.));
#10534=DIRECTION('',(0.,0.,1.));
#10535=DIRECTION('',(1.,0.,0.));
#10536=DIRECTION('',(0.,0.,-1.));
#10537=DIRECTION('',(0.,0.,1.));
#10538=DIRECTION('',(1.,0.,0.));
#10539=DIRECTION('',(1.48584451903795E-16,1.,0.));
#10540=DIRECTION('',(1.,0.,0.));
#10541=DIRECTION('',(5.9433780761518E-16,-1.,0.));
#10542=DIRECTION('',(-1.,0.,0.));
#10543=DIRECTION('',(1.,5.49459924517541E-16,0.));
#10544=DIRECTION('',(-5.49459924517541E-16,1.,0.));
#10545=DIRECTION('',(5.49459924517541E-16,-1.,0.));
#10546=DIRECTION('',(0.,0.,1.));
#10547=DIRECTION('',(5.49459924517541E-16,-1.,0.));
#10548=DIRECTION('',(5.49459924517541E-16,-1.,0.));
#10549=DIRECTION('',(5.49459924517541E-16,-1.,0.));
#10550=DIRECTION('',(0.,0.,1.));
#10551=DIRECTION('',(5.49459924517541E-16,-1.,0.));
#10552=DIRECTION('',(5.49459924517541E-16,-1.,0.));
#10553=DIRECTION('',(5.49459924517541E-16,-1.,-1.05134756119806E-16));
#10554=DIRECTION('',(0.,0.,1.));
#10555=DIRECTION('',(5.49459924517541E-16,-1.,-2.10269512239613E-16));
#10556=DIRECTION('',(0.,0.,-1.));
#10557=DIRECTION('',(5.95725643855639E-32,-1.0842021724855E-16,1.));
#10558=DIRECTION('',(5.49459924517541E-16,-1.,-2.29764698804875E-16));
#10559=DIRECTION('',(-5.95725643855639E-32,1.0842021724855E-16,-1.));
#10560=DIRECTION('',(5.49459924517541E-16,-1.,-3.44647048207312E-16));
#10561=DIRECTION('',(0.,0.,1.));
#10562=DIRECTION('',(5.49459924517541E-16,-1.,-2.29764698804875E-16));
#10563=DIRECTION('',(-5.95725643855639E-32,1.0842021724855E-16,-1.));
#10564=DIRECTION('',(5.49459924517541E-16,-1.,-2.87205873506094E-16));
#10565=DIRECTION('',(0.,0.,1.));
#10566=DIRECTION('',(1.,0.,0.));
#10567=DIRECTION('',(-0.707106781186548,-0.707106781186548,0.));
#10568=DIRECTION('',(-0.707106781186547,0.707106781186548,0.));
#10569=DIRECTION('',(0.707106781186552,0.707106781186544,0.));
#10570=DIRECTION('',(0.707106781186544,-0.707106781186551,0.));
#10571=DIRECTION('',(0.,0.,1.));
#10572=DIRECTION('',(1.,0.,0.));
#10573=DIRECTION('',(-1.,1.48584451903795E-16,0.));
#10574=DIRECTION('',(-1.48584451903795E-16,-1.,0.));
#10575=DIRECTION('',(-1.,1.48584451903795E-16,0.));
#10576=DIRECTION('',(-0.707106781186548,0.707106781186548,0.));
#10577=DIRECTION('',(1.,0.,0.));
#10578=DIRECTION('',(0.,0.,1.));
#10579=DIRECTION('',(1.,0.,0.));
#10580=DIRECTION('',(0.,-1.,0.));
#10581=DIRECTION('',(0.,1.,0.));
#10582=DIRECTION('',(0.,0.,1.));
#10583=DIRECTION('',(1.,0.,0.));
#10584=DIRECTION('',(0.,-1.,0.));
#10585=DIRECTION('',(1.,0.,0.));
#10586=DIRECTION('',(0.,0.,1.));
#10587=DIRECTION('',(1.,0.,0.));
#10588=DIRECTION('',(-1.,0.,0.));
#10589=DIRECTION('',(-0.707106781186548,-0.707106781186548,0.));
#10590=DIRECTION('',(0.,0.,1.));
#10591=DIRECTION('',(1.,0.,0.));
#10592=DIRECTION('',(0.,0.,1.));
#10593=DIRECTION('',(1.,0.,0.));
#10594=DIRECTION('',(0.,0.,1.));
#10595=DIRECTION('',(1.,0.,0.));
#10596=DIRECTION('',(0.,0.,1.));
#10597=DIRECTION('',(1.,0.,0.));
#10598=DIRECTION('',(0.,0.,1.));
#10599=DIRECTION('',(1.,0.,0.));
#10600=DIRECTION('',(0.,0.,-1.));
#10601=DIRECTION('',(-1.,0.,0.));
#10602=DIRECTION('',(0.,0.,-1.));
#10603=DIRECTION('',(0.,0.,1.));
#10604=DIRECTION('',(1.,0.,0.));
#10605=DIRECTION('',(0.,0.,-1.));
#10606=DIRECTION('',(0.,1.,0.));
#10607=DIRECTION('',(0.,0.,1.));
#10608=DIRECTION('',(1.,0.,0.));
#10609=DIRECTION('',(0.,0.,-1.));
#10610=DIRECTION('',(-1.,0.,0.));
#10611=DIRECTION('',(0.,0.,1.));
#10612=DIRECTION('',(1.,0.,0.));
#10613=DIRECTION('',(0.,0.,1.));
#10614=DIRECTION('',(1.,0.,0.));
#10615=DIRECTION('',(1.,0.,0.));
#10616=DIRECTION('',(0.,0.,-1.));
#10617=DIRECTION('',(0.,-1.,0.));
#10618=DIRECTION('',(0.,0.,1.));
#10619=DIRECTION('',(1.,0.,0.));
#10620=DIRECTION('',(0.,0.,-1.));
#10621=DIRECTION('',(-1.,0.,0.));
#10622=DIRECTION('',(0.,0.,1.));
#10623=DIRECTION('',(1.,0.,0.));
#10624=DIRECTION('',(0.,0.,1.));
#10625=DIRECTION('',(1.,0.,0.));
#10626=DIRECTION('',(0.,0.,-1.));
#10627=DIRECTION('',(-1.,0.,0.));
#10628=DIRECTION('',(0.,0.,1.));
#10629=DIRECTION('',(1.,0.,0.));
#10630=DIRECTION('',(0.,0.,1.));
#10631=DIRECTION('',(1.,0.,0.));
#10632=DIRECTION('',(0.,0.,-1.));
#10633=DIRECTION('',(-1.,0.,0.));
#10634=DIRECTION('',(0.,0.,1.));
#10635=DIRECTION('',(1.,0.,0.));
#10636=DIRECTION('',(0.,0.,1.));
#10637=DIRECTION('',(1.,0.,0.));
#10638=DIRECTION('',(0.,0.,-1.));
#10639=DIRECTION('',(-1.,0.,0.));
#10640=DIRECTION('',(0.,0.,1.));
#10641=DIRECTION('',(1.,0.,0.));
#10642=DIRECTION('',(0.,0.,1.));
#10643=DIRECTION('',(1.,0.,0.));
#10644=DIRECTION('',(0.,0.,-1.));
#10645=DIRECTION('',(-1.,0.,0.));
#10646=DIRECTION('',(0.,0.,1.));
#10647=DIRECTION('',(1.,0.,0.));
#10648=DIRECTION('',(0.,0.,1.));
#10649=DIRECTION('',(1.,0.,0.));
#10650=DIRECTION('',(0.,0.,-1.));
#10651=DIRECTION('',(-1.,0.,0.));
#10652=DIRECTION('',(0.,0.,1.));
#10653=DIRECTION('',(1.,0.,0.));
#10654=DIRECTION('',(0.,0.,1.));
#10655=DIRECTION('',(1.,0.,0.));
#10656=DIRECTION('',(0.,1.,0.));
#10657=DIRECTION('',(0.,0.,1.));
#10658=DIRECTION('',(1.,0.,0.));
#10659=DIRECTION('',(0.,0.,-1.));
#10660=DIRECTION('',(0.,-1.,0.));
#10661=DIRECTION('',(0.,0.,-1.));
#10662=DIRECTION('',(0.,0.,-1.));
#10663=DIRECTION('',(-1.,0.,0.));
#10664=DIRECTION('',(0.,0.,-1.));
#10665=DIRECTION('',(-1.,0.,0.));
#10666=DIRECTION('',(0.,0.,1.));
#10667=DIRECTION('',(1.,0.,0.));
#10668=DIRECTION('',(0.,0.,-1.));
#10669=DIRECTION('',(-1.,0.,0.));
#10670=DIRECTION('',(0.,0.,1.));
#10671=DIRECTION('',(1.,0.,0.));
#10672=DIRECTION('',(0.,0.,1.));
#10673=DIRECTION('',(1.,0.,0.));
#10674=DIRECTION('',(0.,0.,1.));
#10675=DIRECTION('',(1.,0.,0.));
#10676=DIRECTION('',(0.,0.,-1.));
#10677=DIRECTION('',(-1.,0.,0.));
#10678=DIRECTION('',(0.,0.,1.));
#10679=DIRECTION('',(1.,0.,0.));
#10680=DIRECTION('',(0.,0.,1.));
#10681=DIRECTION('',(1.,0.,0.));
#10682=DIRECTION('',(0.,0.,-1.));
#10683=DIRECTION('',(-1.,0.,0.));
#10684=DIRECTION('',(0.,0.,1.));
#10685=DIRECTION('',(1.,0.,0.));
#10686=DIRECTION('',(0.,0.,1.));
#10687=DIRECTION('',(1.,0.,0.));
#10688=DIRECTION('',(-1.,0.,0.));
#10689=DIRECTION('',(0.,0.,1.));
#10690=DIRECTION('',(0.,1.,0.));
#10691=DIRECTION('',(0.,0.,-1.));
#10692=DIRECTION('',(1.,0.,0.));
#10693=DIRECTION('',(0.,0.,-1.));
#10694=DIRECTION('',(0.,0.,-1.));
#10695=DIRECTION('',(0.,-1.,0.));
#10696=DIRECTION('',(0.,0.,-1.));
#10697=DIRECTION('',(-1.,0.,0.));
#10698=DIRECTION('',(0.,0.,1.));
#10699=DIRECTION('',(1.,0.,0.));
#10700=DIRECTION('',(0.,0.,-1.));
#10701=DIRECTION('',(-1.,0.,0.));
#10702=DIRECTION('',(0.,0.,1.));
#10703=DIRECTION('',(1.,0.,0.));
#10704=DIRECTION('',(0.,0.,1.));
#10705=DIRECTION('',(1.,0.,0.));
#10706=DIRECTION('',(0.,0.,1.));
#10707=DIRECTION('',(1.,0.,0.));
#10708=DIRECTION('',(0.,0.,-1.));
#10709=DIRECTION('',(-1.,0.,0.));
#10710=DIRECTION('',(0.,0.,1.));
#10711=DIRECTION('',(1.,0.,0.));
#10712=DIRECTION('',(0.,0.,1.));
#10713=DIRECTION('',(1.,0.,0.));
#10714=DIRECTION('',(0.,0.,-1.));
#10715=DIRECTION('',(-1.,0.,0.));
#10716=DIRECTION('',(0.,0.,1.));
#10717=DIRECTION('',(1.,0.,0.));
#10718=DIRECTION('',(0.,0.,1.));
#10719=DIRECTION('',(1.,0.,0.));
#10720=DIRECTION('',(5.9433780761518E-16,-1.,0.));
#10721=DIRECTION('',(1.,5.9433780761518E-16,0.));
#10722=DIRECTION('',(1.,5.9433780761518E-16,0.));
#10723=DIRECTION('',(0.,0.,1.));
#10724=DIRECTION('',(1.,5.9433780761518E-16,0.));
#10725=DIRECTION('',(0.,0.,-1.));
#10726=DIRECTION('',(-1.70697309193814E-31,2.87205873506094E-16,-1.));
#10727=DIRECTION('',(0.,1.,2.87205873506094E-16));
#10728=DIRECTION('',(-0.707106781186547,-0.707106781186548,-2.03085220752765E-16));
#10729=DIRECTION('',(1.,5.9433780761518E-16,0.));
#10730=DIRECTION('',(-0.707106781186548,0.707106781186547,2.03085220752764E-16));
#10731=DIRECTION('',(-0.707106781186548,-0.707106781186548,-2.03085220752764E-16));
#10732=DIRECTION('',(-0.707106781186548,0.707106781186548,2.03085220752765E-16));
#10733=DIRECTION('',(-1.36557847355052E-31,2.29764698804875E-16,-1.));
#10734=DIRECTION('',(0.,1.,2.29764698804875E-16));
#10735=DIRECTION('',(0.707106781186548,-0.707106781186548,-1.62468176602212E-16));
#10736=DIRECTION('',(0.707106781186548,0.707106781186548,1.62468176602211E-16));
#10737=DIRECTION('',(0.707106781186548,-0.707106781186547,-1.62468176602211E-16));
#10738=DIRECTION('',(1.,5.9433780761518E-16,0.));
#10739=DIRECTION('',(0.707106781186547,0.707106781186548,1.62468176602212E-16));
#10740=DIRECTION('',(5.9433780761518E-16,-1.,-1.0842021724855E-16));
#10741=DIRECTION('',(1.,5.9433780761518E-16,0.));
#10742=DIRECTION('',(-6.4438234220665E-32,1.0842021724855E-16,-1.));
#10743=DIRECTION('',(5.95725643855639E-32,-1.0842021724855E-16,1.));
#10744=DIRECTION('',(5.9433780761518E-16,-1.,-1.0842021724855E-16));
#10745=DIRECTION('',(1.,5.9433780761518E-16,0.));
#10746=DIRECTION('',(1.,5.9433780761518E-16,0.));
#10747=DIRECTION('',(6.4438234220665E-32,-1.0842021724855E-16,1.));
#10748=DIRECTION('',(1.,5.9433780761518E-16,0.));
#10749=DIRECTION('',(-5.95725643855639E-32,1.0842021724855E-16,-1.));
#10750=DIRECTION('',(-2.04836771032578E-31,3.44647048207312E-16,-1.));
#10751=DIRECTION('',(0.,1.,3.44647048207312E-16));
#10752=DIRECTION('',(-0.707106781186549,-0.707106781186547,-2.43702264903318E-16));
#10753=DIRECTION('',(1.,5.9433780761518E-16,0.));
#10754=DIRECTION('',(-0.707106781186548,0.707106781186547,2.43702264903318E-16));
#10755=DIRECTION('',(-0.707106781186547,-0.707106781186548,-2.43702264903318E-16));
#10756=DIRECTION('',(-0.707106781186549,0.707106781186547,2.43702264903318E-16));
#10757=DIRECTION('',(-1.36557847355052E-31,2.29764698804875E-16,-1.));
#10758=DIRECTION('',(0.,1.,2.29764698804875E-16));
#10759=DIRECTION('',(0.707106781186549,-0.707106781186547,-1.62468176602211E-16));
#10760=DIRECTION('',(0.707106781186547,0.707106781186548,1.62468176602212E-16));
#10761=DIRECTION('',(0.707106781186548,-0.707106781186547,-1.62468176602212E-16));
#10762=DIRECTION('',(1.,5.9433780761518E-16,0.));
#10763=DIRECTION('',(0.707106781186549,0.707106781186547,1.62468176602211E-16));
#10764=DIRECTION('',(5.9433780761518E-16,-1.,-1.0842021724855E-16));
#10765=DIRECTION('',(1.,5.9433780761518E-16,0.));
#10766=DIRECTION('',(-6.4438234220665E-32,1.0842021724855E-16,-1.));
#10767=DIRECTION('',(5.95725643855639E-32,-1.0842021724855E-16,1.));
#10768=DIRECTION('',(-1.24971120912805E-31,2.10269512239613E-16,-1.));
#10769=DIRECTION('',(0.,1.,2.10269512239613E-16));
#10770=DIRECTION('',(-0.707106781186546,0.707106781186549,1.48682997981418E-16));
#10771=DIRECTION('',(1.,5.9433780761518E-16,0.));
#10772=DIRECTION('',(-0.707106781186548,-0.707106781186548,-1.48682997981418E-16));
#10773=DIRECTION('',(-0.707106781186548,0.707106781186548,1.48682997981418E-16));
#10774=DIRECTION('',(1.,5.9433780761518E-16,0.));
#10775=DIRECTION('',(-0.707106781186562,-0.707106781186533,-1.48682997981415E-16));
#10776=DIRECTION('',(-5.9433780761518E-16,1.,0.));
#10777=DIRECTION('',(-1.,-5.9433780761518E-16,0.));
#10778=DIRECTION('',(1.,5.9433780761518E-16,0.));
#10779=DIRECTION('',(0.,0.,1.));
#10780=DIRECTION('',(0.,0.,-1.));
#10781=DIRECTION('',(-5.9433780761518E-16,1.,0.));
#10782=DIRECTION('',(-1.,-5.9433780761518E-16,0.));
#10783=DIRECTION('',(0.,0.,-1.));
#10784=DIRECTION('',(1.,5.9433780761518E-16,0.));
#10785=DIRECTION('',(0.,0.,1.));
#10786=DIRECTION('',(-6.24855604564025E-32,1.05134756119806E-16,-1.));
#10787=DIRECTION('',(0.,1.,1.05134756119806E-16));
#10788=DIRECTION('',(0.707106781186562,0.707106781186533,7.43414989907075E-17));
#10789=DIRECTION('',(0.707106781186548,-0.707106781186548,-7.43414989907091E-17));
#10790=DIRECTION('',(0.707106781186548,0.707106781186548,7.4341498990709E-17));
#10791=DIRECTION('',(0.707106781186546,-0.707106781186549,-7.43414989907092E-17));
#10792=DIRECTION('',(-1.87740635928226E-16,0.,1.));
#10793=DIRECTION('',(1.,0.,1.87740635928226E-16));
#10794=DIRECTION('',(-0.70710678118655,-0.707106781186545,-1.32752676769124E-16));
#10795=DIRECTION('',(0.,-1.,0.));
#10796=DIRECTION('',(-1.,0.,-1.87740635928226E-16));
#10797=DIRECTION('',(0.,-1.,0.));
#10798=DIRECTION('',(0.70710678118655,-0.707106781186545,1.32752676769124E-16));
#10799=DIRECTION('',(1.,0.,0.));
#10800=DIRECTION('',(0.,0.,-1.));
#10801=DIRECTION('',(0.,-1.,0.));
#10802=DIRECTION('',(0.,0.,1.));
#10803=DIRECTION('',(0.,0.,-1.));
#10804=DIRECTION('',(1.,0.,0.));
#10805=DIRECTION('',(0.,0.,-1.));
#10806=DIRECTION('',(0.,0.,-1.));
#10807=DIRECTION('',(0.,-1.,0.));
#10808=DIRECTION('',(0.,0.,1.));
#10809=DIRECTION('',(-1.87740635928226E-16,0.,1.));
#10810=DIRECTION('',(1.,0.,1.87740635928226E-16));
#10811=DIRECTION('',(-0.70710678118655,0.707106781186545,-1.32752676769124E-16));
#10812=DIRECTION('',(1.,0.,1.87740635928226E-16));
#10813=DIRECTION('',(0.70710678118655,0.707106781186545,1.32752676769124E-16));
#10814=DIRECTION('',(0.,0.,-1.));
#10815=DIRECTION('',(-1.,0.,0.));
#10816=DIRECTION('',(0.70710678118655,-0.707106781186545,0.));
#10817=DIRECTION('',(0.,-1.,0.));
#10818=DIRECTION('',(1.,0.,0.));
#10819=DIRECTION('',(0.,-1.,0.));
#10820=DIRECTION('',(-0.70710678118655,-0.707106781186545,0.));
#10821=DIRECTION('',(-1.,0.,0.));
#10822=DIRECTION('',(0.,0.,1.));
#10823=DIRECTION('',(0.,0.,1.));
#10824=DIRECTION('',(0.,-1.,0.));
#10825=DIRECTION('',(0.,0.,-1.));
#10826=DIRECTION('',(-1.,0.,0.));
#10827=DIRECTION('',(0.,0.,1.));
#10828=DIRECTION('',(0.,-1.,0.));
#10829=DIRECTION('',(0.,0.,-1.));
#10830=DIRECTION('',(0.,0.,1.));
#10831=DIRECTION('',(0.,0.,-1.));
#10832=DIRECTION('',(-1.,0.,0.));
#10833=DIRECTION('',(0.70710678118655,0.707106781186545,0.));
#10834=DIRECTION('',(-1.,0.,0.));
#10835=DIRECTION('',(-0.70710678118655,0.707106781186545,0.));
#10836=DIRECTION('',(0.,0.,-1.));
#10837=DIRECTION('',(-1.,0.,0.));
#10838=DIRECTION('',(0.707106781186553,-0.707106781186543,0.));
#10839=DIRECTION('',(0.,-1.,0.));
#10840=DIRECTION('',(1.,0.,0.));
#10841=DIRECTION('',(0.,-1.,0.));
#10842=DIRECTION('',(-0.707106781186552,-0.707106781186543,0.));
#10843=DIRECTION('',(-1.,0.,-5.28879108529514E-17));
#10844=DIRECTION('',(-5.28879108529514E-17,0.,1.));
#10845=DIRECTION('',(0.,-1.,0.));
#10846=DIRECTION('',(5.28879108529514E-17,0.,-1.));
#10847=DIRECTION('',(-5.28879108529514E-17,0.,1.));
#10848=DIRECTION('',(-1.,0.,0.));
#10849=DIRECTION('',(0.,0.,1.));
#10850=DIRECTION('',(0.,0.,1.));
#10851=DIRECTION('',(0.,-1.,0.));
#10852=DIRECTION('',(0.,0.,-1.));
#10853=DIRECTION('',(0.,0.,-1.));
#10854=DIRECTION('',(-1.,0.,0.));
#10855=DIRECTION('',(0.707106781186552,0.707106781186543,0.));
#10856=DIRECTION('',(-1.,0.,0.));
#10857=DIRECTION('',(-0.707106781186553,0.707106781186543,0.));
#10858=DIRECTION('',(0.,-1.,0.));
#10859=DIRECTION('',(0.,0.,-1.));
#10860=DIRECTION('',(0.,1.,0.));
#10861=DIRECTION('',(0.,0.,1.));
#10862=DIRECTION('',(0.,-1.,0.));
#10863=DIRECTION('',(0.,0.,-1.));
#10864=DIRECTION('',(0.707106781186547,0.707106781186548,3.73974004069115E-17));
#10865=DIRECTION('',(5.28879108529514E-17,0.,-1.));
#10866=DIRECTION('',(0.577350269189626,-0.577350269189625,-0.577350269189626));
#10867=DIRECTION('',(-0.577350269189626,0.577350269189626,-0.577350269189626));
#10868=DIRECTION('',(0.,0.707106781186548,0.707106781186548));
#10869=DIRECTION('',(1.,0.,0.));
#10870=DIRECTION('',(-0.577350269189626,-0.577350269189626,0.577350269189626));
#10871=DIRECTION('',(0.,-0.707106781186548,0.707106781186547));
#10872=DIRECTION('',(-1.,0.,0.));
#10873=DIRECTION('',(-0.577350269189626,-0.577350269189625,-0.577350269189626));
#10874=DIRECTION('',(0.707106781186547,-0.707106781186548,0.));
#10875=DIRECTION('',(0.,0.,1.));
#10876=DIRECTION('',(0.,-0.707106781186548,0.707106781186548));
#10877=DIRECTION('',(-1.,0.,0.));
#10878=DIRECTION('',(-0.577350269189626,0.577350269189626,0.577350269189626));
#10879=DIRECTION('',(-0.577350269189626,-0.577350269189626,-0.577350269189626));
#10880=DIRECTION('',(0.707106781186548,-0.707106781186548,0.));
#10881=DIRECTION('',(0.,0.,1.));
#10882=DIRECTION('',(0.577350269189626,0.577350269189626,-0.577350269189626));
#10883=DIRECTION('',(0.707106781186548,0.707106781186548,0.));
#10884=DIRECTION('',(0.,0.,-1.));
#10885=DIRECTION('',(-0.577350269189626,0.577350269189626,-0.577350269189626));
#10886=DIRECTION('',(0.,0.707106781186548,0.707106781186548));
#10887=DIRECTION('',(1.,0.,0.));
#10888=DIRECTION('',(-0.707106781186547,-0.707106781186549,0.));
#10889=DIRECTION('',(0.,0.,-1.));
#10890=DIRECTION('',(-0.577350269189626,0.577350269189625,-0.577350269189626));
#10891=DIRECTION('',(0.577350269189626,-0.577350269189625,-0.577350269189626));
#10892=DIRECTION('',(1.32752676769123E-16,0.707106781186548,-0.707106781186547));
#10893=DIRECTION('',(-1.,0.,-1.87740635928226E-16));
#10894=DIRECTION('',(-0.577350269189626,-0.577350269189625,-0.577350269189626));
#10895=DIRECTION('',(1.32752676769123E-16,-0.707106781186548,-0.707106781186547));
#10896=DIRECTION('',(1.,0.,1.87740635928226E-16));
#10897=DIRECTION('',(-0.577350269189626,-0.577350269189625,0.577350269189626));
#10898=DIRECTION('',(-0.707106781186547,0.707106781186549,0.));
#10899=DIRECTION('',(0.,0.,1.));
#10900=DIRECTION('',(0.,0.,1.));
#10901=DIRECTION('',(1.,0.,0.));
#10902=DIRECTION('',(0.,1.,0.));
#10903=DIRECTION('',(-1.,0.,0.));
#10904=DIRECTION('',(0.,1.,0.));
#10905=DIRECTION('',(-1.,0.,0.));
#10906=DIRECTION('',(1.,0.,-3.66168543741807E-16));
#10907=DIRECTION('',(-3.66168543741807E-16,0.,-1.));
#10908=DIRECTION('',(0.,1.,0.));
#10909=DIRECTION('',(3.66168543741807E-16,0.,1.));
#10910=DIRECTION('',(0.,1.,0.));
#10911=DIRECTION('',(-3.66168543741807E-16,0.,-1.));
#10912=DIRECTION('',(0.,0.,-1.));
#10913=DIRECTION('',(1.,0.,-3.66168543741806E-16));
#10914=DIRECTION('',(-3.66168543741806E-16,0.,-1.));
#10915=DIRECTION('',(0.,1.,0.));
#10916=DIRECTION('',(-3.66168543741806E-16,0.,-1.));
#10917=DIRECTION('',(0.,1.,0.));
#10918=DIRECTION('',(0.,0.,-1.));
#10919=DIRECTION('',(3.66168543741806E-16,0.,1.));
#10920=DIRECTION('',(1.,0.,0.));
#10921=DIRECTION('',(0.,0.,-1.));
#10922=DIRECTION('',(0.,1.,0.));
#10923=DIRECTION('',(0.,1.,0.));
#10924=DIRECTION('',(0.,0.,-1.));
#10925=DIRECTION('',(3.41817433690013E-16,0.,1.));
#10926=DIRECTION('',(1.,0.,-3.41817433690013E-16));
#10927=DIRECTION('',(1.,0.,-3.41817433690013E-16));
#10928=DIRECTION('',(0.707106781186547,0.707106781186548,-2.4170142528999E-16));
#10929=DIRECTION('',(0.,1.,0.));
#10930=DIRECTION('',(1.,0.,-3.41817433690013E-16));
#10931=DIRECTION('',(-0.707106781186548,-0.707106781186547,2.41701425289991E-16));
#10932=DIRECTION('',(1.,0.,-5.78241158658931E-16));
#10933=DIRECTION('',(-5.78241158658931E-16,0.,-1.));
#10934=DIRECTION('',(-5.78241158658931E-16,0.,-1.));
#10935=DIRECTION('',(0.,1.,0.));
#10936=DIRECTION('',(-5.78241158658931E-16,0.,-1.));
#10937=DIRECTION('',(2.39272203583008E-16,0.,1.));
#10938=DIRECTION('',(1.,0.,-2.39272203583008E-16));
#10939=DIRECTION('',(1.,0.,-2.39272203583008E-16));
#10940=DIRECTION('',(0.707106781186547,-0.707106781186548,-1.69190997702993E-16));
#10941=DIRECTION('',(0.,1.,0.));
#10942=DIRECTION('',(1.,0.,-2.39272203583008E-16));
#10943=DIRECTION('',(-0.707106781186547,-0.707106781186548,1.69190997702993E-16));
#10944=DIRECTION('',(1.,0.,-5.78241158658931E-16));
#10945=DIRECTION('',(-5.78241158658931E-16,0.,-1.));
#10946=DIRECTION('',(5.78241158658931E-16,0.,1.));
#10947=DIRECTION('',(0.,1.,0.));
#10948=DIRECTION('',(-5.78241158658931E-16,0.,-1.));
#10949=DIRECTION('',(3.41817433690011E-16,0.,1.));
#10950=DIRECTION('',(1.,0.,-3.41817433690011E-16));
#10951=DIRECTION('',(-0.707106781186547,0.707106781186548,2.41701425289989E-16));
#10952=DIRECTION('',(1.,0.,-3.41817433690011E-16));
#10953=DIRECTION('',(0.,1.,0.));
#10954=DIRECTION('',(0.707106781186547,-0.707106781186548,-2.4170142528999E-16));
#10955=DIRECTION('',(1.,0.,-3.41817433690011E-16));
#10956=DIRECTION('',(1.,0.,0.));
#10957=DIRECTION('',(0.,0.,-1.));
#10958=DIRECTION('',(0.,0.,-1.));
#10959=DIRECTION('',(0.,1.,0.));
#10960=DIRECTION('',(0.,1.,0.));
#10961=DIRECTION('',(0.,0.,1.));
#10962=DIRECTION('',(0.,1.,0.));
#10963=DIRECTION('',(0.,0.,1.));
#10964=DIRECTION('',(0.,1.,0.));
#10965=DIRECTION('',(0.,0.,1.));
#10966=DIRECTION('',(0.,1.,0.));
#10967=DIRECTION('',(0.,0.,1.));
#10968=DIRECTION('',(9.969675149292E-17,0.,1.));
#10969=DIRECTION('',(1.,0.,-9.969675149292E-17));
#10970=DIRECTION('',(1.,0.,-9.969675149292E-17));
#10971=DIRECTION('',(0.,1.,0.));
#10972=DIRECTION('',(-1.,0.,0.));
#10973=DIRECTION('',(5.78241158658931E-16,0.,1.));
#10974=DIRECTION('',(-5.78241158658931E-16,0.,-1.));
#10975=DIRECTION('',(-1.,0.,0.));
#10976=DIRECTION('',(0.,0.,1.));
#10977=DIRECTION('',(0.,1.,0.));
#10978=DIRECTION('',(0.,0.707106781186547,-0.707106781186548));
#10979=DIRECTION('',(0.,0.,1.));
#10980=DIRECTION('',(0.,1.,0.));
#10981=DIRECTION('',(0.,0.,1.));
#10982=DIRECTION('',(1.,0.,0.));
#10983=DIRECTION('',(1.,0.,0.));
#10984=DIRECTION('',(0.707106781186547,0.707106781186548,0.));
#10985=DIRECTION('',(0.,1.,0.));
#10986=DIRECTION('',(1.,0.,0.));
#10987=DIRECTION('',(0.,0.,-1.));
#10988=DIRECTION('',(0.,0.,-1.));
#10989=DIRECTION('',(0.,1.,0.));
#10990=DIRECTION('',(0.,0.,-1.));
#10991=DIRECTION('',(-1.,0.,0.));
#10992=DIRECTION('',(-1.,0.,0.));
#10993=DIRECTION('',(0.707106781186547,-0.707106781186548,0.));
#10994=DIRECTION('',(0.,1.,0.));
#10995=DIRECTION('',(-0.707106781186547,-0.707106781186548,0.));
#10996=DIRECTION('',(1.,0.,0.));
#10997=DIRECTION('',(0.,0.,-1.));
#10998=DIRECTION('',(0.,0.,1.));
#10999=DIRECTION('',(0.,1.,0.));
#11000=DIRECTION('',(0.,0.,1.));
#11001=DIRECTION('',(1.,0.,0.));
#11002=DIRECTION('',(-0.707106781186547,0.707106781186548,0.));
#11003=DIRECTION('',(1.,0.,0.));
#11004=DIRECTION('',(0.,1.,0.));
#11005=DIRECTION('',(0.,1.,0.));
#11006=DIRECTION('',(0.,0.,1.));
#11007=DIRECTION('',(0.,1.,0.));
#11008=DIRECTION('',(0.,0.,1.));
#11009=DIRECTION('',(-1.,0.,0.));
#11010=DIRECTION('',(0.,0.,1.));
#11011=DIRECTION('',(0.,0.,1.));
#11012=DIRECTION('',(0.,-0.707106781186547,0.707106781186548));
#11013=DIRECTION('',(0.,1.,0.));
#11014=DIRECTION('',(0.,1.,0.));
#11015=DIRECTION('',(0.,0.,1.));
#11016=DIRECTION('',(0.,1.,0.));
#11017=DIRECTION('',(0.,0.,1.));
#11018=DIRECTION('',(0.,1.,0.));
#11019=DIRECTION('',(-1.,0.,0.));
#11020=DIRECTION('',(1.,0.,-5.9818050895752E-16));
#11021=DIRECTION('',(0.,0.,-1.));
#11022=DIRECTION('',(0.,0.,1.));
#11023=DIRECTION('',(0.,1.,0.));
#11024=DIRECTION('',(-1.,0.,0.));
#11025=DIRECTION('',(0.,1.,0.));
#11026=DIRECTION('',(0.,0.,1.));
#11027=DIRECTION('',(0.,-1.,0.));
#11028=DIRECTION('',(0.,0.,-1.));
#11029=DIRECTION('',(0.,1.,0.));
#11030=DIRECTION('',(0.,0.,1.));
#11031=DIRECTION('',(0.,1.,0.));
#11032=DIRECTION('',(-1.,0.,0.));
#11033=DIRECTION('',(0.,1.,0.));
#11034=DIRECTION('',(0.,0.,1.));
#11035=DIRECTION('',(0.,-1.,0.));
#11036=DIRECTION('',(0.,0.,-1.));
#11037=DIRECTION('',(0.,1.,0.));
#11038=DIRECTION('',(0.,0.,1.));
#11039=DIRECTION('',(0.,1.,0.));
#11040=DIRECTION('',(-1.,0.,0.));
#11041=DIRECTION('',(0.,1.,0.));
#11042=DIRECTION('',(0.,0.,1.));
#11043=DIRECTION('',(0.,-1.,0.));
#11044=DIRECTION('',(0.,0.,-1.));
#11045=DIRECTION('',(0.,1.,0.));
#11046=DIRECTION('',(0.,0.,1.));
#11047=DIRECTION('',(0.,1.,0.));
#11048=DIRECTION('',(-1.,0.,0.));
#11049=DIRECTION('',(0.,1.,0.));
#11050=DIRECTION('',(0.,0.,1.));
#11051=DIRECTION('',(0.,-1.,0.));
#11052=DIRECTION('',(0.,0.,-1.));
#11053=DIRECTION('',(0.,1.,0.));
#11054=DIRECTION('',(0.,0.,1.));
#11055=DIRECTION('',(0.,1.,0.));
#11056=DIRECTION('',(-1.,0.,0.));
#11057=DIRECTION('',(5.9818050895752E-16,0.,1.));
#11058=DIRECTION('',(1.,0.,-5.9818050895752E-16));
#11059=DIRECTION('',(-1.,0.,5.9818050895752E-16));
#11060=DIRECTION('',(0.707106781186548,0.707106781186547,-4.22977494257483E-16));
#11061=DIRECTION('',(-0.707106781186547,0.707106781186548,4.22977494257483E-16));
#11062=DIRECTION('',(0.707106781186548,0.707106781186547,-4.22977494257483E-16));
#11063=DIRECTION('',(-0.707106781186547,0.707106781186548,4.22977494257483E-16));
#11064=DIRECTION('',(0.,0.,-1.));
#11065=DIRECTION('',(-1.,0.,0.));
#11066=DIRECTION('',(-1.,1.48584451903795E-16,0.));
#11067=DIRECTION('',(1.48584451903795E-16,1.,0.));
#11068=DIRECTION('',(-1.,1.48584451903795E-16,0.));
#11069=DIRECTION('',(0.707106781186548,0.707106781186548,0.));
#11070=DIRECTION('',(0.707106781186548,-0.707106781186548,0.));
#11071=DIRECTION('',(1.48584451903795E-16,1.,0.));
#11072=DIRECTION('',(-1.,1.48584451903795E-16,0.));
#11073=DIRECTION('',(0.,0.,1.));
#11074=DIRECTION('',(0.707106781186549,-1.0506507352006E-16,-0.707106781186546));
#11075=DIRECTION('',(0.,0.,-1.));
#11076=DIRECTION('',(0.707106781186548,-1.0506507352006E-16,0.707106781186547));
#11077=DIRECTION('',(-1.,1.48584451903795E-16,0.));
#11078=DIRECTION('',(0.,0.,-1.));
#11079=DIRECTION('',(0.,0.,-1.));
#11080=DIRECTION('',(-1.,0.,0.));
#11081=DIRECTION('',(-1.48584451903795E-16,-1.,0.));
#11082=DIRECTION('',(-1.,1.48584451903795E-16,0.));
#11083=DIRECTION('',(-1.48584451903795E-16,-1.,0.));
#11084=DIRECTION('',(1.48584451903795E-16,1.,0.));
#11085=DIRECTION('',(-1.,1.48584451903795E-16,0.));
#11086=DIRECTION('',(0.,0.,-1.));
#11087=DIRECTION('',(0.,0.,-1.));
#11088=DIRECTION('',(-0.707106781186548,1.0506507352006E-16,-0.707106781186547));
#11089=DIRECTION('',(0.,0.,1.));
#11090=DIRECTION('',(-0.707106781186549,1.0506507352006E-16,0.707106781186546));
#11091=DIRECTION('',(-1.,1.48584451903795E-16,0.));
#11092=DIRECTION('',(-1.48584451903795E-16,-1.,0.));
#11093=DIRECTION('',(-1.,1.48584451903795E-16,0.));
#11094=DIRECTION('',(-1.48584451903795E-16,-1.,0.));
#11095=DIRECTION('',(1.,0.,0.));
#11096=DIRECTION('',(0.,0.,-1.));
#11097=DIRECTION('',(-1.,0.,0.));
#11098=DIRECTION('',(0.,0.,1.));
#11099=DIRECTION('',(1.,0.,0.));
#11100=DIRECTION('',(0.,0.,-1.));
#11101=DIRECTION('',(-0.707106781186548,-0.707106781186548,0.));
#11102=DIRECTION('',(0.,0.,1.));
#11103=DIRECTION('',(0.707106781186548,-0.707106781186548,0.));
#11104=DIRECTION('',(0.,0.,-1.));
#11105=DIRECTION('',(-1.,0.,0.));
#11106=DIRECTION('',(0.,0.,1.));
#11107=DIRECTION('',(0.707106781186548,-0.707106781186548,0.));
#11108=DIRECTION('',(0.,0.,-1.));
#11109=DIRECTION('',(0.577350269189626,0.577350269189626,-0.577350269189624));
#11110=DIRECTION('',(0.577350269189626,0.577350269189626,0.577350269189625));
#11111=DIRECTION('',(-0.707106781186547,-0.707106781186548,0.));
#11112=DIRECTION('',(0.,0.,1.));
#11113=DIRECTION('',(0.577350269189627,-0.577350269189625,-0.577350269189625));
#11114=DIRECTION('',(0.577350269189627,-0.577350269189625,0.577350269189626));
#11115=DIRECTION('',(-0.707106781186547,1.0506507352006E-16,0.707106781186548));
#11116=DIRECTION('',(1.48584451903795E-16,1.,0.));
#11117=DIRECTION('',(0.707106781186546,-1.0506507352006E-16,0.707106781186549));
#11118=DIRECTION('',(-1.48584451903795E-16,-1.,0.));
#11119=DIRECTION('',(0.707106781186543,-0.707106781186552,0.));
#11120=DIRECTION('',(0.,0.,-1.));
#11121=DIRECTION('',(-0.707106781186552,-0.707106781186544,6.70735898414531E-16));
#11122=DIRECTION('',(0.577350269189623,-0.57735026918963,-0.577350269189625));
#11123=DIRECTION('',(0.,0.707106781186544,-0.707106781186551));
#11124=DIRECTION('',(-0.707106781186548,1.53837014910684E-15,-0.707106781186547));
#11125=DIRECTION('',(6.53807313370415E-15,0.707106781186548,-0.707106781186548));
#11126=DIRECTION('',(0.707106781186548,0.707106781186547,0.));
#11127=DIRECTION('',(0.,0.,1.));
#11128=DIRECTION('',(0.707106781186547,-0.707106781186548,-1.83708663656829E-16));
#11129=DIRECTION('',(0.,-0.707106781186548,-0.707106781186548));
#11130=DIRECTION('',(-1.,0.,0.));
#11131=DIRECTION('',(0.,-0.707106781186548,0.707106781186548));
#11132=DIRECTION('',(-0.707106781186547,-4.2026029408024E-16,0.707106781186548));
#11133=DIRECTION('',(5.9433780761518E-16,-1.,0.));
#11134=DIRECTION('',(0.707106781186548,0.,0.707106781186547));
#11135=DIRECTION('',(-0.707106781186551,-0.707106781186544,0.));
#11136=DIRECTION('',(0.,0.,1.));
#11137=DIRECTION('',(-0.707106781186544,0.707106781186551,8.54444562071354E-16));
#11138=DIRECTION('',(-0.577350269189627,-0.577350269189625,-0.577350269189625));
#11139=DIRECTION('',(-0.707106781186547,0.,0.707106781186548));
#11140=DIRECTION('',(0.707106781186548,-1.79905897644876E-15,-0.707106781186548));
#11141=DIRECTION('',(0.577350269189627,0.577350269189623,-0.577350269189628));
#11142=DIRECTION('',(-0.707106781186548,0.,-0.707106781186547));
#11143=DIRECTION('',(-6.51031755808847E-15,-0.707106781186548,-0.707106781186548));
#11144=DIRECTION('',(-0.707106781186548,1.0506507352006E-16,-0.707106781186548));
#11145=DIRECTION('',(1.48584451903795E-16,1.,0.));
#11146=DIRECTION('',(-0.707106781186548,0.,0.707106781186548));
#11147=DIRECTION('',(0.,-0.707106781186548,0.707106781186548));
#11148=DIRECTION('',(1.,0.,0.));
#11149=DIRECTION('',(0.,0.707106781186548,0.707106781186548));
#11150=DIRECTION('',(-0.577350269189626,0.577350269189626,-0.577350269189626));
#11151=DIRECTION('',(-0.707106781186548,0.,0.707106781186548));
#11152=DIRECTION('',(0.707106781186548,0.707106781186548,0.));
#11153=DIRECTION('',(-0.707106781186548,0.707106781186548,0.));
#11154=DIRECTION('',(0.,0.,-1.));
#11155=DIRECTION('',(-1.,1.48584451903795E-16,0.));
#11156=DIRECTION('',(-1.48584451903795E-16,-1.,0.));
#11157=DIRECTION('',(-1.,1.48584451903795E-16,0.));
#11158=DIRECTION('',(-1.48584451903795E-16,-1.,0.));
#11159=DIRECTION('',(0.,0.,-1.));
#11160=DIRECTION('',(-8.57852733040497E-17,-0.57735026918963,-0.816496580927723));
#11161=DIRECTION('',(-1.48584451903795E-16,-1.,1.48584451903795E-16));
#11162=DIRECTION('',(8.57852733040489E-17,0.577350269189624,-0.816496580927727));
#11163=DIRECTION('',(0.,0.,-1.));
#11164=DIRECTION('',(8.57852733040494E-17,0.577350269189628,0.816496580927725));
#11165=DIRECTION('',(-1.48584451903795E-16,-1.,-1.48584451903795E-16));
#11166=DIRECTION('',(-8.5785273304049E-17,-0.577350269189625,0.816496580927727));
#11167=DIRECTION('',(1.48584451903795E-16,1.,0.));
#11168=DIRECTION('',(-1.,1.48584451903795E-16,0.));
#11169=DIRECTION('',(0.,0.,-1.));
#11170=DIRECTION('',(-0.707106781186548,1.0506507352006E-16,-0.707106781186548));
#11171=DIRECTION('',(0.707106781186548,-1.0506507352006E-16,-0.707106781186548));
#11172=DIRECTION('',(1.48584451903795E-16,1.,0.));
#11173=DIRECTION('',(-1.,1.48584451903795E-16,0.));
#11174=DIRECTION('',(-0.707106781186548,1.0506507352006E-16,-0.707106781186548));
#11175=DIRECTION('',(0.,0.,-1.));
#11176=DIRECTION('',(-0.707106781186548,1.0506507352006E-16,0.707106781186548));
#11177=DIRECTION('',(-1.,1.48584451903795E-16,0.));
#11178=DIRECTION('',(-1.48584451903795E-16,-1.,0.));
#11179=DIRECTION('',(-1.48584451903795E-16,-1.,0.));
#11180=DIRECTION('',(0.,0.,1.));
#11181=DIRECTION('',(-1.48584451903795E-16,-1.,0.));
#11182=DIRECTION('',(1.48584451903795E-16,1.,0.));
#11183=DIRECTION('',(-1.,1.48584451903795E-16,0.));
#11184=DIRECTION('',(0.707106781186548,-1.0506507352006E-16,0.707106781186548));
#11185=DIRECTION('',(0.,0.,1.));
#11186=DIRECTION('',(-0.707106781186548,1.0506507352006E-16,0.707106781186548));
#11187=DIRECTION('',(1.48584451903795E-16,1.,0.));
#11188=DIRECTION('',(-1.,1.48584451903795E-16,0.));
#11189=DIRECTION('',(0.,0.,-1.));
#11190=DIRECTION('',(0.707106781186548,-1.0506507352006E-16,0.707106781186548));
#11191=DIRECTION('',(0.707106781186548,-1.0506507352006E-16,-0.707106781186548));
#11192=DIRECTION('',(-1.,1.48584451903795E-16,0.));
#11193=DIRECTION('',(-1.48584451903795E-16,-1.,0.));
#11194=DIRECTION('',(-1.48584451903795E-16,-1.,0.));
#11195=DIRECTION('',(0.,0.,-1.));
#11196=DIRECTION('',(-1.48584451903795E-16,-1.,0.));
#11197=DIRECTION('',(-1.,1.48584451903795E-16,0.));
#11198=DIRECTION('',(-1.48584451903795E-16,-1.,0.));
#11199=DIRECTION('',(-1.,0.,0.));
#11200=DIRECTION('',(0.,0.,1.));
#11201=DIRECTION('',(-1.,1.48584451903795E-16,0.));
#11202=DIRECTION('',(-1.48584451903795E-16,-1.,0.));
#11203=DIRECTION('',(-1.,1.48584451903795E-16,0.));
#11204=DIRECTION('',(-1.48584451903795E-16,-1.,0.));
#11205=DIRECTION('',(0.707106781186548,0.,-0.707106781186548));
#11206=DIRECTION('',(0.,-1.,0.));
#11207=DIRECTION('',(-0.707106781186548,1.0506507352006E-16,-0.707106781186548));
#11208=DIRECTION('',(0.707106781186548,-1.0506507352006E-16,0.707106781186548));
#11209=DIRECTION('',(-0.707106781186548,0.,-0.707106781186548));
#11210=DIRECTION('',(0.,1.,0.));
#11211=DIRECTION('',(-0.707106781186548,1.0506507352006E-16,0.707106781186548));
#11212=DIRECTION('',(0.707106781186548,-1.0506507352006E-16,-0.707106781186548));
#11213=DIRECTION('',(0.707106781186547,-0.707106781186548,-2.58920260337034E-16));
#11214=DIRECTION('',(-3.66168543741806E-16,0.,-1.));
#11215=DIRECTION('',(0.707106781186548,0.707106781186547,-2.58920260337035E-16));
#11216=DIRECTION('',(3.66168543741807E-16,0.,1.));
#11217=DIRECTION('',(4.22977494257482E-16,0.707106781186548,0.707106781186547));
#11218=DIRECTION('',(1.,0.,-5.9818050895752E-16));
#11219=DIRECTION('',(0.,1.,0.));
#11220=DIRECTION('',(0.,0.,1.));
#11221=DIRECTION('',(0.,1.,0.));
#11222=DIRECTION('',(0.,0.,1.));
#11223=DIRECTION('',(0.,1.,0.));
#11224=DIRECTION('',(0.,0.,1.));
#11225=DIRECTION('',(0.,1.,0.));
#11226=DIRECTION('',(0.,0.,1.));
#11227=DIRECTION('',(0.707106781186548,-0.707106781186547,-4.08878244448897E-16));
#11228=DIRECTION('',(5.78241158658931E-16,0.,1.));
#11229=DIRECTION('',(0.707106781186548,0.707106781186547,-4.08878244448897E-16));
#11230=DIRECTION('',(-5.78241158658931E-16,0.,-1.));
#11231=DIRECTION('',(0.707106781186548,-0.707106781186547,0.));
#11232=DIRECTION('',(0.,0.,1.));
#11233=DIRECTION('',(0.707106781186548,0.707106781186547,0.));
#11234=DIRECTION('',(0.,0.,-1.));
#11235=DIRECTION('',(0.707106781186548,0.707106781186547,-2.58920260337035E-16));
#11236=DIRECTION('',(3.66168543741806E-16,0.,1.));
#11237=DIRECTION('',(-0.577350269189624,0.577350269189625,-0.577350269189629));
#11238=DIRECTION('',(0.,0.70710678118655,0.707106781186545));
#11239=DIRECTION('',(-1.,0.,0.));
#11240=DIRECTION('',(-0.577350269189625,-0.577350269189624,0.577350269189628));
#11241=DIRECTION('',(0.707106781186547,-0.707106781186548,-2.58920260337034E-16));
#11242=DIRECTION('',(-3.66168543741807E-16,0.,-1.));
#11243=DIRECTION('',(-0.965925826289069,0.,0.258819045102521));
#11244=DIRECTION('',(0.258819045102521,0.,0.965925826289069));
#11245=DIRECTION('',(0.,-1.,0.));
#11246=DIRECTION('',(-0.258819045102521,0.,-0.965925826289069));
#11247=DIRECTION('',(0.,-1.,0.));
#11248=DIRECTION('',(0.258819045102521,0.,0.965925826289069));
#11249=DIRECTION('',(-1.,0.,-7.33975648240126E-16));
#11250=DIRECTION('',(-7.33975648240126E-16,0.,1.));
#11251=DIRECTION('',(0.,-1.,0.));
#11252=DIRECTION('',(-7.33975648240126E-16,0.,1.));
#11253=DIRECTION('',(7.33975648240126E-16,0.,-1.));
#11254=DIRECTION('',(0.,0.,1.));
#11255=DIRECTION('',(1.,0.,0.));
#11256=DIRECTION('',(0.,-1.,0.));
#11257=DIRECTION('',(1.,0.,0.));
#11258=DIRECTION('',(-1.,0.,0.));
#11259=DIRECTION('',(-0.965925826289069,0.,0.25881904510252));
#11260=DIRECTION('',(0.25881904510252,0.,0.965925826289069));
#11261=DIRECTION('',(0.,-1.,0.));
#11262=DIRECTION('',(0.25881904510252,0.,0.965925826289069));
#11263=DIRECTION('',(0.,-1.,0.));
#11264=DIRECTION('',(-0.25881904510252,0.,-0.965925826289069));
#11265=DIRECTION('',(-0.965925826289069,0.,0.25881904510252));
#11266=DIRECTION('',(0.25881904510252,0.,0.965925826289069));
#11267=DIRECTION('',(0.,-1.,0.));
#11268=DIRECTION('',(-0.25881904510252,0.,-0.965925826289069));
#11269=DIRECTION('',(0.,-1.,0.));
#11270=DIRECTION('',(0.25881904510252,0.,0.965925826289069));
#11271=DIRECTION('',(-0.965925826289069,0.,0.25881904510252));
#11272=DIRECTION('',(0.25881904510252,0.,0.965925826289069));
#11273=DIRECTION('',(0.,-1.,0.));
#11274=DIRECTION('',(0.25881904510252,0.,0.965925826289069));
#11275=DIRECTION('',(0.,-1.,0.));
#11276=DIRECTION('',(-0.25881904510252,0.,-0.965925826289069));
#11277=DIRECTION('',(-0.965925826289069,0.,0.25881904510252));
#11278=DIRECTION('',(0.25881904510252,0.,0.965925826289069));
#11279=DIRECTION('',(0.,-1.,0.));
#11280=DIRECTION('',(-0.25881904510252,0.,-0.965925826289069));
#11281=DIRECTION('',(0.,-1.,0.));
#11282=DIRECTION('',(0.25881904510252,0.,0.965925826289069));
#11283=DIRECTION('',(-1.,0.,0.));
#11284=DIRECTION('',(0.,0.,1.));
#11285=DIRECTION('',(0.,-1.,0.));
#11286=DIRECTION('',(0.,0.,-1.));
#11287=DIRECTION('',(0.,-1.,0.));
#11288=DIRECTION('',(0.,0.,1.));
#11289=DIRECTION('',(-0.965925826289069,0.,0.258819045102521));
#11290=DIRECTION('',(0.258819045102521,0.,0.965925826289069));
#11291=DIRECTION('',(0.,-1.,0.));
#11292=DIRECTION('',(-0.258819045102521,0.,-0.965925826289069));
#11293=DIRECTION('',(0.258819045102521,0.,0.965925826289069));
#11294=DIRECTION('',(0.,0.,1.));
#11295=DIRECTION('',(1.,0.,0.));
#11296=DIRECTION('',(1.,0.,0.));
#11297=DIRECTION('',(0.,-1.,0.));
#11298=DIRECTION('',(-1.,0.,0.));
#11299=DIRECTION('',(-0.965925826289069,0.,0.25881904510252));
#11300=DIRECTION('',(0.25881904510252,0.,0.965925826289069));
#11301=DIRECTION('',(0.,-1.,0.));
#11302=DIRECTION('',(0.25881904510252,0.,0.965925826289069));
#11303=DIRECTION('',(0.,-1.,0.));
#11304=DIRECTION('',(-0.25881904510252,0.,-0.965925826289069));
#11305=DIRECTION('',(-0.965925826289069,0.,0.25881904510252));
#11306=DIRECTION('',(0.25881904510252,0.,0.965925826289069));
#11307=DIRECTION('',(0.,-1.,0.));
#11308=DIRECTION('',(-0.25881904510252,0.,-0.965925826289069));
#11309=DIRECTION('',(0.,-1.,0.));
#11310=DIRECTION('',(0.25881904510252,0.,0.965925826289069));
#11311=DIRECTION('',(-0.965925826289069,0.,0.25881904510252));
#11312=DIRECTION('',(0.25881904510252,0.,0.965925826289069));
#11313=DIRECTION('',(0.,-1.,0.));
#11314=DIRECTION('',(0.25881904510252,0.,0.965925826289069));
#11315=DIRECTION('',(0.,-1.,0.));
#11316=DIRECTION('',(-0.25881904510252,0.,-0.965925826289069));
#11317=DIRECTION('',(-0.965925826289069,0.,0.258819045102521));
#11318=DIRECTION('',(0.258819045102521,0.,0.965925826289069));
#11319=DIRECTION('',(0.,-1.,0.));
#11320=DIRECTION('',(-0.258819045102521,0.,-0.965925826289069));
#11321=DIRECTION('',(0.,-1.,0.));
#11322=DIRECTION('',(0.258819045102521,0.,0.965925826289069));
#11323=DIRECTION('',(-0.965925826289069,0.,0.25881904510252));
#11324=DIRECTION('',(0.25881904510252,0.,0.965925826289069));
#11325=DIRECTION('',(0.,-1.,0.));
#11326=DIRECTION('',(0.25881904510252,0.,0.965925826289069));
#11327=DIRECTION('',(0.,-1.,0.));
#11328=DIRECTION('',(-0.25881904510252,0.,-0.965925826289069));
#11329=DIRECTION('',(-0.965925826289069,0.,0.25881904510252));
#11330=DIRECTION('',(0.25881904510252,0.,0.965925826289069));
#11331=DIRECTION('',(0.,-1.,0.));
#11332=DIRECTION('',(-0.25881904510252,0.,-0.965925826289069));
#11333=DIRECTION('',(0.,-1.,0.));
#11334=DIRECTION('',(0.25881904510252,0.,0.965925826289069));
#11335=DIRECTION('',(-0.965925826289069,0.,0.25881904510252));
#11336=DIRECTION('',(0.25881904510252,0.,0.965925826289069));
#11337=DIRECTION('',(0.,-1.,0.));
#11338=DIRECTION('',(0.25881904510252,0.,0.965925826289069));
#11339=DIRECTION('',(0.,-1.,0.));
#11340=DIRECTION('',(-0.25881904510252,0.,-0.965925826289069));
#11341=DIRECTION('',(-0.965925826289069,0.,0.258819045102521));
#11342=DIRECTION('',(0.258819045102521,0.,0.965925826289069));
#11343=DIRECTION('',(0.,-1.,0.));
#11344=DIRECTION('',(0.258819045102521,0.,0.965925826289069));
#11345=DIRECTION('',(0.,-1.,0.));
#11346=DIRECTION('',(-0.258819045102521,0.,-0.965925826289069));
#11347=DIRECTION('',(-0.965925826289069,0.,0.25881904510252));
#11348=DIRECTION('',(0.25881904510252,0.,0.965925826289069));
#11349=DIRECTION('',(0.,-1.,0.));
#11350=DIRECTION('',(-0.25881904510252,0.,-0.965925826289069));
#11351=DIRECTION('',(0.,-1.,0.));
#11352=DIRECTION('',(0.25881904510252,0.,0.965925826289069));
#11353=DIRECTION('',(-0.965925826289069,0.,0.258819045102521));
#11354=DIRECTION('',(0.258819045102521,0.,0.965925826289069));
#11355=DIRECTION('',(0.,-1.,0.));
#11356=DIRECTION('',(-0.258819045102521,0.,-0.965925826289069));
#11357=DIRECTION('',(0.,-1.,0.));
#11358=DIRECTION('',(0.258819045102521,0.,0.965925826289069));
#11359=DIRECTION('',(-0.965925826289069,0.,0.25881904510252));
#11360=DIRECTION('',(0.25881904510252,0.,0.965925826289069));
#11361=DIRECTION('',(0.,-1.,0.));
#11362=DIRECTION('',(0.25881904510252,0.,0.965925826289069));
#11363=DIRECTION('',(0.,-1.,0.));
#11364=DIRECTION('',(-0.25881904510252,0.,-0.965925826289069));
#11365=DIRECTION('',(0.,0.,1.));
#11366=DIRECTION('',(1.,0.,0.));
#11367=DIRECTION('',(-1.,1.48584451903795E-16,0.));
#11368=DIRECTION('',(0.,1.,0.));
#11369=DIRECTION('',(-1.,1.48584451903795E-16,0.));
#11370=DIRECTION('',(-1.48584451903795E-16,-1.,0.));
#11371=DIRECTION('',(-1.43521559478882E-16,-0.965925826289069,-0.25881904510252));
#11372=DIRECTION('',(0.,0.25881904510252,-0.965925826289069));
#11373=DIRECTION('',(-1.,1.48584451903795E-16,0.));
#11374=DIRECTION('',(0.,-0.25881904510252,0.965925826289069));
#11375=DIRECTION('',(-1.,1.48584451903795E-16,0.));
#11376=DIRECTION('',(3.84564859588215E-17,0.25881904510252,-0.965925826289069));
#11377=DIRECTION('',(1.48584451903795E-16,1.,0.));
#11378=DIRECTION('',(-1.,1.48584451903795E-16,0.));
#11379=DIRECTION('',(0.,0.,-1.));
#11380=DIRECTION('',(0.,0.,1.));
#11381=DIRECTION('',(1.43521559478882E-16,0.965925826289068,0.25881904510252));
#11382=DIRECTION('',(0.,-0.25881904510252,0.965925826289069));
#11383=DIRECTION('',(-1.,1.48584451903795E-16,-5.95297751330272E-33));
#11384=DIRECTION('',(0.,0.25881904510252,-0.965925826289069));
#11385=DIRECTION('',(-1.,1.48584451903795E-16,-5.5542036339902E-33));
#11386=DIRECTION('',(-3.84564859588215E-17,-0.25881904510252,0.965925826289069));
#11387=DIRECTION('',(1.43521559478882E-16,0.965925826289068,0.25881904510252));
#11388=DIRECTION('',(0.,-0.258819045102521,0.965925826289069));
#11389=DIRECTION('',(-1.,1.48584451903795E-16,-5.95297751330272E-33));
#11390=DIRECTION('',(0.,-0.258819045102521,0.965925826289069));
#11391=DIRECTION('',(-1.,1.48584451903795E-16,-5.5542036339902E-33));
#11392=DIRECTION('',(3.84564859588215E-17,0.258819045102521,-0.965925826289069));
#11393=DIRECTION('',(1.43521559478882E-16,0.965925826289068,0.25881904510252));
#11394=DIRECTION('',(0.,-0.25881904510252,0.965925826289069));
#11395=DIRECTION('',(-1.,1.48584451903795E-16,-5.95297751330272E-33));
#11396=DIRECTION('',(0.,-0.25881904510252,0.965925826289069));
#11397=DIRECTION('',(-1.,1.48584451903795E-16,-5.5542036339902E-33));
#11398=DIRECTION('',(3.84564859588215E-17,0.25881904510252,-0.965925826289069));
#11399=DIRECTION('',(1.43521559478882E-16,0.965925826289068,0.25881904510252));
#11400=DIRECTION('',(0.,-0.25881904510252,0.965925826289069));
#11401=DIRECTION('',(-1.,1.48584451903795E-16,-5.95297751330272E-33));
#11402=DIRECTION('',(0.,0.25881904510252,-0.965925826289069));
#11403=DIRECTION('',(-1.,1.48584451903795E-16,-5.5542036339902E-33));
#11404=DIRECTION('',(-3.84564859588215E-17,-0.25881904510252,0.965925826289069));
#11405=DIRECTION('',(1.48584451903795E-16,1.,-3.54716800730662E-16));
#11406=DIRECTION('',(0.,3.54716800730662E-16,1.));
#11407=DIRECTION('',(1.,-1.48584451903795E-16,0.));
#11408=DIRECTION('',(0.,3.54716800730662E-16,1.));
#11409=DIRECTION('',(-1.,1.48584451903795E-16,0.));
#11410=DIRECTION('',(-5.2705401417633E-32,-3.54716800730662E-16,-1.));
#11411=DIRECTION('',(1.43521559478882E-16,0.965925826289068,0.25881904510252));
#11412=DIRECTION('',(0.,-0.25881904510252,0.965925826289069));
#11413=DIRECTION('',(0.,-0.25881904510252,0.965925826289069));
#11414=DIRECTION('',(-1.,1.48584451903795E-16,-5.5542036339902E-33));
#11415=DIRECTION('',(3.84564859588215E-17,0.25881904510252,-0.965925826289069));
#11416=DIRECTION('',(1.43521559478882E-16,0.965925826289068,0.25881904510252));
#11417=DIRECTION('',(0.,-0.25881904510252,0.965925826289069));
#11418=DIRECTION('',(-1.,1.48584451903795E-16,-5.95297751330272E-33));
#11419=DIRECTION('',(0.,0.25881904510252,-0.965925826289069));
#11420=DIRECTION('',(-1.,1.48584451903795E-16,-5.5542036339902E-33));
#11421=DIRECTION('',(-3.84564859588215E-17,-0.25881904510252,0.965925826289069));
#11422=DIRECTION('',(1.43521559478882E-16,0.965925826289068,0.25881904510252));
#11423=DIRECTION('',(0.,-0.258819045102521,0.965925826289069));
#11424=DIRECTION('',(-1.,1.48584451903795E-16,-5.95297751330272E-33));
#11425=DIRECTION('',(0.,-0.258819045102521,0.965925826289069));
#11426=DIRECTION('',(-1.,1.48584451903795E-16,-5.5542036339902E-33));
#11427=DIRECTION('',(3.84564859588215E-17,0.258819045102521,-0.965925826289069));
#11428=DIRECTION('',(1.43521559478882E-16,0.965925826289068,0.25881904510252));
#11429=DIRECTION('',(0.,-0.25881904510252,0.965925826289069));
#11430=DIRECTION('',(-1.,1.48584451903795E-16,-5.95297751330272E-33));
#11431=DIRECTION('',(0.,0.25881904510252,-0.965925826289069));
#11432=DIRECTION('',(-1.,1.48584451903795E-16,-5.5542036339902E-33));
#11433=DIRECTION('',(-3.84564859588215E-17,-0.25881904510252,0.965925826289069));
#11434=DIRECTION('',(1.43521559478882E-16,0.965925826289068,0.25881904510252));
#11435=DIRECTION('',(0.,-0.25881904510252,0.965925826289069));
#11436=DIRECTION('',(-1.,1.48584451903795E-16,-5.95297751330272E-33));
#11437=DIRECTION('',(0.,0.25881904510252,-0.965925826289069));
#11438=DIRECTION('',(-1.,1.48584451903795E-16,-5.5542036339902E-33));
#11439=DIRECTION('',(-3.84564859588215E-17,-0.25881904510252,0.965925826289069));
#11440=DIRECTION('',(1.43521559478882E-16,0.965925826289068,0.25881904510252));
#11441=DIRECTION('',(0.,-0.25881904510252,0.965925826289069));
#11442=DIRECTION('',(-1.,1.48584451903795E-16,3.85185988877445E-34));
#11443=DIRECTION('',(0.,-0.25881904510252,0.965925826289069));
#11444=DIRECTION('',(-1.,1.48584451903795E-16,-5.5542036339902E-33));
#11445=DIRECTION('',(3.84564859588215E-17,0.25881904510252,-0.965925826289069));
#11446=DIRECTION('',(1.43521559478882E-16,0.965925826289068,0.25881904510252));
#11447=DIRECTION('',(0.,-0.25881904510252,0.965925826289069));
#11448=DIRECTION('',(-1.,1.48584451903795E-16,-5.95297751330272E-33));
#11449=DIRECTION('',(0.,0.25881904510252,-0.965925826289069));
#11450=DIRECTION('',(-1.,1.48584451903795E-16,-5.5542036339902E-33));
#11451=DIRECTION('',(-3.84564859588215E-17,-0.25881904510252,0.965925826289069));
#11452=DIRECTION('',(1.43521559478882E-16,0.965925826289068,0.25881904510252));
#11453=DIRECTION('',(0.,-0.25881904510252,0.965925826289069));
#11454=DIRECTION('',(-1.,1.48584451903795E-16,-5.95297751330272E-33));
#11455=DIRECTION('',(0.,-0.25881904510252,0.965925826289069));
#11456=DIRECTION('',(-1.,1.48584451903795E-16,-5.5542036339902E-33));
#11457=DIRECTION('',(3.84564859588215E-17,0.25881904510252,-0.965925826289069));
#11458=DIRECTION('',(1.43521559478882E-16,0.965925826289069,0.25881904510252));
#11459=DIRECTION('',(0.,-0.25881904510252,0.965925826289069));
#11460=DIRECTION('',(-1.,1.48584451903795E-16,0.));
#11461=DIRECTION('',(0.,0.25881904510252,-0.965925826289069));
#11462=DIRECTION('',(-1.,1.48584451903795E-16,0.));
#11463=DIRECTION('',(-3.84564859588215E-17,-0.25881904510252,0.965925826289069));
#11464=DIRECTION('',(1.43521559478882E-16,0.965925826289068,0.25881904510252));
#11465=DIRECTION('',(0.,-0.258819045102521,0.965925826289069));
#11466=DIRECTION('',(-1.,1.48584451903795E-16,6.33816350218017E-33));
#11467=DIRECTION('',(0.,-0.258819045102521,0.965925826289069));
#11468=DIRECTION('',(-1.,1.48584451903795E-16,-5.5542036339902E-33));
#11469=DIRECTION('',(3.84564859588215E-17,0.258819045102521,-0.965925826289069));
#11470=DIRECTION('',(0.,1.,0.));
#11471=DIRECTION('',(0.,0.,1.));
#11472=DIRECTION('',(0.,-1.,0.));
#11473=DIRECTION('',(0.,0.,-1.));
#11474=DIRECTION('',(0.,1.,0.));
#11475=DIRECTION('',(0.,0.,1.));
#11476=DIRECTION('',(1.,-1.48584451903795E-16,0.));
#11477=DIRECTION('',(1.48584451903795E-16,1.,0.));
#11478=DIRECTION('',(1.,0.,0.));
#11479=DIRECTION('',(0.,0.,-1.));
#11480=DIRECTION('',(-1.,0.,0.));
#11481=DIRECTION('',(0.,0.,1.));
#11482=DIRECTION('',(0.,-1.,0.));
#11483=DIRECTION('',(0.,0.,-1.));
#11484=DIRECTION('',(0.,-1.,0.));
#11485=DIRECTION('',(0.,0.,-1.));
#11486=DIRECTION('',(0.,-1.,0.));
#11487=DIRECTION('',(0.,1.,0.));
#11488=DIRECTION('',(0.,0.,1.));
#11489=DIRECTION('',(0.,1.,0.));
#11490=DIRECTION('',(0.,0.,1.));
#11491=DIRECTION('',(0.,-1.,0.));
#11492=DIRECTION('',(0.,0.,-1.));
#11493=DIRECTION('',(0.,1.,0.));
#11494=DIRECTION('',(0.,0.,1.));
#11495=DIRECTION('',(0.,-1.,0.));
#11496=DIRECTION('',(0.,0.,-1.));
#11497=DIRECTION('',(0.,-1.,0.));
#11498=DIRECTION('',(0.,0.,-1.));
#11499=DIRECTION('',(0.,-1.,0.));
#11500=DIRECTION('',(0.,1.,0.));
#11501=DIRECTION('',(0.,0.,1.));
#11502=DIRECTION('',(0.,1.,0.));
#11503=DIRECTION('',(0.,0.,1.));
#11504=DIRECTION('',(0.,-1.,0.));
#11505=DIRECTION('',(0.,0.,-1.));
#11506=DIRECTION('',(0.,1.,0.));
#11507=DIRECTION('',(0.,0.,1.));
#11508=DIRECTION('',(0.,-1.,0.));
#11509=DIRECTION('',(0.,0.,-1.));
#11510=DIRECTION('',(0.,-1.,0.));
#11511=DIRECTION('',(0.,0.,-1.));
#11512=DIRECTION('',(0.,-1.,0.));
#11513=DIRECTION('',(0.,1.,0.));
#11514=DIRECTION('',(0.,0.,1.));
#11515=DIRECTION('',(0.,1.,0.));
#11516=DIRECTION('',(0.,0.,1.));
#11517=DIRECTION('',(0.,-1.,0.));
#11518=DIRECTION('',(0.,0.,-1.));
#11519=DIRECTION('',(0.,1.,0.));
#11520=DIRECTION('',(0.,0.,1.));
#11521=DIRECTION('',(0.,-1.,0.));
#11522=DIRECTION('',(0.,0.,-1.));
#11523=DIRECTION('',(0.,-1.,0.));
#11524=DIRECTION('',(0.,0.,-1.));
#11525=DIRECTION('',(0.,-1.,0.));
#11526=DIRECTION('',(0.,1.,0.));
#11527=DIRECTION('',(0.,0.,1.));
#11528=DIRECTION('',(0.,1.,0.));
#11529=DIRECTION('',(0.,0.,1.));
#11530=DIRECTION('',(0.,-1.,0.));
#11531=DIRECTION('',(0.,0.,-1.));
#11532=DIRECTION('',(0.,1.,0.));
#11533=DIRECTION('',(0.,0.,1.));
#11534=DIRECTION('',(0.,-1.,0.));
#11535=DIRECTION('',(0.,0.,-1.));
#11536=DIRECTION('',(0.,-1.,0.));
#11537=DIRECTION('',(0.,0.,-1.));
#11538=DIRECTION('',(0.,-1.,0.));
#11539=DIRECTION('',(0.,1.,0.));
#11540=DIRECTION('',(0.,0.,1.));
#11541=DIRECTION('',(0.,1.,0.));
#11542=DIRECTION('',(0.,0.,1.));
#11543=DIRECTION('',(0.,-1.,0.));
#11544=DIRECTION('',(0.,0.,-1.));
#11545=DIRECTION('',(0.,1.,0.));
#11546=DIRECTION('',(0.,0.,1.));
#11547=DIRECTION('',(0.,-1.,0.));
#11548=DIRECTION('',(0.,0.,-1.));
#11549=DIRECTION('',(0.,-1.,0.));
#11550=DIRECTION('',(0.,0.,-1.));
#11551=DIRECTION('',(0.,-1.,0.));
#11552=DIRECTION('',(0.,1.,0.));
#11553=DIRECTION('',(0.,0.,1.));
#11554=DIRECTION('',(0.,1.,0.));
#11555=DIRECTION('',(0.,0.,1.));
#11556=DIRECTION('',(0.,-1.,0.));
#11557=DIRECTION('',(0.,0.,-1.));
#11558=DIRECTION('',(0.,1.,0.));
#11559=DIRECTION('',(0.,0.,1.));
#11560=DIRECTION('',(0.,-1.,0.));
#11561=DIRECTION('',(0.,0.,-1.));
#11562=DIRECTION('',(0.,-1.,0.));
#11563=DIRECTION('',(0.,0.,-1.));
#11564=DIRECTION('',(0.,-1.,0.));
#11565=DIRECTION('',(0.,1.,0.));
#11566=DIRECTION('',(0.,0.,1.));
#11567=DIRECTION('',(0.,1.,0.));
#11568=DIRECTION('',(0.,0.,1.));
#11569=DIRECTION('',(0.,-1.,0.));
#11570=DIRECTION('',(0.,0.,-1.));
#11571=DIRECTION('',(0.,1.,0.));
#11572=DIRECTION('',(0.,0.,1.));
#11573=DIRECTION('',(0.,-1.,0.));
#11574=DIRECTION('',(0.,0.,-1.));
#11575=DIRECTION('',(0.,-1.,0.));
#11576=DIRECTION('',(0.,0.,-1.));
#11577=DIRECTION('',(0.,-1.,0.));
#11578=DIRECTION('',(0.,1.,0.));
#11579=DIRECTION('',(0.,0.,1.));
#11580=DIRECTION('',(0.,1.,0.));
#11581=DIRECTION('',(0.,0.,1.));
#11582=DIRECTION('',(0.,-1.,0.));
#11583=DIRECTION('',(0.,0.,-1.));
#11584=DIRECTION('',(0.,1.,0.));
#11585=DIRECTION('',(0.,0.,1.));
#11586=DIRECTION('',(0.,1.,0.));
#11587=DIRECTION('',(0.,0.,1.));
#11588=DIRECTION('',(0.,1.,0.));
#11589=DIRECTION('',(0.,-1.,0.));
#11590=DIRECTION('',(0.,0.,-1.));
#11591=DIRECTION('',(0.,1.,0.));
#11592=DIRECTION('',(0.,0.,1.));
#11593=DIRECTION('',(0.,-1.,0.));
#11594=DIRECTION('',(0.,0.,-1.));
#11595=DIRECTION('',(0.,-1.,0.));
#11596=DIRECTION('',(0.,0.,-1.));
#11597=DIRECTION('',(0.,1.,0.));
#11598=DIRECTION('',(0.,0.,1.));
#11599=DIRECTION('',(0.,1.,0.));
#11600=DIRECTION('',(0.,0.,1.));
#11601=DIRECTION('',(0.,1.,0.));
#11602=DIRECTION('',(0.,-1.,0.));
#11603=DIRECTION('',(0.,0.,-1.));
#11604=DIRECTION('',(0.,1.,0.));
#11605=DIRECTION('',(0.,0.,1.));
#11606=DIRECTION('',(0.,-1.,0.));
#11607=DIRECTION('',(0.,0.,-1.));
#11608=DIRECTION('',(0.,-1.,0.));
#11609=DIRECTION('',(0.,0.,-1.));
#11610=DIRECTION('',(0.,1.,0.));
#11611=DIRECTION('',(0.,0.,1.));
#11612=DIRECTION('',(0.,1.,0.));
#11613=DIRECTION('',(0.,0.,1.));
#11614=DIRECTION('',(0.,1.,0.));
#11615=DIRECTION('',(0.,-1.,0.));
#11616=DIRECTION('',(0.,0.,-1.));
#11617=DIRECTION('',(0.,1.,0.));
#11618=DIRECTION('',(0.,0.,1.));
#11619=DIRECTION('',(0.,-1.,0.));
#11620=DIRECTION('',(0.,0.,-1.));
#11621=DIRECTION('',(0.,-1.,0.));
#11622=DIRECTION('',(0.,0.,-1.));
#11623=DIRECTION('',(0.,1.,0.));
#11624=DIRECTION('',(0.,0.,1.));
#11625=DIRECTION('',(0.,1.,0.));
#11626=DIRECTION('',(0.,0.,1.));
#11627=DIRECTION('',(0.,1.,0.));
#11628=DIRECTION('',(0.,-1.,0.));
#11629=DIRECTION('',(0.,0.,-1.));
#11630=DIRECTION('',(0.,1.,0.));
#11631=DIRECTION('',(0.,0.,1.));
#11632=DIRECTION('',(0.,-1.,0.));
#11633=DIRECTION('',(0.,0.,-1.));
#11634=DIRECTION('',(0.,-1.,0.));
#11635=DIRECTION('',(0.,0.,-1.));
#11636=DIRECTION('',(0.,1.,0.));
#11637=DIRECTION('',(0.,0.,1.));
#11638=DIRECTION('',(0.,1.,0.));
#11639=DIRECTION('',(0.,0.,1.));
#11640=DIRECTION('',(0.,1.,0.));
#11641=DIRECTION('',(0.,-1.,0.));
#11642=DIRECTION('',(0.,0.,-1.));
#11643=DIRECTION('',(0.,1.,0.));
#11644=DIRECTION('',(0.,0.,1.));
#11645=DIRECTION('',(0.,-1.,0.));
#11646=DIRECTION('',(0.,0.,-1.));
#11647=DIRECTION('',(0.,-1.,0.));
#11648=DIRECTION('',(0.,0.,-1.));
#11649=DIRECTION('',(0.,1.,0.));
#11650=DIRECTION('',(0.,0.,1.));
#11651=DIRECTION('',(0.,1.,0.));
#11652=DIRECTION('',(0.,0.,1.));
#11653=DIRECTION('',(0.,1.,0.));
#11654=DIRECTION('',(0.,-1.,0.));
#11655=DIRECTION('',(0.,0.,-1.));
#11656=DIRECTION('',(0.,1.,0.));
#11657=DIRECTION('',(0.,0.,1.));
#11658=DIRECTION('',(0.,-1.,0.));
#11659=DIRECTION('',(0.,0.,-1.));
#11660=DIRECTION('',(0.,-1.,0.));
#11661=DIRECTION('',(0.,0.,-1.));
#11662=DIRECTION('',(0.,1.,0.));
#11663=DIRECTION('',(0.,0.,1.));
#11664=DIRECTION('',(0.,-1.,0.));
#11665=DIRECTION('',(0.,0.,-1.));
#11666=DIRECTION('',(0.,-1.,0.));
#11667=DIRECTION('',(0.,0.,-1.));
#11668=DIRECTION('',(0.,1.,0.));
#11669=DIRECTION('',(0.,0.,1.));
#11670=DIRECTION('',(0.,-1.,0.));
#11671=DIRECTION('',(0.,0.,-1.));
#11672=DIRECTION('',(0.,-1.,0.));
#11673=DIRECTION('',(0.,0.,-1.));
#11674=DIRECTION('',(0.,-1.,0.));
#11675=DIRECTION('',(0.,1.,0.));
#11676=DIRECTION('',(0.,0.,1.));
#11677=DIRECTION('',(0.,1.,0.));
#11678=DIRECTION('',(0.,0.,1.));
#11679=DIRECTION('',(0.,-1.,0.));
#11680=DIRECTION('',(0.,0.,-1.));
#11681=DIRECTION('',(0.,1.,0.));
#11682=DIRECTION('',(0.,0.,1.));
#11683=DIRECTION('',(1.,-1.48584451903795E-16,0.));
#11684=DIRECTION('',(1.48584451903795E-16,1.,0.));
#11685=DIRECTION('',(1.,0.,0.));
#11686=DIRECTION('',(0.,0.,-1.));
#11687=DIRECTION('',(1.,-1.48584451903795E-16,0.));
#11688=DIRECTION('',(-1.,0.,0.));
#11689=DIRECTION('',(0.,0.,1.));
#11690=DIRECTION('',(-1.,1.48584451903795E-16,0.));
#11691=DIRECTION('',(-1.48584451903795E-16,-1.,0.));
#11692=DIRECTION('',(1.,0.,0.));
#11693=DIRECTION('',(0.,0.,-1.));
#11694=DIRECTION('',(-1.,0.,0.));
#11695=DIRECTION('',(0.,0.,1.));
#11696=DIRECTION('',(1.,-1.48584451903795E-16,0.));
#11697=DIRECTION('',(1.48584451903795E-16,1.,0.));
#11698=DIRECTION('',(1.,0.,0.));
#11699=DIRECTION('',(0.,0.,-1.));
#11700=DIRECTION('',(1.,-1.48584451903795E-16,0.));
#11701=DIRECTION('',(-1.,0.,0.));
#11702=DIRECTION('',(0.,0.,1.));
#11703=DIRECTION('',(-1.,1.48584451903795E-16,6.60545757795169E-33));
#11704=DIRECTION('',(-1.48584451903795E-16,-1.,0.));
#11705=DIRECTION('',(1.,0.,0.));
#11706=DIRECTION('',(0.,0.,-1.));
#11707=DIRECTION('',(-1.,0.,0.));
#11708=DIRECTION('',(0.,0.,1.));
#11709=DIRECTION('',(1.,-1.48584451903795E-16,0.));
#11710=DIRECTION('',(1.48584451903795E-16,1.,0.));
#11711=DIRECTION('',(1.,0.,0.));
#11712=DIRECTION('',(0.,0.,-1.));
#11713=DIRECTION('',(-1.,0.,0.));
#11714=DIRECTION('',(0.,0.,1.));
#11715=DIRECTION('',(-1.,1.48584451903795E-16,6.60545757795168E-33));
#11716=DIRECTION('',(-1.48584451903795E-16,-1.,0.));
#11717=DIRECTION('',(-1.,1.48584451903795E-16,6.60545757795168E-33));
#11718=DIRECTION('',(1.,0.,0.));
#11719=DIRECTION('',(0.,0.,-1.));
#11720=DIRECTION('',(-1.,0.,0.));
#11721=DIRECTION('',(0.,0.,1.));
#11722=DIRECTION('',(1.,-1.48584451903795E-16,-1.13338353262556E-47));
#11723=DIRECTION('',(1.48584451903795E-16,1.,0.));
#11724=DIRECTION('',(1.,0.,0.));
#11725=DIRECTION('',(0.,0.,-1.));
#11726=DIRECTION('',(-1.,0.,0.));
#11727=DIRECTION('',(0.,0.,1.));
#11728=DIRECTION('',(-1.,1.48584451903795E-16,0.));
#11729=DIRECTION('',(-1.48584451903795E-16,-1.,0.));
#11730=DIRECTION('',(-1.,1.48584451903795E-16,0.));
#11731=DIRECTION('',(1.,0.,0.));
#11732=DIRECTION('',(0.,0.,-1.));
#11733=DIRECTION('',(-1.,0.,0.));
#11734=DIRECTION('',(0.,0.,1.));
#11735=DIRECTION('',(1.,-1.48584451903795E-16,0.));
#11736=DIRECTION('',(1.48584451903795E-16,1.,0.));
#11737=DIRECTION('',(1.,0.,0.));
#11738=DIRECTION('',(0.,0.,-1.));
#11739=DIRECTION('',(-1.,0.,0.));
#11740=DIRECTION('',(0.,0.,1.));
#11741=DIRECTION('',(1.,-1.48584451903795E-16,0.));
#11742=DIRECTION('',(1.48584451903795E-16,1.,0.));
#11743=DIRECTION('',(1.,0.,0.));
#11744=DIRECTION('',(0.,0.,-1.));
#11745=DIRECTION('',(1.,-1.48584451903795E-16,0.));
#11746=DIRECTION('',(-1.,0.,0.));
#11747=DIRECTION('',(0.,0.,1.));
#11748=DIRECTION('',(-1.,1.48584451903795E-16,0.));
#11749=DIRECTION('',(-1.48584451903795E-16,-1.,0.));
#11750=DIRECTION('',(1.,0.,0.));
#11751=DIRECTION('',(0.,0.,-1.));
#11752=DIRECTION('',(-1.,0.,0.));
#11753=DIRECTION('',(0.,0.,1.));
#11754=DIRECTION('',(-1.,1.48584451903795E-16,0.));
#11755=DIRECTION('',(-1.48584451903795E-16,-1.,0.));
#11756=DIRECTION('',(-1.,1.48584451903795E-16,0.));
#11757=DIRECTION('',(1.,0.,0.));
#11758=DIRECTION('',(0.,0.,-1.));
#11759=DIRECTION('',(-1.,0.,0.));
#11760=DIRECTION('',(0.,0.,1.));
#11761=DIRECTION('',(1.,-1.48584451903795E-16,0.));
#11762=DIRECTION('',(1.48584451903795E-16,1.,0.));
#11763=DIRECTION('',(1.,0.,0.));
#11764=DIRECTION('',(0.,0.,-1.));
#11765=DIRECTION('',(-1.,0.,0.));
#11766=DIRECTION('',(0.,0.,1.));
#11767=DIRECTION('',(-1.,1.48584451903795E-16,0.));
#11768=DIRECTION('',(-1.48584451903795E-16,-1.,0.));
#11769=DIRECTION('',(-1.,1.48584451903795E-16,0.));
#11770=DIRECTION('',(1.,0.,0.));
#11771=DIRECTION('',(0.,0.,-1.));
#11772=DIRECTION('',(-1.,0.,0.));
#11773=DIRECTION('',(0.,0.,1.));
#11774=DIRECTION('',(1.,-1.48584451903795E-16,0.));
#11775=DIRECTION('',(1.48584451903795E-16,1.,0.));
#11776=DIRECTION('',(1.,0.,0.));
#11777=DIRECTION('',(0.,0.,-1.));
#11778=DIRECTION('',(-1.,0.,0.));
#11779=DIRECTION('',(0.,0.,1.));
#11780=DIRECTION('',(-1.,1.48584451903795E-16,0.));
#11781=DIRECTION('',(-1.48584451903795E-16,-1.,0.));
#11782=DIRECTION('',(-1.,1.48584451903795E-16,0.));
#11783=DIRECTION('',(1.,0.,0.));
#11784=DIRECTION('',(0.,0.,-1.));
#11785=DIRECTION('',(-1.,0.,0.));
#11786=DIRECTION('',(0.,0.,1.));
#11787=DIRECTION('',(1.,-1.48584451903795E-16,0.));
#11788=DIRECTION('',(1.48584451903795E-16,1.,0.));
#11789=DIRECTION('',(1.,0.,0.));
#11790=DIRECTION('',(0.,0.,-1.));
#11791=DIRECTION('',(-1.,0.,0.));
#11792=DIRECTION('',(0.,0.,1.));
#11793=DIRECTION('',(-1.,1.48584451903795E-16,0.));
#11794=DIRECTION('',(-1.48584451903795E-16,-1.,0.));
#11795=DIRECTION('',(-1.,1.48584451903795E-16,0.));
#11796=DIRECTION('',(1.,0.,0.));
#11797=DIRECTION('',(0.,0.,-1.));
#11798=DIRECTION('',(-1.,0.,0.));
#11799=DIRECTION('',(0.,0.,1.));
#11800=DIRECTION('',(1.,-1.48584451903795E-16,0.));
#11801=DIRECTION('',(1.48584451903795E-16,1.,0.));
#11802=DIRECTION('',(1.,0.,0.));
#11803=DIRECTION('',(0.,0.,-1.));
#11804=DIRECTION('',(-1.,0.,0.));
#11805=DIRECTION('',(0.,0.,1.));
#11806=DIRECTION('',(-1.,1.48584451903795E-16,0.));
#11807=DIRECTION('',(-1.48584451903795E-16,-1.,0.));
#11808=DIRECTION('',(-1.,1.48584451903795E-16,0.));
#11809=DIRECTION('',(1.,0.,0.));
#11810=DIRECTION('',(0.,0.,-1.));
#11811=DIRECTION('',(-1.,2.16840434497101E-16,0.));
#11812=DIRECTION('',(-2.16840434497101E-16,-1.,0.));
#11813=DIRECTION('',(1.,-1.48584451903795E-16,0.));
#11814=DIRECTION('',(1.48584451903795E-16,1.,0.));
#11815=DIRECTION('',(1.,0.,0.));
#11816=DIRECTION('',(0.,0.,-1.));
#11817=DIRECTION('',(-1.,2.16840434497101E-16,0.));
#11818=DIRECTION('',(-2.16840434497101E-16,-1.,0.));
#11819=DIRECTION('',(1.,-1.48584451903795E-16,0.));
#11820=DIRECTION('',(1.48584451903795E-16,1.,0.));
#11821=DIRECTION('',(1.,0.,0.));
#11822=DIRECTION('',(0.,0.,-1.));
#11823=DIRECTION('',(1.,-1.48584451903795E-16,0.));
#11824=DIRECTION('',(-1.,0.,0.));
#11825=DIRECTION('',(0.,0.,1.));
#11826=DIRECTION('',(-1.,1.48584451903795E-16,0.));
#11827=DIRECTION('',(-1.48584451903795E-16,-1.,0.));
#11828=DIRECTION('',(1.,0.,0.));
#11829=DIRECTION('',(0.,0.,-1.));
#11830=DIRECTION('',(-1.,0.,0.));
#11831=DIRECTION('',(0.,0.,1.));
#11832=DIRECTION('',(-1.,1.48584451903795E-16,0.));
#11833=DIRECTION('',(-1.48584451903795E-16,-1.,0.));
#11834=DIRECTION('',(-1.,1.48584451903795E-16,0.));
#11835=DIRECTION('',(1.,0.,0.));
#11836=DIRECTION('',(0.,0.,-1.));
#11837=DIRECTION('',(-1.,0.,0.));
#11838=DIRECTION('',(0.,0.,1.));
#11839=DIRECTION('',(1.,-1.48584451903795E-16,0.));
#11840=DIRECTION('',(1.48584451903795E-16,1.,0.));
#11841=DIRECTION('',(1.,0.,0.));
#11842=DIRECTION('',(0.,0.,-1.));
#11843=DIRECTION('',(-1.,0.,0.));
#11844=DIRECTION('',(0.,0.,1.));
#11845=DIRECTION('',(-1.,1.48584451903795E-16,0.));
#11846=DIRECTION('',(-1.48584451903795E-16,-1.,0.));
#11847=DIRECTION('',(-1.,1.48584451903795E-16,0.));
#11848=DIRECTION('',(1.,0.,0.));
#11849=DIRECTION('',(0.,0.,-1.));
#11850=DIRECTION('',(-1.,0.,0.));
#11851=DIRECTION('',(0.,0.,1.));
#11852=DIRECTION('',(1.,-1.48584451903795E-16,0.));
#11853=DIRECTION('',(1.48584451903795E-16,1.,0.));
#11854=DIRECTION('',(1.,0.,0.));
#11855=DIRECTION('',(0.,0.,-1.));
#11856=DIRECTION('',(-1.,0.,0.));
#11857=DIRECTION('',(0.,0.,1.));
#11858=DIRECTION('',(0.707106781186549,-0.683012701892218,-0.183012701892219));
#11859=DIRECTION('',(0.,-0.25881904510252,0.965925826289069));
#11860=DIRECTION('',(0.704062592219632,0.704062592219646,0.0926915987235272));
#11861=DIRECTION('',(0.707106781186546,0.683012701892219,0.183012701892226));
#11862=DIRECTION('',(1.,0.,0.));
#11863=DIRECTION('',(0.,0.,-1.));
#11864=DIRECTION('',(0.707106781186555,-0.707106781186541,2.50822655197446E-16));
#11865=DIRECTION('',(0.,3.54716800730662E-16,1.));
#11866=DIRECTION('',(1.,0.,0.));
#11867=DIRECTION('',(0.,0.,-1.));
#11868=DIRECTION('',(0.707106781186538,-0.683012701892227,-0.183012701892228));
#11869=DIRECTION('',(1.,0.,0.));
#11870=DIRECTION('',(0.,0.,-1.));
#11871=DIRECTION('',(-0.707106781186537,0.683012701892229,0.183012701892223));
#11872=DIRECTION('',(-0.707106781186552,-0.683012701892215,-0.183012701892218));
#11873=DIRECTION('',(0.,0.25881904510252,-0.965925826289069));
#11874=DIRECTION('',(-0.707106781186547,-0.683012701892221,-0.183012701892219));
#11875=DIRECTION('',(-3.84564859588215E-17,-0.25881904510252,0.965925826289069));
#11876=DIRECTION('',(-0.704062592219637,0.704062592219637,0.0926915987235632));
#11877=DIRECTION('',(0.707106781186549,-0.683012701892217,-0.183012701892224));
#11878=DIRECTION('',(-1.,0.,0.));
#11879=DIRECTION('',(0.,0.,1.));
#11880=DIRECTION('',(-0.707106781186548,-0.707106781186548,2.50822655197448E-16));
#11881=DIRECTION('',(5.2705401417633E-32,3.54716800730662E-16,1.));
#11882=DIRECTION('',(-1.,0.,0.));
#11883=DIRECTION('',(0.,0.,1.));
#11884=DIRECTION('',(0.707106781186549,0.683012701892217,0.183012701892224));
#11885=DIRECTION('',(-1.,0.,0.));
#11886=DIRECTION('',(0.,0.,1.));
#11887=DIRECTION('',(-0.707106781186547,-0.68301270189222,-0.183012701892221));
#11888=DIRECTION('',(0.707106781186547,-0.68301270189222,-0.183012701892219));
#11889=DIRECTION('',(3.84564859588215E-17,0.25881904510252,-0.965925826289069));
#11890=DIRECTION('',(0.707106781186555,-0.683012701892212,-0.183012701892217));
#11891=DIRECTION('',(0.,-0.258819045102521,0.965925826289069));
#11892=DIRECTION('',(-0.707106781186542,-0.683012701892225,-0.18301270189222));
#11893=DIRECTION('',(0.707106781186543,0.683012701892223,0.183012701892225));
#11894=DIRECTION('',(1.,0.,0.));
#11895=DIRECTION('',(0.,0.,-1.));
#11896=DIRECTION('',(1.,0.,0.));
#11897=DIRECTION('',(0.,0.,-1.));
#11898=DIRECTION('',(1.,0.,0.));
#11899=DIRECTION('',(0.,0.,-1.));
#11900=DIRECTION('',(0.707106781186536,-0.683012701892229,-0.183012701892228));
#11901=DIRECTION('',(1.,0.,0.));
#11902=DIRECTION('',(0.,0.,-1.));
#11903=DIRECTION('',(-0.707106781186538,0.683012701892228,0.183012701892221));
#11904=DIRECTION('',(-0.707106781186554,-0.683012701892214,-0.183012701892218));
#11905=DIRECTION('',(0.,0.25881904510252,-0.965925826289069));
#11906=DIRECTION('',(-0.707106781186544,-0.683012701892223,-0.18301270189222));
#11907=DIRECTION('',(-3.84564859588216E-17,-0.258819045102521,0.965925826289069));
#11908=DIRECTION('',(-0.707106781186552,0.683012701892215,0.183012701892219));
#11909=DIRECTION('',(0.707106781186551,-0.683012701892214,-0.183012701892224));
#11910=DIRECTION('',(-1.,0.,0.));
#11911=DIRECTION('',(0.,0.,1.));
#11912=DIRECTION('',(-1.,0.,0.));
#11913=DIRECTION('',(0.,0.,1.));
#11914=DIRECTION('',(-1.,0.,0.));
#11915=DIRECTION('',(0.,0.,1.));
#11916=DIRECTION('',(0.707106781186546,0.68301270189222,0.183012701892223));
#11917=DIRECTION('',(-1.,0.,0.));
#11918=DIRECTION('',(0.,0.,1.));
#11919=DIRECTION('',(-0.707106781186548,-0.683012701892219,-0.183012701892221));
#11920=DIRECTION('',(0.707106781186545,-0.683012701892222,-0.18301270189222));
#11921=DIRECTION('',(3.84564859588215E-17,0.25881904510252,-0.965925826289069));
#11922=DIRECTION('',(0.707106781186554,-0.683012701892214,-0.183012701892218));
#11923=DIRECTION('',(0.,-0.25881904510252,0.965925826289069));
#11924=DIRECTION('',(-0.707106781186543,-0.683012701892224,-0.18301270189222));
#11925=DIRECTION('',(0.707106781186544,0.683012701892222,0.183012701892225));
#11926=DIRECTION('',(1.,0.,0.));
#11927=DIRECTION('',(0.,0.,-1.));
#11928=DIRECTION('',(1.,0.,0.));
#11929=DIRECTION('',(0.,0.,-1.));
#11930=DIRECTION('',(1.,0.,0.));
#11931=DIRECTION('',(0.,0.,-1.));
#11932=DIRECTION('',(0.707106781186537,-0.683012701892228,-0.183012701892228));
#11933=DIRECTION('',(1.,0.,0.));
#11934=DIRECTION('',(0.,0.,-1.));
#11935=DIRECTION('',(-0.707106781186538,0.683012701892228,0.183012701892221));
#11936=DIRECTION('',(-0.707106781186552,-0.683012701892215,-0.183012701892218));
#11937=DIRECTION('',(0.,0.25881904510252,-0.965925826289069));
#11938=DIRECTION('',(-0.707106781186545,-0.683012701892222,-0.18301270189222));
#11939=DIRECTION('',(-3.84564859588215E-17,-0.25881904510252,0.965925826289069));
#11940=DIRECTION('',(-0.707106781186549,0.683012701892218,0.183012701892219));
#11941=DIRECTION('',(0.707106781186549,-0.683012701892216,-0.183012701892224));
#11942=DIRECTION('',(-1.,0.,0.));
#11943=DIRECTION('',(0.,0.,1.));
#11944=DIRECTION('',(-1.,0.,0.));
#11945=DIRECTION('',(0.,0.,1.));
#11946=DIRECTION('',(-1.,0.,0.));
#11947=DIRECTION('',(0.,0.,1.));
#11948=DIRECTION('',(0.707106781186547,0.683012701892219,0.183012701892223));
#11949=DIRECTION('',(-1.,0.,0.));
#11950=DIRECTION('',(0.,0.,1.));
#11951=DIRECTION('',(-0.707106781186548,-0.683012701892219,-0.183012701892219));
#11952=DIRECTION('',(0.707106781186545,-0.683012701892222,-0.18301270189222));
#11953=DIRECTION('',(3.84564859588215E-17,0.25881904510252,-0.965925826289069));
#11954=DIRECTION('',(0.707106781186554,-0.683012701892214,-0.183012701892218));
#11955=DIRECTION('',(0.,-0.25881904510252,0.965925826289069));
#11956=DIRECTION('',(-0.707106781186543,-0.683012701892224,-0.18301270189222));
#11957=DIRECTION('',(0.707106781186542,0.683012701892223,0.183012701892225));
#11958=DIRECTION('',(1.,0.,0.));
#11959=DIRECTION('',(0.,0.,-1.));
#11960=DIRECTION('',(1.,0.,0.));
#11961=DIRECTION('',(0.,0.,-1.));
#11962=DIRECTION('',(1.,0.,0.));
#11963=DIRECTION('',(0.,0.,-1.));
#11964=DIRECTION('',(0.707106781186537,-0.683012701892228,-0.183012701892228));
#11965=DIRECTION('',(1.,0.,0.));
#11966=DIRECTION('',(0.,0.,-1.));
#11967=DIRECTION('',(-0.707106781186538,0.683012701892228,0.183012701892221));
#11968=DIRECTION('',(-0.707106781186552,-0.683012701892215,-0.183012701892218));
#11969=DIRECTION('',(0.,0.25881904510252,-0.965925826289069));
#11970=DIRECTION('',(-0.707106781186547,-0.683012701892221,-0.183012701892219));
#11971=DIRECTION('',(-3.84564859588215E-17,-0.25881904510252,0.965925826289069));
#11972=DIRECTION('',(-0.707106781186548,0.68301270189222,0.183012701892218));
#11973=DIRECTION('',(0.707106781186547,-0.683012701892218,-0.183012701892223));
#11974=DIRECTION('',(-1.,2.16840434497101E-16,0.));
#11975=DIRECTION('',(-2.16840434497101E-16,-1.,0.));
#11976=DIRECTION('',(-1.,0.,0.));
#11977=DIRECTION('',(0.,0.,1.));
#11978=DIRECTION('',(-1.,2.16840434497101E-16,0.));
#11979=DIRECTION('',(-2.16840434497101E-16,-1.,0.));
#11980=DIRECTION('',(0.707106781186546,0.68301270189222,0.183012701892223));
#11981=DIRECTION('',(-1.,0.,0.));
#11982=DIRECTION('',(0.,0.,1.));
#11983=DIRECTION('',(-0.707106781186546,-0.683012701892221,-0.18301270189222));
#11984=DIRECTION('',(0.707106781186544,-0.683012701892223,-0.18301270189222));
#11985=DIRECTION('',(3.84564859588215E-17,0.25881904510252,-0.965925826289069));
#11986=DIRECTION('',(0.707106781186555,-0.683012701892212,-0.183012701892217));
#11987=DIRECTION('',(0.,-0.258819045102521,0.965925826289069));
#11988=DIRECTION('',(-0.707106781186541,-0.683012701892227,-0.183012701892219));
#11989=DIRECTION('',(0.707106781186542,0.683012701892224,0.183012701892224));
#11990=DIRECTION('',(1.,0.,0.));
#11991=DIRECTION('',(0.,0.,-1.));
#11992=DIRECTION('',(1.,0.,0.));
#11993=DIRECTION('',(0.,0.,-1.));
#11994=DIRECTION('',(1.,0.,0.));
#11995=DIRECTION('',(0.,0.,-1.));
#11996=DIRECTION('',(0.707106781186547,-0.683012701892218,-0.183012701892226));
#11997=DIRECTION('',(1.,0.,0.));
#11998=DIRECTION('',(0.,0.,-1.));
#11999=DIRECTION('',(-0.707106781186548,0.683012701892219,0.183012701892219));
#12000=DIRECTION('',(-0.707106781186552,-0.683012701892215,-0.183012701892218));
#12001=DIRECTION('',(0.,0.25881904510252,-0.965925826289069));
#12002=DIRECTION('',(-0.707106781186548,-0.683012701892219,-0.183012701892219));
#12003=DIRECTION('',(-3.84564859588216E-17,-0.258819045102521,0.965925826289069));
#12004=DIRECTION('',(-0.707106781186546,0.683012701892222,0.183012701892218));
#12005=DIRECTION('',(0.707106781186545,-0.683012701892221,-0.183012701892223));
#12006=DIRECTION('',(-1.,0.,0.));
#12007=DIRECTION('',(0.,0.,1.));
#12008=DIRECTION('',(-1.,0.,0.));
#12009=DIRECTION('',(0.,0.,1.));
#12010=DIRECTION('',(-1.,0.,0.));
#12011=DIRECTION('',(0.,0.,1.));
#12012=DIRECTION('',(0.707106781186551,0.683012701892215,0.183012701892222));
#12013=DIRECTION('',(-1.,0.,0.));
#12014=DIRECTION('',(0.,0.,1.));
#12015=DIRECTION('',(-0.707106781186545,-0.683012701892222,-0.18301270189222));
#12016=DIRECTION('',(0.707106781186544,-0.683012701892223,-0.18301270189222));
#12017=DIRECTION('',(3.84564859588215E-17,0.25881904510252,-0.965925826289069));
#12018=DIRECTION('',(0.707106781186548,-0.683012701892219,-0.183012701892219));
#12019=DIRECTION('',(0.,-0.258819045102521,0.965925826289069));
#12020=DIRECTION('',(-0.707106781186546,-0.683012701892222,-0.183012701892218));
#12021=DIRECTION('',(0.707106781186548,0.683012701892218,0.183012701892223));
#12022=DIRECTION('',(1.,0.,0.));
#12023=DIRECTION('',(0.,0.,-1.));
#12024=DIRECTION('',(1.,0.,0.));
#12025=DIRECTION('',(0.,0.,-1.));
#12026=DIRECTION('',(1.,0.,0.));
#12027=DIRECTION('',(0.,0.,-1.));
#12028=DIRECTION('',(0.707106781186548,-0.683012701892218,-0.183012701892223));
#12029=DIRECTION('',(1.,0.,0.));
#12030=DIRECTION('',(0.,0.,-1.));
#12031=DIRECTION('',(-0.707106781186548,0.683012701892219,0.183012701892221));
#12032=DIRECTION('',(-0.707106781186545,-0.683012701892222,-0.18301270189222));
#12033=DIRECTION('',(0.,0.25881904510252,-0.965925826289069));
#12034=DIRECTION('',(-0.707106781186549,-0.683012701892218,-0.183012701892219));
#12035=DIRECTION('',(-3.84564859588216E-17,-0.258819045102521,0.965925826289069));
#12036=DIRECTION('',(-0.707106781186543,0.683012701892224,0.18301270189222));
#12037=DIRECTION('',(0.707106781186549,-0.683012701892217,-0.183012701892224));
#12038=DIRECTION('',(-1.,0.,0.));
#12039=DIRECTION('',(0.,0.,1.));
#12040=DIRECTION('',(-1.,0.,0.));
#12041=DIRECTION('',(0.,0.,1.));
#12042=DIRECTION('',(-1.,0.,0.));
#12043=DIRECTION('',(0.,0.,1.));
#12044=DIRECTION('',(0.707106781186559,0.683012701892208,0.183012701892221));
#12045=DIRECTION('',(-1.,0.,0.));
#12046=DIRECTION('',(0.,0.,1.));
#12047=DIRECTION('',(-0.707106781186559,-0.683012701892208,-0.183012701892216));
#12048=DIRECTION('',(0.70710678118655,-0.683012701892217,-0.183012701892218));
#12049=DIRECTION('',(3.84564859588215E-17,0.25881904510252,-0.965925826289069));
#12050=DIRECTION('',(-0.707106781186547,-0.68301270189222,-0.183012701892219));
#12051=DIRECTION('',(0.,0.25881904510252,-0.965925826289069));
#12052=DIRECTION('',(0.707106781186549,-0.683012701892218,-0.183012701892219));
#12053=DIRECTION('',(-0.707106781186551,0.683012701892214,0.183012701892224));
#12054=DIRECTION('',(-0.707106781186547,-0.68301270189222,-0.183012701892219));
#12055=DIRECTION('',(0.661224832946646,-0.730406495763756,0.171137579861324));
#12056=DIRECTION('',(1.,0.,0.));
#12057=DIRECTION('',(0.,0.,-1.));
#12058=DIRECTION('',(1.,0.,0.));
#12059=DIRECTION('',(0.,0.,-1.));
#12060=DIRECTION('',(1.,0.,0.));
#12061=DIRECTION('',(0.,0.,-1.));
#12062=DIRECTION('',(-0.707106781186548,-0.683012701892221,-0.183012701892213));
#12063=DIRECTION('',(1.,0.,0.));
#12064=DIRECTION('',(0.,0.,-1.));
#12065=DIRECTION('',(0.707106781186548,0.683012701892219,0.183012701892219));
#12066=DIRECTION('',(0.707106781186547,-0.68301270189222,-0.183012701892219));
#12067=DIRECTION('',(0.,-0.25881904510252,0.965925826289069));
#12068=DIRECTION('',(0.707106781186548,-0.683012701892219,-0.183012701892219));
#12069=DIRECTION('',(3.84564859588215E-17,0.25881904510252,-0.965925826289069));
#12070=DIRECTION('',(0.707106781186549,0.683012701892218,0.183012701892219));
#12071=DIRECTION('',(-0.707106781186546,-0.68301270189222,-0.183012701892223));
#12072=DIRECTION('',(-1.,0.,0.));
#12073=DIRECTION('',(0.,0.,1.));
#12074=DIRECTION('',(-1.,0.,0.));
#12075=DIRECTION('',(0.,0.,1.));
#12076=DIRECTION('',(-1.,0.,0.));
#12077=DIRECTION('',(0.,0.,1.));
#12078=DIRECTION('',(-0.707106781186559,0.683012701892208,0.183012701892221));
#12079=DIRECTION('',(-1.,0.,0.));
#12080=DIRECTION('',(0.,0.,1.));
#12081=DIRECTION('',(0.707106781186549,-0.68301270189222,-0.183012701892213));
#12082=DIRECTION('',(-0.707106781186555,-0.683012701892212,-0.183012701892217));
#12083=DIRECTION('',(-3.84564859588215E-17,-0.25881904510252,0.965925826289069));
#12084=DIRECTION('',(0.683012701892223,-0.707106781186544,-0.18301270189222));
#12085=DIRECTION('',(0.25881904510252,0.,0.965925826289069));
#12086=DIRECTION('',(-0.683012701892215,-0.707106781186552,0.183012701892218));
#12087=DIRECTION('',(0.683012701892215,0.707106781186551,-0.183012701892223));
#12088=DIRECTION('',(0.,-1.,0.));
#12089=DIRECTION('',(0.,0.,-1.));
#12090=DIRECTION('',(0.,-1.,0.));
#12091=DIRECTION('',(0.,0.,-1.));
#12092=DIRECTION('',(0.,-1.,0.));
#12093=DIRECTION('',(0.,0.,-1.));
#12094=DIRECTION('',(-0.683012701892218,0.707106781186548,0.183012701892222));
#12095=DIRECTION('',(0.,-1.,0.));
#12096=DIRECTION('',(0.,0.,-1.));
#12097=DIRECTION('',(0.68301270189222,-0.707106781186548,-0.183012701892217));
#12098=DIRECTION('',(0.683012701892222,0.707106781186545,-0.18301270189222));
#12099=DIRECTION('',(-0.25881904510252,0.,-0.965925826289069));
#12100=DIRECTION('',(0.683012701892215,0.707106781186552,-0.183012701892218));
#12101=DIRECTION('',(0.25881904510252,0.,0.965925826289069));
#12102=DIRECTION('',(0.683012701892223,-0.707106781186544,-0.183012701892219));
#12103=DIRECTION('',(-0.683012701892223,0.707106781186543,0.183012701892223));
#12104=DIRECTION('',(0.,1.,0.));
#12105=DIRECTION('',(0.,0.,1.));
#12106=DIRECTION('',(0.,1.,0.));
#12107=DIRECTION('',(0.,0.,1.));
#12108=DIRECTION('',(0.,1.,0.));
#12109=DIRECTION('',(0.,0.,1.));
#12110=DIRECTION('',(0.683012701892216,0.707106781186549,-0.183012701892225));
#12111=DIRECTION('',(0.,1.,0.));
#12112=DIRECTION('',(0.,0.,1.));
#12113=DIRECTION('',(-0.68301270189222,-0.707106781186548,0.183012701892217));
#12114=DIRECTION('',(0.683012701892217,-0.70710678118655,-0.183012701892219));
#12115=DIRECTION('',(-0.25881904510252,0.,-0.965925826289069));
#12116=DIRECTION('',(0.683012701892223,-0.707106781186544,-0.18301270189222));
#12117=DIRECTION('',(0.25881904510252,0.,0.965925826289069));
#12118=DIRECTION('',(-0.683012701892215,-0.707106781186552,0.183012701892218));
#12119=DIRECTION('',(0.683012701892214,0.707106781186552,-0.183012701892223));
#12120=DIRECTION('',(0.,-1.,0.));
#12121=DIRECTION('',(0.,0.,-1.));
#12122=DIRECTION('',(0.,-1.,0.));
#12123=DIRECTION('',(0.,0.,-1.));
#12124=DIRECTION('',(0.,-1.,0.));
#12125=DIRECTION('',(0.,0.,-1.));
#12126=DIRECTION('',(-0.683012701892218,0.707106781186548,0.183012701892222));
#12127=DIRECTION('',(0.,-1.,0.));
#12128=DIRECTION('',(0.,0.,-1.));
#12129=DIRECTION('',(0.683012701892219,-0.707106781186548,-0.183012701892217));
#12130=DIRECTION('',(0.683012701892222,0.707106781186545,-0.18301270189222));
#12131=DIRECTION('',(-0.25881904510252,0.,-0.965925826289069));
#12132=DIRECTION('',(0.68301270189222,0.707106781186547,-0.183012701892219));
#12133=DIRECTION('',(0.25881904510252,0.,0.965925826289069));
#12134=DIRECTION('',(0.683012701892218,-0.707106781186549,-0.18301270189222));
#12135=DIRECTION('',(-0.683012701892217,0.707106781186549,0.183012701892225));
#12136=DIRECTION('',(0.,1.,0.));
#12137=DIRECTION('',(0.,0.,1.));
#12138=DIRECTION('',(0.,1.,0.));
#12139=DIRECTION('',(0.,0.,1.));
#12140=DIRECTION('',(0.,1.,0.));
#12141=DIRECTION('',(0.,0.,1.));
#12142=DIRECTION('',(0.683012701892216,0.707106781186549,-0.183012701892225));
#12143=DIRECTION('',(0.,1.,0.));
#12144=DIRECTION('',(0.,0.,1.));
#12145=DIRECTION('',(-0.68301270189222,-0.707106781186548,0.183012701892217));
#12146=DIRECTION('',(0.683012701892221,-0.707106781186546,-0.18301270189222));
#12147=DIRECTION('',(-0.25881904510252,0.,-0.965925826289069));
#12148=DIRECTION('',(0.683012701892223,-0.707106781186544,-0.18301270189222));
#12149=DIRECTION('',(0.25881904510252,0.,0.965925826289069));
#12150=DIRECTION('',(-0.683012701892215,-0.707106781186552,0.183012701892218));
#12151=DIRECTION('',(0.683012701892215,0.707106781186551,-0.183012701892223));
#12152=DIRECTION('',(0.,-1.,0.));
#12153=DIRECTION('',(0.,0.,-1.));
#12154=DIRECTION('',(0.,-1.,0.));
#12155=DIRECTION('',(0.,0.,-1.));
#12156=DIRECTION('',(0.,-1.,0.));
#12157=DIRECTION('',(0.,0.,-1.));
#12158=DIRECTION('',(-0.683012701892219,0.707106781186548,0.183012701892222));
#12159=DIRECTION('',(0.,-1.,0.));
#12160=DIRECTION('',(0.,0.,-1.));
#12161=DIRECTION('',(0.68301270189222,-0.707106781186547,-0.183012701892219));
#12162=DIRECTION('',(0.683012701892223,0.707106781186544,-0.18301270189222));
#12163=DIRECTION('',(-0.25881904510252,0.,-0.965925826289069));
#12164=DIRECTION('',(0.683012701892212,0.707106781186556,-0.183012701892217));
#12165=DIRECTION('',(0.25881904510252,0.,0.965925826289069));
#12166=DIRECTION('',(0.683012701892227,-0.707106781186539,-0.183012701892222));
#12167=DIRECTION('',(-0.683012701892226,0.70710678118654,0.183012701892223));
#12168=DIRECTION('',(0.,1.,0.));
#12169=DIRECTION('',(0.,0.,1.));
#12170=DIRECTION('',(0.,1.,0.));
#12171=DIRECTION('',(0.,0.,1.));
#12172=DIRECTION('',(0.,1.,0.));
#12173=DIRECTION('',(0.,0.,1.));
#12174=DIRECTION('',(0.683012701892221,0.707106781186545,-0.183012701892224));
#12175=DIRECTION('',(0.,1.,0.));
#12176=DIRECTION('',(0.,0.,1.));
#12177=DIRECTION('',(-0.683012701892221,-0.707106781186546,0.183012701892219));
#12178=DIRECTION('',(0.683012701892216,-0.707106781186551,-0.183012701892218));
#12179=DIRECTION('',(-0.25881904510252,0.,-0.965925826289069));
#12180=DIRECTION('',(0.683012701892223,-0.707106781186544,-0.18301270189222));
#12181=DIRECTION('',(0.25881904510252,0.,0.965925826289069));
#12182=DIRECTION('',(-0.683012701892215,-0.707106781186552,0.183012701892218));
#12183=DIRECTION('',(0.683012701892215,0.707106781186551,-0.183012701892223));
#12184=DIRECTION('',(0.,-1.,0.));
#12185=DIRECTION('',(0.,0.,-1.));
#12186=DIRECTION('',(0.,-1.,0.));
#12187=DIRECTION('',(0.,0.,-1.));
#12188=DIRECTION('',(0.,-1.,0.));
#12189=DIRECTION('',(0.,0.,-1.));
#12190=DIRECTION('',(-0.683012701892217,0.707106781186549,0.183012701892222));
#12191=DIRECTION('',(0.,-1.,0.));
#12192=DIRECTION('',(0.,0.,-1.));
#12193=DIRECTION('',(0.68301270189222,-0.707106781186547,-0.183012701892219));
#12194=DIRECTION('',(0.683012701892223,0.707106781186544,-0.18301270189222));
#12195=DIRECTION('',(-0.258819045102521,0.,-0.965925826289069));
#12196=DIRECTION('',(0.683012701892217,0.70710678118655,-0.183012701892218));
#12197=DIRECTION('',(0.25881904510252,0.,0.965925826289069));
#12198=DIRECTION('',(0.683012701892223,-0.707106781186545,-0.183012701892219));
#12199=DIRECTION('',(-0.683012701892222,0.707106781186544,0.183012701892224));
#12200=DIRECTION('',(0.,1.,0.));
#12201=DIRECTION('',(0.,0.,1.));
#12202=DIRECTION('',(0.,1.,0.));
#12203=DIRECTION('',(0.,0.,1.));
#12204=DIRECTION('',(0.,1.,0.));
#12205=DIRECTION('',(0.,0.,1.));
#12206=DIRECTION('',(0.683012701892214,0.707106781186551,-0.183012701892226));
#12207=DIRECTION('',(0.,1.,0.));
#12208=DIRECTION('',(0.,0.,1.));
#12209=DIRECTION('',(-0.683012701892222,-0.707106781186546,0.183012701892217));
#12210=DIRECTION('',(0.68301270189222,-0.707106781186547,-0.183012701892219));
#12211=DIRECTION('',(-0.258819045102521,0.,-0.965925826289069));
#12212=DIRECTION('',(0.683012701892224,-0.707106781186543,-0.18301270189222));
#12213=DIRECTION('',(0.258819045102521,0.,0.965925826289069));
#12214=DIRECTION('',(-0.683012701892213,-0.707106781186555,0.183012701892214));
#12215=DIRECTION('',(0.683012701892212,0.707106781186554,-0.183012701892224));
#12216=DIRECTION('',(0.,-1.,0.));
#12217=DIRECTION('',(0.,0.,-1.));
#12218=DIRECTION('',(0.,-1.,0.));
#12219=DIRECTION('',(0.,0.,-1.));
#12220=DIRECTION('',(0.,-1.,0.));
#12221=DIRECTION('',(0.,0.,-1.));
#12222=DIRECTION('',(-0.683012701892217,0.707106781186549,0.183012701892222));
#12223=DIRECTION('',(0.,-1.,0.));
#12224=DIRECTION('',(0.,0.,-1.));
#12225=DIRECTION('',(0.68301270189222,-0.707106781186547,-0.183012701892217));
#12226=DIRECTION('',(0.683012701892223,0.707106781186544,-0.18301270189222));
#12227=DIRECTION('',(-0.25881904510252,0.,-0.965925826289069));
#12228=DIRECTION('',(0.683012701892217,0.70710678118655,-0.183012701892218));
#12229=DIRECTION('',(0.258819045102521,0.,0.965925826289069));
#12230=DIRECTION('',(0.68301270189222,-0.707106781186547,-0.18301270189222));
#12231=DIRECTION('',(-0.68301270189222,0.707106781186546,0.183012701892224));
#12232=DIRECTION('',(0.,1.,0.));
#12233=DIRECTION('',(0.,0.,1.));
#12234=DIRECTION('',(0.,1.,0.));
#12235=DIRECTION('',(0.,0.,1.));
#12236=DIRECTION('',(0.,1.,0.));
#12237=DIRECTION('',(0.,0.,1.));
#12238=DIRECTION('',(0.683012701892218,0.70710678118655,-0.183012701892215));
#12239=DIRECTION('',(0.,1.,0.));
#12240=DIRECTION('',(0.,0.,1.));
#12241=DIRECTION('',(-0.68301270189222,-0.707106781186547,0.183012701892217));
#12242=DIRECTION('',(0.683012701892228,-0.707106781186538,-0.183012701892222));
#12243=DIRECTION('',(-0.25881904510252,0.,-0.965925826289069));
#12244=DIRECTION('',(0.683012701892221,-0.707106781186546,-0.18301270189222));
#12245=DIRECTION('',(0.258819045102521,0.,0.965925826289069));
#12246=DIRECTION('',(-0.683012701892215,-0.707106781186552,0.183012701892218));
#12247=DIRECTION('',(0.683012701892215,0.707106781186551,-0.183012701892223));
#12248=DIRECTION('',(0.,-1.,0.));
#12249=DIRECTION('',(0.,0.,-1.));
#12250=DIRECTION('',(0.,-1.,0.));
#12251=DIRECTION('',(0.,0.,-1.));
#12252=DIRECTION('',(0.,-1.,0.));
#12253=DIRECTION('',(0.,0.,-1.));
#12254=DIRECTION('',(-0.683012701892217,0.707106781186549,0.183012701892222));
#12255=DIRECTION('',(0.,-1.,0.));
#12256=DIRECTION('',(0.,0.,-1.));
#12257=DIRECTION('',(0.68301270189222,-0.707106781186547,-0.183012701892217));
#12258=DIRECTION('',(0.683012701892224,0.707106781186543,-0.18301270189222));
#12259=DIRECTION('',(-0.25881904510252,0.,-0.965925826289069));
#12260=DIRECTION('',(0.683012701892222,0.707106781186545,-0.18301270189222));
#12261=DIRECTION('',(0.258819045102521,0.,0.965925826289069));
#12262=DIRECTION('',(0.683012701892215,-0.707106781186552,-0.183012701892216));
#12263=DIRECTION('',(-0.683012701892214,0.707106781186551,0.183012701892226));
#12264=DIRECTION('',(0.,1.,0.));
#12265=DIRECTION('',(0.,0.,1.));
#12266=DIRECTION('',(0.,1.,0.));
#12267=DIRECTION('',(0.,0.,1.));
#12268=DIRECTION('',(0.,1.,0.));
#12269=DIRECTION('',(0.,0.,1.));
#12270=DIRECTION('',(0.683012701892218,0.70710678118655,-0.183012701892215));
#12271=DIRECTION('',(0.,1.,0.));
#12272=DIRECTION('',(0.,0.,1.));
#12273=DIRECTION('',(-0.68301270189222,-0.707106781186547,0.183012701892217));
#12274=DIRECTION('',(0.683012701892209,-0.707106781186558,-0.183012701892216));
#12275=DIRECTION('',(-0.25881904510252,0.,-0.965925826289069));
#12276=DIRECTION('',(0.683012701892224,0.707106781186543,-0.18301270189222));
#12277=DIRECTION('',(-0.25881904510252,0.,-0.965925826289069));
#12278=DIRECTION('',(-0.683012701892213,0.707106781186555,0.183012701892217));
#12279=DIRECTION('',(0.683012701892212,-0.707106781186554,-0.183012701892224));
#12280=DIRECTION('',(0.,-1.,0.));
#12281=DIRECTION('',(0.,0.,-1.));
#12282=DIRECTION('',(0.,-1.,0.));
#12283=DIRECTION('',(0.,0.,-1.));
#12284=DIRECTION('',(0.,-1.,0.));
#12285=DIRECTION('',(0.,0.,-1.));
#12286=DIRECTION('',(-0.683012701892217,-0.707106781186549,0.183012701892222));
#12287=DIRECTION('',(0.,-1.,0.));
#12288=DIRECTION('',(0.,0.,-1.));
#12289=DIRECTION('',(0.68301270189222,0.707106781186547,-0.183012701892222));
#12290=DIRECTION('',(0.68301270189222,-0.707106781186548,-0.183012701892219));
#12291=DIRECTION('',(0.25881904510252,0.,0.965925826289069));
#12292=DIRECTION('',(0.683012701892223,-0.707106781186544,-0.18301270189222));
#12293=DIRECTION('',(-0.25881904510252,0.,-0.965925826289069));
#12294=DIRECTION('',(0.683012701892218,0.70710678118655,-0.183012701892218));
#12295=DIRECTION('',(-0.683012701892217,-0.707106781186549,0.183012701892225));
#12296=DIRECTION('',(0.683012701892223,-0.707106781186544,-0.18301270189222));
#12297=DIRECTION('',(0.730406495763753,0.661224832946648,0.171137579861326));
#12298=DIRECTION('',(0.,1.,0.));
#12299=DIRECTION('',(0.,0.,1.));
#12300=DIRECTION('',(0.,1.,0.));
#12301=DIRECTION('',(0.,0.,1.));
#12302=DIRECTION('',(0.,1.,0.));
#12303=DIRECTION('',(0.,0.,1.));
#12304=DIRECTION('',(0.683012701892222,-0.707106781186544,-0.183012701892224));
#12305=DIRECTION('',(0.,1.,0.));
#12306=DIRECTION('',(0.,0.,1.));
#12307=DIRECTION('',(-0.68301270189222,0.707106781186547,0.18301270189222));
#12308=DIRECTION('',(0.683012701892206,0.707106781186562,-0.183012701892215));
#12309=DIRECTION('',(0.25881904510252,0.,0.965925826289069));
#12310=DIRECTION('',(-0.707106781186545,0.,-0.70710678118655));
#12311=DIRECTION('',(0.,1.,0.));
#12312=DIRECTION('',(-0.577350269189627,0.577350269189627,0.577350269189623));
#12313=DIRECTION('',(0.70710678118655,0.,-0.707106781186545));
#12314=DIRECTION('',(1.,0.,0.));
#12315=DIRECTION('',(0.,0.,-1.));
#12316=DIRECTION('',(0.707106781186547,0.68301270189222,0.183012701892218));
#12317=DIRECTION('',(-0.707106781186548,-0.707106781186548,0.));
#12318=DIRECTION('',(0.,0.,-1.));
#12319=DIRECTION('',(0.129428307995563,-0.129428307995563,0.98310560276036));
#12320=DIRECTION('',(-0.707106781186548,0.683012701892219,0.183012701892219));
#12321=DIRECTION('',(0.,-0.25881904510252,0.965925826289069));
#12322=DIRECTION('',(0.70710678118655,-1.0506507352006E-16,-0.707106781186545));
#12323=DIRECTION('',(1.48584451903795E-16,1.,0.));
#12324=DIRECTION('',(-0.577350269189625,-0.577350269189625,-0.577350269189628));
#12325=DIRECTION('',(0.707106781186546,0.,0.707106781186549));
#12326=DIRECTION('',(-1.,0.,0.));
#12327=DIRECTION('',(0.,0.,1.));
#12328=DIRECTION('',(0.707106781186549,-0.683012701892218,-0.183012701892219));
#12329=DIRECTION('',(0.707106781186548,-0.707106781186548,0.));
#12330=DIRECTION('',(0.,0.,-1.));
#12331=DIRECTION('',(0.129428307995563,0.129428307995563,-0.98310560276036));
#12332=DIRECTION('',(0.70710678118655,0.683012701892217,0.183012701892218));
#12333=DIRECTION('',(-3.84564859588215E-17,-0.25881904510252,0.965925826289069));
#12334=DIRECTION('',(0.683012701892221,-0.707106781186546,-0.18301270189222));
#12335=DIRECTION('',(0.258819045102521,0.,0.965925826289069));
#12336=DIRECTION('',(0.683012701892217,0.707106781186549,-0.183012701892222));
#12337=DIRECTION('',(0.704062592219634,0.704062592219639,-0.0926915987235797));
#12338=DIRECTION('',(0.70710678118655,-0.707106781186545,0.));
#12339=DIRECTION('',(0.,0.,1.));
#12340=DIRECTION('',(-0.577350269189625,-0.577350269189629,-0.577350269189623));
#12341=DIRECTION('',(0.,-1.,0.));
#12342=DIRECTION('',(0.,0.,-1.));
#12343=DIRECTION('',(0.,0.707106781186544,-0.707106781186551));
#12344=DIRECTION('',(-1.,0.,0.));
#12345=DIRECTION('',(0.,-0.707106781186551,-0.707106781186544));
#12346=DIRECTION('',(0.,-1.,0.));
#12347=DIRECTION('',(0.,0.,-1.));
#12348=DIRECTION('',(-0.683012701892218,0.707106781186548,0.183012701892222));
#12349=DIRECTION('',(0.,-1.,0.));
#12350=DIRECTION('',(0.,0.,-1.));
#12351=DIRECTION('',(0.68301270189222,-0.707106781186547,-0.183012701892219));
#12352=DIRECTION('',(0.683012701892219,0.707106781186548,-0.183012701892219));
#12353=DIRECTION('',(-0.25881904510252,0.,-0.965925826289069));
#12354=DIRECTION('',(0.,0.707106781186544,-0.707106781186551));
#12355=DIRECTION('',(-1.,0.,0.));
#12356=DIRECTION('',(0.,0.707106781186551,0.707106781186544));
#12357=DIRECTION('',(0.577350269189625,-0.577350269189629,-0.577350269189623));
#12358=DIRECTION('',(0.70710678118655,0.707106781186545,5.18999158096387E-16));
#12359=DIRECTION('',(7.33975648240126E-16,0.,-1.));
#12360=DIRECTION('',(0.129428307995563,-0.129428307995565,0.98310560276036));
#12361=DIRECTION('',(0.,-1.,0.));
#12362=DIRECTION('',(0.,0.,-1.));
#12363=DIRECTION('',(0.683012701892218,0.707106781186549,-0.183012701892218));
#12364=DIRECTION('',(0.683012701892222,-0.707106781186545,-0.18301270189222));
#12365=DIRECTION('',(0.258819045102521,0.,0.965925826289069));
#12366=DIRECTION('',(0.683012701892218,0.707106781186549,-0.183012701892219));
#12367=DIRECTION('',(0.258819045102521,0.,0.965925826289069));
#12368=DIRECTION('',(-0.68301270189222,0.707106781186546,0.183012701892224));
#12369=DIRECTION('',(-0.704062592219638,0.704062592219635,0.0926915987235716));
#12370=DIRECTION('',(0.707106781186546,0.707106781186549,0.));
#12371=DIRECTION('',(0.,0.,1.));
#12372=DIRECTION('',(0.577350269189626,-0.577350269189624,0.577350269189628));
#12373=DIRECTION('',(0.,1.,0.));
#12374=DIRECTION('',(0.,0.,1.));
#12375=DIRECTION('',(0.,-0.70710678118655,-0.707106781186545));
#12376=DIRECTION('',(-1.,0.,0.));
#12377=DIRECTION('',(0.,-0.707106781186545,0.70710678118655));
#12378=DIRECTION('',(0.,1.,0.));
#12379=DIRECTION('',(0.,0.,1.));
#12380=DIRECTION('',(0.68301270189222,0.707106781186545,-0.183012701892224));
#12381=DIRECTION('',(0.,1.,0.));
#12382=DIRECTION('',(0.,0.,1.));
#12383=DIRECTION('',(-0.68301270189222,-0.707106781186547,0.183012701892217));
#12384=DIRECTION('',(0.683012701892218,-0.707106781186549,-0.183012701892219));
#12385=DIRECTION('',(-0.25881904510252,0.,-0.965925826289069));
#12386=DIRECTION('',(0.,-0.70710678118655,-0.707106781186545));
#12387=DIRECTION('',(-1.,0.,0.));
#12388=DIRECTION('',(0.,0.707106781186545,-0.70710678118655));
#12389=DIRECTION('',(-0.577350269189624,-0.577350269189625,0.577350269189629));
#12390=DIRECTION('',(0.707106781186549,-0.707106781186547,5.18999158096386E-16));
#12391=DIRECTION('',(7.33975648240126E-16,0.,-1.));
#12392=DIRECTION('',(-0.129428307995563,-0.129428307995564,-0.98310560276036));
#12393=DIRECTION('',(0.,1.,0.));
#12394=DIRECTION('',(0.,0.,1.));
#12395=DIRECTION('',(-0.683012701892223,0.707106781186545,0.183012701892219));
#12396=DIRECTION('',(0.683012701892221,0.707106781186546,-0.18301270189222));
#12397=DIRECTION('',(0.258819045102521,0.,0.965925826289069));
#12398=DIRECTION('',(0.5,0.707106781186549,0.5));
#12399=DIRECTION('',(-0.707106781186548,1.0506507352006E-16,0.707106781186548));
#12400=DIRECTION('',(-0.678598344545846,0.678598344545846,-0.281084637714824));
#12401=DIRECTION('',(0.707106781186548,0.707106781186548,0.));
#12402=DIRECTION('',(0.,0.,1.));
#12403=DIRECTION('',(0.678598344545848,-0.678598344545848,-0.281084637714816));
#12404=DIRECTION('',(-0.5,-0.707106781186546,0.5));
#12405=DIRECTION('',(-0.707106781186548,1.0506507352006E-16,-0.707106781186548));
#12406=DIRECTION('',(-0.5,0.707106781186544,-0.5));
#12407=DIRECTION('',(-0.707106781186548,1.0506507352006E-16,0.707106781186548));
#12408=DIRECTION('',(0.678598344545849,0.678598344545849,0.281084637714811));
#12409=DIRECTION('',(-0.707106781186548,0.707106781186548,0.));
#12410=DIRECTION('',(0.,0.,-1.));
#12411=DIRECTION('',(-0.678598344545847,-0.678598344545847,0.281084637714822));
#12412=DIRECTION('',(0.5,-0.707106781186548,-0.5));
#12413=DIRECTION('',(-0.707106781186548,1.0506507352006E-16,-0.707106781186548));
#12414=DIRECTION('',(1.,0.,0.));
#12415=DIRECTION('',(0.,0.,-1.));
#12416=DIRECTION('',(0.,1.,0.));
#12417=DIRECTION('',(0.,0.,1.));
#12418=DIRECTION('',(0.707106781186543,0.707106781186553,0.));
#12419=DIRECTION('',(0.,0.,1.));
#12420=DIRECTION('',(0.707106781186543,-0.707106781186552,3.73974004069113E-17));
#12421=DIRECTION('',(5.28879108529514E-17,0.,-1.));
#12422=DIRECTION('',(0.707106781186545,0.70710678118655,0.));
#12423=DIRECTION('',(0.,0.,1.));
#12424=DIRECTION('',(0.707106781186545,-0.70710678118655,0.));
#12425=DIRECTION('',(0.,0.,-1.));
#12426=DIRECTION('',(-0.707106781186545,-0.70710678118655,0.));
#12427=DIRECTION('',(0.,0.,1.));
#12428=DIRECTION('',(-0.707106781186545,0.70710678118655,0.));
#12429=DIRECTION('',(0.,0.,-1.));
#12430=DIRECTION('',(0.,-1.,0.));
#12431=DIRECTION('',(0.,0.,-1.));
#12432=DIRECTION('',(0.707106781186548,-0.707106781186548,0.));
#12433=DIRECTION('',(0.,0.,1.));
#12434=DIRECTION('',(-0.707106781186547,-0.707106781186548,-7.66646708341687E-17));
#12435=DIRECTION('',(-6.4438234220665E-32,1.0842021724855E-16,-1.));
#12436=DIRECTION('',(0.707106781186548,-0.707106781186547,-7.66646708341687E-17));
#12437=DIRECTION('',(6.4438234220665E-32,-1.0842021724855E-16,1.));
#12438=DIRECTION('',(-0.707106781186547,-0.707106781186548,-7.66646708341687E-17));
#12439=DIRECTION('',(-6.4438234220665E-32,1.0842021724855E-16,-1.));
#12440=DIRECTION('',(-0.707106781186548,0.707106781186548,0.));
#12441=DIRECTION('',(0.,0.,1.));
#12442=DIRECTION('',(0.707106781186548,0.707106781186548,0.));
#12443=DIRECTION('',(0.,0.,-1.));
#12444=DIRECTION('',(-0.707106781186548,-0.707106781186548,0.));
#12445=DIRECTION('',(0.,0.,-1.));
#12446=DIRECTION('',(0.707106781186548,-0.707106781186547,-7.66646708341687E-17));
#12447=DIRECTION('',(5.95725643855639E-32,-1.0842021724855E-16,1.));
#12448=DIRECTION('',(-0.707106781186547,-0.707106781186549,-7.66646708341687E-17));
#12449=DIRECTION('',(-5.95725643855639E-32,1.0842021724855E-16,-1.));
#12450=DIRECTION('',(0.707106781186547,-0.707106781186549,-7.66646708341689E-17));
#12451=DIRECTION('',(5.95725643855639E-32,-1.0842021724855E-16,1.));
#12452=DIRECTION('',(0.707106781186549,0.707106781186546,0.));
#12453=DIRECTION('',(0.,0.,-1.));
#12454=DIRECTION('',(-0.707106781186533,0.707106781186562,0.));
#12455=DIRECTION('',(0.,0.,1.));
#12456=DIRECTION('',(0.,0.,1.));
#12457=DIRECTION('',(1.,0.,0.));
#12458=DIRECTION('',(0.,0.,1.));
#12459=DIRECTION('',(1.,0.,0.));
#12460=DIRECTION('',(0.,0.,1.));
#12461=DIRECTION('',(1.,0.,0.));
#12462=DIRECTION('',(0.,0.,1.));
#12463=DIRECTION('',(1.,0.,0.));
#12464=DIRECTION('',(0.,0.,1.));
#12465=DIRECTION('',(1.,0.,0.));
#12466=DIRECTION('',(0.,0.,1.));
#12467=DIRECTION('',(1.,0.,0.));
#12468=DIRECTION('',(0.,0.,1.));
#12469=DIRECTION('',(1.,0.,0.));
#12470=DIRECTION('',(0.,0.,1.));
#12471=DIRECTION('',(1.,0.,0.));
#12472=DIRECTION('',(0.,1.,0.));
#12473=DIRECTION('',(0.,0.,1.));
#12474=DIRECTION('',(0.,1.,0.));
#12475=DIRECTION('',(0.,0.,1.));
#12476=DIRECTION('',(0.,0.,1.));
#12477=DIRECTION('',(-1.,0.,0.));
#12478=DIRECTION('',(1.,0.,0.));
#12479=DIRECTION('',(0.,0.,-1.));
#12480=DIRECTION('',(0.,1.,0.));
#12481=DIRECTION('',(0.,0.,1.));
#12482=DIRECTION('',(1.,0.,0.));
#12483=DIRECTION('',(0.,0.,-1.));
#12484=DIRECTION('',(0.,0.,1.));
#12485=DIRECTION('',(1.,0.,0.));
#12486=DIRECTION('',(0.,0.,1.));
#12487=DIRECTION('',(1.,0.,0.));
#12488=DIRECTION('',(0.,0.,1.));
#12489=DIRECTION('',(1.,0.,0.));
#12490=DIRECTION('',(0.,0.,1.));
#12491=DIRECTION('',(1.,0.,0.));
#12492=DIRECTION('',(5.49459924517541E-16,-1.,0.));
#12493=DIRECTION('',(1.,0.,0.));
#12494=DIRECTION('',(0.,0.,1.));
#12495=DIRECTION('',(1.,0.,0.));
#12496=DIRECTION('',(0.,0.,1.));
#12497=DIRECTION('',(1.,0.,0.));
#12498=DIRECTION('',(-1.,0.,0.));
#12499=DIRECTION('',(0.,0.,1.));
#12500=DIRECTION('',(-1.,0.,0.));
#12501=DIRECTION('',(0.,0.,1.));
#12502=DIRECTION('',(0.,0.,1.));
#12503=DIRECTION('',(0.,-1.,0.));
#12504=DIRECTION('',(0.,1.,0.));
#12505=DIRECTION('',(0.,0.,1.));
#12506=DIRECTION('',(-1.,0.,0.));
#12507=DIRECTION('',(0.,0.,1.));
#12508=DIRECTION('',(0.,1.,0.));
#12509=DIRECTION('',(0.,0.,1.));
#12510=DIRECTION('',(0.,0.,1.));
#12511=DIRECTION('',(1.,0.,0.));
#12512=DIRECTION('',(0.,0.,1.));
#12513=DIRECTION('',(1.,0.,0.));
#12514=DIRECTION('',(0.,0.,1.));
#12515=DIRECTION('',(1.,0.,0.));
#12516=DIRECTION('',(0.,0.,1.));
#12517=DIRECTION('',(1.,0.,0.));
#12518=DIRECTION('',(1.,0.,0.));
#12519=DIRECTION('',(5.49459924517541E-16,-1.,0.));
#12520=DIRECTION('',(0.,0.,1.));
#12521=DIRECTION('',(1.,0.,0.));
#12522=DIRECTION('',(0.,0.,1.));
#12523=DIRECTION('',(1.,0.,0.));
#12524=DIRECTION('',(0.,-1.,0.));
#12525=DIRECTION('',(0.,0.,-1.));
#12526=DIRECTION('',(0.,-1.,0.));
#12527=DIRECTION('',(0.,0.,-1.));
#12528=DIRECTION('',(0.,0.,1.));
#12529=DIRECTION('',(1.,0.,0.));
#12530=DIRECTION('',(-1.,0.,0.));
#12531=DIRECTION('',(0.,0.,1.));
#12532=DIRECTION('',(0.,-1.,0.));
#12533=DIRECTION('',(0.,0.,1.));
#12534=DIRECTION('',(-1.,0.,0.));
#12535=DIRECTION('',(0.,0.,1.));
#12536=DIRECTION('',(0.,0.,1.));
#12537=DIRECTION('',(1.,0.,0.));
#12538=DIRECTION('',(0.,0.,1.));
#12539=DIRECTION('',(1.,0.,0.));
#12540=DIRECTION('',(0.,0.,1.));
#12541=DIRECTION('',(1.,0.,0.));
#12542=DIRECTION('',(0.,0.,1.));
#12543=DIRECTION('',(1.,0.,0.));
#12544=DIRECTION('',(0.,-1.,0.));
#12545=DIRECTION('',(1.,0.,0.));
#12546=DIRECTION('',(0.,0.,1.));
#12547=DIRECTION('',(1.,0.,0.));
#12548=DIRECTION('',(0.,0.,1.));
#12549=DIRECTION('',(1.,0.,0.));
#12550=DIRECTION('',(0.,-1.,0.));
#12551=DIRECTION('',(0.,0.,-1.));
#12552=DIRECTION('',(1.,0.,0.));
#12553=DIRECTION('',(0.,0.,1.));
#12554=DIRECTION('',(0.,-1.,0.));
#12555=DIRECTION('',(0.,0.,-1.));
#12556=DIRECTION('',(1.,0.,0.));
#12557=DIRECTION('',(0.,0.,-1.));
#12558=DIRECTION('',(1.,0.,0.));
#12559=DIRECTION('',(0.,0.,-1.));
#12560=DIRECTION('',(0.,0.,1.));
#12561=DIRECTION('',(0.,1.,0.));
#12562=DIRECTION('',(0.,0.,1.));
#12563=DIRECTION('',(1.,0.,0.));
#12564=DIRECTION('',(0.,0.,1.));
#12565=DIRECTION('',(1.,0.,0.));
#12566=DIRECTION('',(0.,0.,1.));
#12567=DIRECTION('',(1.,0.,0.));
#12568=DIRECTION('',(0.,0.,1.));
#12569=DIRECTION('',(1.,0.,0.));
#12570=DIRECTION('',(1.,0.,0.));
#12571=DIRECTION('',(0.,-1.,0.));
#12572=DIRECTION('',(0.,0.,1.));
#12573=DIRECTION('',(1.,0.,0.));
#12574=DIRECTION('',(0.,0.,1.));
#12575=DIRECTION('',(1.,0.,0.));
#12576=DIRECTION('',(0.,0.,-1.));
#12577=DIRECTION('',(-1.,0.,0.));
#12578=DIRECTION('',(0.,0.,-1.));
#12579=DIRECTION('',(-1.,0.,0.));
#12580=DIRECTION('',(0.,0.,-1.));
#12581=DIRECTION('',(-1.,0.,0.));
#12582=DIRECTION('',(0.,0.,-1.));
#12583=DIRECTION('',(-1.,0.,0.));
#12584=DIRECTION('',(1.,0.,0.));
#12585=DIRECTION('',(0.,0.,-1.));
#12586=DIRECTION('',(0.707106781186547,0.707106781186548,0.));
#12587=DIRECTION('',(-0.707106781186548,0.707106781186547,0.));
#12588=DIRECTION('',(0.707106781186547,0.707106781186548,0.));
#12589=DIRECTION('',(-0.707106781186548,0.707106781186547,0.));
#12590=DIRECTION('',(-5.49459924517541E-16,1.,0.));
#12591=DIRECTION('',(-1.,-5.49459924517541E-16,0.));
#12592=DIRECTION('',(-5.49459924517541E-16,1.,0.));
#12593=DIRECTION('',(-1.,-5.49459924517541E-16,0.));
#12594=DIRECTION('',(-0.707106781186548,0.707106781186547,0.));
#12595=DIRECTION('',(-0.707106781186547,-0.707106781186548,0.));
#12596=DIRECTION('',(-0.707106781186548,0.707106781186547,0.));
#12597=DIRECTION('',(-0.707106781186547,-0.707106781186548,0.));
#12598=DIRECTION('',(-1.,0.,0.));
#12599=DIRECTION('',(0.,0.,1.));
#12600=DIRECTION('',(-1.,0.,0.));
#12601=DIRECTION('',(0.,0.,1.));
#12602=DIRECTION('',(-0.707106781186548,-0.707106781186548,0.));
#12603=DIRECTION('',(0.707106781186548,-0.707106781186548,0.));
#12604=DIRECTION('',(-0.707106781186548,-0.707106781186548,0.));
#12605=DIRECTION('',(0.707106781186548,-0.707106781186548,0.));
#12606=DIRECTION('',(0.,-1.,0.));
#12607=DIRECTION('',(0.,0.,-1.));
#12608=DIRECTION('',(0.,-1.,0.));
#12609=DIRECTION('',(0.,0.,-1.));
#12610=DIRECTION('',(0.707106781186548,-0.707106781186548,0.));
#12611=DIRECTION('',(0.707106781186548,0.707106781186548,0.));
#12612=DIRECTION('',(0.707106781186548,-0.707106781186548,0.));
#12613=DIRECTION('',(0.707106781186548,0.707106781186548,0.));
#12614=DIRECTION('',(1.,0.,0.));
#12615=DIRECTION('',(0.,0.,-1.));
#12616=DIRECTION('',(-1.,0.,0.));
#12617=DIRECTION('',(0.,0.,1.));
#12618=CARTESIAN_POINT('',(0.,0.,0.));
#12619=CARTESIAN_POINT('',(-0.04275,-0.025125,0.05));
#12620=CARTESIAN_POINT('',(-0.04275,0.06015,0.05));
#12621=CARTESIAN_POINT('',(-0.04275,0.06015,0.03275));
#12622=CARTESIAN_POINT('',(-0.04275,0.06015,0.));
#12623=CARTESIAN_POINT('',(-0.04275,-0.025125,0.03275));
#12624=CARTESIAN_POINT('',(-0.04275,0.0509,0.03275));
#12625=CARTESIAN_POINT('',(-0.04275,0.0509,0.04025));
#12626=CARTESIAN_POINT('',(-0.04275,0.0509,0.04525));
#12627=CARTESIAN_POINT('',(-0.04275,-0.025125,0.04525));
#12628=CARTESIAN_POINT('',(-0.04275,0.06015,0.04525));
#12629=CARTESIAN_POINT('',(-0.04275,0.06015,0.05));
#12630=CARTESIAN_POINT('',(-0.04275,0.06015,0.05));
#12631=CARTESIAN_POINT('',(-0.04275,-0.025125,0.05));
#12632=CARTESIAN_POINT('',(-0.04275,-0.02825,0.05));
#12633=CARTESIAN_POINT('',(-0.04275,-0.02825,0.05));
#12634=CARTESIAN_POINT('',(-0.04275,-0.02825,0.04525));
#12635=CARTESIAN_POINT('',(-0.04275,-0.025125,0.04525));
#12636=CARTESIAN_POINT('',(-0.04275,-0.019,0.04525));
#12637=CARTESIAN_POINT('',(-0.04275,-0.019,0.04025));
#12638=CARTESIAN_POINT('',(-0.04275,-0.019,0.0354894826889113));
#12639=CARTESIAN_POINT('',(-0.04275,-0.0187951619407381,0.0335));
#12640=CARTESIAN_POINT('',(-0.04275,-0.0188480762113532,0.0354992998974554));
#12641=CARTESIAN_POINT('',(-0.04275,-0.0189009904819684,0.0335));
#12642=CARTESIAN_POINT('',(-0.04275,-0.0169691388293903,0.0340176380902051));
#12643=CARTESIAN_POINT('',(-0.04275,-0.0122522041177036,0.0164137980902051));
#12644=CARTESIAN_POINT('',(-0.04275,-0.0122522041177036,0.0164137980902051));
#12645=CARTESIAN_POINT('',(-0.04275,-0.0141840557702817,0.01589616));
#12646=CARTESIAN_POINT('',(-0.04275,-0.0141311414996666,0.0138968601025446));
#12647=CARTESIAN_POINT('',(-0.04275,-0.0140782272290515,0.01589616));
#12648=CARTESIAN_POINT('',(-0.04275,-0.0160100788816296,0.015378521909795));
#12649=CARTESIAN_POINT('',(-0.04275,-0.0252760323423661,0.049959531005832));
#12650=CARTESIAN_POINT('',(-0.04275,-0.020664752407235,0.03275));
#12651=CARTESIAN_POINT('',(-0.04275,-0.025125,0.03275));
#12652=CARTESIAN_POINT('',(-0.04275,-0.02825,0.03275));
#12653=CARTESIAN_POINT('',(-0.04275,-0.02825,0.05));
#12654=CARTESIAN_POINT('',(-0.04275,-0.02825,0.003));
#12655=CARTESIAN_POINT('',(-0.04275,-0.025125,0.003));
#12656=CARTESIAN_POINT('',(-0.04275,-0.022,0.003));
#12657=CARTESIAN_POINT('',(-0.04275,-0.022,0.003));
#12658=CARTESIAN_POINT('',(-0.04275,-0.022,0.));
#12659=CARTESIAN_POINT('',(-0.04275,-0.025125,0.));
#12660=CARTESIAN_POINT('',(-0.04275,-0.00665,0.));
#12661=CARTESIAN_POINT('',(-0.04275,-0.00665,0.05));
#12662=CARTESIAN_POINT('',(-0.04275,-0.00665,0.004458));
#12663=CARTESIAN_POINT('',(-0.04275,-0.025125,0.004458));
#12664=CARTESIAN_POINT('',(-0.04275,0.00685,0.004458));
#12665=CARTESIAN_POINT('',(-0.04275,0.00685,0.));
#12666=CARTESIAN_POINT('',(-0.04275,0.00685,0.));
#12667=CARTESIAN_POINT('',(-0.04275,-0.025125,0.));
#12668=CARTESIAN_POINT('',(-0.04275,0.022,0.));
#12669=CARTESIAN_POINT('',(-0.04275,0.022,0.003));
#12670=CARTESIAN_POINT('',(-0.04275,0.022,0.003));
#12671=CARTESIAN_POINT('',(-0.04275,0.0245,0.003));
#12672=CARTESIAN_POINT('',(-0.04275,0.027,0.003));
#12673=CARTESIAN_POINT('',(-0.04275,0.027,0.003));
#12674=CARTESIAN_POINT('',(-0.04275,0.027,0.));
#12675=CARTESIAN_POINT('',(-0.04275,-0.025125,0.));
#12676=CARTESIAN_POINT('',(-0.04275,0.0219217727709485,0.01589616));
#12677=CARTESIAN_POINT('',(-0.04275,0.02165,0.0139147111460118));
#12678=CARTESIAN_POINT('',(-0.04275,0.0199899211183704,0.015378521909795));
#12679=CARTESIAN_POINT('',(-0.04275,0.00831242492575387,0.058959531005832));
#12680=CARTESIAN_POINT('',(-0.04275,0.0152729864066837,0.0329823619097949));
#12681=CARTESIAN_POINT('',(-0.04275,0.0172048380592619,0.0335));
#12682=CARTESIAN_POINT('',(-0.04275,0.0171519237886467,0.0354992998974554));
#12683=CARTESIAN_POINT('',(-0.04275,0.0170990095180316,0.0335));
#12684=CARTESIAN_POINT('',(-0.04275,0.0190308611706097,0.0340176380902051));
#12685=CARTESIAN_POINT('',(-0.04275,0.0216329629131446,0.0243064621806015));
#12686=CARTESIAN_POINT('',(-0.04275,0.02165,0.0242428789068439));
#12687=CARTESIAN_POINT('',(-0.04275,0.02165,0.0146099380945644));
#12688=CARTESIAN_POINT('',(-0.04275,0.0159217727709485,0.01589616));
#12689=CARTESIAN_POINT('',(-0.04275,0.0158688585003334,0.0138968601025446));
#12690=CARTESIAN_POINT('',(-0.04275,0.0139899211183704,0.015378521909795));
#12691=CARTESIAN_POINT('',(-0.04275,0.00271434871440054,0.057459531005832));
#12692=CARTESIAN_POINT('',(-0.04275,0.0092729864066837,0.0329823619097949));
#12693=CARTESIAN_POINT('',(-0.04275,0.0112048380592618,0.0335));
#12694=CARTESIAN_POINT('',(-0.04275,0.0111519237886467,0.0354992998974554));
#12695=CARTESIAN_POINT('',(-0.04275,0.0110990095180316,0.0335));
#12696=CARTESIAN_POINT('',(-0.04275,0.0130308611706097,0.0340176380902051));
#12697=CARTESIAN_POINT('',(-0.04275,0.0177477958822964,0.0164137980902051));
#12698=CARTESIAN_POINT('',(-0.04275,0.0177477958822964,0.0164137980902051));
#12699=CARTESIAN_POINT('',(-0.04275,0.0158159442297182,0.01589616));
#12700=CARTESIAN_POINT('',(-0.04275,0.00992177277094851,0.01589616));
#12701=CARTESIAN_POINT('',(-0.04275,0.00986885850033342,0.0138968601025446));
#12702=CARTESIAN_POINT('',(-0.04275,0.00798992111837039,0.015378521909795));
#12703=CARTESIAN_POINT('',(-0.04275,-0.00288372749695278,0.055959531005832));
#12704=CARTESIAN_POINT('',(-0.04275,0.0032729864066837,0.0329823619097949));
#12705=CARTESIAN_POINT('',(-0.04275,0.00520483805926183,0.0335));
#12706=CARTESIAN_POINT('',(-0.04275,0.00515192378864669,0.0354992998974554));
#12707=CARTESIAN_POINT('',(-0.04275,0.00509900951803158,0.0335));
#12708=CARTESIAN_POINT('',(-0.04275,0.00703086117060971,0.0340176380902051));
#12709=CARTESIAN_POINT('',(-0.04275,0.0117477958822964,0.0164137980902051));
#12710=CARTESIAN_POINT('',(-0.04275,0.0117477958822964,0.0164137980902051));
#12711=CARTESIAN_POINT('',(-0.04275,0.00981594422971827,0.01589616));
#12712=CARTESIAN_POINT('',(-0.04275,0.00392177277094851,0.01589616));
#12713=CARTESIAN_POINT('',(-0.04275,0.00386885850033338,0.0138968601025446));
#12714=CARTESIAN_POINT('',(-0.04275,0.00198992111837039,0.015378521909795));
#12715=CARTESIAN_POINT('',(-0.04275,-0.00848180370830609,0.054459531005832));
#12716=CARTESIAN_POINT('',(-0.04275,-0.0027270135933163,0.0329823619097949));
#12717=CARTESIAN_POINT('',(-0.04275,-0.00079516194073817,0.0335));
#12718=CARTESIAN_POINT('',(-0.04275,-0.000848076211353302,0.0354992998974554));
#12719=CARTESIAN_POINT('',(-0.04275,-0.000900990481968417,0.0335));
#12720=CARTESIAN_POINT('',(-0.04275,0.00103086117060971,0.0340176380902051));
#12721=CARTESIAN_POINT('',(-0.04275,0.0057477958822964,0.0164137980902051));
#12722=CARTESIAN_POINT('',(-0.04275,0.0057477958822964,0.0164137980902051));
#12723=CARTESIAN_POINT('',(-0.04275,0.00381594422971827,0.01589616));
#12724=CARTESIAN_POINT('',(-0.04275,-0.00207822722905149,0.01589616));
#12725=CARTESIAN_POINT('',(-0.04275,-0.00213114149966661,0.0138968601025446));
#12726=CARTESIAN_POINT('',(-0.04275,-0.00401007888162962,0.015378521909795));
#12727=CARTESIAN_POINT('',(-0.04275,-0.0140798799196594,0.052959531005832));
#12728=CARTESIAN_POINT('',(-0.04275,-0.0087270135933163,0.0329823619097949));
#12729=CARTESIAN_POINT('',(-0.04275,-0.00679516194073817,0.0335));
#12730=CARTESIAN_POINT('',(-0.04275,-0.00684807621135331,0.0354992998974554));
#12731=CARTESIAN_POINT('',(-0.04275,-0.00690099048196842,0.0335));
#12732=CARTESIAN_POINT('',(-0.04275,-0.00496913882939029,0.0340176380902051));
#12733=CARTESIAN_POINT('',(-0.04275,-0.000252204117703594,0.0164137980902051));
#12734=CARTESIAN_POINT('',(-0.04275,-0.000252204117703593,0.0164137980902051));
#12735=CARTESIAN_POINT('',(-0.04275,-0.00218405577028173,0.01589616));
#12736=CARTESIAN_POINT('',(-0.04275,-0.00807822722905149,0.01589616));
#12737=CARTESIAN_POINT('',(-0.04275,-0.00813114149966664,0.0138968601025446));
#12738=CARTESIAN_POINT('',(-0.04275,-0.0100100788816296,0.015378521909795));
#12739=CARTESIAN_POINT('',(-0.04275,-0.0196779561310127,0.051459531005832));
#12740=CARTESIAN_POINT('',(-0.04275,-0.0147270135933163,0.0329823619097949));
#12741=CARTESIAN_POINT('',(-0.04275,-0.0127951619407382,0.0335));
#12742=CARTESIAN_POINT('',(-0.04275,-0.0128480762113533,0.0354992998974555));
#12743=CARTESIAN_POINT('',(-0.04275,-0.0129009904819684,0.0335));
#12744=CARTESIAN_POINT('',(-0.04275,-0.0109691388293903,0.0340176380902051));
#12745=CARTESIAN_POINT('',(-0.04275,-0.00625220411770359,0.0164137980902051));
#12746=CARTESIAN_POINT('',(-0.04275,-0.0062522041177036,0.0164137980902051));
#12747=CARTESIAN_POINT('',(-0.04275,-0.00818405577028173,0.01589616));
#12748=CARTESIAN_POINT('',(-0.04275,-0.02125,0.05));
#12749=CARTESIAN_POINT('',(-0.04275,-0.02125,0.01389616));
#12750=CARTESIAN_POINT('',(-0.04275,-0.02125,0.0276017246336559));
#12751=CARTESIAN_POINT('',(-0.04275,-0.0271091446217537,0.0494683500509346));
#12752=CARTESIAN_POINT('',(-0.04275,-0.0182522041177036,0.0164137980902051));
#12753=CARTESIAN_POINT('',(-0.04275,-0.0201840557702818,0.01589616));
#12754=CARTESIAN_POINT('',(-0.04275,-0.0201840557702818,0.01389616));
#12755=CARTESIAN_POINT('',(-0.04275,-0.025125,0.01389616));
#12756=CARTESIAN_POINT('',(-0.04275,0.05025,0.05));
#12757=CARTESIAN_POINT('',(-0.04275,0.05025,0.0045));
#12758=CARTESIAN_POINT('',(-0.04275,0.05025,0.0355));
#12759=CARTESIAN_POINT('',(-0.04275,0.03305,0.0045));
#12760=CARTESIAN_POINT('',(-0.04275,0.03305,0.0045));
#12761=CARTESIAN_POINT('',(-0.04275,0.03305,0.05));
#12762=CARTESIAN_POINT('',(-0.04275,0.03305,0.0355));
#12763=CARTESIAN_POINT('',(-0.04275,-0.025125,0.0355));
#12764=CARTESIAN_POINT('',(-0.04275,-0.0096,0.0061));
#12765=CARTESIAN_POINT('',(-0.04275,-0.0096,0.00335));
#12766=CARTESIAN_POINT('',(-0.04525,0.01595,-0.01));
#12767=CARTESIAN_POINT('',(-0.04525,0.04165,0.02));
#12768=CARTESIAN_POINT('',(-0.04525,0.02315,0.02));
#12769=CARTESIAN_POINT('',(-0.04525,0.0172048380592619,0.0335));
#12770=CARTESIAN_POINT('',(-0.04525,0.0171519237886468,0.0354992998974555));
#12771=CARTESIAN_POINT('',(-0.04525,0.0152729864066837,0.0329823619097949));
#12772=CARTESIAN_POINT('',(-0.04525,0.0260639281955309,-0.00728998110770114));
#12773=CARTESIAN_POINT('',(-0.04525,0.0199899211183704,0.015378521909795));
#12774=CARTESIAN_POINT('',(-0.04525,0.0219217727709485,0.01589616));
#12775=CARTESIAN_POINT('',(-0.04525,0.02165,0.0139147111460118));
#12776=CARTESIAN_POINT('',(-0.04525,0.02165,0.0241770526580503));
#12777=CARTESIAN_POINT('',(-0.04525,0.02165,0.024242878906844));
#12778=CARTESIAN_POINT('',(-0.04525,0.0190308611706097,0.0340176380902051));
#12779=CARTESIAN_POINT('',(-0.04525,0.0190308611706097,0.0340176380902051));
#12780=CARTESIAN_POINT('',(-0.04525,0.0170990095180316,0.0335));
#12781=CARTESIAN_POINT('',(-0.04525,0.0112048380592618,0.0335));
#12782=CARTESIAN_POINT('',(-0.04525,0.0111519237886467,0.0354992998974555));
#12783=CARTESIAN_POINT('',(-0.04525,0.00927298640668369,0.0329823619097949));
#12784=CARTESIAN_POINT('',(-0.04525,0.0204658519841776,-0.00878998110770114));
#12785=CARTESIAN_POINT('',(-0.04525,0.0139899211183704,0.015378521909795));
#12786=CARTESIAN_POINT('',(-0.04525,0.0159217727709485,0.01589616));
#12787=CARTESIAN_POINT('',(-0.04525,0.0158688585003333,0.0138968601025446));
#12788=CARTESIAN_POINT('',(-0.04525,0.0158159442297182,0.01589616));
#12789=CARTESIAN_POINT('',(-0.04525,0.0177477958822964,0.0164137980902051));
#12790=CARTESIAN_POINT('',(-0.04525,0.0130308611706097,0.0340176380902051));
#12791=CARTESIAN_POINT('',(-0.04525,0.0130308611706097,0.0340176380902051));
#12792=CARTESIAN_POINT('',(-0.04525,0.0110990095180316,0.0335));
#12793=CARTESIAN_POINT('',(-0.04525,0.00520483805926183,0.0335));
#12794=CARTESIAN_POINT('',(-0.04525,0.0051519237886467,0.0354992998974555));
#12795=CARTESIAN_POINT('',(-0.04525,0.00327298640668369,0.0329823619097949));
#12796=CARTESIAN_POINT('',(-0.04525,0.0148677757728243,-0.0102899811077011));
#12797=CARTESIAN_POINT('',(-0.04525,0.00798992111837038,0.015378521909795));
#12798=CARTESIAN_POINT('',(-0.04525,0.00992177277094851,0.01589616));
#12799=CARTESIAN_POINT('',(-0.04525,0.00986885850033341,0.0138968601025446));
#12800=CARTESIAN_POINT('',(-0.04525,0.00981594422971827,0.01589616));
#12801=CARTESIAN_POINT('',(-0.04525,0.0117477958822964,0.0164137980902051));
#12802=CARTESIAN_POINT('',(-0.04525,0.00703086117060971,0.0340176380902051));
#12803=CARTESIAN_POINT('',(-0.04525,0.00703086117060971,0.0340176380902051));
#12804=CARTESIAN_POINT('',(-0.04525,0.00509900951803158,0.0335));
#12805=CARTESIAN_POINT('',(-0.04525,-0.000795161940738169,0.0335));
#12806=CARTESIAN_POINT('',(-0.04525,-0.000848076211353318,0.0354992998974555));
#12807=CARTESIAN_POINT('',(-0.04525,-0.00272701359331631,0.0329823619097949));
#12808=CARTESIAN_POINT('',(-0.04525,0.00926969956147096,-0.0117899811077011));
#12809=CARTESIAN_POINT('',(-0.04525,0.00198992111837038,0.015378521909795));
#12810=CARTESIAN_POINT('',(-0.04525,0.00392177277094851,0.01589616));
#12811=CARTESIAN_POINT('',(-0.04525,0.00386885850033337,0.0138968601025446));
#12812=CARTESIAN_POINT('',(-0.04525,0.00381594422971827,0.01589616));
#12813=CARTESIAN_POINT('',(-0.04525,0.00574779588229641,0.0164137980902051));
#12814=CARTESIAN_POINT('',(-0.04525,0.00103086117060972,0.0340176380902051));
#12815=CARTESIAN_POINT('',(-0.04525,0.00103086117060972,0.0340176380902051));
#12816=CARTESIAN_POINT('',(-0.04525,-0.000900990481968417,0.0335));
#12817=CARTESIAN_POINT('',(-0.04525,-0.00679516194073817,0.0335));
#12818=CARTESIAN_POINT('',(-0.04525,-0.00684807621135334,0.0354992998974555));
#12819=CARTESIAN_POINT('',(-0.04525,-0.00872701359331631,0.0329823619097949));
#12820=CARTESIAN_POINT('',(-0.04525,0.00367162335011764,-0.0132899811077011));
#12821=CARTESIAN_POINT('',(-0.04525,-0.00401007888162963,0.015378521909795));
#12822=CARTESIAN_POINT('',(-0.04525,-0.00207822722905149,0.01589616));
#12823=CARTESIAN_POINT('',(-0.04525,-0.00213114149966663,0.0138968601025446));
#12824=CARTESIAN_POINT('',(-0.04525,-0.00218405577028173,0.01589616));
#12825=CARTESIAN_POINT('',(-0.04525,-0.000252204117703594,0.0164137980902051));
#12826=CARTESIAN_POINT('',(-0.04525,-0.00496913882939028,0.0340176380902051));
#12827=CARTESIAN_POINT('',(-0.04525,-0.00496913882939028,0.0340176380902051));
#12828=CARTESIAN_POINT('',(-0.04525,-0.00690099048196842,0.0335));
#12829=CARTESIAN_POINT('',(-0.04525,-0.0127951619407382,0.0335));
#12830=CARTESIAN_POINT('',(-0.04525,-0.0128480762113532,0.0354992998974555));
#12831=CARTESIAN_POINT('',(-0.04525,-0.0147270135933163,0.0329823619097949));
#12832=CARTESIAN_POINT('',(-0.04525,-0.00192645286123567,-0.0147899811077011));
#12833=CARTESIAN_POINT('',(-0.04525,-0.0100100788816296,0.015378521909795));
#12834=CARTESIAN_POINT('',(-0.04525,-0.00807822722905149,0.01589616));
#12835=CARTESIAN_POINT('',(-0.04525,-0.00813114149966664,0.0138968601025446));
#12836=CARTESIAN_POINT('',(-0.04525,-0.00818405577028173,0.01589616));
#12837=CARTESIAN_POINT('',(-0.04525,-0.0062522041177036,0.0164137980902051));
#12838=CARTESIAN_POINT('',(-0.04525,-0.0109691388293903,0.0340176380902051));
#12839=CARTESIAN_POINT('',(-0.04525,-0.0109691388293903,0.0340176380902051));
#12840=CARTESIAN_POINT('',(-0.04525,-0.0129009904819684,0.0335));
#12841=CARTESIAN_POINT('',(-0.04525,-0.0141840557702817,0.01589616));
#12842=CARTESIAN_POINT('',(-0.04525,-0.0141311414996666,0.0138968601025446));
#12843=CARTESIAN_POINT('',(-0.04525,-0.0122522041177036,0.0164137980902051));
#12844=CARTESIAN_POINT('',(-0.04525,-0.0169691388293903,0.0340176380902051));
#12845=CARTESIAN_POINT('',(-0.04525,-0.0169691388293903,0.0340176380902051));
#12846=CARTESIAN_POINT('',(-0.04525,-0.0189009904819684,0.0335));
#12847=CARTESIAN_POINT('',(-0.04525,-0.0188480762113532,0.0354992998974555));
#12848=CARTESIAN_POINT('',(-0.04525,-0.0187951619407381,0.0335));
#12849=CARTESIAN_POINT('',(-0.04525,-0.0207270135933163,0.0329823619097949));
#12850=CARTESIAN_POINT('',(-0.04525,-0.007524529072589,-0.0162899811077011));
#12851=CARTESIAN_POINT('',(-0.04525,-0.0160100788816296,0.015378521909795));
#12852=CARTESIAN_POINT('',(-0.04525,-0.0140782272290515,0.01589616));
#12853=CARTESIAN_POINT('',(-0.04525,-0.0201840557702818,0.01589616));
#12854=CARTESIAN_POINT('',(-0.04525,-0.0201840557702818,0.01389616));
#12855=CARTESIAN_POINT('',(-0.04525,-0.0182522041177036,0.0164137980902051));
#12856=CARTESIAN_POINT('',(-0.04525,-0.00935764135197659,-0.0167811620625986));
#12857=CARTESIAN_POINT('',(-0.04525,-0.02125,0.0276017246336559));
#12858=CARTESIAN_POINT('',(-0.04525,-0.02125,-0.01));
#12859=CARTESIAN_POINT('',(-0.04525,-0.02125,0.01389616));
#12860=CARTESIAN_POINT('',(-0.04525,0.01595,0.01389616));
#12861=CARTESIAN_POINT('',(-0.04525,-0.00665,-0.01));
#12862=CARTESIAN_POINT('',(-0.04525,-0.00665,0.005958));
#12863=CARTESIAN_POINT('',(-0.04525,-0.00665,-0.004992));
#12864=CARTESIAN_POINT('',(-0.04525,0.00685,-0.004992));
#12865=CARTESIAN_POINT('',(-0.04525,0.00685,-0.004992));
#12866=CARTESIAN_POINT('',(-0.04525,0.00685,0.004458));
#12867=CARTESIAN_POINT('',(-0.04525,0.00685,0.005958));
#12868=CARTESIAN_POINT('',(-0.04525,0.01595,0.005958));
#12869=CARTESIAN_POINT('',(-0.04525,-0.0096,0.0061));
#12870=CARTESIAN_POINT('',(-0.04525,-0.01235,0.0061));
#12871=CARTESIAN_POINT('',(-0.04525,0.01595,0.05));
#12872=CARTESIAN_POINT('',(-0.04525,0.06115,0.05));
#12873=CARTESIAN_POINT('',(-0.04525,-0.02925,0.05));
#12874=CARTESIAN_POINT('',(-0.04525,0.06115,-0.01));
#12875=CARTESIAN_POINT('',(-0.04525,0.06115,-0.0085));
#12876=CARTESIAN_POINT('',(-0.04525,-0.03075,-0.0085));
#12877=CARTESIAN_POINT('',(-0.04525,-0.02925,-0.0085));
#12878=CARTESIAN_POINT('',(-0.04525,-0.02925,-0.01));
#12879=CARTESIAN_POINT('',(0.00145,-0.03075,-0.01));
#12880=CARTESIAN_POINT('',(0.000195161940738224,-0.03075,0.0335));
#12881=CARTESIAN_POINT('',(0.00024807621135339,-0.03075,0.0354992998974555));
#12882=CARTESIAN_POINT('',(0.00212701359331636,-0.03075,0.0329823619097949));
#12883=CARTESIAN_POINT('',(-0.00866392819553086,-0.03075,-0.00728998110770115));
#12884=CARTESIAN_POINT('',(-0.00260228965309294,-0.03075,0.015332361909795));
#12885=CARTESIAN_POINT('',(-0.00453414130567108,-0.03075,0.01585));
#12886=CARTESIAN_POINT('',(-0.00448122703505595,-0.03075,0.0138507001025446));
#12887=CARTESIAN_POINT('',(-0.00442831276444083,-0.03075,0.01585));
#12888=CARTESIAN_POINT('',(-0.00636016441701897,-0.03075,0.0163676380902051));
#12889=CARTESIAN_POINT('',(-0.00163086117060966,-0.03075,0.0340176380902051));
#12890=CARTESIAN_POINT('',(-0.00163086117060966,-0.03075,0.0340176380902051));
#12891=CARTESIAN_POINT('',(0.000300990481968473,-0.03075,0.0335));
#12892=CARTESIAN_POINT('',(0.00619516194073822,-0.03075,0.0335));
#12893=CARTESIAN_POINT('',(0.00624807621135338,-0.03075,0.0354992998974555));
#12894=CARTESIAN_POINT('',(0.00812701359331636,-0.03075,0.0329823619097949));
#12895=CARTESIAN_POINT('',(-0.00306585198417754,-0.03075,-0.00878998110770115));
#12896=CARTESIAN_POINT('',(0.00339771034690706,-0.03075,0.015332361909795));
#12897=CARTESIAN_POINT('',(0.00146585869432892,-0.03075,0.01585));
#12898=CARTESIAN_POINT('',(0.00151877296494402,-0.03075,0.0138507001025446));
#12899=CARTESIAN_POINT('',(0.00157168723555916,-0.03075,0.01585));
#12900=CARTESIAN_POINT('',(-0.000360164417018981,-0.03075,0.0163676380902051));
#12901=CARTESIAN_POINT('',(0.00436913882939033,-0.03075,0.0340176380902051));
#12902=CARTESIAN_POINT('',(0.00436913882939033,-0.03075,0.0340176380902051));
#12903=CARTESIAN_POINT('',(0.00630099048196847,-0.03075,0.0335));
#12904=CARTESIAN_POINT('',(0.0121951619407382,-0.03075,0.0335));
#12905=CARTESIAN_POINT('',(0.0122480762113534,-0.03075,0.0354992998974555));
#12906=CARTESIAN_POINT('',(0.0141270135933164,-0.03075,0.0329823619097949));
#12907=CARTESIAN_POINT('',(0.00253222422717578,-0.03075,-0.0102899811077011));
#12908=CARTESIAN_POINT('',(0.00939771034690706,-0.03075,0.015332361909795));
#12909=CARTESIAN_POINT('',(0.00746585869432892,-0.03075,0.01585));
#12910=CARTESIAN_POINT('',(0.00751877296494405,-0.03075,0.0138507001025446));
#12911=CARTESIAN_POINT('',(0.00757168723555916,-0.03075,0.01585));
#12912=CARTESIAN_POINT('',(0.00563983558298102,-0.03075,0.0163676380902051));
#12913=CARTESIAN_POINT('',(0.0103691388293903,-0.03075,0.0340176380902051));
#12914=CARTESIAN_POINT('',(0.0103691388293903,-0.03075,0.0340176380902051));
#12915=CARTESIAN_POINT('',(0.0123009904819685,-0.03075,0.0335));
#12916=CARTESIAN_POINT('',(0.0181951619407382,-0.03075,0.0335));
#12917=CARTESIAN_POINT('',(0.0182480762113534,-0.03075,0.0354992998974555));
#12918=CARTESIAN_POINT('',(0.0201270135933164,-0.03075,0.0329823619097949));
#12919=CARTESIAN_POINT('',(0.00813030043852909,-0.03075,-0.0117899811077011));
#12920=CARTESIAN_POINT('',(0.0153977103469071,-0.03075,0.015332361909795));
#12921=CARTESIAN_POINT('',(0.0134658586943289,-0.03075,0.01585));
#12922=CARTESIAN_POINT('',(0.013518772964944,-0.03075,0.0138507001025446));
#12923=CARTESIAN_POINT('',(0.0135716872355592,-0.03075,0.01585));
#12924=CARTESIAN_POINT('',(0.011639835582981,-0.03075,0.0163676380902051));
#12925=CARTESIAN_POINT('',(0.0163691388293903,-0.03075,0.0340176380902051));
#12926=CARTESIAN_POINT('',(0.0163691388293903,-0.03075,0.0340176380902051));
#12927=CARTESIAN_POINT('',(0.0183009904819685,-0.03075,0.0335));
#12928=CARTESIAN_POINT('',(0.0241951619407382,-0.03075,0.0335));
#12929=CARTESIAN_POINT('',(0.0242480762113534,-0.03075,0.0354992998974555));
#12930=CARTESIAN_POINT('',(0.0261270135933164,-0.03075,0.0329823619097949));
#12931=CARTESIAN_POINT('',(0.0137283766498824,-0.03075,-0.0132899811077011));
#12932=CARTESIAN_POINT('',(0.0213977103469071,-0.03075,0.015332361909795));
#12933=CARTESIAN_POINT('',(0.0194658586943289,-0.03075,0.01585));
#12934=CARTESIAN_POINT('',(0.019518772964944,-0.03075,0.0138507001025446));
#12935=CARTESIAN_POINT('',(0.0195716872355591,-0.03075,0.01585));
#12936=CARTESIAN_POINT('',(0.017639835582981,-0.03075,0.0163676380902051));
#12937=CARTESIAN_POINT('',(0.0223691388293904,-0.03075,0.0340176380902051));
#12938=CARTESIAN_POINT('',(0.0223691388293904,-0.03075,0.0340176380902051));
#12939=CARTESIAN_POINT('',(0.0243009904819684,-0.03075,0.0335));
#12940=CARTESIAN_POINT('',(0.0301951619407382,-0.03075,0.0335));
#12941=CARTESIAN_POINT('',(0.0302480762113533,-0.03075,0.0354992998974555));
#12942=CARTESIAN_POINT('',(0.0321270135933164,-0.03075,0.0329823619097949));
#12943=CARTESIAN_POINT('',(0.0193264528612357,-0.03075,-0.0147899811077011));
#12944=CARTESIAN_POINT('',(0.0273977103469071,-0.03075,0.015332361909795));
#12945=CARTESIAN_POINT('',(0.0254658586943289,-0.03075,0.01585));
#12946=CARTESIAN_POINT('',(0.0255187729649441,-0.03075,0.0138507001025446));
#12947=CARTESIAN_POINT('',(0.0255716872355591,-0.03075,0.01585));
#12948=CARTESIAN_POINT('',(0.023639835582981,-0.03075,0.0163676380902051));
#12949=CARTESIAN_POINT('',(0.0283691388293904,-0.03075,0.0340176380902051));
#12950=CARTESIAN_POINT('',(0.0283691388293904,-0.03075,0.0340176380902051));
#12951=CARTESIAN_POINT('',(0.0303009904819684,-0.03075,0.0335));
#12952=CARTESIAN_POINT('',(0.0315716872355591,-0.03075,0.01585));
#12953=CARTESIAN_POINT('',(0.031518772964944,-0.03075,0.0138507001025446));
#12954=CARTESIAN_POINT('',(0.029639835582981,-0.03075,0.0163676380902051));
#12955=CARTESIAN_POINT('',(0.0343691388293903,-0.03075,0.0340176380902051));
#12956=CARTESIAN_POINT('',(0.0343691388293903,-0.03075,0.0340176380902051));
#12957=CARTESIAN_POINT('',(0.0363009904819684,-0.03075,0.0335));
#12958=CARTESIAN_POINT('',(0.0362480762113533,-0.03075,0.0354992998974555));
#12959=CARTESIAN_POINT('',(0.0361951619407382,-0.03075,0.0335));
#12960=CARTESIAN_POINT('',(0.0381270135933163,-0.03075,0.0329823619097949));
#12961=CARTESIAN_POINT('',(0.0249245290725891,-0.03075,-0.0162899811077011));
#12962=CARTESIAN_POINT('',(0.033397710346907,-0.03075,0.015332361909795));
#12963=CARTESIAN_POINT('',(0.0314658586943289,-0.03075,0.01585));
#12964=CARTESIAN_POINT('',(-0.00580483805926178,-0.03075,0.0335));
#12965=CARTESIAN_POINT('',(-0.00575192378864672,-0.03075,0.0354992998974555));
#12966=CARTESIAN_POINT('',(-0.00387298640668363,-0.03075,0.0329823619097949));
#12967=CARTESIAN_POINT('',(-0.0142620044068842,-0.03075,-0.00578998110770116));
#12968=CARTESIAN_POINT('',(-0.00860228965309294,-0.03075,0.015332361909795));
#12969=CARTESIAN_POINT('',(-0.0105341413056711,-0.03075,0.01585));
#12970=CARTESIAN_POINT('',(-0.0105341413056711,-0.03075,0.01385));
#12971=CARTESIAN_POINT('',(0.00145,-0.03075,0.01385));
#12972=CARTESIAN_POINT('',(-0.0113,-0.03075,0.01385));
#12973=CARTESIAN_POINT('',(-0.0113,-0.03075,0.0202583993101028));
#12974=CARTESIAN_POINT('',(-0.0113,-0.03075,0.0203242255588965));
#12975=CARTESIAN_POINT('',(-0.00763086117060968,-0.03075,0.0340176380902051));
#12976=CARTESIAN_POINT('',(-0.00763086117060968,-0.03075,0.0340176380902051));
#12977=CARTESIAN_POINT('',(-0.00569900951803154,-0.03075,0.0335));
#12978=CARTESIAN_POINT('',(0.0375716872355592,-0.03075,0.01585));
#12979=CARTESIAN_POINT('',(0.0375716872355592,-0.03075,0.01385));
#12980=CARTESIAN_POINT('',(0.035639835582981,-0.03075,0.0163676380902051));
#12981=CARTESIAN_POINT('',(0.0376670370868555,-0.03075,0.0239332570998446));
#12982=CARTESIAN_POINT('',(0.03865,-0.03075,0.0276017246336559));
#12983=CARTESIAN_POINT('',(0.03865,-0.03075,-0.01));
#12984=CARTESIAN_POINT('',(0.03865,-0.03075,0.01385));
#12985=CARTESIAN_POINT('',(0.00145,-0.03075,0.01385));
#12986=CARTESIAN_POINT('',(-0.0313,-0.03075,0.0205));
#12987=CARTESIAN_POINT('',(-0.0313,-0.03075,0.0145));
#12988=CARTESIAN_POINT('',(0.00145,-0.03075,0.05));
#12989=CARTESIAN_POINT('',(-0.04375,-0.03075,0.05));
#12990=CARTESIAN_POINT('',(0.04665,-0.03075,0.05));
#12991=CARTESIAN_POINT('',(-0.04375,-0.03075,-0.01));
#12992=CARTESIAN_POINT('',(-0.04375,-0.03075,-0.0085));
#12993=CARTESIAN_POINT('',(0.04815,-0.03075,-0.0085));
#12994=CARTESIAN_POINT('',(0.04665,-0.03075,-0.0085));
#12995=CARTESIAN_POINT('',(0.04665,-0.03075,0.05));
#12996=CARTESIAN_POINT('',(-0.00715473,-0.03075,0.00265));
#12997=CARTESIAN_POINT('',(0.00184527,-0.03075,0.00265));
#12998=CARTESIAN_POINT('',(-0.00845473,-0.03075,0.00265));
#12999=CARTESIAN_POINT('',(-0.00845473,-0.03075,0.00805));
#13000=CARTESIAN_POINT('',(-0.00845473,-0.03075,0.00935));
#13001=CARTESIAN_POINT('',(0.00145,-0.03075,0.00935));
#13002=CARTESIAN_POINT('',(0.00184527,-0.03075,0.00935));
#13003=CARTESIAN_POINT('',(0.00184527,-0.03075,-0.01));
#13004=CARTESIAN_POINT('',(-0.02185473,-0.03075,0.00805));
#13005=CARTESIAN_POINT('',(-0.02185473,-0.03075,0.00265));
#13006=CARTESIAN_POINT('',(-0.02185473,-0.03075,0.00935));
#13007=CARTESIAN_POINT('',(0.00145,-0.03075,0.00935));
#13008=CARTESIAN_POINT('',(-0.01155473,-0.03075,0.00935));
#13009=CARTESIAN_POINT('',(-0.01155473,-0.03075,-0.01));
#13010=CARTESIAN_POINT('',(-0.01155473,-0.03075,0.00265));
#13011=CARTESIAN_POINT('',(-0.02055473,-0.03075,0.00265));
#13012=CARTESIAN_POINT('',(0.00145,-0.03075,0.00309));
#13013=CARTESIAN_POINT('',(-0.02538,-0.03075,0.00309));
#13014=CARTESIAN_POINT('',(-0.03722,-0.03075,0.00309));
#13015=CARTESIAN_POINT('',(-0.03722,-0.03075,-0.01));
#13016=CARTESIAN_POINT('',(-0.03722,-0.03075,0.00915));
#13017=CARTESIAN_POINT('',(-0.02668,-0.03075,0.00915));
#13018=CARTESIAN_POINT('',(-0.02538,-0.03075,0.00915));
#13019=CARTESIAN_POINT('',(-0.02538,-0.03075,0.00439));
#13020=CARTESIAN_POINT('',(-0.039625,-0.02825,0.05));
#13021=CARTESIAN_POINT('',(0.037173025802812,-0.02825,0.0294220310058321));
#13022=CARTESIAN_POINT('',(0.033397710346907,-0.02825,0.015332361909795));
#13023=CARTESIAN_POINT('',(0.0380647524072351,-0.02825,0.03275));
#13024=CARTESIAN_POINT('',(-0.039625,-0.02825,0.03275));
#13025=CARTESIAN_POINT('',(0.04565,-0.02825,0.03275));
#13026=CARTESIAN_POINT('',(0.04565,-0.02825,0.05));
#13027=CARTESIAN_POINT('',(0.04565,-0.02825,0.));
#13028=CARTESIAN_POINT('',(-0.039625,-0.02825,0.));
#13029=CARTESIAN_POINT('',(0.0215,-0.02825,0.));
#13030=CARTESIAN_POINT('',(0.0215,-0.02825,0.003));
#13031=CARTESIAN_POINT('',(0.0215,-0.02825,0.003));
#13032=CARTESIAN_POINT('',(0.019,-0.02825,0.003));
#13033=CARTESIAN_POINT('',(0.0165,-0.02825,0.003));
#13034=CARTESIAN_POINT('',(0.0165,-0.02825,0.003));
#13035=CARTESIAN_POINT('',(0.0165,-0.02825,0.));
#13036=CARTESIAN_POINT('',(-0.039625,-0.02825,0.));
#13037=CARTESIAN_POINT('',(-0.0365,-0.02825,0.));
#13038=CARTESIAN_POINT('',(-0.0365,-0.02825,0.003));
#13039=CARTESIAN_POINT('',(-0.0365,-0.02825,0.003));
#13040=CARTESIAN_POINT('',(-0.039625,-0.02825,0.003));
#13041=CARTESIAN_POINT('',(-0.039625,-0.02825,0.03275));
#13042=CARTESIAN_POINT('',(-0.0335,-0.02825,0.03275));
#13043=CARTESIAN_POINT('',(-0.0335,-0.02825,0.04025));
#13044=CARTESIAN_POINT('',(-0.0335,-0.02825,0.04525));
#13045=CARTESIAN_POINT('',(-0.039625,-0.02825,0.04525));
#13046=CARTESIAN_POINT('',(-0.039625,-0.02825,0.05));
#13047=CARTESIAN_POINT('',(0.04565,-0.02825,0.05));
#13048=CARTESIAN_POINT('',(0.04565,-0.02825,0.05));
#13049=CARTESIAN_POINT('',(0.04565,-0.02825,0.04525));
#13050=CARTESIAN_POINT('',(-0.039625,-0.02825,0.04525));
#13051=CARTESIAN_POINT('',(0.0364,-0.02825,0.04525));
#13052=CARTESIAN_POINT('',(0.0364,-0.02825,0.04025));
#13053=CARTESIAN_POINT('',(0.0364,-0.02825,0.0354894826889113));
#13054=CARTESIAN_POINT('',(0.0361951619407382,-0.02825,0.0335));
#13055=CARTESIAN_POINT('',(0.0362480762113532,-0.02825,0.0354992998974554));
#13056=CARTESIAN_POINT('',(0.0363009904819684,-0.02825,0.0335));
#13057=CARTESIAN_POINT('',(0.0343691388293903,-0.02825,0.0340176380902051));
#13058=CARTESIAN_POINT('',(0.029639835582981,-0.02825,0.0163676380902051));
#13059=CARTESIAN_POINT('',(0.029639835582981,-0.02825,0.0163676380902051));
#13060=CARTESIAN_POINT('',(0.0315716872355591,-0.02825,0.01585));
#13061=CARTESIAN_POINT('',(0.0315187729649439,-0.02825,0.0138507001025446));
#13062=CARTESIAN_POINT('',(0.0314658586943289,-0.02825,0.01585));
#13063=CARTESIAN_POINT('',(-0.00453414130567108,-0.02825,0.01585));
#13064=CARTESIAN_POINT('',(-0.00448122703505595,-0.02825,0.0138507001025446));
#13065=CARTESIAN_POINT('',(-0.00260228965309294,-0.02825,0.015332361909795));
#13066=CARTESIAN_POINT('',(0.00358456853469203,-0.02825,0.0384220310058321));
#13067=CARTESIAN_POINT('',(0.00212701359331635,-0.02825,0.0329823619097949));
#13068=CARTESIAN_POINT('',(0.000195161940738224,-0.02825,0.0335));
#13069=CARTESIAN_POINT('',(0.000248076211353316,-0.02825,0.0354992998974554));
#13070=CARTESIAN_POINT('',(0.000300990481968473,-0.02825,0.0335));
#13071=CARTESIAN_POINT('',(-0.00163086117060966,-0.02825,0.0340176380902051));
#13072=CARTESIAN_POINT('',(-0.00636016441701897,-0.02825,0.0163676380902051));
#13073=CARTESIAN_POINT('',(-0.00636016441701897,-0.02825,0.0163676380902051));
#13074=CARTESIAN_POINT('',(-0.00442831276444083,-0.02825,0.01585));
#13075=CARTESIAN_POINT('',(0.00146585869432892,-0.02825,0.01585));
#13076=CARTESIAN_POINT('',(0.00151877296494406,-0.02825,0.0138507001025446));
#13077=CARTESIAN_POINT('',(0.00339771034690705,-0.02825,0.015332361909795));
#13078=CARTESIAN_POINT('',(0.00918264474604534,-0.02825,0.0369220310058321));
#13079=CARTESIAN_POINT('',(0.00812701359331635,-0.02825,0.0329823619097949));
#13080=CARTESIAN_POINT('',(0.00619516194073822,-0.02825,0.0335));
#13081=CARTESIAN_POINT('',(0.0062480762113533,-0.02825,0.0354992998974554));
#13082=CARTESIAN_POINT('',(0.00630099048196847,-0.02825,0.0335));
#13083=CARTESIAN_POINT('',(0.00436913882939033,-0.02825,0.0340176380902051));
#13084=CARTESIAN_POINT('',(-0.000360164417018973,-0.02825,0.0163676380902051));
#13085=CARTESIAN_POINT('',(-0.000360164417018973,-0.02825,0.0163676380902051));
#13086=CARTESIAN_POINT('',(0.00157168723555916,-0.02825,0.01585));
#13087=CARTESIAN_POINT('',(0.00746585869432892,-0.02825,0.01585));
#13088=CARTESIAN_POINT('',(0.00751877296494404,-0.02825,0.0138507001025446));
#13089=CARTESIAN_POINT('',(0.00939771034690705,-0.02825,0.015332361909795));
#13090=CARTESIAN_POINT('',(0.0147807209573987,-0.02825,0.035422031005832));
#13091=CARTESIAN_POINT('',(0.0141270135933164,-0.02825,0.0329823619097949));
#13092=CARTESIAN_POINT('',(0.0121951619407382,-0.02825,0.0335));
#13093=CARTESIAN_POINT('',(0.0122480762113534,-0.02825,0.0354992998974555));
#13094=CARTESIAN_POINT('',(0.0123009904819685,-0.02825,0.0335));
#13095=CARTESIAN_POINT('',(0.0103691388293903,-0.02825,0.0340176380902051));
#13096=CARTESIAN_POINT('',(0.00563983558298101,-0.02825,0.0163676380902051));
#13097=CARTESIAN_POINT('',(0.00563983558298101,-0.02825,0.0163676380902051));
#13098=CARTESIAN_POINT('',(0.00757168723555916,-0.02825,0.01585));
#13099=CARTESIAN_POINT('',(0.0134658586943289,-0.02825,0.01585));
#13100=CARTESIAN_POINT('',(0.013518772964944,-0.02825,0.0138507001025446));
#13101=CARTESIAN_POINT('',(0.0153977103469071,-0.02825,0.015332361909795));
#13102=CARTESIAN_POINT('',(0.020378797168752,-0.02825,0.033922031005832));
#13103=CARTESIAN_POINT('',(0.0201270135933164,-0.02825,0.0329823619097949));
#13104=CARTESIAN_POINT('',(0.0181951619407382,-0.02825,0.0335));
#13105=CARTESIAN_POINT('',(0.0182480762113533,-0.02825,0.0354992998974554));
#13106=CARTESIAN_POINT('',(0.0183009904819685,-0.02825,0.0335));
#13107=CARTESIAN_POINT('',(0.0163691388293903,-0.02825,0.0340176380902051));
#13108=CARTESIAN_POINT('',(0.011639835582981,-0.02825,0.0163676380902051));
#13109=CARTESIAN_POINT('',(0.011639835582981,-0.02825,0.0163676380902051));
#13110=CARTESIAN_POINT('',(0.0135716872355592,-0.02825,0.01585));
#13111=CARTESIAN_POINT('',(0.0194658586943289,-0.02825,0.01585));
#13112=CARTESIAN_POINT('',(0.019518772964944,-0.02825,0.0138507001025446));
#13113=CARTESIAN_POINT('',(0.0213977103469071,-0.02825,0.015332361909795));
#13114=CARTESIAN_POINT('',(0.0259768733801053,-0.02825,0.032422031005832));
#13115=CARTESIAN_POINT('',(0.0261270135933164,-0.02825,0.0329823619097949));
#13116=CARTESIAN_POINT('',(0.0241951619407382,-0.02825,0.0335));
#13117=CARTESIAN_POINT('',(0.0242480762113533,-0.02825,0.0354992998974554));
#13118=CARTESIAN_POINT('',(0.0243009904819684,-0.02825,0.0335));
#13119=CARTESIAN_POINT('',(0.0223691388293904,-0.02825,0.0340176380902051));
#13120=CARTESIAN_POINT('',(0.017639835582981,-0.02825,0.0163676380902051));
#13121=CARTESIAN_POINT('',(0.017639835582981,-0.02825,0.0163676380902051));
#13122=CARTESIAN_POINT('',(0.0195716872355591,-0.02825,0.01585));
#13123=CARTESIAN_POINT('',(0.0254658586943289,-0.02825,0.01585));
#13124=CARTESIAN_POINT('',(0.025518772964944,-0.02825,0.0138507001025446));
#13125=CARTESIAN_POINT('',(0.0273977103469071,-0.02825,0.015332361909795));
#13126=CARTESIAN_POINT('',(0.0315749495914587,-0.02825,0.030922031005832));
#13127=CARTESIAN_POINT('',(0.0321270135933164,-0.02825,0.0329823619097949));
#13128=CARTESIAN_POINT('',(0.0301951619407382,-0.02825,0.0335));
#13129=CARTESIAN_POINT('',(0.0302480762113533,-0.02825,0.0354992998974554));
#13130=CARTESIAN_POINT('',(0.0303009904819684,-0.02825,0.0335));
#13131=CARTESIAN_POINT('',(0.0283691388293904,-0.02825,0.0340176380902051));
#13132=CARTESIAN_POINT('',(0.0236398355829811,-0.02825,0.0163676380902051));
#13133=CARTESIAN_POINT('',(0.0236398355829811,-0.02825,0.0163676380902051));
#13134=CARTESIAN_POINT('',(0.0255716872355591,-0.02825,0.01585));
#13135=CARTESIAN_POINT('',(-0.0105341413056711,-0.02825,0.01585));
#13136=CARTESIAN_POINT('',(-0.0105341413056711,-0.02825,0.01385));
#13137=CARTESIAN_POINT('',(-0.00860228965309295,-0.02825,0.015332361909795));
#13138=CARTESIAN_POINT('',(-0.00201350767666128,-0.02825,0.039922031005832));
#13139=CARTESIAN_POINT('',(-0.00387298640668364,-0.02825,0.0329823619097949));
#13140=CARTESIAN_POINT('',(-0.00580483805926178,-0.02825,0.0335));
#13141=CARTESIAN_POINT('',(-0.00575192378864659,-0.02825,0.0354992998974555));
#13142=CARTESIAN_POINT('',(-0.00569900951803154,-0.02825,0.0335));
#13143=CARTESIAN_POINT('',(-0.00763086117060967,-0.02825,0.0340176380902051));
#13144=CARTESIAN_POINT('',(-0.0112829629131445,-0.02825,0.0203878088326541));
#13145=CARTESIAN_POINT('',(-0.0113,-0.02825,0.0203242255588965));
#13146=CARTESIAN_POINT('',(-0.0113,-0.02825,0.01435));
#13147=CARTESIAN_POINT('',(-0.0113,-0.02825,0.01385));
#13148=CARTESIAN_POINT('',(-0.039625,-0.02825,0.01385));
#13149=CARTESIAN_POINT('',(0.03865,-0.02825,0.05));
#13150=CARTESIAN_POINT('',(0.03865,-0.02825,0.01385));
#13151=CARTESIAN_POINT('',(0.03865,-0.02825,0.0276017246336559));
#13152=CARTESIAN_POINT('',(0.0356398355829811,-0.02825,0.0163676380902051));
#13153=CARTESIAN_POINT('',(0.035639835582981,-0.02825,0.0163676380902051));
#13154=CARTESIAN_POINT('',(0.0375716872355592,-0.02825,0.01585));
#13155=CARTESIAN_POINT('',(0.0375716872355592,-0.02825,0.01385));
#13156=CARTESIAN_POINT('',(-0.039625,-0.02825,0.01385));
#13157=CARTESIAN_POINT('',(-0.0313,-0.02825,0.0205));
#13158=CARTESIAN_POINT('',(-0.0313,-0.02825,0.0265));
#13159=CARTESIAN_POINT('',(-0.00765473,-0.02825,0.00395));
#13160=CARTESIAN_POINT('',(-0.00765473,-0.02825,0.00805));
#13161=CARTESIAN_POINT('',(-0.00765473,-0.02825,0.00395));
#13162=CARTESIAN_POINT('',(-0.00330473,-0.02825,0.00395));
#13163=CARTESIAN_POINT('',(0.00104527,-0.02825,0.00395));
#13164=CARTESIAN_POINT('',(0.00104527,-0.02825,0.05));
#13165=CARTESIAN_POINT('',(0.00104527,-0.02825,0.00805));
#13166=CARTESIAN_POINT('',(-0.00330473,-0.02825,0.00805));
#13167=CARTESIAN_POINT('',(-0.0313,-0.02825,0.00785));
#13168=CARTESIAN_POINT('',(-0.02618,-0.02825,0.00785));
#13169=CARTESIAN_POINT('',(-0.03642,-0.02825,0.00785));
#13170=CARTESIAN_POINT('',(-0.03642,-0.02825,0.05));
#13171=CARTESIAN_POINT('',(-0.03642,-0.02825,0.00439));
#13172=CARTESIAN_POINT('',(-0.0313,-0.02825,0.00439));
#13173=CARTESIAN_POINT('',(-0.02618,-0.02825,0.00439));
#13174=CARTESIAN_POINT('',(-0.02618,-0.02825,0.00785));
#13175=CARTESIAN_POINT('',(-0.02105473,-0.02825,0.00395));
#13176=CARTESIAN_POINT('',(-0.02105473,-0.02825,0.00805));
#13177=CARTESIAN_POINT('',(-0.02105473,-0.02825,0.00395));
#13178=CARTESIAN_POINT('',(-0.01670473,-0.02825,0.00395));
#13179=CARTESIAN_POINT('',(-0.01235473,-0.02825,0.00395));
#13180=CARTESIAN_POINT('',(-0.01235473,-0.02825,0.05));
#13181=CARTESIAN_POINT('',(-0.01235473,-0.02825,0.00805));
#13182=CARTESIAN_POINT('',(-0.01670473,-0.02825,0.00805));
#13183=CARTESIAN_POINT('',(0.048152,0.04165,0.02));
#13184=CARTESIAN_POINT('',(-0.04125,0.04165,0.02));
#13185=CARTESIAN_POINT('',(-0.04125,0.04165,0.0236));
#13186=CARTESIAN_POINT('',(-0.04375,0.04165,0.02));
#13187=CARTESIAN_POINT('',(-0.04375,0.03805,0.02));
#13188=CARTESIAN_POINT('',(0.0152,-0.030752,0.042));
#13189=CARTESIAN_POINT('',(0.0152,0.06015,0.042));
#13190=CARTESIAN_POINT('',(0.0152,0.06015,0.043));
#13191=CARTESIAN_POINT('',(0.0152,0.06065,0.042));
#13192=CARTESIAN_POINT('',(0.0152,0.06065,0.043));
#13193=CARTESIAN_POINT('',(-0.0152,-0.030752,0.042));
#13194=CARTESIAN_POINT('',(-0.0152,0.06015,0.042));
#13195=CARTESIAN_POINT('',(-0.0152,0.06015,0.043));
#13196=CARTESIAN_POINT('',(-0.0152,0.06065,0.042));
#13197=CARTESIAN_POINT('',(-0.0152,0.06065,0.043));
#13198=CARTESIAN_POINT('',(-0.0152,-0.030752,0.0135));
#13199=CARTESIAN_POINT('',(-0.0152,0.06015,0.0135));
#13200=CARTESIAN_POINT('',(-0.0152,0.06015,0.0145));
#13201=CARTESIAN_POINT('',(-0.0152,0.06065,0.0135));
#13202=CARTESIAN_POINT('',(-0.0152,0.06065,0.0145));
#13203=CARTESIAN_POINT('',(0.0152,-0.030752,0.0135));
#13204=CARTESIAN_POINT('',(0.0152,0.06015,0.0135));
#13205=CARTESIAN_POINT('',(0.0152,0.06015,0.0145));
#13206=CARTESIAN_POINT('',(0.0152,0.06065,0.0135));
#13207=CARTESIAN_POINT('',(0.0152,0.06065,0.0145));
#13208=CARTESIAN_POINT('',(0.00144999999999999,0.06015,0.05));
#13209=CARTESIAN_POINT('',(0.0152,0.06015,0.042));
#13210=CARTESIAN_POINT('',(0.0152,0.06015,0.04375));
#13211=CARTESIAN_POINT('',(0.00144999999999999,0.06015,0.05));
#13212=CARTESIAN_POINT('',(-0.0152,0.06015,0.042));
#13213=CARTESIAN_POINT('',(-0.0152,0.06015,0.04375));
#13214=CARTESIAN_POINT('',(0.00144999999999999,0.06015,0.05));
#13215=CARTESIAN_POINT('',(0.0152,0.06015,0.0135));
#13216=CARTESIAN_POINT('',(0.0152,0.06015,0.01525));
#13217=CARTESIAN_POINT('',(0.00144999999999999,0.06015,0.05));
#13218=CARTESIAN_POINT('',(-0.0152,0.06015,0.0135));
#13219=CARTESIAN_POINT('',(-0.0152,0.06015,0.01525));
#13220=CARTESIAN_POINT('',(0.00144999999999999,0.06015,0.05));
#13221=CARTESIAN_POINT('',(0.04565,0.06015,0.05));
#13222=CARTESIAN_POINT('',(0.04565,0.06015,0.03275));
#13223=CARTESIAN_POINT('',(0.04565,0.06015,0.));
#13224=CARTESIAN_POINT('',(0.0364,0.06015,0.03275));
#13225=CARTESIAN_POINT('',(0.0364,0.06015,0.03275));
#13226=CARTESIAN_POINT('',(0.0364,0.06015,0.04025));
#13227=CARTESIAN_POINT('',(0.0364,0.06015,0.04525));
#13228=CARTESIAN_POINT('',(0.00144999999999999,0.06015,0.04525));
#13229=CARTESIAN_POINT('',(0.04565,0.06015,0.04525));
#13230=CARTESIAN_POINT('',(0.04565,0.06015,0.05));
#13231=CARTESIAN_POINT('',(0.04565,0.06015,0.05));
#13232=CARTESIAN_POINT('',(0.00144999999999999,0.06015,0.05));
#13233=CARTESIAN_POINT('',(0.00144999999999999,0.06015,0.04525));
#13234=CARTESIAN_POINT('',(-0.0335,0.06015,0.04525));
#13235=CARTESIAN_POINT('',(-0.0335,0.06015,0.04025));
#13236=CARTESIAN_POINT('',(-0.0335,0.06015,0.03275));
#13237=CARTESIAN_POINT('',(-0.04275,0.06015,0.03275));
#13238=CARTESIAN_POINT('',(0.00144999999999999,0.06015,0.));
#13239=CARTESIAN_POINT('',(-0.0179,0.06015,0.0392));
#13240=CARTESIAN_POINT('',(-0.0179,0.06015,0.01575));
#13241=CARTESIAN_POINT('',(-0.0179,0.06015,0.0392));
#13242=CARTESIAN_POINT('',(0.00144999999999998,0.06015,0.0392));
#13243=CARTESIAN_POINT('',(-0.0174,0.06015,0.0392));
#13244=CARTESIAN_POINT('',(-0.0174,0.06015,0.05));
#13245=CARTESIAN_POINT('',(-0.0174,0.06015,0.0445));
#13246=CARTESIAN_POINT('',(0.00144999999999999,0.06015,0.0445));
#13247=CARTESIAN_POINT('',(-0.005,0.06015,0.0445));
#13248=CARTESIAN_POINT('',(-0.005,0.06015,0.05));
#13249=CARTESIAN_POINT('',(-0.005,0.06015,0.042));
#13250=CARTESIAN_POINT('',(0.00144999999999999,0.06015,0.042));
#13251=CARTESIAN_POINT('',(0.005,0.06015,0.042));
#13252=CARTESIAN_POINT('',(0.005,0.06015,0.05));
#13253=CARTESIAN_POINT('',(0.005,0.06015,0.0445));
#13254=CARTESIAN_POINT('',(0.00144999999999999,0.06015,0.0445));
#13255=CARTESIAN_POINT('',(0.0174,0.06015,0.0445));
#13256=CARTESIAN_POINT('',(0.0174,0.06015,0.05));
#13257=CARTESIAN_POINT('',(0.0174,0.06015,0.0392));
#13258=CARTESIAN_POINT('',(0.00144999999999998,0.06015,0.0392));
#13259=CARTESIAN_POINT('',(0.0179,0.06015,0.0392));
#13260=CARTESIAN_POINT('',(0.0179,0.06015,0.05));
#13261=CARTESIAN_POINT('',(0.0179,0.06015,0.01575));
#13262=CARTESIAN_POINT('',(0.012325,0.06015,0.01575));
#13263=CARTESIAN_POINT('',(0.0174,0.06015,0.01575));
#13264=CARTESIAN_POINT('',(0.0174,0.06015,0.05));
#13265=CARTESIAN_POINT('',(0.0174,0.06015,0.011));
#13266=CARTESIAN_POINT('',(0.00144999999999998,0.06015,0.011));
#13267=CARTESIAN_POINT('',(-0.0174,0.06015,0.011));
#13268=CARTESIAN_POINT('',(-0.0174,0.06015,0.05));
#13269=CARTESIAN_POINT('',(-0.0174,0.06015,0.01575));
#13270=CARTESIAN_POINT('',(-0.012325,0.06015,0.01575));
#13271=CARTESIAN_POINT('',(0.04815,0.01595,-0.01));
#13272=CARTESIAN_POINT('',(0.04815,0.01595,0.05));
#13273=CARTESIAN_POINT('',(0.04815,0.06115,0.05));
#13274=CARTESIAN_POINT('',(0.04815,-0.02925,0.05));
#13275=CARTESIAN_POINT('',(0.04815,-0.02925,-0.01));
#13276=CARTESIAN_POINT('',(0.04815,-0.02925,-0.0085));
#13277=CARTESIAN_POINT('',(0.04815,0.01595,-0.0085));
#13278=CARTESIAN_POINT('',(0.04815,0.06115,-0.0085));
#13279=CARTESIAN_POINT('',(0.04815,0.06115,-0.01));
#13280=CARTESIAN_POINT('',(0.04815,-0.01775,0.01855));
#13281=CARTESIAN_POINT('',(0.04815,-0.0265,0.01855));
#13282=CARTESIAN_POINT('',(0.04815,-0.009,0.01855));
#13283=CARTESIAN_POINT('',(0.04815,-0.009,-0.01));
#13284=CARTESIAN_POINT('',(0.04815,-0.009,0.00475));
#13285=CARTESIAN_POINT('',(0.04815,-0.01775,0.00475));
#13286=CARTESIAN_POINT('',(0.04815,-0.0265,0.00475));
#13287=CARTESIAN_POINT('',(0.04815,-0.0265,0.01855));
#13288=CARTESIAN_POINT('',(0.04815,0.00915,0.0051));
#13289=CARTESIAN_POINT('',(0.04815,0.00915,0.0211));
#13290=CARTESIAN_POINT('',(0.04815,0.00915,0.0051));
#13291=CARTESIAN_POINT('',(0.04815,0.00110000000000002,0.0051));
#13292=CARTESIAN_POINT('',(0.04815,-0.00695,0.0051));
#13293=CARTESIAN_POINT('',(0.04815,-0.00695,-0.01));
#13294=CARTESIAN_POINT('',(0.04815,-0.00695,0.0211));
#13295=CARTESIAN_POINT('',(0.04815,0.00110000000000002,0.0211));
#13296=CARTESIAN_POINT('',(0.04815,0.0271,0.0051));
#13297=CARTESIAN_POINT('',(0.04815,0.0271,0.0211));
#13298=CARTESIAN_POINT('',(0.04815,0.0271,0.0051));
#13299=CARTESIAN_POINT('',(0.04815,0.01905,0.0051));
#13300=CARTESIAN_POINT('',(0.04815,0.011,0.0051));
#13301=CARTESIAN_POINT('',(0.04815,0.011,-0.01));
#13302=CARTESIAN_POINT('',(0.04815,0.011,0.0211));
#13303=CARTESIAN_POINT('',(0.04815,0.01905,0.0211));
#13304=CARTESIAN_POINT('',(0.00144999999999999,0.06265,-0.01));
#13305=CARTESIAN_POINT('',(0.0152,0.06265,0.0135));
#13306=CARTESIAN_POINT('',(0.0152,0.06265,0.01125));
#13307=CARTESIAN_POINT('',(-0.0152,0.06265,0.0135));
#13308=CARTESIAN_POINT('',(-0.0152,0.06265,0.01125));
#13309=CARTESIAN_POINT('',(-0.0152,0.06265,0.042));
#13310=CARTESIAN_POINT('',(-0.0152,0.06265,0.03975));
#13311=CARTESIAN_POINT('',(0.0152,0.06265,0.042));
#13312=CARTESIAN_POINT('',(0.0152,0.06265,0.03975));
#13313=CARTESIAN_POINT('',(0.0179,0.06265,-0.01));
#13314=CARTESIAN_POINT('',(0.0179,0.06265,0.0195));
#13315=CARTESIAN_POINT('',(0.0179,0.06265,0.0392));
#13316=CARTESIAN_POINT('',(2.0966226838961E-17,0.06265,0.0392));
#13317=CARTESIAN_POINT('',(-0.0179,0.06265,0.0392));
#13318=CARTESIAN_POINT('',(-0.0179,0.06265,0.02));
#13319=CARTESIAN_POINT('',(-0.0179,0.06265,0.0195));
#13320=CARTESIAN_POINT('',(0.0174,0.06265,0.0195));
#13321=CARTESIAN_POINT('',(0.00144999999999999,0.06265,-0.0085));
#13322=CARTESIAN_POINT('',(0.04665,0.06265,-0.0085));
#13323=CARTESIAN_POINT('',(-0.04375,0.06265,-0.0085));
#13324=CARTESIAN_POINT('',(-0.04375,0.06265,0.05));
#13325=CARTESIAN_POINT('',(-0.04375,0.06265,0.05));
#13326=CARTESIAN_POINT('',(0.00144999999999999,0.06265,0.05));
#13327=CARTESIAN_POINT('',(0.04665,0.06265,0.05));
#13328=CARTESIAN_POINT('',(0.04665,0.06265,-0.01));
#13329=CARTESIAN_POINT('',(0.00145,0.01595,-0.01));
#13330=CARTESIAN_POINT('',(-0.04375,0.06265,-0.01));
#13331=CARTESIAN_POINT('',(-0.04375,-0.02925,-0.01));
#13332=CARTESIAN_POINT('',(-0.04375,0.06115,-0.01));
#13333=CARTESIAN_POINT('',(0.00145,0.06115,-0.01));
#13334=CARTESIAN_POINT('',(0.04665,0.06115,-0.01));
#13335=CARTESIAN_POINT('',(0.04665,0.01595,-0.01));
#13336=CARTESIAN_POINT('',(0.04665,-0.02925,-0.01));
#13337=CARTESIAN_POINT('',(-0.04525,-0.02925,-0.01));
#13338=CARTESIAN_POINT('',(0.04565,0.01595,0.05));
#13339=CARTESIAN_POINT('',(0.04565,-0.019,0.03275));
#13340=CARTESIAN_POINT('',(0.04565,-0.019,0.03275));
#13341=CARTESIAN_POINT('',(0.04565,-0.019,0.04025));
#13342=CARTESIAN_POINT('',(0.04565,-0.019,0.04525));
#13343=CARTESIAN_POINT('',(0.04565,0.01595,0.04525));
#13344=CARTESIAN_POINT('',(0.04565,0.01595,0.05));
#13345=CARTESIAN_POINT('',(0.04565,0.01595,0.04525));
#13346=CARTESIAN_POINT('',(0.04565,0.0509,0.04525));
#13347=CARTESIAN_POINT('',(0.04565,0.0509,0.04025));
#13348=CARTESIAN_POINT('',(0.04565,0.0509,0.03275));
#13349=CARTESIAN_POINT('',(0.04565,0.06015,0.03275));
#13350=CARTESIAN_POINT('',(0.04565,0.01595,0.));
#13351=CARTESIAN_POINT('',(0.04565,-0.01775,0.00475));
#13352=CARTESIAN_POINT('',(0.04565,-0.009,0.00475));
#13353=CARTESIAN_POINT('',(0.04565,-0.0265,0.00475));
#13354=CARTESIAN_POINT('',(0.04565,-0.009,0.05));
#13355=CARTESIAN_POINT('',(0.04565,-0.009,0.01855));
#13356=CARTESIAN_POINT('',(0.04565,-0.01775,0.01855));
#13357=CARTESIAN_POINT('',(0.04565,-0.0265,0.01855));
#13358=CARTESIAN_POINT('',(0.04565,-0.0265,0.00475));
#13359=CARTESIAN_POINT('',(0.04565,0.00915,0.0211));
#13360=CARTESIAN_POINT('',(0.04565,0.00915,0.0051));
#13361=CARTESIAN_POINT('',(0.04565,0.00915,0.0211));
#13362=CARTESIAN_POINT('',(0.04565,0.00110000000000001,0.0211));
#13363=CARTESIAN_POINT('',(0.04565,-0.00695,0.0211));
#13364=CARTESIAN_POINT('',(0.04565,-0.00695,0.05));
#13365=CARTESIAN_POINT('',(0.04565,-0.00695,0.0051));
#13366=CARTESIAN_POINT('',(0.04565,0.00110000000000001,0.0051));
#13367=CARTESIAN_POINT('',(0.04565,0.0271,0.0211));
#13368=CARTESIAN_POINT('',(0.04565,0.0271,0.0051));
#13369=CARTESIAN_POINT('',(0.04565,0.0271,0.0211));
#13370=CARTESIAN_POINT('',(0.04565,0.01905,0.0211));
#13371=CARTESIAN_POINT('',(0.04565,0.011,0.0211));
#13372=CARTESIAN_POINT('',(0.04565,0.011,0.05));
#13373=CARTESIAN_POINT('',(0.04565,0.011,0.0051));
#13374=CARTESIAN_POINT('',(0.04565,0.01905,0.0051));
#13375=CARTESIAN_POINT('',(0.00145,0.01595,0.05));
#13376=CARTESIAN_POINT('',(-0.0445,0.0619,0.05));
#13377=CARTESIAN_POINT('',(-0.0445,-0.03,0.05));
#13378=CARTESIAN_POINT('',(0.0474,-0.03,0.05));
#13379=CARTESIAN_POINT('',(0.0474,0.0619,0.05));
#13380=CARTESIAN_POINT('',(0.00145,0.01595,0.));
#13381=CARTESIAN_POINT('',(0.00145,0.0061,0.));
#13382=CARTESIAN_POINT('',(-0.04025,0.0061,0.));
#13383=CARTESIAN_POINT('',(-0.0435,0.0061,0.));
#13384=CARTESIAN_POINT('',(-0.04025,0.01595,0.));
#13385=CARTESIAN_POINT('',(-0.04025,-0.0059,0.));
#13386=CARTESIAN_POINT('',(0.00145,-0.0059,0.));
#13387=CARTESIAN_POINT('',(-0.0435,-0.0059,0.));
#13388=CARTESIAN_POINT('',(-0.04275,-0.00665,0.));
#13389=CARTESIAN_POINT('',(-0.04075,-0.022,0.));
#13390=CARTESIAN_POINT('',(-0.039,-0.022,0.));
#13391=CARTESIAN_POINT('',(-0.039,-0.0245,0.));
#13392=CARTESIAN_POINT('',(-0.0365,-0.0245,0.));
#13393=CARTESIAN_POINT('',(-0.0365,-0.028125,0.));
#13394=CARTESIAN_POINT('',(0.0165,-0.026375,0.));
#13395=CARTESIAN_POINT('',(0.0165,-0.0245,0.));
#13396=CARTESIAN_POINT('',(0.019,-0.0245,0.));
#13397=CARTESIAN_POINT('',(0.0215,-0.0245,0.));
#13398=CARTESIAN_POINT('',(0.0215,-0.026375,0.));
#13399=CARTESIAN_POINT('',(-0.040875,0.027,0.));
#13400=CARTESIAN_POINT('',(-0.039,0.027,0.));
#13401=CARTESIAN_POINT('',(-0.039,0.0245,0.));
#13402=CARTESIAN_POINT('',(-0.039,0.022,0.));
#13403=CARTESIAN_POINT('',(-0.042625,0.022,0.));
#13404=CARTESIAN_POINT('',(-0.0435,0.0061,0.));
#13405=CARTESIAN_POINT('',(-0.0136,0.05315,0.));
#13406=CARTESIAN_POINT('',(-0.0111,0.05315,0.));
#13407=CARTESIAN_POINT('',(0.019,0.0245,0.));
#13408=CARTESIAN_POINT('',(0.0215,0.0245,0.));
#13409=CARTESIAN_POINT('',(-0.0136,0.03415,0.));
#13410=CARTESIAN_POINT('',(-0.0111,0.03415,0.));
#13411=CARTESIAN_POINT('',(0.0424,0.03415,0.));
#13412=CARTESIAN_POINT('',(0.0449,0.03415,0.));
#13413=CARTESIAN_POINT('',(0.0424,0.05315,0.));
#13414=CARTESIAN_POINT('',(0.0449,0.05315,0.));
#13415=CARTESIAN_POINT('',(-0.039,-0.0245,0.003));
#13416=CARTESIAN_POINT('',(-0.039,-0.022,0.003));
#13417=CARTESIAN_POINT('',(-0.039,-0.022,0.003));
#13418=CARTESIAN_POINT('',(-0.039,-0.0245,0.003));
#13419=CARTESIAN_POINT('',(-0.0365,-0.0245,0.003));
#13420=CARTESIAN_POINT('',(-0.0365,-0.0245,0.003));
#13421=CARTESIAN_POINT('',(-0.04075,-0.022,0.003));
#13422=CARTESIAN_POINT('',(-0.04075,-0.022,0.003));
#13423=CARTESIAN_POINT('',(-0.039,-0.0245,0.003));
#13424=CARTESIAN_POINT('',(-0.039,-0.0245,0.003));
#13425=CARTESIAN_POINT('',(-0.038,-0.0245,0.003));
#13426=CARTESIAN_POINT('',(-0.039,-0.0245,-0.008));
#13427=CARTESIAN_POINT('',(-0.038,-0.0245,-0.008));
#13428=CARTESIAN_POINT('',(-0.0365,-0.028125,0.003));
#13429=CARTESIAN_POINT('',(-0.0365,-0.028125,0.003));
#13430=CARTESIAN_POINT('',(0.00145,0.01595,0.003));
#13431=CARTESIAN_POINT('',(0.0424,0.05315,0.003));
#13432=CARTESIAN_POINT('',(0.0424,0.05315,0.003));
#13433=CARTESIAN_POINT('',(0.0434,0.05315,0.003));
#13434=CARTESIAN_POINT('',(0.0424,0.05315,-0.008));
#13435=CARTESIAN_POINT('',(0.0434,0.05315,-0.008));
#13436=CARTESIAN_POINT('',(0.0424,0.05315,0.003));
#13437=CARTESIAN_POINT('',(0.0424,0.05315,0.003));
#13438=CARTESIAN_POINT('',(0.0449,0.05315,0.003));
#13439=CARTESIAN_POINT('',(0.00145,0.01595,0.003));
#13440=CARTESIAN_POINT('',(0.0424,0.03415,0.003));
#13441=CARTESIAN_POINT('',(0.0424,0.03415,0.003));
#13442=CARTESIAN_POINT('',(0.0434,0.03415,0.003));
#13443=CARTESIAN_POINT('',(0.0424,0.03415,-0.008));
#13444=CARTESIAN_POINT('',(0.0434,0.03415,-0.008));
#13445=CARTESIAN_POINT('',(0.0424,0.03415,0.003));
#13446=CARTESIAN_POINT('',(0.0424,0.03415,0.003));
#13447=CARTESIAN_POINT('',(0.0449,0.03415,0.003));
#13448=CARTESIAN_POINT('',(0.00145,0.01595,0.003));
#13449=CARTESIAN_POINT('',(-0.0136,0.03415,0.003));
#13450=CARTESIAN_POINT('',(-0.0136,0.03415,0.003));
#13451=CARTESIAN_POINT('',(-0.0126,0.03415,0.003));
#13452=CARTESIAN_POINT('',(-0.0136,0.03415,-0.008));
#13453=CARTESIAN_POINT('',(-0.0126,0.03415,-0.008));
#13454=CARTESIAN_POINT('',(-0.0136,0.03415,0.003));
#13455=CARTESIAN_POINT('',(-0.0136,0.03415,0.003));
#13456=CARTESIAN_POINT('',(-0.0111,0.03415,0.003));
#13457=CARTESIAN_POINT('',(0.00145,0.01595,0.003));
#13458=CARTESIAN_POINT('',(-0.040875,0.027,0.003));
#13459=CARTESIAN_POINT('',(-0.040875,0.027,0.003));
#13460=CARTESIAN_POINT('',(-0.039,0.027,0.003));
#13461=CARTESIAN_POINT('',(-0.039,0.027,0.003));
#13462=CARTESIAN_POINT('',(-0.042625,0.022,0.003));
#13463=CARTESIAN_POINT('',(-0.039,0.022,0.003));
#13464=CARTESIAN_POINT('',(-0.039,0.022,0.003));
#13465=CARTESIAN_POINT('',(-0.042625,0.022,0.003));
#13466=CARTESIAN_POINT('',(-0.039,0.0245,0.003));
#13467=CARTESIAN_POINT('',(-0.039,0.0245,0.003));
#13468=CARTESIAN_POINT('',(-0.039,0.0245,0.003));
#13469=CARTESIAN_POINT('',(-0.039,0.0245,0.003));
#13470=CARTESIAN_POINT('',(-0.038,0.0245,0.003));
#13471=CARTESIAN_POINT('',(-0.039,0.0245,-0.008));
#13472=CARTESIAN_POINT('',(-0.038,0.0245,-0.008));
#13473=CARTESIAN_POINT('',(0.00145,0.01595,0.003));
#13474=CARTESIAN_POINT('',(0.019,0.0245,0.003));
#13475=CARTESIAN_POINT('',(0.019,0.0245,0.003));
#13476=CARTESIAN_POINT('',(0.02,0.0245,0.003));
#13477=CARTESIAN_POINT('',(0.019,0.0245,-0.008));
#13478=CARTESIAN_POINT('',(0.02,0.0245,-0.008));
#13479=CARTESIAN_POINT('',(0.019,0.0245,0.003));
#13480=CARTESIAN_POINT('',(0.019,0.0245,0.003));
#13481=CARTESIAN_POINT('',(0.0215,0.0245,0.003));
#13482=CARTESIAN_POINT('',(0.00145,0.01595,0.003));
#13483=CARTESIAN_POINT('',(0.0165,-0.026375,0.003));
#13484=CARTESIAN_POINT('',(0.0165,-0.026375,0.003));
#13485=CARTESIAN_POINT('',(0.0165,-0.0245,0.003));
#13486=CARTESIAN_POINT('',(0.0165,-0.0245,0.003));
#13487=CARTESIAN_POINT('',(0.0215,-0.026375,0.003));
#13488=CARTESIAN_POINT('',(0.0215,-0.0245,0.003));
#13489=CARTESIAN_POINT('',(0.0215,-0.0245,0.003));
#13490=CARTESIAN_POINT('',(0.0215,-0.026375,0.003));
#13491=CARTESIAN_POINT('',(0.019,-0.0245,0.003));
#13492=CARTESIAN_POINT('',(0.019,-0.0245,0.003));
#13493=CARTESIAN_POINT('',(0.019,-0.0245,0.003));
#13494=CARTESIAN_POINT('',(0.019,-0.0245,0.003));
#13495=CARTESIAN_POINT('',(0.02,-0.0245,0.003));
#13496=CARTESIAN_POINT('',(0.019,-0.0245,-0.008));
#13497=CARTESIAN_POINT('',(0.02,-0.0245,-0.008));
#13498=CARTESIAN_POINT('',(0.00145,0.01595,0.003));
#13499=CARTESIAN_POINT('',(-0.0136,0.05315,0.003));
#13500=CARTESIAN_POINT('',(-0.0136,0.05315,0.003));
#13501=CARTESIAN_POINT('',(-0.0126,0.05315,0.003));
#13502=CARTESIAN_POINT('',(-0.0136,0.05315,-0.008));
#13503=CARTESIAN_POINT('',(-0.0126,0.05315,-0.008));
#13504=CARTESIAN_POINT('',(-0.0136,0.05315,0.003));
#13505=CARTESIAN_POINT('',(-0.0136,0.05315,0.003));
#13506=CARTESIAN_POINT('',(-0.0111,0.05315,0.003));
#13507=CARTESIAN_POINT('',(0.00145,0.01595,0.003));
#13508=CARTESIAN_POINT('',(-0.045252,0.0266,0.0131));
#13509=CARTESIAN_POINT('',(-0.045252,0.0266,0.0051));
#13510=CARTESIAN_POINT('',(0.04615,0.0266,0.0051));
#13511=CARTESIAN_POINT('',(0.04765,0.0266,0.0051));
#13512=CARTESIAN_POINT('',(0.04765,0.0266,0.0211));
#13513=CARTESIAN_POINT('',(0.04765,0.0266,0.0211));
#13514=CARTESIAN_POINT('',(-0.045252,0.0266,0.0211));
#13515=CARTESIAN_POINT('',(0.04615,0.0266,0.0211));
#13516=CARTESIAN_POINT('',(0.04615,0.0266,0.0051));
#13517=CARTESIAN_POINT('',(-0.045252,0.01905,0.0051));
#13518=CARTESIAN_POINT('',(0.00422400000000005,-0.030426,0.0051));
#13519=CARTESIAN_POINT('',(0.04615,0.0115,0.0051));
#13520=CARTESIAN_POINT('',(-0.045252,0.0115,0.0051));
#13521=CARTESIAN_POINT('',(0.04765,0.0115,0.0051));
#13522=CARTESIAN_POINT('',(-0.00257600000000009,0.061726,0.0051));
#13523=CARTESIAN_POINT('',(-0.00257600000000006,-0.023626,0.0051));
#13524=CARTESIAN_POINT('',(0.004224,0.068526,0.0051));
#13525=CARTESIAN_POINT('',(-0.045252,0.01905,0.0211));
#13526=CARTESIAN_POINT('',(0.04565,0.0271,0.0211));
#13527=CARTESIAN_POINT('',(0.04815,0.0271,0.0211));
#13528=CARTESIAN_POINT('',(0.04765,0.0115,0.0211));
#13529=CARTESIAN_POINT('',(0.04765,0.0115,0.0211));
#13530=CARTESIAN_POINT('',(-0.045252,0.0115,0.0211));
#13531=CARTESIAN_POINT('',(0.04615,0.0115,0.0211));
#13532=CARTESIAN_POINT('',(0.04615,0.0115,0.0211));
#13533=CARTESIAN_POINT('',(-0.045252,0.0115,0.0131));
#13534=CARTESIAN_POINT('',(0.04765,0.0115,0.0131));
#13535=CARTESIAN_POINT('',(0.04615,0.0115,0.0131));
#13536=CARTESIAN_POINT('',(-0.045252,0.00865,0.0131));
#13537=CARTESIAN_POINT('',(-0.045252,0.00865,0.0051));
#13538=CARTESIAN_POINT('',(0.04615,0.00865,0.0051));
#13539=CARTESIAN_POINT('',(0.04765,0.00865,0.0051));
#13540=CARTESIAN_POINT('',(0.04765,0.00865,0.0211));
#13541=CARTESIAN_POINT('',(0.04765,0.00865,0.0211));
#13542=CARTESIAN_POINT('',(-0.045252,0.00865,0.0211));
#13543=CARTESIAN_POINT('',(0.04615,0.00865,0.0211));
#13544=CARTESIAN_POINT('',(0.04615,0.00865,0.0051));
#13545=CARTESIAN_POINT('',(-0.045252,0.00109999999999996,0.0051));
#13546=CARTESIAN_POINT('',(0.00422399999999984,-0.048376,0.0051));
#13547=CARTESIAN_POINT('',(0.04615,-0.00645,0.0051));
#13548=CARTESIAN_POINT('',(-0.045252,-0.00645,0.0051));
#13549=CARTESIAN_POINT('',(0.04765,-0.00645,0.0051));
#13550=CARTESIAN_POINT('',(-0.00257600000000008,0.043776,0.0051));
#13551=CARTESIAN_POINT('',(-0.00257599999999995,-0.041576,0.0051));
#13552=CARTESIAN_POINT('',(0.0042239999999999,0.050576,0.0051));
#13553=CARTESIAN_POINT('',(-0.045252,0.00109999999999996,0.0211));
#13554=CARTESIAN_POINT('',(0.04565,0.00915,0.0211));
#13555=CARTESIAN_POINT('',(0.04815,0.00915,0.0211));
#13556=CARTESIAN_POINT('',(0.04765,-0.00645,0.0211));
#13557=CARTESIAN_POINT('',(0.04765,-0.00645,0.0211));
#13558=CARTESIAN_POINT('',(-0.045252,-0.00645,0.0211));
#13559=CARTESIAN_POINT('',(0.04615,-0.00645,0.0211));
#13560=CARTESIAN_POINT('',(0.04615,-0.00645,0.0211));
#13561=CARTESIAN_POINT('',(-0.045252,-0.00645,0.0131));
#13562=CARTESIAN_POINT('',(0.04765,-0.00645,0.0131));
#13563=CARTESIAN_POINT('',(0.04615,-0.00645,0.0131));
#13564=CARTESIAN_POINT('',(-0.045252,-0.01775,0.01855));
#13565=CARTESIAN_POINT('',(0.04615,-0.0095,0.01855));
#13566=CARTESIAN_POINT('',(0.04615,-0.0095,0.01855));
#13567=CARTESIAN_POINT('',(-0.045252,-0.0095,0.01855));
#13568=CARTESIAN_POINT('',(0.04765,-0.0095,0.01855));
#13569=CARTESIAN_POINT('',(0.04765,-0.0095,0.01855));
#13570=CARTESIAN_POINT('',(0.04815,-0.0265,0.01855));
#13571=CARTESIAN_POINT('',(0.04765,-0.026,0.01855));
#13572=CARTESIAN_POINT('',(-0.045252,-0.026,0.01855));
#13573=CARTESIAN_POINT('',(0.04615,-0.026,0.01855));
#13574=CARTESIAN_POINT('',(0.04565,-0.0265,0.01855));
#13575=CARTESIAN_POINT('',(-0.045252,-0.0095,0.01165));
#13576=CARTESIAN_POINT('',(-0.045252,-0.0095,0.00475));
#13577=CARTESIAN_POINT('',(0.04615,-0.0095,0.00475));
#13578=CARTESIAN_POINT('',(0.04765,-0.0095,0.00475));
#13579=CARTESIAN_POINT('',(0.04765,-0.0095,0.01165));
#13580=CARTESIAN_POINT('',(0.04615,-0.0095,0.01165));
#13581=CARTESIAN_POINT('',(-0.045252,-0.026,0.01165));
#13582=CARTESIAN_POINT('',(0.04765,-0.026,0.00475));
#13583=CARTESIAN_POINT('',(0.04765,-0.026,0.00475));
#13584=CARTESIAN_POINT('',(-0.045252,-0.026,0.00475));
#13585=CARTESIAN_POINT('',(0.04615,-0.026,0.00475));
#13586=CARTESIAN_POINT('',(0.04615,-0.026,0.01855));
#13587=CARTESIAN_POINT('',(-0.045252,-0.01775,0.00475));
#13588=CARTESIAN_POINT('',(0.00457399999999807,-0.067576,0.00475));
#13589=CARTESIAN_POINT('',(-0.002926,0.024576,0.00475));
#13590=CARTESIAN_POINT('',(-0.00292600000000004,-0.060076,0.00475));
#13591=CARTESIAN_POINT('',(0.00457400000000018,0.032076,0.00475));
#13592=CARTESIAN_POINT('',(-0.0313,0.062652,0.00785));
#13593=CARTESIAN_POINT('',(0.016711,0.0146409999999997,0.00785));
#13594=CARTESIAN_POINT('',(-0.02668,-0.02875,0.00785));
#13595=CARTESIAN_POINT('',(-0.02668,0.062652,0.00785));
#13596=CARTESIAN_POINT('',(-0.02668,-0.02945,0.00785));
#13597=CARTESIAN_POINT('',(-0.03592,-0.02945,0.00785));
#13598=CARTESIAN_POINT('',(-0.03592,-0.02945,0.00785));
#13599=CARTESIAN_POINT('',(-0.03592,0.062652,0.00785));
#13600=CARTESIAN_POINT('',(-0.03592,-0.02875,0.00785));
#13601=CARTESIAN_POINT('',(-0.079311,0.0146409999999997,0.00785));
#13602=CARTESIAN_POINT('',(-0.03592,0.062652,0.00612));
#13603=CARTESIAN_POINT('',(-0.03592,0.062652,0.00439));
#13604=CARTESIAN_POINT('',(-0.03592,-0.02875,0.00439));
#13605=CARTESIAN_POINT('',(-0.03592,-0.02945,0.00439));
#13606=CARTESIAN_POINT('',(-0.03592,-0.02875,0.00612));
#13607=CARTESIAN_POINT('',(-0.03592,-0.02945,0.00612));
#13608=CARTESIAN_POINT('',(-0.02668,0.062652,0.00612));
#13609=CARTESIAN_POINT('',(-0.02668,-0.02875,0.00439));
#13610=CARTESIAN_POINT('',(-0.02668,-0.02875,0.00439));
#13611=CARTESIAN_POINT('',(-0.02668,0.062652,0.00439));
#13612=CARTESIAN_POINT('',(-0.02668,-0.02945,0.00439));
#13613=CARTESIAN_POINT('',(-0.02668,-0.02945,0.00785));
#13614=CARTESIAN_POINT('',(-0.0313,0.062652,0.00439));
#13615=CARTESIAN_POINT('',(-0.03592,-0.02875,0.00439));
#13616=CARTESIAN_POINT('',(-0.0313,-0.02945,0.00439));
#13617=CARTESIAN_POINT('',(-0.02618,-0.02825,0.00439));
#13618=CARTESIAN_POINT('',(-0.01670473,0.062652,0.00395));
#13619=CARTESIAN_POINT('',(-0.06433073,0.0150259999999997,0.00395));
#13620=CARTESIAN_POINT('',(-0.02055473,-0.02875,0.00395));
#13621=CARTESIAN_POINT('',(-0.02055473,0.062652,0.00395));
#13622=CARTESIAN_POINT('',(-0.02055473,-0.02945,0.00395));
#13623=CARTESIAN_POINT('',(-0.01285473,-0.02945,0.00395));
#13624=CARTESIAN_POINT('',(-0.01285473,-0.02945,0.00395));
#13625=CARTESIAN_POINT('',(-0.01285473,0.062652,0.00395));
#13626=CARTESIAN_POINT('',(-0.01285473,-0.02875,0.00395));
#13627=CARTESIAN_POINT('',(0.03092127,0.0150259999999997,0.00395));
#13628=CARTESIAN_POINT('',(-0.02055473,0.062652,0.006));
#13629=CARTESIAN_POINT('',(-0.02055473,-0.02875,0.00805));
#13630=CARTESIAN_POINT('',(-0.02055473,-0.02875,0.00805));
#13631=CARTESIAN_POINT('',(-0.02055473,0.062652,0.00805));
#13632=CARTESIAN_POINT('',(-0.02055473,-0.02945,0.00805));
#13633=CARTESIAN_POINT('',(-0.02055473,-0.02945,0.00395));
#13634=CARTESIAN_POINT('',(-0.01285473,0.062652,0.006));
#13635=CARTESIAN_POINT('',(-0.01285473,0.062652,0.00805));
#13636=CARTESIAN_POINT('',(-0.01285473,-0.02875,0.00805));
#13637=CARTESIAN_POINT('',(-0.01285473,-0.02945,0.00805));
#13638=CARTESIAN_POINT('',(-0.01285473,-0.02875,0.006));
#13639=CARTESIAN_POINT('',(-0.01285473,-0.02945,0.006));
#13640=CARTESIAN_POINT('',(-0.01670473,0.062652,0.00805));
#13641=CARTESIAN_POINT('',(-0.01285473,-0.02875,0.00805));
#13642=CARTESIAN_POINT('',(-0.01670473,-0.02945,0.00805));
#13643=CARTESIAN_POINT('',(-0.02105473,-0.02825,0.00805));
#13644=CARTESIAN_POINT('',(-0.00330473,0.062652,0.00395));
#13645=CARTESIAN_POINT('',(-0.05093073,0.0150259999999994,0.00395));
#13646=CARTESIAN_POINT('',(-0.00715473,-0.02875,0.00395));
#13647=CARTESIAN_POINT('',(-0.00715473,0.062652,0.00395));
#13648=CARTESIAN_POINT('',(-0.00715473,-0.02945,0.00395));
#13649=CARTESIAN_POINT('',(0.000545270000000007,-0.02945,0.00395));
#13650=CARTESIAN_POINT('',(0.000545270000000007,-0.02945,0.00395));
#13651=CARTESIAN_POINT('',(0.000545270000000007,0.062652,0.00395));
#13652=CARTESIAN_POINT('',(0.000545270000000007,-0.02875,0.00395));
#13653=CARTESIAN_POINT('',(0.04432127,0.0150259999999994,0.00395));
#13654=CARTESIAN_POINT('',(0.000545270000000007,0.062652,0.006));
#13655=CARTESIAN_POINT('',(0.000545270000000006,0.062652,0.00805));
#13656=CARTESIAN_POINT('',(0.000545270000000006,-0.02875,0.00805));
#13657=CARTESIAN_POINT('',(0.000545270000000006,-0.02945,0.00805));
#13658=CARTESIAN_POINT('',(0.000545270000000007,-0.02875,0.006));
#13659=CARTESIAN_POINT('',(0.000545270000000007,-0.02945,0.006));
#13660=CARTESIAN_POINT('',(-0.00715473,0.062652,0.006));
#13661=CARTESIAN_POINT('',(-0.00715473,-0.02875,0.00805));
#13662=CARTESIAN_POINT('',(-0.00715473,-0.02875,0.00805));
#13663=CARTESIAN_POINT('',(-0.00715473,0.062652,0.00805));
#13664=CARTESIAN_POINT('',(-0.00715473,-0.02945,0.00805));
#13665=CARTESIAN_POINT('',(-0.00715473,-0.02945,0.00395));
#13666=CARTESIAN_POINT('',(-0.00330473,0.062652,0.00805));
#13667=CARTESIAN_POINT('',(0.000545270000000007,-0.02875,0.00805));
#13668=CARTESIAN_POINT('',(-0.00330473,-0.02945,0.00805));
#13669=CARTESIAN_POINT('',(-0.00765473,-0.02825,0.00805));
#13670=CARTESIAN_POINT('',(-0.0313,0.062652,0.0205));
#13671=CARTESIAN_POINT('',(-0.0313,-0.02875,0.0205));
#13672=CARTESIAN_POINT('',(-0.0313,-0.02875,0.026));
#13673=CARTESIAN_POINT('',(-0.0313,-0.03025,0.0205));
#13674=CARTESIAN_POINT('',(-0.0313,-0.03025,0.015));
#13675=CARTESIAN_POINT('',(0.00184527,-0.03075,-0.01));
#13676=CARTESIAN_POINT('',(0.00606193666666668,-0.0349666666666667,-0.00156666666666667));
#13677=CARTESIAN_POINT('',(0.00171351333333334,-0.0306182433333334,0.00921824333333333));
#13678=CARTESIAN_POINT('',(0.00145,-0.03075,0.00935));
#13679=CARTESIAN_POINT('',(-0.00647139666666666,-0.0287666666666667,0.00736666666666667));
#13680=CARTESIAN_POINT('',(-0.00330473,-0.02945,0.00395));
#13681=CARTESIAN_POINT('',(-0.00647139666666666,-0.0287666666666667,0.00463333333333333));
#13682=CARTESIAN_POINT('',(-0.00715473,-0.02945,0.006));
#13683=CARTESIAN_POINT('',(-0.01670473,-0.02945,0.00395));
#13684=CARTESIAN_POINT('',(-0.0141380633333333,-0.0281666666666667,0.00523333333333333));
#13685=CARTESIAN_POINT('',(-0.0198713966666666,-0.0287666666666667,0.00463333333333333));
#13686=CARTESIAN_POINT('',(-0.02055473,-0.02945,0.006));
#13687=CARTESIAN_POINT('',(-0.0140864866666667,-0.0229817566666667,0.00158175666666667));
#13688=CARTESIAN_POINT('',(-0.01155473,-0.03075,-0.01));
#13689=CARTESIAN_POINT('',(-0.00721982,-0.03508491,0.01368491));
#13690=CARTESIAN_POINT('',(0.00145,-0.03075,0.00935));
#13691=CARTESIAN_POINT('',(-0.02668,-0.02945,0.00612));
#13692=CARTESIAN_POINT('',(-0.02822,-0.02791,0.00631));
#13693=CARTESIAN_POINT('',(-0.0272566666666667,-0.0288733333333334,0.00496666666666667));
#13694=CARTESIAN_POINT('',(0.00145,-0.03075,0.00309));
#13695=CARTESIAN_POINT('',(-0.0415833333333333,-0.0351133333333334,-0.00127333333333334));
#13696=CARTESIAN_POINT('',(-0.0313,-0.02945,0.00785));
#13697=CARTESIAN_POINT('',(-0.0308366666666667,-0.0243666666666667,0.00276666666666666));
#13698=CARTESIAN_POINT('',(-0.03722,-0.03075,-0.01));
#13699=CARTESIAN_POINT('',(0.017275,-0.030752,0.02));
#13700=CARTESIAN_POINT('',(0.0174,-0.030752,0.02));
#13701=CARTESIAN_POINT('',(0.0174,0.06165,0.02));
#13702=CARTESIAN_POINT('',(0.0174,0.06215,0.02));
#13703=CARTESIAN_POINT('',(-0.0174,0.06215,0.02));
#13704=CARTESIAN_POINT('',(-0.0174,0.06215,0.02));
#13705=CARTESIAN_POINT('',(-0.0174,-0.030752,0.02));
#13706=CARTESIAN_POINT('',(-0.0174,0.06165,0.02));
#13707=CARTESIAN_POINT('',(-0.017275,0.06165,0.02));
#13708=CARTESIAN_POINT('',(0.0174,-0.030752,0.029475));
#13709=CARTESIAN_POINT('',(0.0174,-0.030752,0.01575));
#13710=CARTESIAN_POINT('',(0.0174,0.06065,0.01575));
#13711=CARTESIAN_POINT('',(0.0174,0.06165,0.01575));
#13712=CARTESIAN_POINT('',(0.0174,0.06065,0.029475));
#13713=CARTESIAN_POINT('',(0.0174,0.06065,0.0392));
#13714=CARTESIAN_POINT('',(0.0174,-0.030752,0.0392));
#13715=CARTESIAN_POINT('',(0.0174,0.06215,0.0392));
#13716=CARTESIAN_POINT('',(0.0174,0.06215,0.029475));
#13717=CARTESIAN_POINT('',(0.0174,0.06165,0.017875));
#13718=CARTESIAN_POINT('',(-0.0174,-0.030752,0.029475));
#13719=CARTESIAN_POINT('',(-0.0174,0.0594,0.0392));
#13720=CARTESIAN_POINT('',(-0.0174,0.06065,0.0392));
#13721=CARTESIAN_POINT('',(-0.0174,0.06215,0.0392));
#13722=CARTESIAN_POINT('',(-0.0174,0.06065,0.01575));
#13723=CARTESIAN_POINT('',(-0.0174,0.06065,0.01575));
#13724=CARTESIAN_POINT('',(-0.0174,-0.030752,0.01575));
#13725=CARTESIAN_POINT('',(-0.0174,0.06165,0.01575));
#13726=CARTESIAN_POINT('',(-0.0174,0.06165,0.017875));
#13727=CARTESIAN_POINT('',(-0.0174,0.06215,0.0392));
#13728=CARTESIAN_POINT('',(-0.0174,0.0594,0.013375));
#13729=CARTESIAN_POINT('',(-0.0174,0.0594,0.01575));
#13730=CARTESIAN_POINT('',(-0.0174,0.0594,0.01575));
#13731=CARTESIAN_POINT('',(-0.0174,0.0594,0.011));
#13732=CARTESIAN_POINT('',(-0.0174,0.0594,0.011));
#13733=CARTESIAN_POINT('',(-0.0174,0.0594,0.013375));
#13734=CARTESIAN_POINT('',(-0.012325,0.0594,0.01575));
#13735=CARTESIAN_POINT('',(-0.012325,0.0594,0.01575));
#13736=CARTESIAN_POINT('',(-0.00775,0.0594,0.01575));
#13737=CARTESIAN_POINT('',(-0.0100375,0.0571125,0.01575));
#13738=CARTESIAN_POINT('',(-0.00725,0.0599,0.01575));
#13739=CARTESIAN_POINT('',(-0.00725,0.0594,0.01575));
#13740=CARTESIAN_POINT('',(-0.00725,0.06165,0.01575));
#13741=CARTESIAN_POINT('',(-0.012325,0.06165,0.01575));
#13742=CARTESIAN_POINT('',(-0.0179,0.06015,0.01575));
#13743=CARTESIAN_POINT('',(-0.00725,0.0594,0.01425));
#13744=CARTESIAN_POINT('',(-0.00725,0.0599,0.01275));
#13745=CARTESIAN_POINT('',(-0.00725,0.0599,0.01275));
#13746=CARTESIAN_POINT('',(-0.00725,0.0594,0.01275));
#13747=CARTESIAN_POINT('',(-0.00725,0.06165,0.01275));
#13748=CARTESIAN_POINT('',(-0.00725,0.06165,0.01425));
#13749=CARTESIAN_POINT('',(-1.64798730217796E-17,0.0594,0.01275));
#13750=CARTESIAN_POINT('',(-1.64798730217796E-17,0.0594,0.01275));
#13751=CARTESIAN_POINT('',(-0.00775,0.0594,0.01275));
#13752=CARTESIAN_POINT('',(0.00775,0.0594,0.01275));
#13753=CARTESIAN_POINT('',(0.00775,0.0594,0.01275));
#13754=CARTESIAN_POINT('',(0.00725,0.0599,0.01275));
#13755=CARTESIAN_POINT('',(0.00725,0.0594,0.01275));
#13756=CARTESIAN_POINT('',(0.00725,0.06165,0.01275));
#13757=CARTESIAN_POINT('',(-1.64798730217796E-17,0.06165,0.01275));
#13758=CARTESIAN_POINT('',(-0.00725,0.0599,0.01275));
#13759=CARTESIAN_POINT('',(0.00725,0.0594,0.01425));
#13760=CARTESIAN_POINT('',(0.00725,0.0599,0.01425));
#13761=CARTESIAN_POINT('',(0.00725,0.0599,0.01575));
#13762=CARTESIAN_POINT('',(0.00725,0.0594,0.01575));
#13763=CARTESIAN_POINT('',(0.00725,0.06165,0.01575));
#13764=CARTESIAN_POINT('',(0.00725,0.06165,0.01425));
#13765=CARTESIAN_POINT('',(0.012325,0.0594,0.01575));
#13766=CARTESIAN_POINT('',(0.0100375,0.0571125,0.01575));
#13767=CARTESIAN_POINT('',(0.00775,0.0594,0.01575));
#13768=CARTESIAN_POINT('',(0.012325,0.0594,0.01575));
#13769=CARTESIAN_POINT('',(0.0174,0.0594,0.01575));
#13770=CARTESIAN_POINT('',(0.0174,0.0594,0.01575));
#13771=CARTESIAN_POINT('',(0.0174,0.06065,0.01575));
#13772=CARTESIAN_POINT('',(0.012325,0.06165,0.01575));
#13773=CARTESIAN_POINT('',(0.0174,0.0594,0.013375));
#13774=CARTESIAN_POINT('',(0.0174,0.0594,0.013375));
#13775=CARTESIAN_POINT('',(0.0174,0.0594,0.011));
#13776=CARTESIAN_POINT('',(0.0174,0.0594,0.011));
#13777=CARTESIAN_POINT('',(0.0152,0.0594,0.0135));
#13778=CARTESIAN_POINT('',(0.0152,0.0594,0.0135));
#13779=CARTESIAN_POINT('',(0.0152,0.0594,0.01525));
#13780=CARTESIAN_POINT('',(-0.0152,0.0594,0.0135));
#13781=CARTESIAN_POINT('',(-0.0152,0.0594,0.0135));
#13782=CARTESIAN_POINT('',(-0.0152,0.0594,0.01525));
#13783=CARTESIAN_POINT('',(1.38777878078145E-17,0.0594,0.011));
#13784=CARTESIAN_POINT('',(1.38777878078145E-17,0.0594,0.011));
#13785=CARTESIAN_POINT('',(0.00144999999999999,0.0594,0.02));
#13786=CARTESIAN_POINT('',(-0.00775,0.0594,0.01575));
#13787=CARTESIAN_POINT('',(0.00775,0.0594,0.02));
#13788=CARTESIAN_POINT('',(-0.0174,0.0594,0.041725));
#13789=CARTESIAN_POINT('',(-0.0174,0.0594,0.0392));
#13790=CARTESIAN_POINT('',(-0.0174,0.0599,0.0392));
#13791=CARTESIAN_POINT('',(-0.0174,0.0583875,0.0407125));
#13792=CARTESIAN_POINT('',(-0.0174,0.0594,0.0397));
#13793=CARTESIAN_POINT('',(-0.0174,0.0594,0.041725));
#13794=CARTESIAN_POINT('',(-0.0174,0.0594,0.0445));
#13795=CARTESIAN_POINT('',(-0.0174,0.0594,0.0445));
#13796=CARTESIAN_POINT('',(-0.0112,0.0594,0.0445));
#13797=CARTESIAN_POINT('',(-0.0112,0.0594,0.0445));
#13798=CARTESIAN_POINT('',(-0.0055,0.0594,0.0445));
#13799=CARTESIAN_POINT('',(-0.00835,0.05655,0.0445));
#13800=CARTESIAN_POINT('',(-0.005,0.0599,0.0445));
#13801=CARTESIAN_POINT('',(-0.005,0.0594,0.0445));
#13802=CARTESIAN_POINT('',(-0.005,0.0594,0.04325));
#13803=CARTESIAN_POINT('',(-0.005,0.0599,0.042));
#13804=CARTESIAN_POINT('',(-0.005,0.0599,0.042));
#13805=CARTESIAN_POINT('',(-0.005,0.0594,0.042));
#13806=CARTESIAN_POINT('',(-1.38777878078145E-17,0.0594,0.042));
#13807=CARTESIAN_POINT('',(-1.38777878078145E-17,0.0594,0.042));
#13808=CARTESIAN_POINT('',(0.0055,0.0594,0.042));
#13809=CARTESIAN_POINT('',(-0.0055,0.0594,0.042));
#13810=CARTESIAN_POINT('',(0.00275,0.06215,0.042));
#13811=CARTESIAN_POINT('',(0.005,0.0599,0.042));
#13812=CARTESIAN_POINT('',(0.005,0.0594,0.042));
#13813=CARTESIAN_POINT('',(-0.00275,0.06215,0.042));
#13814=CARTESIAN_POINT('',(0.005,0.0594,0.04325));
#13815=CARTESIAN_POINT('',(0.005,0.0599,0.04325));
#13816=CARTESIAN_POINT('',(0.005,0.0599,0.0445));
#13817=CARTESIAN_POINT('',(0.005,0.0594,0.0445));
#13818=CARTESIAN_POINT('',(0.0112,0.0594,0.0445));
#13819=CARTESIAN_POINT('',(0.00835,0.05655,0.0445));
#13820=CARTESIAN_POINT('',(0.0055,0.0594,0.0445));
#13821=CARTESIAN_POINT('',(0.0112,0.0594,0.0445));
#13822=CARTESIAN_POINT('',(0.0174,0.0594,0.0445));
#13823=CARTESIAN_POINT('',(0.0174,0.0594,0.0445));
#13824=CARTESIAN_POINT('',(0.0152,0.0594,0.042));
#13825=CARTESIAN_POINT('',(0.0152,0.0594,0.042));
#13826=CARTESIAN_POINT('',(0.0152,0.0594,0.04375));
#13827=CARTESIAN_POINT('',(0.0174,0.0594,0.041725));
#13828=CARTESIAN_POINT('',(0.0174,0.0594,0.041725));
#13829=CARTESIAN_POINT('',(0.0174,0.0594,0.0397));
#13830=CARTESIAN_POINT('',(0.0174,0.0594,0.0397));
#13831=CARTESIAN_POINT('',(0.0174,0.0599,0.0392));
#13832=CARTESIAN_POINT('',(0.0174,-0.030752,0.0392));
#13833=CARTESIAN_POINT('',(-0.0152,0.0594,0.042));
#13834=CARTESIAN_POINT('',(-0.0152,0.0594,0.042));
#13835=CARTESIAN_POINT('',(-0.0152,0.0594,0.04375));
#13836=CARTESIAN_POINT('',(0.00144999999999999,0.0594,0.02));
#13837=CARTESIAN_POINT('',(0.00145,0.0594,0.0397));
#13838=CARTESIAN_POINT('',(0.0055,0.0594,0.02));
#13839=CARTESIAN_POINT('',(-0.0055,0.0594,0.0445));
#13840=CARTESIAN_POINT('',(0.00144999999999999,0.06165,0.02));
#13841=CARTESIAN_POINT('',(0.0152,0.06065,0.0135));
#13842=CARTESIAN_POINT('',(0.0152,0.06215,0.0135));
#13843=CARTESIAN_POINT('',(0.0152,0.06215,0.01175));
#13844=CARTESIAN_POINT('',(0.0152,0.06065,0.0135));
#13845=CARTESIAN_POINT('',(0.0152,0.06065,0.01525));
#13846=CARTESIAN_POINT('',(0.00144999999999999,0.06065,0.02));
#13847=CARTESIAN_POINT('',(-0.0152,0.06065,0.0135));
#13848=CARTESIAN_POINT('',(-0.0152,0.06215,0.0135));
#13849=CARTESIAN_POINT('',(-0.0152,0.06215,0.01175));
#13850=CARTESIAN_POINT('',(-0.0152,0.06065,0.0135));
#13851=CARTESIAN_POINT('',(-0.0152,0.06065,0.01525));
#13852=CARTESIAN_POINT('',(0.00144999999999999,0.06065,0.02));
#13853=CARTESIAN_POINT('',(-0.0152,0.06065,0.042));
#13854=CARTESIAN_POINT('',(-0.0152,0.06215,0.042));
#13855=CARTESIAN_POINT('',(-0.0152,0.06215,0.04025));
#13856=CARTESIAN_POINT('',(-0.0152,0.06065,0.042));
#13857=CARTESIAN_POINT('',(-0.0152,0.06065,0.04375));
#13858=CARTESIAN_POINT('',(0.00144999999999999,0.06065,0.02));
#13859=CARTESIAN_POINT('',(0.0152,0.06065,0.042));
#13860=CARTESIAN_POINT('',(0.0152,0.06215,0.042));
#13861=CARTESIAN_POINT('',(0.0152,0.06215,0.04025));
#13862=CARTESIAN_POINT('',(0.0152,0.06065,0.042));
#13863=CARTESIAN_POINT('',(0.0152,0.06065,0.04375));
#13864=CARTESIAN_POINT('',(0.00144999999999999,0.06065,0.02));
#13865=CARTESIAN_POINT('',(2.0966226838961E-17,-0.030752,0.0392));
#13866=CARTESIAN_POINT('',(2.0966226838961E-17,0.0599,0.0392));
#13867=CARTESIAN_POINT('',(-0.054401,0.023649,0.0392));
#13868=CARTESIAN_POINT('',(0.037751,0.006999,0.0392));
#13869=CARTESIAN_POINT('',(-0.037751,0.006999,0.0392));
#13870=CARTESIAN_POINT('',(0.054401,0.023649,0.0392));
#13871=CARTESIAN_POINT('',(-0.04025,0.000100000000000007,0.004458));
#13872=CARTESIAN_POINT('',(-0.04025,-0.0059,0.004458));
#13873=CARTESIAN_POINT('',(-0.0435,-0.0059,0.004458));
#13874=CARTESIAN_POINT('',(-0.04375,-0.0059,0.004458));
#13875=CARTESIAN_POINT('',(-0.04375,0.000100000000000008,0.004458));
#13876=CARTESIAN_POINT('',(-0.04375,0.0061,0.004458));
#13877=CARTESIAN_POINT('',(-0.04025,0.0061,0.004458));
#13878=CARTESIAN_POINT('',(-0.0435,0.0061,0.004458));
#13879=CARTESIAN_POINT('',(-0.0435,0.0061,0.004458));
#13880=CARTESIAN_POINT('',(-0.04275,-0.00665,0.004458));
#13881=CARTESIAN_POINT('',(-0.04025,0.0061,0.000483));
#13882=CARTESIAN_POINT('',(-0.0435,0.0061,0.004458));
#13883=CARTESIAN_POINT('',(-0.0400125,0.0061,0.00072050000000001));
#13884=CARTESIAN_POINT('',(-0.0445,0.0061,0.005208));
#13885=CARTESIAN_POINT('',(-0.0445,0.0061,-0.003492));
#13886=CARTESIAN_POINT('',(-0.0445,0.0061,-0.004242));
#13887=CARTESIAN_POINT('',(-0.0400125,0.0061,0.000245499999999993));
#13888=CARTESIAN_POINT('',(-0.04375,0.0061,-0.003492));
#13889=CARTESIAN_POINT('',(-0.04025,0.0061,-0.003492));
#13890=CARTESIAN_POINT('',(-0.04025,0.0061,-0.003492));
#13891=CARTESIAN_POINT('',(-0.04025,0.0061,0.000483));
#13892=CARTESIAN_POINT('',(-0.04025,0.000100000000000007,-0.003492));
#13893=CARTESIAN_POINT('',(-0.04375,-0.00665,-0.003492));
#13894=CARTESIAN_POINT('',(-0.04375,-0.0059,-0.003492));
#13895=CARTESIAN_POINT('',(-0.04025,-0.0059,-0.003492));
#13896=CARTESIAN_POINT('',(-0.04025,-0.0059,-0.003492));
#13897=CARTESIAN_POINT('',(-0.04025,0.000100000000000007,-0.003492));
#13898=CARTESIAN_POINT('',(-0.04025,-0.0059,0.000483));
#13899=CARTESIAN_POINT('',(-0.0435,-0.0059,0.000483));
#13900=CARTESIAN_POINT('',(-0.04025,-0.0059,0.000483));
#13901=CARTESIAN_POINT('',(-0.04375,-0.0059,-0.003492));
#13902=CARTESIAN_POINT('',(-0.0445,-0.0059,-0.004242));
#13903=CARTESIAN_POINT('',(-0.0445,-0.0059,0.000483));
#13904=CARTESIAN_POINT('',(-0.0445,-0.0059,0.005208));
#13905=CARTESIAN_POINT('',(-0.04525,-0.0059,0.005958));
#13906=CARTESIAN_POINT('',(-0.04025,0.01595,0.02));
#13907=CARTESIAN_POINT('',(-0.04025,-0.0096,0.0061));
#13908=CARTESIAN_POINT('',(-0.0435,-0.0096,0.0061));
#13909=CARTESIAN_POINT('',(-0.0435,-0.0096,0.0041));
#13910=CARTESIAN_POINT('',(-0.0445,-0.0096,0.0061));
#13911=CARTESIAN_POINT('',(-0.0445,-0.0096,0.0081));
#13912=CARTESIAN_POINT('',(-0.0435,-0.0096,0.0061));
#13913=CARTESIAN_POINT('',(-0.04275,-0.00665,0.05));
#13914=CARTESIAN_POINT('',(-0.0435,0.0061,0.000483));
#13915=CARTESIAN_POINT('',(-0.0445,-0.0096,0.0061));
#13916=CARTESIAN_POINT('',(-0.04525,-0.00665,-0.01));
#13917=CARTESIAN_POINT('',(-0.0377166666666666,0.000883333333333356,-0.00157533333333332));
#13918=CARTESIAN_POINT('',(-0.042,-0.0034,-0.001742));
#13919=CARTESIAN_POINT('',(-0.0445,0.0061,0.000483));
#13920=CARTESIAN_POINT('',(-0.0482833333333334,0.00988333333333334,0.00899133333333333));
#13921=CARTESIAN_POINT('',(-0.042,0.0036,-0.001742));
#13922=CARTESIAN_POINT('',(-0.04375,0.000100000000000008,-0.003492));
#13923=CARTESIAN_POINT('',(-0.04525,0.01595,0.005958));
#13924=CARTESIAN_POINT('',(0.04665,-0.03075,-0.01));
#13925=CARTESIAN_POINT('',(0.04815,-0.02925,-0.0085));
#13926=CARTESIAN_POINT('',(0.04815,-0.02925,-0.0085));
#13927=CARTESIAN_POINT('',(0.04815,-0.02925,-0.0085));
#13928=CARTESIAN_POINT('',(0.04665,-0.03,-0.00925));
#13929=CARTESIAN_POINT('',(-0.04525,-0.02925,-0.01));
#13930=CARTESIAN_POINT('',(-0.04375,-0.03075,-0.0085));
#13931=CARTESIAN_POINT('',(0.00145,-0.03075,-0.0085));
#13932=CARTESIAN_POINT('',(-0.04375,-0.03075,-0.0085));
#13933=CARTESIAN_POINT('',(0.04665,0.01595,-0.01));
#13934=CARTESIAN_POINT('',(0.0474,0.06115,-0.00925));
#13935=CARTESIAN_POINT('',(0.04815,0.06115,-0.01));
#13936=CARTESIAN_POINT('',(0.04665,0.06265,-0.0085));
#13937=CARTESIAN_POINT('',(-0.04375,-0.03075,-0.0085));
#13938=CARTESIAN_POINT('',(-0.0445,-0.02925,-0.00925));
#13939=CARTESIAN_POINT('',(0.04665,0.06265,-0.0085));
#13940=CARTESIAN_POINT('',(0.04665,0.06265,-0.0085));
#13941=CARTESIAN_POINT('',(-0.04525,0.01595,-0.0085));
#13942=CARTESIAN_POINT('',(-0.04525,0.06115,-0.0085));
#13943=CARTESIAN_POINT('',(0.00145,0.06115,-0.01));
#13944=CARTESIAN_POINT('',(-0.04375,0.0619,-0.00925));
#13945=CARTESIAN_POINT('',(-0.04525,0.06115,-0.0085));
#13946=CARTESIAN_POINT('',(-0.04525,0.06115,-0.0085));
#13947=CARTESIAN_POINT('',(-0.04375,0.06265,-0.01));
#13948=CARTESIAN_POINT('',(-0.04075,0.01595,0.02));
#13949=CARTESIAN_POINT('',(-0.04075,0.04165,0.02));
#13950=CARTESIAN_POINT('',(-0.04075,0.03755,0.02));
#13951=CARTESIAN_POINT('',(-0.04075,0.04775,0.02));
#13952=CARTESIAN_POINT('',(-0.04075,0.04775,0.0327928932188135));
#13953=CARTESIAN_POINT('',(-0.04075,0.04775,0.00720710678118655));
#13954=CARTESIAN_POINT('',(-0.04075,0.0311193723026542,0.00927363397844968));
#13955=CARTESIAN_POINT('',(-0.04075,0.04825,0.0335));
#13956=CARTESIAN_POINT('',(-0.04075,0.01595,0.0335));
#13957=CARTESIAN_POINT('',(-0.04075,0.03505,0.0335));
#13958=CARTESIAN_POINT('',(-0.04075,0.0350472943640123,0.0335038263471086));
#13959=CARTESIAN_POINT('',(-0.04075,0.03555,0.0327928932188135));
#13960=CARTESIAN_POINT('',(-0.04075,0.03555,0.02));
#13961=CARTESIAN_POINT('',(-0.04075,0.03555,0.00720710678118655));
#13962=CARTESIAN_POINT('',(-0.04075,0.0350472943640122,0.00649617365289125));
#13963=CARTESIAN_POINT('',(-0.04075,0.03505,0.0065));
#13964=CARTESIAN_POINT('',(-0.04075,0.01595,0.0065));
#13965=CARTESIAN_POINT('',(-0.04075,0.04825,0.0065));
#13966=CARTESIAN_POINT('',(-0.04075,0.0311193723026544,0.0307263660215503));
#13967=CARTESIAN_POINT('',(-0.03475,0.03555,0.02));
#13968=CARTESIAN_POINT('',(-0.03525,0.03555,0.0125));
#13969=CARTESIAN_POINT('',(-0.03525,0.03555,0.0272928932188135));
#13970=CARTESIAN_POINT('',(-0.03525,0.03555,0.0127071067811865));
#13971=CARTESIAN_POINT('',(-0.0411035533905933,0.03555,0.00685355339059328));
#13972=CARTESIAN_POINT('',(-0.0351035533905933,0.03555,0.0271464466094067));
#13973=CARTESIAN_POINT('',(-0.03475,0.03305,0.02));
#13974=CARTESIAN_POINT('',(-0.031,0.03305,0.01625));
#13975=CARTESIAN_POINT('',(-0.03475,0.03305,0.0125));
#13976=CARTESIAN_POINT('',(-0.03475,0.03305,0.02));
#13977=CARTESIAN_POINT('',(-0.03475,0.03305,0.0275));
#13978=CARTESIAN_POINT('',(-0.031,0.03305,0.02375));
#13979=CARTESIAN_POINT('',(-0.03475,0.01595,0.02));
#13980=CARTESIAN_POINT('',(-0.03475,0.0343,0.0125));
#13981=CARTESIAN_POINT('',(-0.03475,0.03505,0.0125));
#13982=CARTESIAN_POINT('',(-0.03475,0.03505,0.0275));
#13983=CARTESIAN_POINT('',(-0.03475,0.03505,0.0275));
#13984=CARTESIAN_POINT('',(-0.03475,0.0343,0.0275));
#13985=CARTESIAN_POINT('',(-0.03475,0.04775,0.02));
#13986=CARTESIAN_POINT('',(-0.0313535533905933,0.04775,0.0166035533905933));
#13987=CARTESIAN_POINT('',(-0.03525,0.04775,0.0127071067811866));
#13988=CARTESIAN_POINT('',(-0.03525,0.04775,0.02));
#13989=CARTESIAN_POINT('',(-0.03525,0.04775,0.0272928932188135));
#13990=CARTESIAN_POINT('',(-0.0313535533905933,0.04775,0.0233964466094067));
#13991=CARTESIAN_POINT('',(-0.03475,0.05025,0.02));
#13992=CARTESIAN_POINT('',(-0.03475,0.05025,0.02));
#13993=CARTESIAN_POINT('',(-0.03475,0.05025,0.0275));
#13994=CARTESIAN_POINT('',(-0.03475,0.05025,0.0125));
#13995=CARTESIAN_POINT('',(-0.03475,0.05025,0.0125));
#13996=CARTESIAN_POINT('',(-0.04275,0.05025,0.0355));
#13997=CARTESIAN_POINT('',(-0.03475,0.01595,0.02));
#13998=CARTESIAN_POINT('',(-0.03475,0.049,0.0275));
#13999=CARTESIAN_POINT('',(-0.03475,0.04825,0.0275));
#14000=CARTESIAN_POINT('',(-0.03475,0.04825,0.02));
#14001=CARTESIAN_POINT('',(-0.03475,0.04825,0.0125));
#14002=CARTESIAN_POINT('',(-0.03475,0.049,0.0125));
#14003=CARTESIAN_POINT('',(-0.04375,0.04165,0.02));
#14004=CARTESIAN_POINT('',(-0.04425,0.04165,0.02));
#14005=CARTESIAN_POINT('',(-0.04425,0.04165,0.0375));
#14006=CARTESIAN_POINT('',(-0.04375,0.04165,0.02));
#14007=CARTESIAN_POINT('',(-0.04375,0.02415,0.02));
#14008=CARTESIAN_POINT('',(-0.04375,0.01595,0.02));
#14009=CARTESIAN_POINT('',(-0.03475,0.04165,0.0125));
#14010=CARTESIAN_POINT('',(-0.03475,0.03505,0.0125));
#14011=CARTESIAN_POINT('',(-0.03475,0.04825,0.0125));
#14012=CARTESIAN_POINT('',(-0.04275,-0.025125,0.0355));
#14013=CARTESIAN_POINT('',(-0.04075,0.03505,0.0335));
#14014=CARTESIAN_POINT('',(-0.04275,0.04825,0.0355));
#14015=CARTESIAN_POINT('',(-0.0179,0.06015,0.05));
#14016=CARTESIAN_POINT('',(0.0174,0.06065,0.029475));
#14017=CARTESIAN_POINT('',(0.00145,0.0594,0.0397));
#14018=CARTESIAN_POINT('',(0.0152,0.06215,0.0135));
#14019=CARTESIAN_POINT('',(-0.0152,0.06215,0.0135));
#14020=CARTESIAN_POINT('',(-0.0152,0.06215,0.042));
#14021=CARTESIAN_POINT('',(0.0152,0.06215,0.042));
#14022=CARTESIAN_POINT('',(-0.00725,0.0599,0.01425));
#14023=CARTESIAN_POINT('',(0.00775,0.0594,0.02));
#14024=CARTESIAN_POINT('',(-0.005,0.0599,0.04325));
#14025=CARTESIAN_POINT('',(0.0055,0.0594,0.02));
#14026=CARTESIAN_POINT('',(-0.0179,0.06265,-0.01));
#14027=CARTESIAN_POINT('',(-0.01145,0.0562,0.02595));
#14028=CARTESIAN_POINT('',(0.00144999999999999,0.06265,0.0195));
#14029=CARTESIAN_POINT('',(0.0142416666666667,0.0589916666666667,0.0231583333333334));
#14030=CARTESIAN_POINT('',(0.0174,0.06215,0.029475));
#14031=CARTESIAN_POINT('',(0.0368834245881487,0.062652,0.0190769237886467));
#14032=CARTESIAN_POINT('',(0.03815,0.062652,0.0238038475772933));
#14033=CARTESIAN_POINT('',(0.03815,-0.02875,0.0238038475772933));
#14034=CARTESIAN_POINT('',(0.03815,-0.03025,0.0238038475772933));
#14035=CARTESIAN_POINT('',(0.0361227984961256,-0.03025,0.0162382285676538));
#14036=CARTESIAN_POINT('',(0.0361227984961256,-0.03025,0.0162382285676538));
#14037=CARTESIAN_POINT('',(0.0361227984961256,0.062652,0.0162382285676538));
#14038=CARTESIAN_POINT('',(0.0361227984961256,-0.02875,0.0162382285676538));
#14039=CARTESIAN_POINT('',(0.03815,-0.02875,0.0238038475772933));
#14040=CARTESIAN_POINT('',(0.03815,0.062652,0.0190769237886467));
#14041=CARTESIAN_POINT('',(0.03815,0.062652,0.01435));
#14042=CARTESIAN_POINT('',(0.03815,-0.02875,0.01435));
#14043=CARTESIAN_POINT('',(0.03815,-0.03025,0.01435));
#14044=CARTESIAN_POINT('',(0.03815,-0.03025,0.0190769237886467));
#14045=CARTESIAN_POINT('',(0.03815,-0.02875,0.0190769237886467));
#14046=CARTESIAN_POINT('',(0.0368834245881487,0.062652,0.01435));
#14047=CARTESIAN_POINT('',(0.0375716872355592,0.062652,0.01435));
#14048=CARTESIAN_POINT('',(0.0375716872355592,-0.02875,0.01435));
#14049=CARTESIAN_POINT('',(0.0375716872355592,-0.03025,0.01435));
#14050=CARTESIAN_POINT('',(0.0368834245881487,-0.03025,0.01435));
#14051=CARTESIAN_POINT('',(0.0368834245881487,-0.02875,0.01435));
#14052=CARTESIAN_POINT('',(0.00538342458814869,0.062652,0.024675));
#14053=CARTESIAN_POINT('',(0.00291474743376252,-0.03075,0.0154617714323462));
#14054=CARTESIAN_POINT('',(0.00291474743376252,-0.02875,0.0154617714323462));
#14055=CARTESIAN_POINT('',(0.00291474743376252,-0.03025,0.0154617714323462));
#14056=CARTESIAN_POINT('',(0.00538342458814869,-0.03025,0.024675));
#14057=CARTESIAN_POINT('',(0.00764405068017183,-0.03025,0.0331117714323462));
#14058=CARTESIAN_POINT('',(0.00764405068017183,0.062652,0.0331117714323462));
#14059=CARTESIAN_POINT('',(0.00764405068017183,-0.02875,0.0331117714323462));
#14060=CARTESIAN_POINT('',(0.00538342458814869,-0.02875,0.024675));
#14061=CARTESIAN_POINT('',(0.00238342458814869,0.062652,0.024675));
#14062=CARTESIAN_POINT('',(0.00485210174253486,-0.03075,0.0338882285676538));
#14063=CARTESIAN_POINT('',(0.00485210174253486,-0.02875,0.0338882285676538));
#14064=CARTESIAN_POINT('',(0.00485210174253486,-0.03025,0.0338882285676538));
#14065=CARTESIAN_POINT('',(0.000122798496125557,-0.03025,0.0162382285676538));
#14066=CARTESIAN_POINT('',(0.000122798496125557,-0.03025,0.0162382285676538));
#14067=CARTESIAN_POINT('',(0.000122798496125557,0.062652,0.0162382285676538));
#14068=CARTESIAN_POINT('',(0.000122798496125557,-0.02875,0.0162382285676538));
#14069=CARTESIAN_POINT('',(0.00485210174253486,-0.02875,0.0338882285676538));
#14070=CARTESIAN_POINT('',(0.0113834245881487,0.062652,0.024675));
#14071=CARTESIAN_POINT('',(0.00891474743376252,-0.03075,0.0154617714323462));
#14072=CARTESIAN_POINT('',(0.00891474743376252,-0.02875,0.0154617714323462));
#14073=CARTESIAN_POINT('',(0.00891474743376252,-0.03025,0.0154617714323462));
#14074=CARTESIAN_POINT('',(0.0113834245881487,-0.03025,0.024675));
#14075=CARTESIAN_POINT('',(0.0136440506801718,-0.03025,0.0331117714323462));
#14076=CARTESIAN_POINT('',(0.0136440506801718,0.062652,0.0331117714323462));
#14077=CARTESIAN_POINT('',(0.0136440506801718,-0.02875,0.0331117714323462));
#14078=CARTESIAN_POINT('',(0.0113834245881487,-0.02875,0.024675));
#14079=CARTESIAN_POINT('',(0.00838342458814869,0.062652,0.024675));
#14080=CARTESIAN_POINT('',(0.0108521017425349,-0.03075,0.0338882285676538));
#14081=CARTESIAN_POINT('',(0.0108521017425349,-0.02875,0.0338882285676538));
#14082=CARTESIAN_POINT('',(0.0108521017425349,-0.03025,0.0338882285676538));
#14083=CARTESIAN_POINT('',(0.00612279849612556,-0.03025,0.0162382285676538));
#14084=CARTESIAN_POINT('',(0.00612279849612555,-0.03025,0.0162382285676538));
#14085=CARTESIAN_POINT('',(0.00612279849612555,0.062652,0.0162382285676538));
#14086=CARTESIAN_POINT('',(0.00612279849612555,-0.02875,0.0162382285676538));
#14087=CARTESIAN_POINT('',(0.0108521017425349,-0.02875,0.0338882285676538));
#14088=CARTESIAN_POINT('',(-0.0108,0.062652,0.0173041996550514));
#14089=CARTESIAN_POINT('',(-0.0108,0.062652,0.0202583993101028));
#14090=CARTESIAN_POINT('',(-0.0108,-0.02875,0.0202583993101028));
#14091=CARTESIAN_POINT('',(-0.0108,-0.03025,0.0202583993101028));
#14092=CARTESIAN_POINT('',(-0.0108,-0.03025,0.01435));
#14093=CARTESIAN_POINT('',(-0.0108,-0.03025,0.01435));
#14094=CARTESIAN_POINT('',(-0.0108,0.062652,0.01435));
#14095=CARTESIAN_POINT('',(-0.0108,-0.02875,0.01435));
#14096=CARTESIAN_POINT('',(-0.0108,-0.02875,0.0202583993101028));
#14097=CARTESIAN_POINT('',(-0.008825,0.062652,0.0276291996550514));
#14098=CARTESIAN_POINT('',(-0.00714789825746514,-0.03075,0.0338882285676538));
#14099=CARTESIAN_POINT('',(-0.00714789825746514,-0.02875,0.0338882285676538));
#14100=CARTESIAN_POINT('',(-0.00714789825746514,-0.03025,0.0338882285676538));
#14101=CARTESIAN_POINT('',(-0.0108,-0.03025,0.0202583993101028));
#14102=CARTESIAN_POINT('',(-0.00714789825746514,-0.02875,0.0338882285676538));
#14103=CARTESIAN_POINT('',(-0.0100915754118513,0.062652,0.01435));
#14104=CARTESIAN_POINT('',(-0.0100915754118513,-0.03025,0.01435));
#14105=CARTESIAN_POINT('',(-0.0105341413056711,-0.03025,0.01435));
#14106=CARTESIAN_POINT('',(-0.0105341413056711,-0.02825,0.01435));
#14107=CARTESIAN_POINT('',(-0.0105341413056711,-0.02875,0.01435));
#14108=CARTESIAN_POINT('',(-0.0100915754118513,-0.02875,0.01435));
#14109=CARTESIAN_POINT('',(-0.0066165754118513,0.062652,0.024675));
#14110=CARTESIAN_POINT('',(-0.00908525256623748,-0.03075,0.0154617714323462));
#14111=CARTESIAN_POINT('',(-0.00908525256623748,-0.02875,0.0154617714323462));
#14112=CARTESIAN_POINT('',(-0.00908525256623748,-0.03025,0.0154617714323462));
#14113=CARTESIAN_POINT('',(-0.0066165754118513,-0.03025,0.024675));
#14114=CARTESIAN_POINT('',(-0.00435594931982817,-0.03025,0.0331117714323462));
#14115=CARTESIAN_POINT('',(-0.00435594931982817,0.062652,0.0331117714323462));
#14116=CARTESIAN_POINT('',(-0.00435594931982817,-0.02875,0.0331117714323462));
#14117=CARTESIAN_POINT('',(-0.0066165754118513,-0.02875,0.024675));
#14118=CARTESIAN_POINT('',(-0.00361657541185131,0.062652,0.024675));
#14119=CARTESIAN_POINT('',(-0.00114789825746513,-0.03075,0.0338882285676538));
#14120=CARTESIAN_POINT('',(-0.00114789825746513,-0.02875,0.0338882285676538));
#14121=CARTESIAN_POINT('',(-0.00114789825746513,-0.03025,0.0338882285676538));
#14122=CARTESIAN_POINT('',(-0.00587720150387443,-0.03025,0.0162382285676538));
#14123=CARTESIAN_POINT('',(-0.00587720150387444,-0.03025,0.0162382285676538));
#14124=CARTESIAN_POINT('',(-0.00587720150387444,0.062652,0.0162382285676538));
#14125=CARTESIAN_POINT('',(-0.00587720150387444,-0.02875,0.0162382285676538));
#14126=CARTESIAN_POINT('',(-0.00114789825746513,-0.02875,0.0338882285676538));
#14127=CARTESIAN_POINT('',(-0.000616575411851305,0.062652,0.024675));
#14128=CARTESIAN_POINT('',(-0.00308525256623748,-0.03075,0.0154617714323462));
#14129=CARTESIAN_POINT('',(-0.00308525256623748,-0.02875,0.0154617714323462));
#14130=CARTESIAN_POINT('',(-0.00308525256623748,-0.03025,0.0154617714323462));
#14131=CARTESIAN_POINT('',(-0.000616575411851305,-0.03025,0.024675));
#14132=CARTESIAN_POINT('',(0.00164405068017183,-0.03025,0.0331117714323462));
#14133=CARTESIAN_POINT('',(0.00164405068017183,0.062652,0.0331117714323462));
#14134=CARTESIAN_POINT('',(0.00164405068017183,-0.02875,0.0331117714323462));
#14135=CARTESIAN_POINT('',(-0.000616575411851305,-0.02875,0.024675));
#14136=CARTESIAN_POINT('',(0.0263834245881487,0.062652,0.024675));
#14137=CARTESIAN_POINT('',(0.0288521017425349,-0.03075,0.0338882285676538));
#14138=CARTESIAN_POINT('',(0.0288521017425349,-0.02875,0.0338882285676538));
#14139=CARTESIAN_POINT('',(0.0288521017425349,-0.03025,0.0338882285676538));
#14140=CARTESIAN_POINT('',(0.0241227984961255,-0.03025,0.0162382285676538));
#14141=CARTESIAN_POINT('',(0.0241227984961255,-0.03025,0.0162382285676538));
#14142=CARTESIAN_POINT('',(0.0241227984961255,0.062652,0.0162382285676538));
#14143=CARTESIAN_POINT('',(0.0241227984961255,-0.02875,0.0162382285676538));
#14144=CARTESIAN_POINT('',(0.0288521017425349,-0.02875,0.0338882285676538));
#14145=CARTESIAN_POINT('',(0.0293834245881487,0.062652,0.024675));
#14146=CARTESIAN_POINT('',(0.0269147474337625,-0.03075,0.0154617714323462));
#14147=CARTESIAN_POINT('',(0.0269147474337625,-0.02875,0.0154617714323462));
#14148=CARTESIAN_POINT('',(0.0269147474337625,-0.03025,0.0154617714323462));
#14149=CARTESIAN_POINT('',(0.0293834245881487,-0.03025,0.024675));
#14150=CARTESIAN_POINT('',(0.0316440506801718,-0.03025,0.0331117714323462));
#14151=CARTESIAN_POINT('',(0.0316440506801718,0.062652,0.0331117714323462));
#14152=CARTESIAN_POINT('',(0.0316440506801718,-0.02875,0.0331117714323462));
#14153=CARTESIAN_POINT('',(0.0293834245881487,-0.02875,0.024675));
#14154=CARTESIAN_POINT('',(0.0323834245881487,0.062652,0.024675));
#14155=CARTESIAN_POINT('',(0.0348521017425348,-0.03075,0.0338882285676538));
#14156=CARTESIAN_POINT('',(0.0348521017425348,-0.02875,0.0338882285676538));
#14157=CARTESIAN_POINT('',(0.0348521017425348,-0.03025,0.0338882285676538));
#14158=CARTESIAN_POINT('',(0.0301227984961255,-0.03025,0.0162382285676538));
#14159=CARTESIAN_POINT('',(0.0301227984961255,-0.03025,0.0162382285676538));
#14160=CARTESIAN_POINT('',(0.0301227984961255,0.062652,0.0162382285676538));
#14161=CARTESIAN_POINT('',(0.0301227984961255,-0.02875,0.0162382285676538));
#14162=CARTESIAN_POINT('',(0.0348521017425348,-0.02875,0.0338882285676538));
#14163=CARTESIAN_POINT('',(0.0353834245881487,0.062652,0.024675));
#14164=CARTESIAN_POINT('',(0.0329147474337625,-0.03075,0.0154617714323462));
#14165=CARTESIAN_POINT('',(0.0329147474337625,-0.02875,0.0154617714323462));
#14166=CARTESIAN_POINT('',(0.0329147474337625,-0.03025,0.0154617714323462));
#14167=CARTESIAN_POINT('',(0.0353834245881487,-0.03025,0.024675));
#14168=CARTESIAN_POINT('',(0.0376440506801718,-0.03025,0.0331117714323462));
#14169=CARTESIAN_POINT('',(0.0376440506801718,0.062652,0.0331117714323462));
#14170=CARTESIAN_POINT('',(0.0376440506801718,-0.02875,0.0331117714323462));
#14171=CARTESIAN_POINT('',(0.0353834245881487,-0.02875,0.024675));
#14172=CARTESIAN_POINT('',(0.0173834245881487,0.062652,0.024675));
#14173=CARTESIAN_POINT('',(0.0149147474337625,-0.03075,0.0154617714323462));
#14174=CARTESIAN_POINT('',(0.0149147474337625,-0.02875,0.0154617714323462));
#14175=CARTESIAN_POINT('',(0.0149147474337625,-0.03025,0.0154617714323462));
#14176=CARTESIAN_POINT('',(0.0173834245881487,-0.03025,0.024675));
#14177=CARTESIAN_POINT('',(0.0196440506801718,-0.03025,0.0331117714323462));
#14178=CARTESIAN_POINT('',(0.0196440506801718,0.062652,0.0331117714323462));
#14179=CARTESIAN_POINT('',(0.0196440506801718,-0.02875,0.0331117714323462));
#14180=CARTESIAN_POINT('',(0.0173834245881487,-0.02875,0.024675));
#14181=CARTESIAN_POINT('',(0.0143834245881487,0.062652,0.024675));
#14182=CARTESIAN_POINT('',(0.0168521017425349,-0.03075,0.0338882285676538));
#14183=CARTESIAN_POINT('',(0.0168521017425349,-0.02875,0.0338882285676538));
#14184=CARTESIAN_POINT('',(0.0168521017425349,-0.03025,0.0338882285676538));
#14185=CARTESIAN_POINT('',(0.0121227984961256,-0.03025,0.0162382285676538));
#14186=CARTESIAN_POINT('',(0.0121227984961256,-0.03025,0.0162382285676538));
#14187=CARTESIAN_POINT('',(0.0121227984961256,0.062652,0.0162382285676538));
#14188=CARTESIAN_POINT('',(0.0121227984961256,-0.02875,0.0162382285676538));
#14189=CARTESIAN_POINT('',(0.0168521017425349,-0.02875,0.0338882285676538));
#14190=CARTESIAN_POINT('',(0.0203834245881487,0.062652,0.024675));
#14191=CARTESIAN_POINT('',(0.0228521017425348,-0.03075,0.0338882285676538));
#14192=CARTESIAN_POINT('',(0.0228521017425348,-0.02875,0.0338882285676538));
#14193=CARTESIAN_POINT('',(0.0228521017425348,-0.03025,0.0338882285676538));
#14194=CARTESIAN_POINT('',(0.0181227984961256,-0.03025,0.0162382285676538));
#14195=CARTESIAN_POINT('',(0.0181227984961256,-0.03025,0.0162382285676538));
#14196=CARTESIAN_POINT('',(0.0181227984961256,0.062652,0.0162382285676538));
#14197=CARTESIAN_POINT('',(0.0181227984961256,-0.02875,0.0162382285676538));
#14198=CARTESIAN_POINT('',(0.0228521017425348,-0.02875,0.0338882285676538));
#14199=CARTESIAN_POINT('',(0.0233834245881487,0.062652,0.024675));
#14200=CARTESIAN_POINT('',(0.0209147474337625,-0.03075,0.0154617714323462));
#14201=CARTESIAN_POINT('',(0.0209147474337625,-0.02875,0.0154617714323462));
#14202=CARTESIAN_POINT('',(0.0209147474337625,-0.03025,0.0154617714323462));
#14203=CARTESIAN_POINT('',(0.0233834245881487,-0.03025,0.024675));
#14204=CARTESIAN_POINT('',(0.0256440506801718,-0.03025,0.0331117714323462));
#14205=CARTESIAN_POINT('',(0.0256440506801718,0.062652,0.0331117714323462));
#14206=CARTESIAN_POINT('',(0.0256440506801718,-0.02875,0.0331117714323462));
#14207=CARTESIAN_POINT('',(0.0233834245881487,-0.02875,0.024675));
#14208=CARTESIAN_POINT('',(0.048152,-0.0194896088555099,0.01439616));
#14209=CARTESIAN_POINT('',(0.048152,-0.02075,0.01439616));
#14210=CARTESIAN_POINT('',(-0.04325,-0.02075,0.01439616));
#14211=CARTESIAN_POINT('',(-0.04475,-0.02075,0.01439616));
#14212=CARTESIAN_POINT('',(-0.04325,-0.0194896088555099,0.01439616));
#14213=CARTESIAN_POINT('',(-0.04325,-0.0201840557702818,0.01439616));
#14214=CARTESIAN_POINT('',(-0.04525,-0.0201840557702818,0.01439616));
#14215=CARTESIAN_POINT('',(-0.04475,-0.0201840557702818,0.01439616));
#14216=CARTESIAN_POINT('',(-0.04475,-0.0194896088555099,0.01439616));
#14217=CARTESIAN_POINT('',(0.048152,-0.0194896088555099,0.0191000037886467));
#14218=CARTESIAN_POINT('',(-0.04275,-0.0187351670308482,0.0162843885676538));
#14219=CARTESIAN_POINT('',(-0.04475,-0.0187351670308482,0.0162843885676538));
#14220=CARTESIAN_POINT('',(-0.04325,-0.0187351670308482,0.0162843885676538));
#14221=CARTESIAN_POINT('',(-0.04325,-0.0194896088555099,0.0191000037886467));
#14222=CARTESIAN_POINT('',(-0.04325,-0.02075,0.0238038475772933));
#14223=CARTESIAN_POINT('',(0.048152,-0.02075,0.0238038475772933));
#14224=CARTESIAN_POINT('',(-0.04475,-0.02075,0.0238038475772933));
#14225=CARTESIAN_POINT('',(-0.04475,-0.0194896088555099,0.0191000037886467));
#14226=CARTESIAN_POINT('',(0.048152,-0.02075,0.0191000037886467));
#14227=CARTESIAN_POINT('',(-0.04325,-0.02075,0.0191000037886467));
#14228=CARTESIAN_POINT('',(-0.04475,-0.02075,0.0191000037886467));
#14229=CARTESIAN_POINT('',(0.048152,0.01201039114449,0.02469808));
#14230=CARTESIAN_POINT('',(0.048152,0.00975594931982821,0.0331117714323462));
#14231=CARTESIAN_POINT('',(-0.04475,0.00975594931982823,0.0331117714323462));
#14232=CARTESIAN_POINT('',(-0.04325,0.00975594931982823,0.0331117714323462));
#14233=CARTESIAN_POINT('',(-0.04325,0.01201039114449,0.02469808));
#14234=CARTESIAN_POINT('',(-0.04325,0.0144728840315149,0.0155079314323462));
#14235=CARTESIAN_POINT('',(-0.04525,0.0144728840315149,0.0155079314323462));
#14236=CARTESIAN_POINT('',(-0.04475,0.0144728840315149,0.0155079314323462));
#14237=CARTESIAN_POINT('',(-0.04475,0.01201039114449,0.02469808));
#14238=CARTESIAN_POINT('',(0.048152,0.0150103911444901,0.02469808));
#14239=CARTESIAN_POINT('',(0.048152,0.0172648329691518,0.0162843885676538));
#14240=CARTESIAN_POINT('',(-0.04475,0.0172648329691518,0.0162843885676538));
#14241=CARTESIAN_POINT('',(-0.04325,0.0172648329691518,0.0162843885676538));
#14242=CARTESIAN_POINT('',(-0.04325,0.0125478982574652,0.0338882285676538));
#14243=CARTESIAN_POINT('',(-0.04325,0.0125478982574652,0.0338882285676538));
#14244=CARTESIAN_POINT('',(-0.04525,0.0125478982574652,0.0338882285676538));
#14245=CARTESIAN_POINT('',(-0.04475,0.0125478982574652,0.0338882285676538));
#14246=CARTESIAN_POINT('',(-0.04475,0.0172648329691518,0.0162843885676538));
#14247=CARTESIAN_POINT('',(0.048152,0.00901039114449003,0.02469808));
#14248=CARTESIAN_POINT('',(0.048152,0.0112648329691519,0.0162843885676538));
#14249=CARTESIAN_POINT('',(-0.04475,0.0112648329691519,0.0162843885676538));
#14250=CARTESIAN_POINT('',(-0.04325,0.0112648329691519,0.0162843885676538));
#14251=CARTESIAN_POINT('',(-0.04325,0.00654789825746518,0.0338882285676538));
#14252=CARTESIAN_POINT('',(-0.04325,0.00654789825746518,0.0338882285676538));
#14253=CARTESIAN_POINT('',(-0.04525,0.00654789825746518,0.0338882285676538));
#14254=CARTESIAN_POINT('',(-0.04475,0.00654789825746518,0.0338882285676538));
#14255=CARTESIAN_POINT('',(-0.04475,0.0112648329691519,0.0162843885676538));
#14256=CARTESIAN_POINT('',(0.048152,0.00601039114449003,0.02469808));
#14257=CARTESIAN_POINT('',(0.048152,0.00375594931982821,0.0331117714323462));
#14258=CARTESIAN_POINT('',(-0.04475,0.00375594931982823,0.0331117714323462));
#14259=CARTESIAN_POINT('',(-0.04325,0.00375594931982823,0.0331117714323462));
#14260=CARTESIAN_POINT('',(-0.04325,0.00601039114449005,0.02469808));
#14261=CARTESIAN_POINT('',(-0.04325,0.00847288403151491,0.0155079314323462));
#14262=CARTESIAN_POINT('',(-0.04525,0.00847288403151491,0.0155079314323462));
#14263=CARTESIAN_POINT('',(-0.04475,0.00847288403151491,0.0155079314323462));
#14264=CARTESIAN_POINT('',(-0.04475,0.00601039114449005,0.02469808));
#14265=CARTESIAN_POINT('',(0.048152,0.02115,0.0192866063290251));
#14266=CARTESIAN_POINT('',(-0.044,0.02115,0.0146099380945644));
#14267=CARTESIAN_POINT('',(-0.04475,0.02115,0.0146099380945644));
#14268=CARTESIAN_POINT('',(-0.04325,0.02115,0.0146099380945644));
#14269=CARTESIAN_POINT('',(-0.04325,0.02115,0.0241770526580503));
#14270=CARTESIAN_POINT('',(-0.04325,0.02115,0.0241770526580503));
#14271=CARTESIAN_POINT('',(0.048152,0.02115,0.0241770526580503));
#14272=CARTESIAN_POINT('',(-0.04475,0.02115,0.0241770526580503));
#14273=CARTESIAN_POINT('',(-0.04475,0.02115,0.0146099380945644));
#14274=CARTESIAN_POINT('',(0.048152,0.0197,0.0295885263290252));
#14275=CARTESIAN_POINT('',(-0.04325,0.0185478982574652,0.0338882285676538));
#14276=CARTESIAN_POINT('',(-0.04325,0.0185478982574652,0.0338882285676538));
#14277=CARTESIAN_POINT('',(-0.04525,0.0185478982574652,0.0338882285676538));
#14278=CARTESIAN_POINT('',(-0.04475,0.0185478982574652,0.0338882285676538));
#14279=CARTESIAN_POINT('',(-0.04475,0.02115,0.0241770526580503));
#14280=CARTESIAN_POINT('',(0.048152,0.01801039114449,0.02469808));
#14281=CARTESIAN_POINT('',(0.048152,0.0157559493198282,0.0331117714323462));
#14282=CARTESIAN_POINT('',(-0.04475,0.0157559493198282,0.0331117714323462));
#14283=CARTESIAN_POINT('',(-0.04325,0.0157559493198282,0.0331117714323462));
#14284=CARTESIAN_POINT('',(-0.04325,0.01801039114449,0.02469808));
#14285=CARTESIAN_POINT('',(-0.04325,0.0204728840315149,0.0155079314323462));
#14286=CARTESIAN_POINT('',(-0.04525,0.0204728840315149,0.0155079314323462));
#14287=CARTESIAN_POINT('',(-0.04475,0.0204728840315149,0.0155079314323462));
#14288=CARTESIAN_POINT('',(-0.04475,0.01801039114449,0.02469808));
#14289=CARTESIAN_POINT('',(0.048152,-0.00898960885550997,0.02469808));
#14290=CARTESIAN_POINT('',(0.048152,-0.00673516703084815,0.0162843885676538));
#14291=CARTESIAN_POINT('',(-0.04475,-0.00673516703084813,0.0162843885676538));
#14292=CARTESIAN_POINT('',(-0.04325,-0.00673516703084813,0.0162843885676538));
#14293=CARTESIAN_POINT('',(-0.04325,-0.0114521017425348,0.0338882285676538));
#14294=CARTESIAN_POINT('',(-0.04325,-0.0114521017425348,0.0338882285676538));
#14295=CARTESIAN_POINT('',(-0.04525,-0.0114521017425348,0.0338882285676538));
#14296=CARTESIAN_POINT('',(-0.04475,-0.0114521017425348,0.0338882285676538));
#14297=CARTESIAN_POINT('',(-0.04475,-0.00673516703084813,0.0162843885676538));
#14298=CARTESIAN_POINT('',(0.048152,-0.01198960885551,0.02469808));
#14299=CARTESIAN_POINT('',(0.048152,-0.0142440506801718,0.0331117714323462));
#14300=CARTESIAN_POINT('',(-0.04475,-0.0142440506801718,0.0331117714323462));
#14301=CARTESIAN_POINT('',(-0.04325,-0.0142440506801718,0.0331117714323462));
#14302=CARTESIAN_POINT('',(-0.04325,-0.01198960885551,0.02469808));
#14303=CARTESIAN_POINT('',(-0.04325,-0.00952711596848509,0.0155079314323462));
#14304=CARTESIAN_POINT('',(-0.04525,-0.00952711596848509,0.0155079314323462));
#14305=CARTESIAN_POINT('',(-0.04475,-0.00952711596848509,0.0155079314323462));
#14306=CARTESIAN_POINT('',(-0.04475,-0.0119896088555099,0.02469808));
#14307=CARTESIAN_POINT('',(0.048152,-0.01798960885551,0.02469808));
#14308=CARTESIAN_POINT('',(0.048152,-0.0202440506801718,0.0331117714323462));
#14309=CARTESIAN_POINT('',(-0.04475,-0.0202440506801718,0.0331117714323462));
#14310=CARTESIAN_POINT('',(-0.04325,-0.0202440506801718,0.0331117714323462));
#14311=CARTESIAN_POINT('',(-0.04325,-0.01798960885551,0.02469808));
#14312=CARTESIAN_POINT('',(-0.04325,-0.0155271159684851,0.0155079314323462));
#14313=CARTESIAN_POINT('',(-0.04525,-0.0155271159684851,0.0155079314323462));
#14314=CARTESIAN_POINT('',(-0.04475,-0.0155271159684851,0.0155079314323462));
#14315=CARTESIAN_POINT('',(-0.04475,-0.01798960885551,0.02469808));
#14316=CARTESIAN_POINT('',(0.048152,-0.01498960885551,0.02469808));
#14317=CARTESIAN_POINT('',(0.048152,-0.0127351670308481,0.0162843885676538));
#14318=CARTESIAN_POINT('',(-0.04475,-0.0127351670308481,0.0162843885676538));
#14319=CARTESIAN_POINT('',(-0.04325,-0.0127351670308481,0.0162843885676538));
#14320=CARTESIAN_POINT('',(-0.04325,-0.0174521017425348,0.0338882285676538));
#14321=CARTESIAN_POINT('',(-0.04325,-0.0174521017425348,0.0338882285676538));
#14322=CARTESIAN_POINT('',(-0.04525,-0.0174521017425348,0.0338882285676538));
#14323=CARTESIAN_POINT('',(-0.04475,-0.0174521017425348,0.0338882285676538));
#14324=CARTESIAN_POINT('',(-0.04475,-0.0127351670308481,0.0162843885676538));
#14325=CARTESIAN_POINT('',(0.048152,1.03911444900352E-05,0.02469808));
#14326=CARTESIAN_POINT('',(0.048152,-0.00224405068017178,0.0331117714323462));
#14327=CARTESIAN_POINT('',(-0.04475,-0.00224405068017177,0.0331117714323462));
#14328=CARTESIAN_POINT('',(-0.04325,-0.00224405068017177,0.0331117714323462));
#14329=CARTESIAN_POINT('',(-0.04325,1.03911444900478E-05,0.02469808));
#14330=CARTESIAN_POINT('',(-0.04325,0.00247288403151491,0.0155079314323462));
#14331=CARTESIAN_POINT('',(-0.04525,0.00247288403151492,0.0155079314323462));
#14332=CARTESIAN_POINT('',(-0.04475,0.00247288403151492,0.0155079314323462));
#14333=CARTESIAN_POINT('',(-0.04475,1.0391144490049E-05,0.02469808));
#14334=CARTESIAN_POINT('',(0.048152,0.00301039114449004,0.02469808));
#14335=CARTESIAN_POINT('',(0.048152,0.00526483296915186,0.0162843885676538));
#14336=CARTESIAN_POINT('',(-0.04475,0.00526483296915187,0.0162843885676538));
#14337=CARTESIAN_POINT('',(-0.04325,0.00526483296915187,0.0162843885676538));
#14338=CARTESIAN_POINT('',(-0.04325,0.000547898257465184,0.0338882285676538));
#14339=CARTESIAN_POINT('',(-0.04325,0.000547898257465185,0.0338882285676538));
#14340=CARTESIAN_POINT('',(-0.04525,0.000547898257465185,0.0338882285676538));
#14341=CARTESIAN_POINT('',(-0.04475,0.000547898257465185,0.0338882285676538));
#14342=CARTESIAN_POINT('',(-0.04475,0.00526483296915187,0.0162843885676538));
#14343=CARTESIAN_POINT('',(0.048152,-0.00598960885550997,0.02469808));
#14344=CARTESIAN_POINT('',(0.048152,-0.00824405068017178,0.0331117714323462));
#14345=CARTESIAN_POINT('',(-0.04475,-0.00824405068017177,0.0331117714323462));
#14346=CARTESIAN_POINT('',(-0.04325,-0.00824405068017177,0.0331117714323462));
#14347=CARTESIAN_POINT('',(-0.04325,-0.00598960885550995,0.02469808));
#14348=CARTESIAN_POINT('',(-0.04325,-0.00352711596848509,0.0155079314323462));
#14349=CARTESIAN_POINT('',(-0.04525,-0.00352711596848509,0.0155079314323462));
#14350=CARTESIAN_POINT('',(-0.04475,-0.00352711596848509,0.0155079314323462));
#14351=CARTESIAN_POINT('',(-0.04475,-0.00598960885550995,0.02469808));
#14352=CARTESIAN_POINT('',(0.048152,-0.00298960885550996,0.02469808));
#14353=CARTESIAN_POINT('',(0.048152,-0.000735167030848145,0.0162843885676538));
#14354=CARTESIAN_POINT('',(-0.04475,-0.000735167030848131,0.0162843885676538));
#14355=CARTESIAN_POINT('',(-0.04325,-0.000735167030848131,0.0162843885676538));
#14356=CARTESIAN_POINT('',(-0.04325,-0.00545210174253482,0.0338882285676538));
#14357=CARTESIAN_POINT('',(-0.04325,-0.00545210174253482,0.0338882285676538));
#14358=CARTESIAN_POINT('',(-0.04525,-0.00545210174253482,0.0338882285676538));
#14359=CARTESIAN_POINT('',(-0.04475,-0.00545210174253482,0.0338882285676538));
#14360=CARTESIAN_POINT('',(-0.04475,-0.00073516703084813,0.0162843885676538));
#14361=CARTESIAN_POINT('',(-0.0105341413056711,0.062652,0.01585));
#14362=CARTESIAN_POINT('',(-0.0105341413056711,-0.03025,0.01585));
#14363=CARTESIAN_POINT('',(-0.0105341413056711,-0.02875,0.01585));
#14364=CARTESIAN_POINT('',(0.048152,0.0219217727709485,0.01589616));
#14365=CARTESIAN_POINT('',(-0.04325,0.0219217727709485,0.01589616));
#14366=CARTESIAN_POINT('',(-0.04475,0.0219217727709485,0.01589616));
#14367=CARTESIAN_POINT('',(0.0361951619407382,0.062652,0.0335));
#14368=CARTESIAN_POINT('',(0.0361951619407382,-0.03025,0.0335));
#14369=CARTESIAN_POINT('',(0.0362480762113533,-0.03025,0.0349990664027872));
#14370=CARTESIAN_POINT('',(0.0362480762113533,-0.0295,0.0349990664027872));
#14371=CARTESIAN_POINT('',(0.0362480762113533,-0.02875,0.0349990664027872));
#14372=CARTESIAN_POINT('',(0.0361951619407382,-0.02875,0.0335));
#14373=CARTESIAN_POINT('',(0.0363009904819684,0.062652,0.0335));
#14374=CARTESIAN_POINT('',(0.0363009904819684,-0.03025,0.0335));
#14375=CARTESIAN_POINT('',(0.0363009904819684,-0.02875,0.0335));
#14376=CARTESIAN_POINT('',(0.0301951619407382,0.062652,0.0335));
#14377=CARTESIAN_POINT('',(0.0301951619407382,-0.03025,0.0335));
#14378=CARTESIAN_POINT('',(0.0302480762113534,-0.03025,0.0349990664027872));
#14379=CARTESIAN_POINT('',(0.0302480762113534,-0.0295,0.0349990664027872));
#14380=CARTESIAN_POINT('',(0.0302480762113534,-0.02875,0.0349990664027872));
#14381=CARTESIAN_POINT('',(0.0301951619407382,-0.02875,0.0335));
#14382=CARTESIAN_POINT('',(0.0303009904819684,0.062652,0.0335));
#14383=CARTESIAN_POINT('',(0.0303009904819684,-0.03025,0.0335));
#14384=CARTESIAN_POINT('',(0.0303009904819684,-0.02875,0.0335));
#14385=CARTESIAN_POINT('',(0.0241951619407382,0.062652,0.0335));
#14386=CARTESIAN_POINT('',(0.0241951619407382,-0.03025,0.0335));
#14387=CARTESIAN_POINT('',(0.0242480762113533,-0.03025,0.0349990664027872));
#14388=CARTESIAN_POINT('',(0.0242480762113533,-0.0295,0.0349990664027872));
#14389=CARTESIAN_POINT('',(0.0242480762113533,-0.02875,0.0349990664027872));
#14390=CARTESIAN_POINT('',(0.0241951619407382,-0.02875,0.0335));
#14391=CARTESIAN_POINT('',(0.0243009904819684,0.062652,0.0335));
#14392=CARTESIAN_POINT('',(0.0243009904819684,-0.03025,0.0335));
#14393=CARTESIAN_POINT('',(0.0243009904819684,-0.02875,0.0335));
#14394=CARTESIAN_POINT('',(0.0181951619407382,0.062652,0.0335));
#14395=CARTESIAN_POINT('',(0.0181951619407382,-0.03025,0.0335));
#14396=CARTESIAN_POINT('',(0.0182480762113533,-0.03025,0.0349990664027872));
#14397=CARTESIAN_POINT('',(0.0182480762113533,-0.0295,0.0349990664027872));
#14398=CARTESIAN_POINT('',(0.0182480762113533,-0.02875,0.0349990664027872));
#14399=CARTESIAN_POINT('',(0.0181951619407382,-0.02875,0.0335));
#14400=CARTESIAN_POINT('',(0.0183009904819685,0.062652,0.0335));
#14401=CARTESIAN_POINT('',(0.0183009904819685,-0.03025,0.0335));
#14402=CARTESIAN_POINT('',(0.0183009904819685,-0.02875,0.0335));
#14403=CARTESIAN_POINT('',(0.0121951619407382,0.062652,0.0335));
#14404=CARTESIAN_POINT('',(0.0121951619407382,-0.03025,0.0335));
#14405=CARTESIAN_POINT('',(0.0122480762113533,-0.03025,0.0349990664027872));
#14406=CARTESIAN_POINT('',(0.0122480762113533,-0.0295,0.0349990664027872));
#14407=CARTESIAN_POINT('',(0.0122480762113533,-0.02875,0.0349990664027872));
#14408=CARTESIAN_POINT('',(0.0121951619407382,-0.02875,0.0335));
#14409=CARTESIAN_POINT('',(0.0123009904819685,0.062652,0.0335));
#14410=CARTESIAN_POINT('',(0.0123009904819685,-0.03025,0.0335));
#14411=CARTESIAN_POINT('',(0.0123009904819685,-0.02875,0.0335));
#14412=CARTESIAN_POINT('',(0.00619516194073822,0.062652,0.0335));
#14413=CARTESIAN_POINT('',(0.00619516194073822,-0.03025,0.0335));
#14414=CARTESIAN_POINT('',(0.00624807621135335,-0.03025,0.0349990664027872));
#14415=CARTESIAN_POINT('',(0.00624807621135335,-0.0295,0.0349990664027872));
#14416=CARTESIAN_POINT('',(0.00624807621135335,-0.02875,0.0349990664027872));
#14417=CARTESIAN_POINT('',(0.00619516194073822,-0.02875,0.0335));
#14418=CARTESIAN_POINT('',(0.00630099048196847,0.062652,0.0335));
#14419=CARTESIAN_POINT('',(0.00630099048196847,-0.03025,0.0335));
#14420=CARTESIAN_POINT('',(0.00630099048196847,-0.02875,0.0335));
#14421=CARTESIAN_POINT('',(0.000195161940738224,0.062652,0.0335));
#14422=CARTESIAN_POINT('',(0.000195161940738224,-0.03025,0.0335));
#14423=CARTESIAN_POINT('',(0.000248076211353349,-0.03025,0.0349990664027872));
#14424=CARTESIAN_POINT('',(0.000248076211353349,-0.0295,0.0349990664027872));
#14425=CARTESIAN_POINT('',(0.000248076211353349,-0.02875,0.0349990664027872));
#14426=CARTESIAN_POINT('',(0.000195161940738224,-0.02875,0.0335));
#14427=CARTESIAN_POINT('',(0.000300990481968473,0.062652,0.0335));
#14428=CARTESIAN_POINT('',(0.000300990481968473,-0.03025,0.0335));
#14429=CARTESIAN_POINT('',(0.000300990481968473,-0.02875,0.0335));
#14430=CARTESIAN_POINT('',(-0.00580483805926178,0.062652,0.0335));
#14431=CARTESIAN_POINT('',(-0.00580483805926178,-0.03025,0.0335));
#14432=CARTESIAN_POINT('',(-0.00575192378864666,-0.03025,0.0349990664027872));
#14433=CARTESIAN_POINT('',(-0.00575192378864666,-0.0295,0.0349990664027872));
#14434=CARTESIAN_POINT('',(-0.00575192378864666,-0.02875,0.0349990664027872));
#14435=CARTESIAN_POINT('',(-0.00580483805926178,-0.02875,0.0335));
#14436=CARTESIAN_POINT('',(-0.00569900951803154,0.062652,0.0335));
#14437=CARTESIAN_POINT('',(-0.00569900951803154,-0.03025,0.0335));
#14438=CARTESIAN_POINT('',(-0.00569900951803154,-0.02875,0.0335));
#14439=CARTESIAN_POINT('',(0.00146585869432892,0.062652,0.01585));
#14440=CARTESIAN_POINT('',(0.00151877296494404,-0.0295,0.0143509335972128));
#14441=CARTESIAN_POINT('',(0.00151877296494404,-0.03025,0.0143509335972128));
#14442=CARTESIAN_POINT('',(0.00151877296494404,-0.02875,0.0143509335972128));
#14443=CARTESIAN_POINT('',(0.00146585869432892,-0.03025,0.01585));
#14444=CARTESIAN_POINT('',(0.00146585869432892,-0.02875,0.01585));
#14445=CARTESIAN_POINT('',(0.00157168723555916,0.062652,0.01585));
#14446=CARTESIAN_POINT('',(0.00157168723555916,-0.03025,0.01585));
#14447=CARTESIAN_POINT('',(0.00157168723555916,-0.02875,0.01585));
#14448=CARTESIAN_POINT('',(0.00746585869432892,0.062652,0.01585));
#14449=CARTESIAN_POINT('',(0.00751877296494404,-0.0295,0.0143509335972128));
#14450=CARTESIAN_POINT('',(0.00751877296494404,-0.03025,0.0143509335972128));
#14451=CARTESIAN_POINT('',(0.00751877296494404,-0.02875,0.0143509335972128));
#14452=CARTESIAN_POINT('',(0.00746585869432892,-0.03025,0.01585));
#14453=CARTESIAN_POINT('',(0.00746585869432892,-0.02875,0.01585));
#14454=CARTESIAN_POINT('',(0.00757168723555916,0.062652,0.01585));
#14455=CARTESIAN_POINT('',(0.00757168723555916,-0.03025,0.01585));
#14456=CARTESIAN_POINT('',(0.00757168723555916,-0.02875,0.01585));
#14457=CARTESIAN_POINT('',(0.0134658586943289,0.062652,0.01585));
#14458=CARTESIAN_POINT('',(0.013518772964944,-0.0295,0.0143509335972128));
#14459=CARTESIAN_POINT('',(0.013518772964944,-0.03025,0.0143509335972128));
#14460=CARTESIAN_POINT('',(0.013518772964944,-0.02875,0.0143509335972128));
#14461=CARTESIAN_POINT('',(0.0134658586943289,-0.03025,0.01585));
#14462=CARTESIAN_POINT('',(0.0134658586943289,-0.02875,0.01585));
#14463=CARTESIAN_POINT('',(0.0135716872355592,0.062652,0.01585));
#14464=CARTESIAN_POINT('',(0.0135716872355592,-0.03025,0.01585));
#14465=CARTESIAN_POINT('',(0.0135716872355592,-0.02875,0.01585));
#14466=CARTESIAN_POINT('',(0.0194658586943289,0.062652,0.01585));
#14467=CARTESIAN_POINT('',(0.019518772964944,-0.0295,0.0143509335972128));
#14468=CARTESIAN_POINT('',(0.019518772964944,-0.03025,0.0143509335972128));
#14469=CARTESIAN_POINT('',(0.019518772964944,-0.02875,0.0143509335972128));
#14470=CARTESIAN_POINT('',(0.0194658586943289,-0.03025,0.01585));
#14471=CARTESIAN_POINT('',(0.0194658586943289,-0.02875,0.01585));
#14472=CARTESIAN_POINT('',(0.0195716872355591,0.062652,0.01585));
#14473=CARTESIAN_POINT('',(0.0195716872355591,-0.03025,0.01585));
#14474=CARTESIAN_POINT('',(0.0195716872355591,-0.02875,0.01585));
#14475=CARTESIAN_POINT('',(0.0254658586943289,0.062652,0.01585));
#14476=CARTESIAN_POINT('',(0.0255187729649441,-0.0295,0.0143509335972128));
#14477=CARTESIAN_POINT('',(0.0255187729649441,-0.03025,0.0143509335972128));
#14478=CARTESIAN_POINT('',(0.0255187729649441,-0.02875,0.0143509335972128));
#14479=CARTESIAN_POINT('',(0.0254658586943289,-0.03025,0.01585));
#14480=CARTESIAN_POINT('',(0.0254658586943289,-0.02875,0.01585));
#14481=CARTESIAN_POINT('',(0.0255716872355591,0.062652,0.01585));
#14482=CARTESIAN_POINT('',(0.0255716872355591,-0.03025,0.01585));
#14483=CARTESIAN_POINT('',(0.0255716872355591,-0.02875,0.01585));
#14484=CARTESIAN_POINT('',(0.0314658586943289,0.062652,0.01585));
#14485=CARTESIAN_POINT('',(0.031518772964944,-0.0295,0.0143509335972128));
#14486=CARTESIAN_POINT('',(0.031518772964944,-0.03025,0.0143509335972128));
#14487=CARTESIAN_POINT('',(0.031518772964944,-0.02875,0.0143509335972128));
#14488=CARTESIAN_POINT('',(0.0314658586943289,-0.03025,0.01585));
#14489=CARTESIAN_POINT('',(0.0314658586943289,-0.02875,0.01585));
#14490=CARTESIAN_POINT('',(0.0315716872355591,0.062652,0.01585));
#14491=CARTESIAN_POINT('',(0.0315716872355591,-0.03025,0.01585));
#14492=CARTESIAN_POINT('',(0.0315716872355591,-0.02875,0.01585));
#14493=CARTESIAN_POINT('',(0.0375716872355592,0.062652,0.01585));
#14494=CARTESIAN_POINT('',(0.0375716872355592,-0.03025,0.01585));
#14495=CARTESIAN_POINT('',(0.0375716872355592,-0.02875,0.01585));
#14496=CARTESIAN_POINT('',(-0.00442831276444083,0.062652,0.01585));
#14497=CARTESIAN_POINT('',(-0.00442831276444083,-0.03025,0.01585));
#14498=CARTESIAN_POINT('',(-0.00448122703505595,-0.03025,0.0143509335972128));
#14499=CARTESIAN_POINT('',(-0.00448122703505595,-0.0295,0.0143509335972128));
#14500=CARTESIAN_POINT('',(-0.00448122703505595,-0.02875,0.0143509335972128));
#14501=CARTESIAN_POINT('',(-0.00442831276444083,-0.02875,0.01585));
#14502=CARTESIAN_POINT('',(-0.00453414130567108,0.062652,0.01585));
#14503=CARTESIAN_POINT('',(-0.00453414130567108,-0.03025,0.01585));
#14504=CARTESIAN_POINT('',(-0.00453414130567108,-0.02875,0.01585));
#14505=CARTESIAN_POINT('',(0.048152,-0.0080782272290515,0.01589616));
#14506=CARTESIAN_POINT('',(-0.04325,-0.00807822722905149,0.01589616));
#14507=CARTESIAN_POINT('',(-0.04325,-0.00813114149966661,0.0143970935972128));
#14508=CARTESIAN_POINT('',(-0.044,-0.00813114149966661,0.0143970935972128));
#14509=CARTESIAN_POINT('',(-0.04475,-0.00813114149966661,0.0143970935972128));
#14510=CARTESIAN_POINT('',(-0.04475,-0.00807822722905149,0.01589616));
#14511=CARTESIAN_POINT('',(0.048152,-0.00818405577028175,0.01589616));
#14512=CARTESIAN_POINT('',(-0.04325,-0.00818405577028173,0.01589616));
#14513=CARTESIAN_POINT('',(-0.04475,-0.00818405577028173,0.01589616));
#14514=CARTESIAN_POINT('',(0.048152,-0.0140782272290515,0.01589616));
#14515=CARTESIAN_POINT('',(-0.04325,-0.0140782272290515,0.01589616));
#14516=CARTESIAN_POINT('',(-0.04325,-0.0141311414996666,0.0143970935972128));
#14517=CARTESIAN_POINT('',(-0.044,-0.0141311414996666,0.0143970935972128));
#14518=CARTESIAN_POINT('',(-0.04475,-0.0141311414996666,0.0143970935972128));
#14519=CARTESIAN_POINT('',(-0.04475,-0.0140782272290515,0.01589616));
#14520=CARTESIAN_POINT('',(0.048152,-0.0141840557702817,0.01589616));
#14521=CARTESIAN_POINT('',(-0.04325,-0.0141840557702817,0.01589616));
#14522=CARTESIAN_POINT('',(-0.04475,-0.0141840557702817,0.01589616));
#14523=CARTESIAN_POINT('',(0.048152,-0.0201840557702818,0.01589616));
#14524=CARTESIAN_POINT('',(-0.04325,-0.0201840557702818,0.01589616));
#14525=CARTESIAN_POINT('',(-0.04475,-0.0201840557702818,0.01589616));
#14526=CARTESIAN_POINT('',(0.048152,-0.00218405577028175,0.01589616));
#14527=CARTESIAN_POINT('',(-0.044,-0.00213114149966661,0.0143970935972128));
#14528=CARTESIAN_POINT('',(-0.04325,-0.00213114149966661,0.0143970935972128));
#14529=CARTESIAN_POINT('',(-0.04475,-0.00213114149966661,0.0143970935972128));
#14530=CARTESIAN_POINT('',(-0.04325,-0.00218405577028173,0.01589616));
#14531=CARTESIAN_POINT('',(-0.04475,-0.00218405577028173,0.01589616));
#14532=CARTESIAN_POINT('',(0.048152,-0.0020782272290515,0.01589616));
#14533=CARTESIAN_POINT('',(-0.04325,-0.00207822722905149,0.01589616));
#14534=CARTESIAN_POINT('',(-0.04475,-0.00207822722905149,0.01589616));
#14535=CARTESIAN_POINT('',(0.048152,0.00381594422971825,0.01589616));
#14536=CARTESIAN_POINT('',(-0.044,0.00386885850033339,0.0143970935972128));
#14537=CARTESIAN_POINT('',(-0.04325,0.00386885850033339,0.0143970935972128));
#14538=CARTESIAN_POINT('',(-0.04475,0.00386885850033339,0.0143970935972128));
#14539=CARTESIAN_POINT('',(-0.04325,0.00381594422971827,0.01589616));
#14540=CARTESIAN_POINT('',(-0.04475,0.00381594422971827,0.01589616));
#14541=CARTESIAN_POINT('',(0.048152,0.0039217727709485,0.01589616));
#14542=CARTESIAN_POINT('',(-0.04325,0.00392177277094851,0.01589616));
#14543=CARTESIAN_POINT('',(-0.04475,0.00392177277094851,0.01589616));
#14544=CARTESIAN_POINT('',(0.048152,0.0099217727709485,0.01589616));
#14545=CARTESIAN_POINT('',(-0.04325,0.00992177277094851,0.01589616));
#14546=CARTESIAN_POINT('',(-0.04325,0.00986885850033339,0.0143970935972128));
#14547=CARTESIAN_POINT('',(-0.044,0.00986885850033339,0.0143970935972128));
#14548=CARTESIAN_POINT('',(-0.04475,0.00986885850033339,0.0143970935972128));
#14549=CARTESIAN_POINT('',(-0.04475,0.00992177277094851,0.01589616));
#14550=CARTESIAN_POINT('',(0.048152,0.00981594422971825,0.01589616));
#14551=CARTESIAN_POINT('',(-0.04325,0.00981594422971827,0.01589616));
#14552=CARTESIAN_POINT('',(-0.04475,0.00981594422971827,0.01589616));
#14553=CARTESIAN_POINT('',(0.048152,0.0158159442297182,0.01589616));
#14554=CARTESIAN_POINT('',(-0.044,0.0158688585003334,0.0143970935972128));
#14555=CARTESIAN_POINT('',(-0.04325,0.0158688585003334,0.0143970935972128));
#14556=CARTESIAN_POINT('',(-0.04475,0.0158688585003334,0.0143970935972128));
#14557=CARTESIAN_POINT('',(-0.04325,0.0158159442297182,0.01589616));
#14558=CARTESIAN_POINT('',(-0.04475,0.0158159442297182,0.01589616));
#14559=CARTESIAN_POINT('',(0.048152,0.0159217727709485,0.01589616));
#14560=CARTESIAN_POINT('',(-0.04325,0.0159217727709485,0.01589616));
#14561=CARTESIAN_POINT('',(-0.04475,0.0159217727709485,0.01589616));
#14562=CARTESIAN_POINT('',(0.048152,-0.0187951619407382,0.0335));
#14563=CARTESIAN_POINT('',(-0.044,-0.0188480762113533,0.0349990664027872));
#14564=CARTESIAN_POINT('',(-0.04325,-0.0188480762113533,0.0349990664027872));
#14565=CARTESIAN_POINT('',(-0.04475,-0.0188480762113533,0.0349990664027872));
#14566=CARTESIAN_POINT('',(-0.04325,-0.0187951619407381,0.0335));
#14567=CARTESIAN_POINT('',(-0.04475,-0.0187951619407381,0.0335));
#14568=CARTESIAN_POINT('',(0.048152,-0.0189009904819685,0.0335));
#14569=CARTESIAN_POINT('',(-0.04325,-0.0189009904819684,0.0335));
#14570=CARTESIAN_POINT('',(-0.04475,-0.0189009904819684,0.0335));
#14571=CARTESIAN_POINT('',(0.048152,-0.0127951619407382,0.0335));
#14572=CARTESIAN_POINT('',(-0.044,-0.0128480762113533,0.0349990664027872));
#14573=CARTESIAN_POINT('',(-0.04325,-0.0128480762113533,0.0349990664027872));
#14574=CARTESIAN_POINT('',(-0.04475,-0.0128480762113533,0.0349990664027872));
#14575=CARTESIAN_POINT('',(-0.04325,-0.0127951619407382,0.0335));
#14576=CARTESIAN_POINT('',(-0.04475,-0.0127951619407382,0.0335));
#14577=CARTESIAN_POINT('',(0.048152,-0.0129009904819684,0.0335));
#14578=CARTESIAN_POINT('',(-0.04325,-0.0129009904819684,0.0335));
#14579=CARTESIAN_POINT('',(-0.04475,-0.0129009904819684,0.0335));
#14580=CARTESIAN_POINT('',(0.048152,-0.00679516194073818,0.0335));
#14581=CARTESIAN_POINT('',(-0.044,-0.00684807621135329,0.0349990664027872));
#14582=CARTESIAN_POINT('',(-0.04325,-0.00684807621135329,0.0349990664027872));
#14583=CARTESIAN_POINT('',(-0.04475,-0.00684807621135329,0.0349990664027872));
#14584=CARTESIAN_POINT('',(-0.04325,-0.00679516194073817,0.0335));
#14585=CARTESIAN_POINT('',(-0.04475,-0.00679516194073817,0.0335));
#14586=CARTESIAN_POINT('',(0.048152,-0.00690099048196843,0.0335));
#14587=CARTESIAN_POINT('',(-0.04325,-0.00690099048196842,0.0335));
#14588=CARTESIAN_POINT('',(-0.04475,-0.00690099048196842,0.0335));
#14589=CARTESIAN_POINT('',(0.048152,-0.000795161940738183,0.0335));
#14590=CARTESIAN_POINT('',(-0.044,-0.000848076211353293,0.0349990664027872));
#14591=CARTESIAN_POINT('',(-0.04325,-0.000848076211353293,0.0349990664027872));
#14592=CARTESIAN_POINT('',(-0.04475,-0.000848076211353293,0.0349990664027872));
#14593=CARTESIAN_POINT('',(-0.04325,-0.00079516194073817,0.0335));
#14594=CARTESIAN_POINT('',(-0.04475,-0.000795161940738169,0.0335));
#14595=CARTESIAN_POINT('',(0.048152,-0.000900990481968431,0.0335));
#14596=CARTESIAN_POINT('',(-0.04325,-0.000900990481968417,0.0335));
#14597=CARTESIAN_POINT('',(-0.04475,-0.000900990481968417,0.0335));
#14598=CARTESIAN_POINT('',(0.048152,0.00509900951803157,0.0335));
#14599=CARTESIAN_POINT('',(-0.04325,0.00509900951803158,0.0335));
#14600=CARTESIAN_POINT('',(-0.04325,0.00515192378864671,0.0349990664027872));
#14601=CARTESIAN_POINT('',(-0.044,0.00515192378864671,0.0349990664027872));
#14602=CARTESIAN_POINT('',(-0.04475,0.00515192378864671,0.0349990664027872));
#14603=CARTESIAN_POINT('',(-0.04475,0.00509900951803158,0.0335));
#14604=CARTESIAN_POINT('',(0.048152,0.00520483805926182,0.0335));
#14605=CARTESIAN_POINT('',(-0.04325,0.00520483805926183,0.0335));
#14606=CARTESIAN_POINT('',(-0.04475,0.00520483805926183,0.0335));
#14607=CARTESIAN_POINT('',(0.048152,0.0112048380592618,0.0335));
#14608=CARTESIAN_POINT('',(-0.044,0.0111519237886467,0.0349990664027872));
#14609=CARTESIAN_POINT('',(-0.04325,0.0111519237886467,0.0349990664027872));
#14610=CARTESIAN_POINT('',(-0.04475,0.0111519237886467,0.0349990664027872));
#14611=CARTESIAN_POINT('',(-0.04325,0.0112048380592618,0.0335));
#14612=CARTESIAN_POINT('',(-0.04475,0.0112048380592618,0.0335));
#14613=CARTESIAN_POINT('',(0.048152,0.0110990095180316,0.0335));
#14614=CARTESIAN_POINT('',(-0.04325,0.0110990095180316,0.0335));
#14615=CARTESIAN_POINT('',(-0.04475,0.0110990095180316,0.0335));
#14616=CARTESIAN_POINT('',(0.048152,0.0172048380592618,0.0335));
#14617=CARTESIAN_POINT('',(-0.044,0.0171519237886467,0.0349990664027872));
#14618=CARTESIAN_POINT('',(-0.04325,0.0171519237886467,0.0349990664027872));
#14619=CARTESIAN_POINT('',(-0.04475,0.0171519237886467,0.0349990664027872));
#14620=CARTESIAN_POINT('',(-0.04325,0.0172048380592619,0.0335));
#14621=CARTESIAN_POINT('',(-0.04475,0.0172048380592619,0.0335));
#14622=CARTESIAN_POINT('',(0.048152,0.0170990095180316,0.0335));
#14623=CARTESIAN_POINT('',(-0.04325,0.0170990095180316,0.0335));
#14624=CARTESIAN_POINT('',(-0.04475,0.0170990095180316,0.0335));
#14625=CARTESIAN_POINT('',(-0.04275,0.0120773888577196,0.0599683500509345));
#14626=CARTESIAN_POINT('',(-0.0410690725752541,0.023330927424746,0.0244641772005748));
#14627=CARTESIAN_POINT('',(-0.04325,0.0185478982574652,0.0338882285676538));
#14628=CARTESIAN_POINT('',(-0.04275,0.0170990095180316,0.0335));
#14629=CARTESIAN_POINT('',(-0.04325,0.0171519237886467,0.0349990664027872));
#14630=CARTESIAN_POINT('',(-0.0430833463153562,0.0171519237886467,0.0351658238769731));
#14631=CARTESIAN_POINT('',(-0.042916676401858,0.0171519237886467,0.0353325651298799));
#14632=CARTESIAN_POINT('',(-0.04275,0.0171519237886468,0.0354992998974554));
#14633=CARTESIAN_POINT('',(-0.04275,0.02165,0.05));
#14634=CARTESIAN_POINT('',(-0.04325,0.02115,0.0146099380945644));
#14635=CARTESIAN_POINT('',(-0.0431028771784028,0.0212971228215972,0.0143500843176405));
#14636=CARTESIAN_POINT('',(-0.0429323947314855,0.0214676052685145,0.0141238305404989));
#14637=CARTESIAN_POINT('',(-0.04275,0.02165,0.0139147111460118));
#14638=CARTESIAN_POINT('',(-0.04275,0.0172048380592619,0.0335));
#14639=CARTESIAN_POINT('',(-0.04325,0.0157559493198282,0.0331117714323462));
#14640=CARTESIAN_POINT('',(-0.04275,0.0219217727709485,0.01589616));
#14641=CARTESIAN_POINT('',(-0.04275,0.0199899211183704,0.015378521909795));
#14642=CARTESIAN_POINT('',(-0.04325,0.01801039114449,0.02469808));
#14643=CARTESIAN_POINT('',(-0.04475,0.0197,0.0295885263290252));
#14644=CARTESIAN_POINT('',(-0.0443843854969782,0.0207843854969782,0.0241289185955733));
#14645=CARTESIAN_POINT('',(-0.04525,0.0190308611706097,0.0340176380902051));
#14646=CARTESIAN_POINT('',(-0.04525,0.0170990095180316,0.0335));
#14647=CARTESIAN_POINT('',(-0.04475,0.0171519237886467,0.0349990664027872));
#14648=CARTESIAN_POINT('',(-0.0449166536846438,0.0171519237886467,0.0351658238769731));
#14649=CARTESIAN_POINT('',(-0.045083323598142,0.0171519237886467,0.0353325651298799));
#14650=CARTESIAN_POINT('',(-0.04525,0.0171519237886467,0.0354992998974555));
#14651=CARTESIAN_POINT('',(-0.04475,0.02115,0.0192866063290251));
#14652=CARTESIAN_POINT('',(-0.04475,0.02115,0.0146099380945644));
#14653=CARTESIAN_POINT('',(-0.0448971228215972,0.0212971228215972,0.0143500843176405));
#14654=CARTESIAN_POINT('',(-0.0450676052685145,0.0214676052685145,0.0141238305404989));
#14655=CARTESIAN_POINT('',(-0.04525,0.02165,0.0139147111460118));
#14656=CARTESIAN_POINT('',(-0.04525,0.0172048380592619,0.0335));
#14657=CARTESIAN_POINT('',(-0.04525,0.0152729864066837,0.0329823619097949));
#14658=CARTESIAN_POINT('',(-0.04525,0.0219217727709485,0.01589616));
#14659=CARTESIAN_POINT('',(-0.04475,0.0204728840315149,0.0155079314323462));
#14660=CARTESIAN_POINT('',(-0.04525,0.0260639281955309,-0.00728998110770114));
#14661=CARTESIAN_POINT('',(-0.04275,0.00647931264636627,0.0584683500509345));
#14662=CARTESIAN_POINT('',(-0.04275,0.0177477958822964,0.0164137980902051));
#14663=CARTESIAN_POINT('',(-0.04325,0.0125478982574652,0.0338882285676538));
#14664=CARTESIAN_POINT('',(-0.04275,0.0110990095180316,0.0335));
#14665=CARTESIAN_POINT('',(-0.04325,0.0111519237886467,0.0349990664027872));
#14666=CARTESIAN_POINT('',(-0.0430833463153562,0.0111519237886467,0.0351658238769731));
#14667=CARTESIAN_POINT('',(-0.042916676401858,0.0111519237886467,0.0353325651298799));
#14668=CARTESIAN_POINT('',(-0.04275,0.0111519237886467,0.0354992998974554));
#14669=CARTESIAN_POINT('',(-0.04275,0.0158159442297182,0.01589616));
#14670=CARTESIAN_POINT('',(-0.04325,0.0158688585003334,0.0143970935972128));
#14671=CARTESIAN_POINT('',(-0.0430833463153561,0.0158688585003334,0.0142303361230269));
#14672=CARTESIAN_POINT('',(-0.042916676401858,0.0158688585003334,0.0140635948701201));
#14673=CARTESIAN_POINT('',(-0.04275,0.0158688585003334,0.0138968601025446));
#14674=CARTESIAN_POINT('',(-0.04275,0.0112048380592618,0.0335));
#14675=CARTESIAN_POINT('',(-0.04325,0.00975594931982823,0.0331117714323462));
#14676=CARTESIAN_POINT('',(-0.04275,0.0159217727709485,0.01589616));
#14677=CARTESIAN_POINT('',(-0.04275,0.0139899211183704,0.015378521909795));
#14678=CARTESIAN_POINT('',(-0.04325,0.01201039114449,0.02469808));
#14679=CARTESIAN_POINT('',(-0.04475,0.0150103911444901,0.02469808));
#14680=CARTESIAN_POINT('',(-0.04475,0.0172648329691518,0.0162843885676538));
#14681=CARTESIAN_POINT('',(-0.04525,0.0130308611706097,0.0340176380902051));
#14682=CARTESIAN_POINT('',(-0.04525,0.0110990095180316,0.0335));
#14683=CARTESIAN_POINT('',(-0.04475,0.0111519237886467,0.0349990664027872));
#14684=CARTESIAN_POINT('',(-0.0449166536846438,0.0111519237886467,0.0351658238769731));
#14685=CARTESIAN_POINT('',(-0.045083323598142,0.0111519237886467,0.0353325651298799));
#14686=CARTESIAN_POINT('',(-0.04525,0.0111519237886467,0.0354992998974555));
#14687=CARTESIAN_POINT('',(-0.04525,0.0158159442297182,0.01589616));
#14688=CARTESIAN_POINT('',(-0.04475,0.0158688585003334,0.0143970935972128));
#14689=CARTESIAN_POINT('',(-0.0449166536846438,0.0158688585003334,0.0142303361230269));
#14690=CARTESIAN_POINT('',(-0.045083323598142,0.0158688585003334,0.0140635948701201));
#14691=CARTESIAN_POINT('',(-0.04525,0.0158688585003334,0.0138968601025446));
#14692=CARTESIAN_POINT('',(-0.04525,0.0112048380592618,0.0335));
#14693=CARTESIAN_POINT('',(-0.04525,0.00927298640668369,0.0329823619097949));
#14694=CARTESIAN_POINT('',(-0.04525,0.0159217727709485,0.01589616));
#14695=CARTESIAN_POINT('',(-0.04475,0.0144728840315149,0.0155079314323462));
#14696=CARTESIAN_POINT('',(-0.04525,0.0204658519841776,-0.00878998110770114));
#14697=CARTESIAN_POINT('',(-0.04275,0.000881236435012953,0.0569683500509346));
#14698=CARTESIAN_POINT('',(-0.04275,0.0117477958822964,0.0164137980902051));
#14699=CARTESIAN_POINT('',(-0.04325,0.00654789825746518,0.0338882285676538));
#14700=CARTESIAN_POINT('',(-0.04275,0.00509900951803158,0.0335));
#14701=CARTESIAN_POINT('',(-0.04325,0.00515192378864671,0.0349990664027872));
#14702=CARTESIAN_POINT('',(-0.0430833463153562,0.00515192378864671,0.0351658238769731));
#14703=CARTESIAN_POINT('',(-0.042916676401858,0.00515192378864671,0.0353325651298799));
#14704=CARTESIAN_POINT('',(-0.04275,0.00515192378864672,0.0354992998974554));
#14705=CARTESIAN_POINT('',(-0.04275,0.00981594422971827,0.01589616));
#14706=CARTESIAN_POINT('',(-0.04325,0.00986885850033339,0.0143970935972128));
#14707=CARTESIAN_POINT('',(-0.0430833463153561,0.0098688585003334,0.0142303361230269));
#14708=CARTESIAN_POINT('',(-0.042916676401858,0.00986885850033342,0.0140635948701201));
#14709=CARTESIAN_POINT('',(-0.04275,0.00986885850033343,0.0138968601025446));
#14710=CARTESIAN_POINT('',(-0.04275,0.00520483805926183,0.0335));
#14711=CARTESIAN_POINT('',(-0.04325,0.00375594931982823,0.0331117714323462));
#14712=CARTESIAN_POINT('',(-0.04275,0.00992177277094851,0.01589616));
#14713=CARTESIAN_POINT('',(-0.04275,0.00798992111837039,0.015378521909795));
#14714=CARTESIAN_POINT('',(-0.04325,0.00601039114449005,0.02469808));
#14715=CARTESIAN_POINT('',(-0.04475,0.00901039114449005,0.02469808));
#14716=CARTESIAN_POINT('',(-0.04475,0.0112648329691519,0.0162843885676538));
#14717=CARTESIAN_POINT('',(-0.04525,0.00703086117060971,0.0340176380902051));
#14718=CARTESIAN_POINT('',(-0.04525,0.00509900951803158,0.0335));
#14719=CARTESIAN_POINT('',(-0.04475,0.00515192378864671,0.0349990664027872));
#14720=CARTESIAN_POINT('',(-0.0449166536846438,0.00515192378864671,0.0351658238769731));
#14721=CARTESIAN_POINT('',(-0.045083323598142,0.00515192378864671,0.0353325651298799));
#14722=CARTESIAN_POINT('',(-0.04525,0.00515192378864671,0.0354992998974555));
#14723=CARTESIAN_POINT('',(-0.04525,0.00981594422971827,0.01589616));
#14724=CARTESIAN_POINT('',(-0.04475,0.00986885850033339,0.0143970935972128));
#14725=CARTESIAN_POINT('',(-0.0449166536846438,0.0098688585003334,0.0142303361230269));
#14726=CARTESIAN_POINT('',(-0.045083323598142,0.00986885850033341,0.0140635948701201));
#14727=CARTESIAN_POINT('',(-0.04525,0.00986885850033342,0.0138968601025446));
#14728=CARTESIAN_POINT('',(-0.04525,0.00520483805926183,0.0335));
#14729=CARTESIAN_POINT('',(-0.04525,0.00327298640668369,0.0329823619097949));
#14730=CARTESIAN_POINT('',(-0.04525,0.00992177277094851,0.01589616));
#14731=CARTESIAN_POINT('',(-0.04475,0.00847288403151491,0.0155079314323462));
#14732=CARTESIAN_POINT('',(-0.04525,0.0148677757728243,-0.0102899811077011));
#14733=CARTESIAN_POINT('',(-0.04275,-0.00471683977634036,0.0554683500509346));
#14734=CARTESIAN_POINT('',(-0.04275,0.0057477958822964,0.0164137980902051));
#14735=CARTESIAN_POINT('',(-0.04325,0.000547898257465185,0.0338882285676538));
#14736=CARTESIAN_POINT('',(-0.04275,-0.000900990481968417,0.0335));
#14737=CARTESIAN_POINT('',(-0.04325,-0.000848076211353293,0.0349990664027872));
#14738=CARTESIAN_POINT('',(-0.0430833463153562,-0.000848076211353293,0.0351658238769731));
#14739=CARTESIAN_POINT('',(-0.042916676401858,-0.000848076211353281,0.0353325651298799));
#14740=CARTESIAN_POINT('',(-0.04275,-0.000848076211353279,0.0354992998974554));
#14741=CARTESIAN_POINT('',(-0.04275,0.00381594422971827,0.01589616));
#14742=CARTESIAN_POINT('',(-0.04325,0.00386885850033339,0.0143970935972128));
#14743=CARTESIAN_POINT('',(-0.0430833463153561,0.00386885850033339,0.0142303361230269));
#14744=CARTESIAN_POINT('',(-0.042916676401858,0.00386885850033339,0.0140635948701201));
#14745=CARTESIAN_POINT('',(-0.04275,0.00386885850033339,0.0138968601025446));
#14746=CARTESIAN_POINT('',(-0.04275,-0.00079516194073817,0.0335));
#14747=CARTESIAN_POINT('',(-0.04325,-0.00224405068017177,0.0331117714323462));
#14748=CARTESIAN_POINT('',(-0.04275,0.00392177277094851,0.01589616));
#14749=CARTESIAN_POINT('',(-0.04275,0.00198992111837039,0.015378521909795));
#14750=CARTESIAN_POINT('',(-0.04325,1.03911444900478E-05,0.02469808));
#14751=CARTESIAN_POINT('',(-0.04475,0.00301039114449005,0.02469808));
#14752=CARTESIAN_POINT('',(-0.04475,0.00526483296915187,0.0162843885676538));
#14753=CARTESIAN_POINT('',(-0.04525,0.00103086117060972,0.0340176380902051));
#14754=CARTESIAN_POINT('',(-0.04525,-0.000900990481968417,0.0335));
#14755=CARTESIAN_POINT('',(-0.04475,-0.000848076211353293,0.0349990664027872));
#14756=CARTESIAN_POINT('',(-0.0449166536846438,-0.000848076211353293,0.0351658238769731));
#14757=CARTESIAN_POINT('',(-0.045083323598142,-0.000848076211353292,0.0353325651298799));
#14758=CARTESIAN_POINT('',(-0.04525,-0.000848076211353292,0.0354992998974555));
#14759=CARTESIAN_POINT('',(-0.04525,0.00381594422971827,0.01589616));
#14760=CARTESIAN_POINT('',(-0.04475,0.00386885850033339,0.0143970935972128));
#14761=CARTESIAN_POINT('',(-0.0449166536846438,0.00386885850033339,0.0142303361230269));
#14762=CARTESIAN_POINT('',(-0.045083323598142,0.00386885850033339,0.0140635948701201));
#14763=CARTESIAN_POINT('',(-0.04525,0.00386885850033339,0.0138968601025446));
#14764=CARTESIAN_POINT('',(-0.04525,-0.000795161940738169,0.0335));
#14765=CARTESIAN_POINT('',(-0.04525,-0.00272701359331631,0.0329823619097949));
#14766=CARTESIAN_POINT('',(-0.04525,0.00392177277094851,0.01589616));
#14767=CARTESIAN_POINT('',(-0.04475,0.00247288403151491,0.0155079314323462));
#14768=CARTESIAN_POINT('',(-0.04525,0.00926969956147096,-0.0117899811077011));
#14769=CARTESIAN_POINT('',(-0.04275,-0.0103149159876937,0.0539683500509346));
#14770=CARTESIAN_POINT('',(-0.04275,-0.000252204117703593,0.0164137980902051));
#14771=CARTESIAN_POINT('',(-0.04325,-0.00545210174253482,0.0338882285676538));
#14772=CARTESIAN_POINT('',(-0.04275,-0.00690099048196842,0.0335));
#14773=CARTESIAN_POINT('',(-0.04325,-0.00684807621135329,0.0349990664027872));
#14774=CARTESIAN_POINT('',(-0.0430833463153562,-0.00684807621135322,0.0351658238769731));
#14775=CARTESIAN_POINT('',(-0.042916676401858,-0.00684807621135336,0.0353325651298799));
#14776=CARTESIAN_POINT('',(-0.04275,-0.00684807621135326,0.0354992998974554));
#14777=CARTESIAN_POINT('',(-0.04275,-0.00218405577028173,0.01589616));
#14778=CARTESIAN_POINT('',(-0.04325,-0.00213114149966661,0.0143970935972128));
#14779=CARTESIAN_POINT('',(-0.0430833463153561,-0.00213114149966661,0.0142303361230269));
#14780=CARTESIAN_POINT('',(-0.042916676401858,-0.00213114149966659,0.0140635948701201));
#14781=CARTESIAN_POINT('',(-0.04275,-0.00213114149966659,0.0138968601025446));
#14782=CARTESIAN_POINT('',(-0.04275,-0.00679516194073817,0.0335));
#14783=CARTESIAN_POINT('',(-0.04325,-0.00824405068017177,0.0331117714323462));
#14784=CARTESIAN_POINT('',(-0.04275,-0.00207822722905149,0.01589616));
#14785=CARTESIAN_POINT('',(-0.04275,-0.00401007888162962,0.015378521909795));
#14786=CARTESIAN_POINT('',(-0.04325,-0.00598960885550995,0.02469808));
#14787=CARTESIAN_POINT('',(-0.04475,-0.00298960885550995,0.02469808));
#14788=CARTESIAN_POINT('',(-0.04475,-0.000735167030848131,0.0162843885676538));
#14789=CARTESIAN_POINT('',(-0.04525,-0.00496913882939028,0.0340176380902051));
#14790=CARTESIAN_POINT('',(-0.04525,-0.00690099048196842,0.0335));
#14791=CARTESIAN_POINT('',(-0.04475,-0.00684807621135329,0.0349990664027872));
#14792=CARTESIAN_POINT('',(-0.0449166536846438,-0.00684807621135329,0.0351658238769731));
#14793=CARTESIAN_POINT('',(-0.045083323598142,-0.00684807621135328,0.0353325651298799));
#14794=CARTESIAN_POINT('',(-0.04525,-0.00684807621135328,0.0354992998974555));
#14795=CARTESIAN_POINT('',(-0.04525,-0.00218405577028173,0.01589616));
#14796=CARTESIAN_POINT('',(-0.04475,-0.00213114149966661,0.0143970935972128));
#14797=CARTESIAN_POINT('',(-0.0449166536846438,-0.00213114149966661,0.0142303361230269));
#14798=CARTESIAN_POINT('',(-0.045083323598142,-0.00213114149966661,0.0140635948701201));
#14799=CARTESIAN_POINT('',(-0.04525,-0.0021311414996666,0.0138968601025446));
#14800=CARTESIAN_POINT('',(-0.04525,-0.00679516194073817,0.0335));
#14801=CARTESIAN_POINT('',(-0.04525,-0.00872701359331631,0.0329823619097949));
#14802=CARTESIAN_POINT('',(-0.04525,-0.00207822722905149,0.01589616));
#14803=CARTESIAN_POINT('',(-0.04475,-0.00352711596848509,0.0155079314323462));
#14804=CARTESIAN_POINT('',(-0.04525,0.00367162335011764,-0.0132899811077011));
#14805=CARTESIAN_POINT('',(-0.04275,-0.015912992199047,0.0524683500509346));
#14806=CARTESIAN_POINT('',(-0.04275,-0.0062522041177036,0.0164137980902051));
#14807=CARTESIAN_POINT('',(-0.04325,-0.0114521017425348,0.0338882285676538));
#14808=CARTESIAN_POINT('',(-0.04275,-0.0129009904819684,0.0335));
#14809=CARTESIAN_POINT('',(-0.04325,-0.0128480762113533,0.0349990664027872));
#14810=CARTESIAN_POINT('',(-0.0430833463153561,-0.0128480762113533,0.0351658238769731));
#14811=CARTESIAN_POINT('',(-0.042916676401858,-0.0128480762113533,0.0353325651298799));
#14812=CARTESIAN_POINT('',(-0.04275,-0.0128480762113533,0.0354992998974555));
#14813=CARTESIAN_POINT('',(-0.04275,-0.00818405577028173,0.01589616));
#14814=CARTESIAN_POINT('',(-0.04325,-0.00813114149966661,0.0143970935972128));
#14815=CARTESIAN_POINT('',(-0.0430833463153561,-0.00813114149966661,0.0142303361230269));
#14816=CARTESIAN_POINT('',(-0.042916676401858,-0.00813114149966661,0.0140635948701201));
#14817=CARTESIAN_POINT('',(-0.04275,-0.00813114149966661,0.0138968601025446));
#14818=CARTESIAN_POINT('',(-0.04275,-0.0127951619407382,0.0335));
#14819=CARTESIAN_POINT('',(-0.04325,-0.0142440506801718,0.0331117714323462));
#14820=CARTESIAN_POINT('',(-0.04275,-0.00807822722905149,0.01589616));
#14821=CARTESIAN_POINT('',(-0.04275,-0.0100100788816296,0.015378521909795));
#14822=CARTESIAN_POINT('',(-0.04325,-0.01198960885551,0.02469808));
#14823=CARTESIAN_POINT('',(-0.04475,-0.00898960885550995,0.02469808));
#14824=CARTESIAN_POINT('',(-0.04475,-0.00673516703084813,0.0162843885676538));
#14825=CARTESIAN_POINT('',(-0.04525,-0.0109691388293903,0.0340176380902051));
#14826=CARTESIAN_POINT('',(-0.04525,-0.0129009904819684,0.0335));
#14827=CARTESIAN_POINT('',(-0.04475,-0.0128480762113533,0.0349990664027872));
#14828=CARTESIAN_POINT('',(-0.0449166536846438,-0.0128480762113533,0.0351658238769731));
#14829=CARTESIAN_POINT('',(-0.045083323598142,-0.0128480762113533,0.0353325651298799));
#14830=CARTESIAN_POINT('',(-0.04525,-0.0128480762113533,0.0354992998974555));
#14831=CARTESIAN_POINT('',(-0.04525,-0.00818405577028173,0.01589616));
#14832=CARTESIAN_POINT('',(-0.04475,-0.00813114149966661,0.0143970935972128));
#14833=CARTESIAN_POINT('',(-0.0449166536846438,-0.00813114149966661,0.0142303361230269));
#14834=CARTESIAN_POINT('',(-0.045083323598142,-0.00813114149966662,0.0140635948701201));
#14835=CARTESIAN_POINT('',(-0.04525,-0.00813114149966663,0.0138968601025446));
#14836=CARTESIAN_POINT('',(-0.04525,-0.0127951619407382,0.0335));
#14837=CARTESIAN_POINT('',(-0.04525,-0.0147270135933163,0.0329823619097949));
#14838=CARTESIAN_POINT('',(-0.04525,-0.00807822722905149,0.01589616));
#14839=CARTESIAN_POINT('',(-0.04475,-0.00952711596848509,0.0155079314323462));
#14840=CARTESIAN_POINT('',(-0.04525,-0.00192645286123568,-0.0147899811077011));
#14841=CARTESIAN_POINT('',(-0.04325,-0.01798960885551,0.02469808));
#14842=CARTESIAN_POINT('',(-0.04325,-0.0155271159684851,0.0155079314323462));
#14843=CARTESIAN_POINT('',(-0.04275,-0.0207270135933163,0.0329823619097949));
#14844=CARTESIAN_POINT('',(-0.0427464282624897,-0.0207304636268222,0.0329814374761032));
#14845=CARTESIAN_POINT('',(-0.03525,-0.0284293237603106,0.03275));
#14846=CARTESIAN_POINT('',(-0.04275,-0.0187951619407381,0.0335));
#14847=CARTESIAN_POINT('',(-0.04325,-0.0188480762113533,0.0349990664027872));
#14848=CARTESIAN_POINT('',(-0.0430833463153562,-0.0188480762113533,0.0351658238769731));
#14849=CARTESIAN_POINT('',(-0.042916676401858,-0.0188480762113533,0.0353325651298799));
#14850=CARTESIAN_POINT('',(-0.04275,-0.0188480762113533,0.0354992998974554));
#14851=CARTESIAN_POINT('',(-0.04275,-0.019,0.0354894826889113));
#14852=CARTESIAN_POINT('',(-0.0424163531254775,-0.019,0.0358248933726857));
#14853=CARTESIAN_POINT('',(-0.0420823115705032,-0.019,0.0361599107580144));
#14854=CARTESIAN_POINT('',(-0.041748172264016,-0.019,0.0364948307341151));
#14855=CARTESIAN_POINT('',(-0.041748172264016,-0.019,0.0364948307341151));
#14856=CARTESIAN_POINT('',(-0.0427464282624897,-0.0207304636268222,0.0329814374761032));
#14857=CARTESIAN_POINT('',(-0.0427353221850711,-0.0208383519000555,0.033341171405321));
#14858=CARTESIAN_POINT('',(-0.0426581181964555,-0.0208991799396654,0.0340907082537846));
#14859=CARTESIAN_POINT('',(-0.0423805504356344,-0.0205940472058359,0.0351498798642954));
#14860=CARTESIAN_POINT('',(-0.0420155686003721,-0.0199946447904984,0.0360245920850814));
#14861=CARTESIAN_POINT('',(-0.04178243783868,-0.0193671683942491,0.0364353718098802));
#14862=CARTESIAN_POINT('',(-0.041748172264016,-0.019,0.0364948307341152));
#14863=CARTESIAN_POINT('',(-0.04275,-0.0140782272290515,0.01589616));
#14864=CARTESIAN_POINT('',(-0.04325,-0.0141311414996666,0.0143970935972128));
#14865=CARTESIAN_POINT('',(-0.0430833463153561,-0.0141311414996666,0.0142303361230269));
#14866=CARTESIAN_POINT('',(-0.042916676401858,-0.0141311414996666,0.0140635948701201));
#14867=CARTESIAN_POINT('',(-0.04275,-0.0141311414996666,0.0138968601025446));
#14868=CARTESIAN_POINT('',(-0.04275,-0.0189009904819684,0.0335));
#14869=CARTESIAN_POINT('',(-0.04275,-0.0169691388293903,0.0340176380902051));
#14870=CARTESIAN_POINT('',(-0.04275,-0.0141840557702817,0.01589616));
#14871=CARTESIAN_POINT('',(-0.04325,-0.0127351670308481,0.0162843885676538));
#14872=CARTESIAN_POINT('',(-0.04275,-0.0215110684104003,0.0509683500509346));
#14873=CARTESIAN_POINT('',(-0.04525,-0.007524529072589,-0.0162899811077011));
#14874=CARTESIAN_POINT('',(-0.04525,-0.0160100788816296,0.015378521909795));
#14875=CARTESIAN_POINT('',(-0.04475,-0.0202440506801718,0.0331117714323462));
#14876=CARTESIAN_POINT('',(-0.04525,-0.0187951619407381,0.0335));
#14877=CARTESIAN_POINT('',(-0.04475,-0.0188480762113533,0.0349990664027872));
#14878=CARTESIAN_POINT('',(-0.0449166536846438,-0.0188480762113533,0.0351658238769731));
#14879=CARTESIAN_POINT('',(-0.045083323598142,-0.0188480762113533,0.0353325651298799));
#14880=CARTESIAN_POINT('',(-0.04525,-0.0188480762113533,0.0354992998974555));
#14881=CARTESIAN_POINT('',(-0.04525,-0.0140782272290515,0.01589616));
#14882=CARTESIAN_POINT('',(-0.04475,-0.0141311414996666,0.0143970935972128));
#14883=CARTESIAN_POINT('',(-0.0449166536846438,-0.0141311414996666,0.0142303361230269));
#14884=CARTESIAN_POINT('',(-0.045083323598142,-0.0141311414996666,0.0140635948701201));
#14885=CARTESIAN_POINT('',(-0.04525,-0.0141311414996666,0.0138968601025446));
#14886=CARTESIAN_POINT('',(-0.04525,-0.0189009904819684,0.0335));
#14887=CARTESIAN_POINT('',(-0.04475,-0.0174521017425348,0.0338882285676538));
#14888=CARTESIAN_POINT('',(-0.04525,-0.0141840557702817,0.01589616));
#14889=CARTESIAN_POINT('',(-0.04525,-0.0122522041177036,0.0164137980902051));
#14890=CARTESIAN_POINT('',(-0.04475,-0.0149896088555099,0.02469808));
#14891=CARTESIAN_POINT('',(-0.00361657541185131,-0.03025,0.024675));
#14892=CARTESIAN_POINT('',(-0.00587720150387444,-0.03025,0.0162382285676538));
#14893=CARTESIAN_POINT('',(-0.00163086117060966,-0.03075,0.0340176380902051));
#14894=CARTESIAN_POINT('',(0.000300990481968473,-0.03075,0.0335));
#14895=CARTESIAN_POINT('',(0.000248076211353349,-0.03025,0.0349990664027872));
#14896=CARTESIAN_POINT('',(0.000248076211353349,-0.0304166536846438,0.0351658238769731));
#14897=CARTESIAN_POINT('',(0.000248076211353349,-0.030583323598142,0.0353325651298799));
#14898=CARTESIAN_POINT('',(0.000248076211353349,-0.03075,0.0354992998974555));
#14899=CARTESIAN_POINT('',(-0.00442831276444083,-0.03075,0.01585));
#14900=CARTESIAN_POINT('',(-0.00448122703505595,-0.03025,0.0143509335972128));
#14901=CARTESIAN_POINT('',(-0.00448122703505595,-0.0304166536846438,0.0141841761230269));
#14902=CARTESIAN_POINT('',(-0.00448122703505595,-0.030583323598142,0.0140174348701201));
#14903=CARTESIAN_POINT('',(-0.00448122703505595,-0.03075,0.0138507001025446));
#14904=CARTESIAN_POINT('',(0.000195161940738224,-0.03075,0.0335));
#14905=CARTESIAN_POINT('',(0.00212701359331636,-0.03075,0.0329823619097949));
#14906=CARTESIAN_POINT('',(-0.00453414130567108,-0.03075,0.01585));
#14907=CARTESIAN_POINT('',(-0.00308525256623748,-0.03025,0.0154617714323462));
#14908=CARTESIAN_POINT('',(-0.00866392819553086,-0.03075,-0.00728998110770115));
#14909=CARTESIAN_POINT('',(-0.0001803953972737,-0.02825,0.0394308500509346));
#14910=CARTESIAN_POINT('',(-0.00636016441701897,-0.02825,0.0163676380902051));
#14911=CARTESIAN_POINT('',(-0.00114789825746513,-0.02875,0.0338882285676538));
#14912=CARTESIAN_POINT('',(0.000300990481968473,-0.02825,0.0335));
#14913=CARTESIAN_POINT('',(0.000248076211353349,-0.02875,0.0349990664027872));
#14914=CARTESIAN_POINT('',(0.000248076211353349,-0.0285833463153562,0.0351658238769731));
#14915=CARTESIAN_POINT('',(0.000248076211353349,-0.028416676401858,0.0353325651298799));
#14916=CARTESIAN_POINT('',(0.000248076211353349,-0.02825,0.0354992998974554));
#14917=CARTESIAN_POINT('',(-0.00442831276444083,-0.02825,0.01585));
#14918=CARTESIAN_POINT('',(-0.00448122703505595,-0.02875,0.0143509335972128));
#14919=CARTESIAN_POINT('',(-0.00448122703505595,-0.0285833463153561,0.0141841761230269));
#14920=CARTESIAN_POINT('',(-0.00448122703505595,-0.028416676401858,0.0140174348701201));
#14921=CARTESIAN_POINT('',(-0.00448122703505595,-0.02825,0.0138507001025446));
#14922=CARTESIAN_POINT('',(0.000195161940738224,-0.02825,0.0335));
#14923=CARTESIAN_POINT('',(0.00164405068017183,-0.02875,0.0331117714323462));
#14924=CARTESIAN_POINT('',(-0.00453414130567108,-0.02825,0.01585));
#14925=CARTESIAN_POINT('',(-0.00260228965309294,-0.02825,0.015332361909795));
#14926=CARTESIAN_POINT('',(-0.000616575411851305,-0.02875,0.024675));
#14927=CARTESIAN_POINT('',(0.00238342458814869,-0.03025,0.024675));
#14928=CARTESIAN_POINT('',(0.000122798496125557,-0.03025,0.0162382285676538));
#14929=CARTESIAN_POINT('',(0.00436913882939033,-0.03075,0.0340176380902051));
#14930=CARTESIAN_POINT('',(0.00630099048196847,-0.03075,0.0335));
#14931=CARTESIAN_POINT('',(0.00624807621135335,-0.03025,0.0349990664027872));
#14932=CARTESIAN_POINT('',(0.00624807621135335,-0.0304166536846438,0.0351658238769731));
#14933=CARTESIAN_POINT('',(0.00624807621135333,-0.030583323598142,0.0353325651298799));
#14934=CARTESIAN_POINT('',(0.00624807621135333,-0.03075,0.0354992998974555));
#14935=CARTESIAN_POINT('',(0.00157168723555916,-0.03075,0.01585));
#14936=CARTESIAN_POINT('',(0.00151877296494404,-0.03025,0.0143509335972128));
#14937=CARTESIAN_POINT('',(0.00151877296494404,-0.0304166536846438,0.0141841761230269));
#14938=CARTESIAN_POINT('',(0.00151877296494404,-0.030583323598142,0.0140174348701201));
#14939=CARTESIAN_POINT('',(0.00151877296494404,-0.03075,0.0138507001025446));
#14940=CARTESIAN_POINT('',(0.00619516194073822,-0.03075,0.0335));
#14941=CARTESIAN_POINT('',(0.00812701359331636,-0.03075,0.0329823619097949));
#14942=CARTESIAN_POINT('',(0.00146585869432892,-0.03075,0.01585));
#14943=CARTESIAN_POINT('',(0.00291474743376252,-0.03025,0.0154617714323462));
#14944=CARTESIAN_POINT('',(-0.00306585198417754,-0.03075,-0.00878998110770115));
#14945=CARTESIAN_POINT('',(0.00541768081407962,-0.02825,0.0379308500509346));
#14946=CARTESIAN_POINT('',(-0.000360164417018973,-0.02825,0.0163676380902051));
#14947=CARTESIAN_POINT('',(0.00485210174253486,-0.02875,0.0338882285676538));
#14948=CARTESIAN_POINT('',(0.00630099048196847,-0.02825,0.0335));
#14949=CARTESIAN_POINT('',(0.00624807621135335,-0.02875,0.0349990664027872));
#14950=CARTESIAN_POINT('',(0.00624807621135335,-0.0285833463153562,0.0351658238769731));
#14951=CARTESIAN_POINT('',(0.00624807621135333,-0.028416676401858,0.0353325651298799));
#14952=CARTESIAN_POINT('',(0.00624807621135333,-0.02825,0.0354992998974554));
#14953=CARTESIAN_POINT('',(0.00157168723555916,-0.02825,0.01585));
#14954=CARTESIAN_POINT('',(0.00151877296494404,-0.02875,0.0143509335972128));
#14955=CARTESIAN_POINT('',(0.00151877296494404,-0.0285833463153561,0.0141841761230269));
#14956=CARTESIAN_POINT('',(0.00151877296494404,-0.028416676401858,0.0140174348701201));
#14957=CARTESIAN_POINT('',(0.00151877296494404,-0.02825,0.0138507001025446));
#14958=CARTESIAN_POINT('',(0.00619516194073822,-0.02825,0.0335));
#14959=CARTESIAN_POINT('',(0.00764405068017183,-0.02875,0.0331117714323462));
#14960=CARTESIAN_POINT('',(0.00146585869432892,-0.02825,0.01585));
#14961=CARTESIAN_POINT('',(0.00339771034690705,-0.02825,0.015332361909795));
#14962=CARTESIAN_POINT('',(0.00538342458814869,-0.02875,0.024675));
#14963=CARTESIAN_POINT('',(0.00838342458814869,-0.03025,0.024675));
#14964=CARTESIAN_POINT('',(0.00612279849612556,-0.03025,0.0162382285676538));
#14965=CARTESIAN_POINT('',(0.0103691388293903,-0.03075,0.0340176380902051));
#14966=CARTESIAN_POINT('',(0.0123009904819685,-0.03075,0.0335));
#14967=CARTESIAN_POINT('',(0.0122480762113533,-0.03025,0.0349990664027872));
#14968=CARTESIAN_POINT('',(0.0122480762113533,-0.0304166536846438,0.0351658238769731));
#14969=CARTESIAN_POINT('',(0.0122480762113533,-0.030583323598142,0.0353325651298799));
#14970=CARTESIAN_POINT('',(0.0122480762113533,-0.03075,0.0354992998974555));
#14971=CARTESIAN_POINT('',(0.00757168723555916,-0.03075,0.01585));
#14972=CARTESIAN_POINT('',(0.00751877296494404,-0.03025,0.0143509335972128));
#14973=CARTESIAN_POINT('',(0.00751877296494404,-0.0304166536846438,0.0141841761230269));
#14974=CARTESIAN_POINT('',(0.00751877296494404,-0.030583323598142,0.0140174348701201));
#14975=CARTESIAN_POINT('',(0.00751877296494404,-0.03075,0.0138507001025446));
#14976=CARTESIAN_POINT('',(0.0121951619407382,-0.03075,0.0335));
#14977=CARTESIAN_POINT('',(0.0141270135933164,-0.03075,0.0329823619097949));
#14978=CARTESIAN_POINT('',(0.00746585869432892,-0.03075,0.01585));
#14979=CARTESIAN_POINT('',(0.00891474743376252,-0.03025,0.0154617714323462));
#14980=CARTESIAN_POINT('',(0.00253222422717578,-0.03075,-0.0102899811077011));
#14981=CARTESIAN_POINT('',(0.0110157570254329,-0.02825,0.0364308500509346));
#14982=CARTESIAN_POINT('',(0.00563983558298101,-0.02825,0.0163676380902051));
#14983=CARTESIAN_POINT('',(0.0108521017425349,-0.02875,0.0338882285676538));
#14984=CARTESIAN_POINT('',(0.0123009904819685,-0.02825,0.0335));
#14985=CARTESIAN_POINT('',(0.0122480762113533,-0.02875,0.0349990664027872));
#14986=CARTESIAN_POINT('',(0.0122480762113533,-0.0285833463153561,0.0351658238769731));
#14987=CARTESIAN_POINT('',(0.0122480762113533,-0.028416676401858,0.0353325651298799));
#14988=CARTESIAN_POINT('',(0.0122480762113533,-0.02825,0.0354992998974555));
#14989=CARTESIAN_POINT('',(0.00757168723555916,-0.02825,0.01585));
#14990=CARTESIAN_POINT('',(0.00751877296494404,-0.02875,0.0143509335972128));
#14991=CARTESIAN_POINT('',(0.00751877296494404,-0.0285833463153561,0.0141841761230269));
#14992=CARTESIAN_POINT('',(0.00751877296494404,-0.028416676401858,0.0140174348701201));
#14993=CARTESIAN_POINT('',(0.00751877296494405,-0.02825,0.0138507001025446));
#14994=CARTESIAN_POINT('',(0.0121951619407382,-0.02825,0.0335));
#14995=CARTESIAN_POINT('',(0.0136440506801718,-0.02875,0.0331117714323462));
#14996=CARTESIAN_POINT('',(0.00746585869432892,-0.02825,0.01585));
#14997=CARTESIAN_POINT('',(0.00939771034690705,-0.02825,0.015332361909795));
#14998=CARTESIAN_POINT('',(0.0113834245881487,-0.02875,0.024675));
#14999=CARTESIAN_POINT('',(0.0143834245881487,-0.03025,0.024675));
#15000=CARTESIAN_POINT('',(0.0121227984961256,-0.03025,0.0162382285676538));
#15001=CARTESIAN_POINT('',(0.0163691388293903,-0.03075,0.0340176380902051));
#15002=CARTESIAN_POINT('',(0.0183009904819685,-0.03075,0.0335));
#15003=CARTESIAN_POINT('',(0.0182480762113533,-0.03025,0.0349990664027872));
#15004=CARTESIAN_POINT('',(0.0182480762113534,-0.0304166536846438,0.0351658238769731));
#15005=CARTESIAN_POINT('',(0.0182480762113533,-0.030583323598142,0.0353325651298799));
#15006=CARTESIAN_POINT('',(0.0182480762113533,-0.03075,0.0354992998974555));
#15007=CARTESIAN_POINT('',(0.0135716872355592,-0.03075,0.01585));
#15008=CARTESIAN_POINT('',(0.013518772964944,-0.03025,0.0143509335972128));
#15009=CARTESIAN_POINT('',(0.013518772964944,-0.0304166536846438,0.0141841761230269));
#15010=CARTESIAN_POINT('',(0.013518772964944,-0.030583323598142,0.0140174348701201));
#15011=CARTESIAN_POINT('',(0.013518772964944,-0.03075,0.0138507001025446));
#15012=CARTESIAN_POINT('',(0.0181951619407382,-0.03075,0.0335));
#15013=CARTESIAN_POINT('',(0.0201270135933164,-0.03075,0.0329823619097949));
#15014=CARTESIAN_POINT('',(0.0134658586943289,-0.03075,0.01585));
#15015=CARTESIAN_POINT('',(0.0149147474337625,-0.03025,0.0154617714323462));
#15016=CARTESIAN_POINT('',(0.00813030043852909,-0.03075,-0.0117899811077011));
#15017=CARTESIAN_POINT('',(0.0166138332367862,-0.02825,0.0349308500509346));
#15018=CARTESIAN_POINT('',(0.011639835582981,-0.02825,0.0163676380902051));
#15019=CARTESIAN_POINT('',(0.0168521017425349,-0.02875,0.0338882285676538));
#15020=CARTESIAN_POINT('',(0.0183009904819685,-0.02825,0.0335));
#15021=CARTESIAN_POINT('',(0.0182480762113533,-0.02875,0.0349990664027872));
#15022=CARTESIAN_POINT('',(0.0182480762113534,-0.0285833463153562,0.0351658238769731));
#15023=CARTESIAN_POINT('',(0.0182480762113533,-0.028416676401858,0.0353325651298799));
#15024=CARTESIAN_POINT('',(0.0182480762113533,-0.02825,0.0354992998974554));
#15025=CARTESIAN_POINT('',(0.0135716872355592,-0.02825,0.01585));
#15026=CARTESIAN_POINT('',(0.013518772964944,-0.02875,0.0143509335972128));
#15027=CARTESIAN_POINT('',(0.013518772964944,-0.0285833463153561,0.0141841761230269));
#15028=CARTESIAN_POINT('',(0.013518772964944,-0.028416676401858,0.0140174348701201));
#15029=CARTESIAN_POINT('',(0.013518772964944,-0.02825,0.0138507001025446));
#15030=CARTESIAN_POINT('',(0.0181951619407382,-0.02825,0.0335));
#15031=CARTESIAN_POINT('',(0.0196440506801718,-0.02875,0.0331117714323462));
#15032=CARTESIAN_POINT('',(0.0134658586943289,-0.02825,0.01585));
#15033=CARTESIAN_POINT('',(0.0153977103469071,-0.02825,0.015332361909795));
#15034=CARTESIAN_POINT('',(0.0173834245881487,-0.02875,0.024675));
#15035=CARTESIAN_POINT('',(0.0203834245881487,-0.03025,0.024675));
#15036=CARTESIAN_POINT('',(0.0181227984961256,-0.03025,0.0162382285676538));
#15037=CARTESIAN_POINT('',(0.0223691388293904,-0.03075,0.0340176380902051));
#15038=CARTESIAN_POINT('',(0.0243009904819684,-0.03075,0.0335));
#15039=CARTESIAN_POINT('',(0.0242480762113533,-0.03025,0.0349990664027872));
#15040=CARTESIAN_POINT('',(0.0242480762113534,-0.0304166536846438,0.0351658238769731));
#15041=CARTESIAN_POINT('',(0.0242480762113533,-0.030583323598142,0.0353325651298799));
#15042=CARTESIAN_POINT('',(0.0242480762113533,-0.03075,0.0354992998974555));
#15043=CARTESIAN_POINT('',(0.0195716872355591,-0.03075,0.01585));
#15044=CARTESIAN_POINT('',(0.019518772964944,-0.03025,0.0143509335972128));
#15045=CARTESIAN_POINT('',(0.0195187729649441,-0.0304166536846438,0.0141841761230269));
#15046=CARTESIAN_POINT('',(0.019518772964944,-0.030583323598142,0.0140174348701201));
#15047=CARTESIAN_POINT('',(0.019518772964944,-0.03075,0.0138507001025446));
#15048=CARTESIAN_POINT('',(0.0241951619407382,-0.03075,0.0335));
#15049=CARTESIAN_POINT('',(0.0261270135933164,-0.03075,0.0329823619097949));
#15050=CARTESIAN_POINT('',(0.0194658586943289,-0.03075,0.01585));
#15051=CARTESIAN_POINT('',(0.0209147474337625,-0.03025,0.0154617714323462));
#15052=CARTESIAN_POINT('',(0.0137283766498824,-0.03075,-0.0132899811077011));
#15053=CARTESIAN_POINT('',(0.0222119094481396,-0.02825,0.0334308500509346));
#15054=CARTESIAN_POINT('',(0.017639835582981,-0.02825,0.0163676380902051));
#15055=CARTESIAN_POINT('',(0.0228521017425348,-0.02875,0.0338882285676538));
#15056=CARTESIAN_POINT('',(0.0243009904819684,-0.02825,0.0335));
#15057=CARTESIAN_POINT('',(0.0242480762113533,-0.02875,0.0349990664027872));
#15058=CARTESIAN_POINT('',(0.0242480762113534,-0.0285833463153562,0.0351658238769731));
#15059=CARTESIAN_POINT('',(0.0242480762113533,-0.028416676401858,0.0353325651298799));
#15060=CARTESIAN_POINT('',(0.0242480762113533,-0.02825,0.0354992998974554));
#15061=CARTESIAN_POINT('',(0.0195716872355591,-0.02825,0.01585));
#15062=CARTESIAN_POINT('',(0.019518772964944,-0.02875,0.0143509335972128));
#15063=CARTESIAN_POINT('',(0.0195187729649441,-0.0285833463153561,0.0141841761230269));
#15064=CARTESIAN_POINT('',(0.019518772964944,-0.028416676401858,0.0140174348701201));
#15065=CARTESIAN_POINT('',(0.019518772964944,-0.02825,0.0138507001025446));
#15066=CARTESIAN_POINT('',(0.0241951619407382,-0.02825,0.0335));
#15067=CARTESIAN_POINT('',(0.0256440506801718,-0.02875,0.0331117714323462));
#15068=CARTESIAN_POINT('',(0.0194658586943289,-0.02825,0.01585));
#15069=CARTESIAN_POINT('',(0.0213977103469071,-0.02825,0.015332361909795));
#15070=CARTESIAN_POINT('',(0.0233834245881487,-0.02875,0.024675));
#15071=CARTESIAN_POINT('',(0.0263834245881487,-0.03025,0.024675));
#15072=CARTESIAN_POINT('',(0.0241227984961255,-0.03025,0.0162382285676538));
#15073=CARTESIAN_POINT('',(0.0283691388293904,-0.03075,0.0340176380902051));
#15074=CARTESIAN_POINT('',(0.0303009904819684,-0.03075,0.0335));
#15075=CARTESIAN_POINT('',(0.0302480762113534,-0.03025,0.0349990664027872));
#15076=CARTESIAN_POINT('',(0.0302480762113533,-0.0304166536846438,0.0351658238769731));
#15077=CARTESIAN_POINT('',(0.0302480762113533,-0.030583323598142,0.0353325651298799));
#15078=CARTESIAN_POINT('',(0.0302480762113534,-0.03075,0.0354992998974555));
#15079=CARTESIAN_POINT('',(0.0255716872355591,-0.03075,0.01585));
#15080=CARTESIAN_POINT('',(0.0255187729649441,-0.03025,0.0143509335972128));
#15081=CARTESIAN_POINT('',(0.0255187729649441,-0.0304166536846438,0.0141841761230269));
#15082=CARTESIAN_POINT('',(0.025518772964944,-0.030583323598142,0.0140174348701201));
#15083=CARTESIAN_POINT('',(0.0255187729649441,-0.03075,0.0138507001025446));
#15084=CARTESIAN_POINT('',(0.0301951619407382,-0.03075,0.0335));
#15085=CARTESIAN_POINT('',(0.0321270135933164,-0.03075,0.0329823619097949));
#15086=CARTESIAN_POINT('',(0.0254658586943289,-0.03075,0.01585));
#15087=CARTESIAN_POINT('',(0.0269147474337625,-0.03025,0.0154617714323462));
#15088=CARTESIAN_POINT('',(0.0193264528612357,-0.03075,-0.0147899811077011));
#15089=CARTESIAN_POINT('',(0.0278099856594929,-0.02825,0.0319308500509346));
#15090=CARTESIAN_POINT('',(0.0236398355829811,-0.02825,0.0163676380902051));
#15091=CARTESIAN_POINT('',(0.0288521017425349,-0.02875,0.0338882285676538));
#15092=CARTESIAN_POINT('',(0.0303009904819684,-0.02825,0.0335));
#15093=CARTESIAN_POINT('',(0.0302480762113534,-0.02875,0.0349990664027872));
#15094=CARTESIAN_POINT('',(0.0302480762113534,-0.0285833463153562,0.0351658238769731));
#15095=CARTESIAN_POINT('',(0.0302480762113534,-0.028416676401858,0.0353325651298799));
#15096=CARTESIAN_POINT('',(0.0302480762113534,-0.02825,0.0354992998974554));
#15097=CARTESIAN_POINT('',(0.0255716872355591,-0.02825,0.01585));
#15098=CARTESIAN_POINT('',(0.0255187729649441,-0.02875,0.0143509335972128));
#15099=CARTESIAN_POINT('',(0.0255187729649441,-0.0285833463153561,0.0141841761230269));
#15100=CARTESIAN_POINT('',(0.025518772964944,-0.028416676401858,0.0140174348701201));
#15101=CARTESIAN_POINT('',(0.0255187729649441,-0.02825,0.0138507001025446));
#15102=CARTESIAN_POINT('',(0.0301951619407382,-0.02825,0.0335));
#15103=CARTESIAN_POINT('',(0.0316440506801718,-0.02875,0.0331117714323462));
#15104=CARTESIAN_POINT('',(0.0254658586943289,-0.02825,0.01585));
#15105=CARTESIAN_POINT('',(0.0273977103469071,-0.02825,0.015332361909795));
#15106=CARTESIAN_POINT('',(0.0293834245881487,-0.02875,0.024675));
#15107=CARTESIAN_POINT('',(0.0249245290725891,-0.03075,-0.0162899811077011));
#15108=CARTESIAN_POINT('',(0.033397710346907,-0.03075,0.015332361909795));
#15109=CARTESIAN_POINT('',(0.0376440506801718,-0.03025,0.0331117714323462));
#15110=CARTESIAN_POINT('',(0.0361951619407382,-0.03075,0.0335));
#15111=CARTESIAN_POINT('',(0.0362480762113533,-0.03025,0.0349990664027872));
#15112=CARTESIAN_POINT('',(0.0362480762113533,-0.0304166536846438,0.0351658238769731));
#15113=CARTESIAN_POINT('',(0.0362480762113533,-0.030583323598142,0.0353325651298799));
#15114=CARTESIAN_POINT('',(0.0362480762113533,-0.03075,0.0354992998974555));
#15115=CARTESIAN_POINT('',(0.0314658586943289,-0.03075,0.01585));
#15116=CARTESIAN_POINT('',(0.031518772964944,-0.03025,0.0143509335972128));
#15117=CARTESIAN_POINT('',(0.031518772964944,-0.0304166536846438,0.0141841761230269));
#15118=CARTESIAN_POINT('',(0.031518772964944,-0.030583323598142,0.0140174348701201));
#15119=CARTESIAN_POINT('',(0.031518772964944,-0.03075,0.0138507001025446));
#15120=CARTESIAN_POINT('',(0.0363009904819684,-0.03075,0.0335));
#15121=CARTESIAN_POINT('',(0.0348521017425348,-0.03025,0.0338882285676538));
#15122=CARTESIAN_POINT('',(0.0315716872355591,-0.03075,0.01585));
#15123=CARTESIAN_POINT('',(0.029639835582981,-0.03075,0.0163676380902051));
#15124=CARTESIAN_POINT('',(0.0323834245881487,-0.03025,0.024675));
#15125=CARTESIAN_POINT('',(0.0353834245881487,-0.02875,0.024675));
#15126=CARTESIAN_POINT('',(0.0329147474337625,-0.02875,0.0154617714323462));
#15127=CARTESIAN_POINT('',(0.0381270135933163,-0.02825,0.0329823619097949));
#15128=CARTESIAN_POINT('',(0.0381304636268223,-0.0282464282624897,0.0329814374761032));
#15129=CARTESIAN_POINT('',(0.0458293237603106,-0.02075,0.03275));
#15130=CARTESIAN_POINT('',(0.0361951619407382,-0.02825,0.0335));
#15131=CARTESIAN_POINT('',(0.0362480762113533,-0.02875,0.0349990664027872));
#15132=CARTESIAN_POINT('',(0.0362480762113533,-0.0285833463153562,0.0351658238769731));
#15133=CARTESIAN_POINT('',(0.0362480762113533,-0.028416676401858,0.0353325651298799));
#15134=CARTESIAN_POINT('',(0.0362480762113533,-0.02825,0.0354992998974554));
#15135=CARTESIAN_POINT('',(0.0364,-0.02825,0.0354894826889114));
#15136=CARTESIAN_POINT('',(0.0364,-0.0279163531254775,0.0358248933726857));
#15137=CARTESIAN_POINT('',(0.0364,-0.0275823115705032,0.0361599107580144));
#15138=CARTESIAN_POINT('',(0.0364,-0.027248172264016,0.0364948307341152));
#15139=CARTESIAN_POINT('',(0.0364,-0.0272481722640159,0.0364948307341152));
#15140=CARTESIAN_POINT('',(0.0381304636268223,-0.0282464282624897,0.0329814374761032));
#15141=CARTESIAN_POINT('',(0.0382383519000556,-0.0282353221850711,0.0333411714053211));
#15142=CARTESIAN_POINT('',(0.0382991799396655,-0.0281581181964555,0.0340907082537847));
#15143=CARTESIAN_POINT('',(0.0379940472058359,-0.0278805504356344,0.0351498798642955));
#15144=CARTESIAN_POINT('',(0.0373946447904984,-0.0275155686003721,0.0360245920850815));
#15145=CARTESIAN_POINT('',(0.0367671683942492,-0.02728243783868,0.0364353718098803));
#15146=CARTESIAN_POINT('',(0.0364,-0.027248172264016,0.0364948307341152));
#15147=CARTESIAN_POINT('',(0.0314658586943289,-0.02825,0.01585));
#15148=CARTESIAN_POINT('',(0.031518772964944,-0.02875,0.0143509335972128));
#15149=CARTESIAN_POINT('',(0.031518772964944,-0.0285833463153561,0.0141841761230269));
#15150=CARTESIAN_POINT('',(0.031518772964944,-0.028416676401858,0.0140174348701201));
#15151=CARTESIAN_POINT('',(0.031518772964944,-0.02825,0.0138507001025446));
#15152=CARTESIAN_POINT('',(0.0363009904819684,-0.02825,0.0335));
#15153=CARTESIAN_POINT('',(0.0343691388293903,-0.02825,0.0340176380902051));
#15154=CARTESIAN_POINT('',(0.0315716872355591,-0.02825,0.01585));
#15155=CARTESIAN_POINT('',(0.0301227984961255,-0.02875,0.0162382285676538));
#15156=CARTESIAN_POINT('',(0.0334080618708462,-0.02825,0.0304308500509346));
#15157=CARTESIAN_POINT('',(-0.04325,-0.0194896088555099,0.01439616));
#15158=CARTESIAN_POINT('',(-0.0436701303814967,-0.0203298696185033,0.0148162903814967));
#15159=CARTESIAN_POINT('',(-0.04325,-0.0201840557702818,0.01439616));
#15160=CARTESIAN_POINT('',(-0.04275,-0.0201840557702818,0.01589616));
#15161=CARTESIAN_POINT('',(-0.04325,-0.0187351670308482,0.0162843885676538));
#15162=CARTESIAN_POINT('',(-0.04325,-0.02075,0.0191000037886467));
#15163=CARTESIAN_POINT('',(-0.0438696387333263,-0.0201303612666737,0.0190972241202261));
#15164=CARTESIAN_POINT('',(-0.04325,-0.0194896088555099,0.0191000037886467));
#15165=CARTESIAN_POINT('',(-0.04525,0.01595,0.01389616));
#15166=CARTESIAN_POINT('',(-0.03285,-0.00885,0.02629616));
#15167=CARTESIAN_POINT('',(-0.04525,-0.0201840557702818,0.01389616));
#15168=CARTESIAN_POINT('',(-0.04525,-0.0201840557702818,0.01589616));
#15169=CARTESIAN_POINT('',(-0.04525,-0.0182522041177036,0.0164137980902051));
#15170=CARTESIAN_POINT('',(-0.04525,-0.02125,-0.01));
#15171=CARTESIAN_POINT('',(-0.0394034292103385,-0.0154034292103384,-0.016807389487255));
#15172=CARTESIAN_POINT('',(-0.04525,-0.00935764135197659,-0.0167811620625986));
#15173=CARTESIAN_POINT('',(-0.008825,-0.03025,0.0276291996550514));
#15174=CARTESIAN_POINT('',(-0.00763086117060968,-0.03075,0.0340176380902051));
#15175=CARTESIAN_POINT('',(-0.0106072069001658,-0.0300572069001659,0.020233017616992));
#15176=CARTESIAN_POINT('',(-0.0108,-0.03025,0.0173041996550514));
#15177=CARTESIAN_POINT('',(-0.00705,-0.0265,0.0181));
#15178=CARTESIAN_POINT('',(-0.00569900951803154,-0.03075,0.0335));
#15179=CARTESIAN_POINT('',(-0.00575192378864672,-0.03075,0.0354992998974555));
#15180=CARTESIAN_POINT('',(-0.00575192378864671,-0.030583323598142,0.0353325651298799));
#15181=CARTESIAN_POINT('',(-0.00575192378864666,-0.0304166536846438,0.0351658238769731));
#15182=CARTESIAN_POINT('',(-0.00575192378864666,-0.03025,0.0349990664027872));
#15183=CARTESIAN_POINT('',(0.00145,-0.03075,0.01385));
#15184=CARTESIAN_POINT('',(-0.0105341413056711,-0.03025,0.01435));
#15185=CARTESIAN_POINT('',(-0.00580483805926178,-0.03075,0.0335));
#15186=CARTESIAN_POINT('',(-0.00387298640668363,-0.03075,0.0329823619097949));
#15187=CARTESIAN_POINT('',(-0.0105341413056711,-0.03075,0.01585));
#15188=CARTESIAN_POINT('',(-0.00908525256623748,-0.03025,0.0154617714323462));
#15189=CARTESIAN_POINT('',(-0.0142620044068842,-0.03075,-0.00578998110770116));
#15190=CARTESIAN_POINT('',(0.00145,-0.03075,0.01385));
#15191=CARTESIAN_POINT('',(0.0375716872355592,-0.03075,0.01385));
#15192=CARTESIAN_POINT('',(0.02625,-0.01835,0.02625));
#15193=CARTESIAN_POINT('',(0.03865,-0.03075,-0.01));
#15194=CARTESIAN_POINT('',(0.0375273209314484,-0.0296273209314483,0.0190741304814341));
#15195=CARTESIAN_POINT('',(0.0375716872355592,-0.03075,0.01585));
#15196=CARTESIAN_POINT('',(0.035639835582981,-0.03075,0.0163676380902051));
#15197=CARTESIAN_POINT('',(0.0368834245881487,-0.03025,0.0190769237886467));
#15198=CARTESIAN_POINT('',(-0.00577847160862702,-0.02825,0.0409308500509345));
#15199=CARTESIAN_POINT('',(-0.00714789825746514,-0.02875,0.0338882285676538));
#15200=CARTESIAN_POINT('',(-0.0132366614354235,-0.0263133385645765,0.0205791918738512));
#15201=CARTESIAN_POINT('',(-0.0113,-0.02825,0.05));
#15202=CARTESIAN_POINT('',(-0.0105638584706171,-0.0289861415293829,0.0145861415293829));
#15203=CARTESIAN_POINT('',(-0.00569900951803154,-0.02825,0.0335));
#15204=CARTESIAN_POINT('',(-0.00575192378864666,-0.02875,0.0349990664027872));
#15205=CARTESIAN_POINT('',(-0.00575192378864666,-0.0285833463153561,0.0351658238769731));
#15206=CARTESIAN_POINT('',(-0.00575192378864666,-0.028416676401858,0.0353325651298799));
#15207=CARTESIAN_POINT('',(-0.00575192378864666,-0.02825,0.0354992998974555));
#15208=CARTESIAN_POINT('',(-0.0100915754118513,-0.02875,0.01435));
#15209=CARTESIAN_POINT('',(-0.0105341413056711,-0.02825,0.01385));
#15210=CARTESIAN_POINT('',(-0.00580483805926178,-0.02825,0.0335));
#15211=CARTESIAN_POINT('',(-0.00435594931982817,-0.02875,0.0331117714323462));
#15212=CARTESIAN_POINT('',(-0.0105341413056711,-0.02825,0.01585));
#15213=CARTESIAN_POINT('',(-0.00860228965309295,-0.02825,0.015332361909795));
#15214=CARTESIAN_POINT('',(-0.0066165754118513,-0.02875,0.024675));
#15215=CARTESIAN_POINT('',(0.0368834245881487,-0.02875,0.01435));
#15216=CARTESIAN_POINT('',(0.0375716872355592,-0.02875,0.01435));
#15217=CARTESIAN_POINT('',(0.0377278081960496,-0.0291721918039505,0.0147721918039504));
#15218=CARTESIAN_POINT('',(0.03815,-0.02875,0.0190769237886467));
#15219=CARTESIAN_POINT('',(0.0388250860842748,-0.0280749139157252,0.028931635478367));
#15220=CARTESIAN_POINT('',(0.0375716872355592,-0.02825,0.01585));
#15221=CARTESIAN_POINT('',(0.0361227984961256,-0.02875,0.0162382285676538));
#15222=CARTESIAN_POINT('',(0.0390061380821995,-0.02825,0.0289308500509346));
#15223=CARTESIAN_POINT('',(-0.0313535533905933,0.03555,0.0233964466094067));
#15224=CARTESIAN_POINT('',(-0.0341989251755086,0.0344989251755086,0.0277282626661868));
#15225=CARTESIAN_POINT('',(-0.03525,0.03555,0.02));
#15226=CARTESIAN_POINT('',(-0.0366410724869494,0.0369410724869494,0.0132833078715251));
#15227=CARTESIAN_POINT('',(-0.0313535533905933,0.03555,0.0166035533905933));
#15228=CARTESIAN_POINT('',(-0.0313535533905933,0.04775,0.0233964466094067));
#15229=CARTESIAN_POINT('',(-0.0341989251755085,0.0488010748244915,0.0277282626661867));
#15230=CARTESIAN_POINT('',(-0.03475,0.04825,0.02));
#15231=CARTESIAN_POINT('',(-0.0361805767737291,0.0468194232262709,0.0130925643016946));
#15232=CARTESIAN_POINT('',(-0.0313535533905933,0.04775,0.0166035533905933));
#15233=CARTESIAN_POINT('',(-0.04075,0.04165,0.02));
#15234=CARTESIAN_POINT('',(-0.0313,-0.02825,0.0205));
#15235=CARTESIAN_POINT('',(-0.00765473,-0.02825,0.05));
#15236=CARTESIAN_POINT('',(0.000545270000000007,-0.02875,0.006));
#15237=CARTESIAN_POINT('',(-0.02105473,-0.02825,0.05));
#15238=CARTESIAN_POINT('',(-0.01285473,-0.02875,0.006));
#15239=CARTESIAN_POINT('',(-0.03592,-0.02875,0.00612));
#15240=CARTESIAN_POINT('',(-0.02618,-0.02825,0.05));
#15241=CARTESIAN_POINT('',(-0.0313,-0.03025,0.0205));
#15242=CARTESIAN_POINT('',(0.04815,0.0271,-0.01));
#15243=CARTESIAN_POINT('',(0.04765,0.0115,0.0131));
#15244=CARTESIAN_POINT('',(0.04815,0.00915,-0.01));
#15245=CARTESIAN_POINT('',(0.04765,-0.00645,0.0131));
#15246=CARTESIAN_POINT('',(0.04765,-0.0095,0.01165));
#15247=CARTESIAN_POINT('',(0.04815,-0.0265,-0.01));
#15248=CARTESIAN_POINT('',(0.04565,0.0271,0.05));
#15249=CARTESIAN_POINT('',(0.04615,0.0115,0.0131));
#15250=CARTESIAN_POINT('',(0.04565,0.00915,0.05));
#15251=CARTESIAN_POINT('',(0.04615,-0.00645,0.0131));
#15252=CARTESIAN_POINT('',(0.04615,-0.0095,0.01165));
#15253=CARTESIAN_POINT('',(0.04565,-0.0265,0.05));
#15254=CARTESIAN_POINT('',(0.00145,0.01595,-0.008));
#15255=CARTESIAN_POINT('',(0.00145,0.01595,-0.008));
#15256=CARTESIAN_POINT('',(0.00145,0.01595,-0.008));
#15257=CARTESIAN_POINT('',(0.00145,0.01595,-0.008));
#15258=CARTESIAN_POINT('',(0.00145,0.01595,-0.008));
#15259=CARTESIAN_POINT('',(0.00145,0.01595,-0.008));
#15260=CARTESIAN_POINT('',(0.00145,0.01595,-0.008));
#15261=CARTESIAN_POINT('',(0.00145,0.01595,-0.008));
#15262=CARTESIAN_POINT('',(0.041025,-0.019,0.04025));
#15263=CARTESIAN_POINT('',(0.03815,-0.019,0.03275));
#15264=CARTESIAN_POINT('',(0.0399,-0.019,0.0400429760729074));
#15265=CARTESIAN_POINT('',(0.0399,-0.019,0.04525));
#15266=CARTESIAN_POINT('',(0.0399,-0.019,0.04525));
#15267=CARTESIAN_POINT('',(0.041025,-0.019,0.04525));
#15268=CARTESIAN_POINT('',(0.0364,-0.023625,0.04025));
#15269=CARTESIAN_POINT('',(0.0364,-0.023625,0.04525));
#15270=CARTESIAN_POINT('',(0.0364,-0.0225,0.04525));
#15271=CARTESIAN_POINT('',(0.0364,-0.0225,0.04025));
#15272=CARTESIAN_POINT('',(0.0364,-0.0225,0.0400429760729074));
#15273=CARTESIAN_POINT('',(0.0364,-0.02075,0.03275));
#15274=CARTESIAN_POINT('',(0.0404,-0.023,0.04025));
#15275=CARTESIAN_POINT('',(0.0421677669529664,-0.0247677669529663,0.0390830520850259));
#15276=CARTESIAN_POINT('',(0.0423889231424249,-0.0245466107635078,0.0389427478497977));
#15277=CARTESIAN_POINT('',(0.0427542521065063,-0.0240197836400565,0.0386769291834344));
#15278=CARTESIAN_POINT('',(0.0429736808557097,-0.0229967758306626,0.0384919895761287));
#15279=CARTESIAN_POINT('',(0.0427510079566012,-0.0219708549750648,0.0386796863256782));
#15280=CARTESIAN_POINT('',(0.0421950867700906,-0.0211775828621177,0.0390830412566797));
#15281=CARTESIAN_POINT('',(0.0414137896843214,-0.0206511089120504,0.0395253806096222));
#15282=CARTESIAN_POINT('',(0.0401500487198545,-0.0203616263401066,0.0400397079841044));
#15283=CARTESIAN_POINT('',(0.0391201047839962,-0.0207443613100711,0.0402030466013637));
#15284=CARTESIAN_POINT('',(0.0386322330470336,-0.0212322330470336,0.0402344806959701));
#15285=CARTESIAN_POINT('',(0.0421677669529664,-0.0247677669529664,0.039083052085026));
#15286=CARTESIAN_POINT('',(0.0386322330470336,-0.0212322330470336,0.0402344806959701));
#15287=CARTESIAN_POINT('',(0.0386322330470336,-0.0212322330470336,0.0402344806959701));
#15288=CARTESIAN_POINT('',(0.0381462053342777,-0.0217182607597895,0.0402031654138034));
#15289=CARTESIAN_POINT('',(0.0377616237486485,-0.0227463549238098,0.0400408505301539));
#15290=CARTESIAN_POINT('',(0.0380503291772601,-0.0240129449856911,0.0395258970535862));
#15291=CARTESIAN_POINT('',(0.0385777046101099,-0.024793999805493,0.0390835505290225));
#15292=CARTESIAN_POINT('',(0.0393610674158911,-0.0253459932962396,0.0386835833437648));
#15293=CARTESIAN_POINT('',(0.040387425676391,-0.0255738527444001,0.0384918632901848));
#15294=CARTESIAN_POINT('',(0.0414117784115572,-0.0253583957671691,0.0386736874372948));
#15295=CARTESIAN_POINT('',(0.0419452149897765,-0.0249903189161563,0.0389418623535951));
#15296=CARTESIAN_POINT('',(0.0421677669529664,-0.0247677669529664,0.039083052085026));
#15297=CARTESIAN_POINT('',(0.0404,-0.023,0.04525));
#15298=CARTESIAN_POINT('',(0.0429,-0.023,0.04525));
#15299=CARTESIAN_POINT('',(0.00145,0.01595,0.04025));
#15300=CARTESIAN_POINT('',(0.0399,-0.0225,0.04025));
#15301=CARTESIAN_POINT('',(0.0368689110867545,-0.02075,0.04025));
#15302=CARTESIAN_POINT('',(0.03815,-0.0194689110867545,0.04025));
#15303=CARTESIAN_POINT('',(0.03815,-0.02825,0.04025));
#15304=CARTESIAN_POINT('',(0.03815,-0.02075,0.04025));
#15305=CARTESIAN_POINT('',(0.00145,-0.02075,0.04025));
#15306=CARTESIAN_POINT('',(0.00145,0.01595,0.04525));
#15307=CARTESIAN_POINT('',(0.0399,-0.0225,0.04525));
#15308=CARTESIAN_POINT('',(0.0364,0.055525,0.04025));
#15309=CARTESIAN_POINT('',(0.0364,0.05265,0.03275));
#15310=CARTESIAN_POINT('',(0.0364,0.0544,0.0400429760729074));
#15311=CARTESIAN_POINT('',(0.0364,0.0544,0.04525));
#15312=CARTESIAN_POINT('',(0.0364,0.0544,0.04525));
#15313=CARTESIAN_POINT('',(0.0364,0.055525,0.04525));
#15314=CARTESIAN_POINT('',(0.041025,0.0509,0.04025));
#15315=CARTESIAN_POINT('',(0.041025,0.0509,0.04525));
#15316=CARTESIAN_POINT('',(0.0399,0.0509,0.04525));
#15317=CARTESIAN_POINT('',(0.0399,0.0509,0.04025));
#15318=CARTESIAN_POINT('',(0.0399,0.0509,0.0400429760729074));
#15319=CARTESIAN_POINT('',(0.03815,0.0509,0.03275));
#15320=CARTESIAN_POINT('',(0.0404,0.0549,0.04025));
#15321=CARTESIAN_POINT('',(0.0386322330470336,0.0531322330470337,0.0402344806959701));
#15322=CARTESIAN_POINT('',(0.0391144272931846,0.0526500388008827,0.0402034124081317));
#15323=CARTESIAN_POINT('',(0.0401462680981838,0.0522603690512647,0.0400412236914049));
#15324=CARTESIAN_POINT('',(0.0414144623139353,0.0525511445781519,0.0395251621805555));
#15325=CARTESIAN_POINT('',(0.0421954718664157,0.0530785495041304,0.0390826375114175));
#15326=CARTESIAN_POINT('',(0.0427478860133419,0.0538660543316864,0.0386820942974622));
#15327=CARTESIAN_POINT('',(0.0429735068314998,0.0548866374189986,0.0384921122477414));
#15328=CARTESIAN_POINT('',(0.0427579091727789,0.0559144261019581,0.0386741622634883));
#15329=CARTESIAN_POINT('',(0.0423885333174581,0.0564470005884746,0.0389429951596015));
#15330=CARTESIAN_POINT('',(0.0421677669529663,0.0566677669529664,0.0390830520850259));
#15331=CARTESIAN_POINT('',(0.0386322330470336,0.0531322330470337,0.0402344806959701));
#15332=CARTESIAN_POINT('',(0.0421677669529663,0.0566677669529664,0.039083052085026));
#15333=CARTESIAN_POINT('',(0.0421677669529663,0.0566677669529664,0.0390830520850259));
#15334=CARTESIAN_POINT('',(0.0419481946424047,0.056887339263528,0.038943752682255));
#15335=CARTESIAN_POINT('',(0.0414171700349794,0.0572556536408458,0.0386759513694625));
#15336=CARTESIAN_POINT('',(0.0403986349175281,0.0574732460891838,0.0384923062378739));
#15337=CARTESIAN_POINT('',(0.0393712946639896,0.0572513523740336,0.0386793918575261));
#15338=CARTESIAN_POINT('',(0.0385788188241969,0.0566962370079095,0.0390823075176926));
#15339=CARTESIAN_POINT('',(0.0380515480641067,0.055914731427694,0.0395248878722788));
#15340=CARTESIAN_POINT('',(0.0377615467056654,0.0546526237014916,0.0400389600000916));
#15341=CARTESIAN_POINT('',(0.038143817427791,0.0536206486662764,0.0402030115584502));
#15342=CARTESIAN_POINT('',(0.0386322330470336,0.0531322330470337,0.0402344806959701));
#15343=CARTESIAN_POINT('',(0.0404,0.0549,0.04525));
#15344=CARTESIAN_POINT('',(0.0429,0.0549,0.04525));
#15345=CARTESIAN_POINT('',(0.00145,0.01595,0.04025));
#15346=CARTESIAN_POINT('',(0.0399,0.0544,0.04025));
#15347=CARTESIAN_POINT('',(0.03815,0.0513689110867545,0.04025));
#15348=CARTESIAN_POINT('',(0.0368689110867545,0.05265,0.04025));
#15349=CARTESIAN_POINT('',(0.04565,0.05265,0.04025));
#15350=CARTESIAN_POINT('',(0.03815,0.05265,0.04025));
#15351=CARTESIAN_POINT('',(0.03815,0.0509,0.04025));
#15352=CARTESIAN_POINT('',(0.00145,0.01595,0.04525));
#15353=CARTESIAN_POINT('',(0.0399,0.0544,0.04525));
#15354=CARTESIAN_POINT('',(-0.038125,0.0509,0.04025));
#15355=CARTESIAN_POINT('',(-0.03525,0.0509,0.03275));
#15356=CARTESIAN_POINT('',(-0.037,0.0509,0.0400429760729074));
#15357=CARTESIAN_POINT('',(-0.037,0.0509,0.04525));
#15358=CARTESIAN_POINT('',(-0.037,0.0509,0.04525));
#15359=CARTESIAN_POINT('',(-0.038125,0.0509,0.04525));
#15360=CARTESIAN_POINT('',(-0.0335,0.055525,0.04025));
#15361=CARTESIAN_POINT('',(-0.0335,0.055525,0.04525));
#15362=CARTESIAN_POINT('',(-0.0335,0.0544,0.04525));
#15363=CARTESIAN_POINT('',(-0.0335,0.0544,0.04025));
#15364=CARTESIAN_POINT('',(-0.0335,0.0544,0.0400429760729074));
#15365=CARTESIAN_POINT('',(-0.0335,0.05265,0.03275));
#15366=CARTESIAN_POINT('',(-0.0375,0.0549,0.04025));
#15367=CARTESIAN_POINT('',(-0.0392677669529664,0.0566677669529664,0.0390830520850259));
#15368=CARTESIAN_POINT('',(-0.0394883063224443,0.0564472275834884,0.0389431391680595));
#15369=CARTESIAN_POINT('',(-0.0398564150389495,0.0559181094403524,0.0386753194112178));
#15370=CARTESIAN_POINT('',(-0.0400737318098385,0.0548859897413412,0.0384919267065928));
#15371=CARTESIAN_POINT('',(-0.0398484905472922,0.0538671134879549,0.0386816708739882));
#15372=CARTESIAN_POINT('',(-0.0392930160366255,0.0530753922123412,0.0390843741472702));
#15373=CARTESIAN_POINT('',(-0.0385112275652645,0.0525504205820145,0.0395265082630001));
#15374=CARTESIAN_POINT('',(-0.0372506212181824,0.0522612858482947,0.0400395283413884));
#15375=CARTESIAN_POINT('',(-0.036216526895476,0.0526479391985912,0.0402032771285242));
#15376=CARTESIAN_POINT('',(-0.0357322330470336,0.0531322330470337,0.0402344806959701));
#15377=CARTESIAN_POINT('',(-0.0392677669529664,0.0566677669529664,0.039083052085026));
#15378=CARTESIAN_POINT('',(-0.0357322330470336,0.0531322330470337,0.0402344806959701));
#15379=CARTESIAN_POINT('',(-0.0392677669529664,0.0566677669529664,0.0390830520850259));
#15380=CARTESIAN_POINT('',(-0.0390481946424047,0.056887339263528,0.038943752682255));
#15381=CARTESIAN_POINT('',(-0.0385171700349795,0.0572556536408457,0.0386759513694625));
#15382=CARTESIAN_POINT('',(-0.0374986349175282,0.0574732460891838,0.0384923062378738));
#15383=CARTESIAN_POINT('',(-0.0364712946639896,0.0572513523740336,0.0386793918575261));
#15384=CARTESIAN_POINT('',(-0.0356788188241969,0.0566962370079095,0.0390823075176926));
#15385=CARTESIAN_POINT('',(-0.0351515480641067,0.0559147314276941,0.0395248878722788));
#15386=CARTESIAN_POINT('',(-0.0348615467056653,0.0546526237014915,0.0400389600000915));
#15387=CARTESIAN_POINT('',(-0.035243817427791,0.0536206486662764,0.0402030115584502));
#15388=CARTESIAN_POINT('',(-0.0357322330470336,0.0531322330470337,0.0402344806959701));
#15389=CARTESIAN_POINT('',(-0.0375,0.0549,0.04525));
#15390=CARTESIAN_POINT('',(-0.035,0.0549,0.04525));
#15391=CARTESIAN_POINT('',(0.00145,0.01595,0.04025));
#15392=CARTESIAN_POINT('',(-0.037,0.0544,0.04025));
#15393=CARTESIAN_POINT('',(-0.0339689110867545,0.05265,0.04025));
#15394=CARTESIAN_POINT('',(-0.03525,0.0513689110867545,0.04025));
#15395=CARTESIAN_POINT('',(-0.03525,0.01595,0.04025));
#15396=CARTESIAN_POINT('',(-0.03525,0.05265,0.04025));
#15397=CARTESIAN_POINT('',(-0.0335,0.05265,0.04025));
#15398=CARTESIAN_POINT('',(0.00145,0.01595,0.04525));
#15399=CARTESIAN_POINT('',(-0.037,0.0544,0.04525));
#15400=CARTESIAN_POINT('',(-0.038125,-0.019,0.04025));
#15401=CARTESIAN_POINT('',(-0.038125,-0.019,0.04525));
#15402=CARTESIAN_POINT('',(-0.037,-0.019,0.04525));
#15403=CARTESIAN_POINT('',(-0.037,-0.019,0.04025));
#15404=CARTESIAN_POINT('',(-0.037,-0.019,0.0400429760729075));
#15405=CARTESIAN_POINT('',(-0.03525,-0.019,0.03275));
#15406=CARTESIAN_POINT('',(-0.0335,-0.023625,0.04025));
#15407=CARTESIAN_POINT('',(-0.0335,-0.02075,0.03275));
#15408=CARTESIAN_POINT('',(-0.0335,-0.0225,0.0400429760729074));
#15409=CARTESIAN_POINT('',(-0.0335,-0.0225,0.04525));
#15410=CARTESIAN_POINT('',(-0.0335,-0.0225,0.04525));
#15411=CARTESIAN_POINT('',(-0.0335,-0.023625,0.04525));
#15412=CARTESIAN_POINT('',(-0.0375,-0.023,0.04025));
#15413=CARTESIAN_POINT('',(-0.0357322330470337,-0.0212322330470336,0.0402344806959701));
#15414=CARTESIAN_POINT('',(-0.0362186795240458,-0.0207457865700215,0.0402031384323773));
#15415=CARTESIAN_POINT('',(-0.0372489308842404,-0.0203610999380811,0.0400402444378338));
#15416=CARTESIAN_POINT('',(-0.038515003787353,-0.0206514856756859,0.0395248192258611));
#15417=CARTESIAN_POINT('',(-0.0392948151133696,-0.0211781153839342,0.039083087548565));
#15418=CARTESIAN_POINT('',(-0.0398490620930758,-0.0219665509343787,0.0386812119702752));
#15419=CARTESIAN_POINT('',(-0.040073741808497,-0.0229949648801498,0.0384919303839237));
#15420=CARTESIAN_POINT('',(-0.0398559246166715,-0.0240164185103296,0.0386756644846021));
#15421=CARTESIAN_POINT('',(-0.039488777561233,-0.0245467563446998,0.0389428402083152));
#15422=CARTESIAN_POINT('',(-0.0392677669529664,-0.0247677669529663,0.0390830520850259));
#15423=CARTESIAN_POINT('',(-0.0357322330470336,-0.0212322330470336,0.0402344806959701));
#15424=CARTESIAN_POINT('',(-0.0392677669529664,-0.0247677669529664,0.039083052085026));
#15425=CARTESIAN_POINT('',(-0.0357322330470336,-0.0212322330470336,0.0402344806959701));
#15426=CARTESIAN_POINT('',(-0.0352462053342777,-0.0217182607597896,0.0402031654138034));
#15427=CARTESIAN_POINT('',(-0.0348616237486485,-0.0227463549238098,0.0400408505301538));
#15428=CARTESIAN_POINT('',(-0.0351503291772601,-0.0240129449856911,0.0395258970535862));
#15429=CARTESIAN_POINT('',(-0.03567770461011,-0.024793999805493,0.0390835505290225));
#15430=CARTESIAN_POINT('',(-0.0364610674158911,-0.0253459932962396,0.0386835833437648));
#15431=CARTESIAN_POINT('',(-0.037487425676391,-0.0255738527444001,0.0384918632901848));
#15432=CARTESIAN_POINT('',(-0.0385117784115572,-0.0253583957671691,0.0386736874372948));
#15433=CARTESIAN_POINT('',(-0.0390452149897765,-0.0249903189161563,0.0389418623535951));
#15434=CARTESIAN_POINT('',(-0.0392677669529664,-0.0247677669529664,0.039083052085026));
#15435=CARTESIAN_POINT('',(-0.0375,-0.023,0.04525));
#15436=CARTESIAN_POINT('',(-0.035,-0.023,0.04525));
#15437=CARTESIAN_POINT('',(0.00145,0.01595,0.04025));
#15438=CARTESIAN_POINT('',(-0.037,-0.0225,0.04025));
#15439=CARTESIAN_POINT('',(-0.03525,-0.0194689110867545,0.04025));
#15440=CARTESIAN_POINT('',(-0.0339689110867544,-0.02075,0.04025));
#15441=CARTESIAN_POINT('',(0.00145,-0.02075,0.04025));
#15442=CARTESIAN_POINT('',(-0.03525,-0.02075,0.04025));
#15443=CARTESIAN_POINT('',(-0.03525,0.01595,0.04025));
#15444=CARTESIAN_POINT('',(0.00145,0.01595,0.04525));
#15445=CARTESIAN_POINT('',(-0.037,-0.0225,0.04525));
#15446=CARTESIAN_POINT('',(0.0399,-0.0225,0.04025));
#15447=CARTESIAN_POINT('',(0.0368689110867545,-0.02075,0.04025));
#15448=CARTESIAN_POINT('',(0.0365585322388392,-0.021287591934184,0.04025));
#15449=CARTESIAN_POINT('',(0.0364,-0.0218962899872117,0.0401878404618507));
#15450=CARTESIAN_POINT('',(0.0364,-0.0225,0.0400429760729074));
#15451=CARTESIAN_POINT('',(0.0399,-0.019,0.0400429760729074));
#15452=CARTESIAN_POINT('',(0.0392963888561974,-0.019,0.0401878167375544));
#15453=CARTESIAN_POINT('',(0.0386876819715696,-0.0191584802557303,0.04025));
#15454=CARTESIAN_POINT('',(0.03815,-0.0194689110867545,0.04025));
#15455=CARTESIAN_POINT('',(0.0399,0.0544,0.04025));
#15456=CARTESIAN_POINT('',(0.03815,0.0513689110867545,0.04025));
#15457=CARTESIAN_POINT('',(0.038687591934184,0.0510585322388392,0.04025));
#15458=CARTESIAN_POINT('',(0.0392962899872117,0.0509,0.0401878404618507));
#15459=CARTESIAN_POINT('',(0.0399,0.0509,0.0400429760729074));
#15460=CARTESIAN_POINT('',(0.0364,0.0544,0.0400429760729074));
#15461=CARTESIAN_POINT('',(0.0364,0.0537963888561974,0.0401878167375544));
#15462=CARTESIAN_POINT('',(0.0365584802557304,0.0531876819715696,0.04025));
#15463=CARTESIAN_POINT('',(0.0368689110867545,0.05265,0.04025));
#15464=CARTESIAN_POINT('',(-0.037,0.0544,0.04025));
#15465=CARTESIAN_POINT('',(-0.0339689110867545,0.05265,0.04025));
#15466=CARTESIAN_POINT('',(-0.0336585322388392,0.053187591934184,0.04025));
#15467=CARTESIAN_POINT('',(-0.0335,0.0537962899872117,0.0401878404618507));
#15468=CARTESIAN_POINT('',(-0.0335,0.0544,0.0400429760729074));
#15469=CARTESIAN_POINT('',(-0.037,0.0509,0.0400429760729074));
#15470=CARTESIAN_POINT('',(-0.0363963888561974,0.0509,0.0401878167375544));
#15471=CARTESIAN_POINT('',(-0.0357876819715696,0.0510584802557304,0.04025));
#15472=CARTESIAN_POINT('',(-0.03525,0.0513689110867545,0.04025));
#15473=CARTESIAN_POINT('',(-0.037,-0.0225,0.04025));
#15474=CARTESIAN_POINT('',(-0.03525,-0.0194689110867545,0.04025));
#15475=CARTESIAN_POINT('',(-0.035787591934184,-0.0191585322388392,0.04025));
#15476=CARTESIAN_POINT('',(-0.0363962899872117,-0.019,0.0401878404618507));
#15477=CARTESIAN_POINT('',(-0.037,-0.019,0.0400429760729075));
#15478=CARTESIAN_POINT('',(-0.0335,-0.0225,0.0400429760729074));
#15479=CARTESIAN_POINT('',(-0.0335,-0.0218963888561974,0.0401878167375544));
#15480=CARTESIAN_POINT('',(-0.0336584802557303,-0.0212876819715696,0.04025));
#15481=CARTESIAN_POINT('',(-0.0339689110867544,-0.02075,0.04025));
#15482=CARTESIAN_POINT('',(-0.039625,-0.02075,0.03275));
#15483=CARTESIAN_POINT('',(0.03815,-0.02075,0.03275));
#15484=CARTESIAN_POINT('',(0.03815,-0.02075,0.03275));
#15485=CARTESIAN_POINT('',(0.03815,0.01595,0.03275));
#15486=CARTESIAN_POINT('',(0.03815,0.01595,0.03275));
#15487=CARTESIAN_POINT('',(0.03815,0.05265,0.03275));
#15488=CARTESIAN_POINT('',(0.03815,0.05265,0.03275));
#15489=CARTESIAN_POINT('',(0.00145,0.05265,0.03275));
#15490=CARTESIAN_POINT('',(0.00145,0.05265,0.03275));
#15491=CARTESIAN_POINT('',(-0.03525,0.05265,0.03275));
#15492=CARTESIAN_POINT('',(-0.03525,0.05265,0.03275));
#15493=CARTESIAN_POINT('',(-0.03525,-0.025125,0.03275));
#15494=CARTESIAN_POINT('',(-0.03525,-0.025125,0.03275));
#15495=CARTESIAN_POINT('',(-0.03525,-0.02075,0.03275));
#15496=CARTESIAN_POINT('',(-0.03525,-0.02075,0.03275));
#15497=CARTESIAN_POINT('',(-0.039625,-0.02075,0.03275));
#15498=CARTESIAN_POINT('',(-0.04425,0.04165,0.02));
#15499=MECHANICAL_DESIGN_GEOMETRIC_PRESENTATION_REPRESENTATION('',(#9118),#15500);
#15500=(
GEOMETRIC_REPRESENTATION_CONTEXT(3)
GLOBAL_UNCERTAINTY_ASSIGNED_CONTEXT((#15501))
GLOBAL_UNIT_ASSIGNED_CONTEXT((#15504,#15503,#15502))
REPRESENTATION_CONTEXT('Main Body','TOP_LEVEL_ASSEMBLY_PART')
);
#15501=UNCERTAINTY_MEASURE_WITH_UNIT(LENGTH_MEASURE(2.E-05),#15504,'DISTANCE_ACCURACY_VALUE','Maximum Tolerance applied to model');
#15502=(
NAMED_UNIT(*)
SI_UNIT($,.STERADIAN.)
SOLID_ANGLE_UNIT()
);
#15503=(
NAMED_UNIT(*)
PLANE_ANGLE_UNIT()
SI_UNIT($,.RADIAN.)
);
#15504=(
LENGTH_UNIT()
NAMED_UNIT(*)
SI_UNIT($,.METRE.)
);
#15505=PRODUCT_DEFINITION_SHAPE('','',#15506);
#15506=PRODUCT_DEFINITION('','',#15508,#15507);
#15507=PRODUCT_DEFINITION_CONTEXT('',#15514,'design');
#15508=PRODUCT_DEFINITION_FORMATION_WITH_SPECIFIED_SOURCE('','',#15510,.NOT_KNOWN.);
#15509=PRODUCT_RELATED_PRODUCT_CATEGORY('','',(#15510));
#15510=PRODUCT('Main Body','Main Body','Main Body',(#15512));
#15511=PRODUCT_CATEGORY('','');
#15512=PRODUCT_CONTEXT('',#15514,'mechanical');
#15513=APPLICATION_PROTOCOL_DEFINITION('international standard','ap242_managed_model_based_3d_engineering',2020,#15514);
#15514=APPLICATION_CONTEXT('managed model based 3d engineering');
ENDSEC;
END-ISO-10303-21;
